cohort,target_id,replica,stream,regime,dimension,radius,gamma,strength,geometry,decoder,squared_angle_radians,hard_success
main,main/rep0-stream0-regime0-d10/0,0,0,0,10,1.0,0.0,0.0,staggered-cycle,quadratic-ac,0.00038834651481929117,
main,main/rep0-stream0-regime0-d10/1,0,0,0,10,1.0,0.0,0.0,staggered-cycle,quadratic-ac,0.0005032298560459291,
main,main/rep0-stream0-regime0-d10/2,0,0,0,10,1.0,0.0,0.0,staggered-cycle,quadratic-ac,0.00013686834308619065,
main,main/rep0-stream0-regime0-d10/3,0,0,0,10,1.0,0.0,0.0,staggered-cycle,quadratic-ac,0.0001777934904328201,
main,main/rep0-stream0-regime0-d10/4,0,0,0,10,1.0,0.0,0.0,staggered-cycle,quadratic-ac,0.0002469097302476959,
main,main/rep0-stream0-regime0-d10/5,0,0,0,10,1.0,0.0,0.0,staggered-cycle,quadratic-ac,0.00023599291442533921,
main,main/rep0-stream0-regime0-d10/6,0,0,0,10,1.0,0.0,0.0,staggered-cycle,quadratic-ac,0.00019943247552246693,
main,main/rep0-stream0-regime0-d10/7,0,0,0,10,1.0,0.0,0.0,staggered-cycle,quadratic-ac,0.00020700493757039594,
main,main/rep0-stream0-regime0-d10/0,0,0,0,10,1.0,0.0,0.0,staggered-cycle,quadratic-vc,0.0003612662099394862,
main,main/rep0-stream0-regime0-d10/1,0,0,0,10,1.0,0.0,0.0,staggered-cycle,quadratic-vc,0.0005096995505522191,
main,main/rep0-stream0-regime0-d10/2,0,0,0,10,1.0,0.0,0.0,staggered-cycle,quadratic-vc,0.00010787180260742002,
main,main/rep0-stream0-regime0-d10/3,0,0,0,10,1.0,0.0,0.0,staggered-cycle,quadratic-vc,0.00018273777958722343,
main,main/rep0-stream0-regime0-d10/4,0,0,0,10,1.0,0.0,0.0,staggered-cycle,quadratic-vc,0.00023703430724127851,
main,main/rep0-stream0-regime0-d10/5,0,0,0,10,1.0,0.0,0.0,staggered-cycle,quadratic-vc,0.00021289299097424706,
main,main/rep0-stream0-regime0-d10/6,0,0,0,10,1.0,0.0,0.0,staggered-cycle,quadratic-vc,0.00021169911194605074,
main,main/rep0-stream0-regime0-d10/7,0,0,0,10,1.0,0.0,0.0,staggered-cycle,quadratic-vc,0.00019917277651652383,
main,main/rep0-stream0-regime0-d10/0,0,0,0,10,1.0,0.0,0.0,frames,quadratic-ac,0.0001492805065342537,
main,main/rep0-stream0-regime0-d10/1,0,0,0,10,1.0,0.0,0.0,frames,quadratic-ac,0.000205874454442912,
main,main/rep0-stream0-regime0-d10/2,0,0,0,10,1.0,0.0,0.0,frames,quadratic-ac,0.00015327591500080155,
main,main/rep0-stream0-regime0-d10/3,0,0,0,10,1.0,0.0,0.0,frames,quadratic-ac,0.0005363393418923534,
main,main/rep0-stream0-regime0-d10/4,0,0,0,10,1.0,0.0,0.0,frames,quadratic-ac,0.0007753794454816943,
main,main/rep0-stream0-regime0-d10/5,0,0,0,10,1.0,0.0,0.0,frames,quadratic-ac,0.00016443030204958207,
main,main/rep0-stream0-regime0-d10/6,0,0,0,10,1.0,0.0,0.0,frames,quadratic-ac,0.00027481297338096533,
main,main/rep0-stream0-regime0-d10/7,0,0,0,10,1.0,0.0,0.0,frames,quadratic-ac,0.0002718092042760618,
main,main/rep0-stream0-regime0-d10/0,0,0,0,10,1.0,0.0,0.0,frames,quadratic-vc,0.0001745900168129996,
main,main/rep0-stream0-regime0-d10/1,0,0,0,10,1.0,0.0,0.0,frames,quadratic-vc,0.000178277961532807,
main,main/rep0-stream0-regime0-d10/2,0,0,0,10,1.0,0.0,0.0,frames,quadratic-vc,0.00015247455727633783,
main,main/rep0-stream0-regime0-d10/3,0,0,0,10,1.0,0.0,0.0,frames,quadratic-vc,0.0005958527085330389,
main,main/rep0-stream0-regime0-d10/4,0,0,0,10,1.0,0.0,0.0,frames,quadratic-vc,0.0007395295898820578,
main,main/rep0-stream0-regime0-d10/5,0,0,0,10,1.0,0.0,0.0,frames,quadratic-vc,0.00015861639722005623,
main,main/rep0-stream0-regime0-d10/6,0,0,0,10,1.0,0.0,0.0,frames,quadratic-vc,0.0002665359010487079,
main,main/rep0-stream0-regime0-d10/7,0,0,0,10,1.0,0.0,0.0,frames,quadratic-vc,0.00026471920432037476,
main,main/rep0-stream0-regime0-d10/0,0,0,0,10,1.0,0.0,0.0,staggered-cycle,rank,0.0116976002468333,
main,main/rep0-stream0-regime0-d10/1,0,0,0,10,1.0,0.0,0.0,staggered-cycle,rank,0.015323867016864343,
main,main/rep0-stream0-regime0-d10/2,0,0,0,10,1.0,0.0,0.0,staggered-cycle,rank,0.05933493006650563,
main,main/rep0-stream0-regime0-d10/3,0,0,0,10,1.0,0.0,0.0,staggered-cycle,rank,0.010670941870372113,
main,main/rep0-stream0-regime0-d10/4,0,0,0,10,1.0,0.0,0.0,staggered-cycle,rank,0.0035177198924931353,
main,main/rep0-stream0-regime0-d10/5,0,0,0,10,1.0,0.0,0.0,staggered-cycle,rank,0.012289437367183343,
main,main/rep0-stream0-regime0-d10/6,0,0,0,10,1.0,0.0,0.0,staggered-cycle,rank,0.002462738905962895,
main,main/rep0-stream0-regime0-d10/7,0,0,0,10,1.0,0.0,0.0,staggered-cycle,rank,0.011461727197197987,
main,main/rep0-stream0-regime0-d10/0,0,0,0,10,1.0,0.1,0.0,staggered-cycle,quadratic-ac,0.0002803683411846917,
main,main/rep0-stream0-regime0-d10/1,0,0,0,10,1.0,0.1,0.0,staggered-cycle,quadratic-ac,4.85807081968556e-05,
main,main/rep0-stream0-regime0-d10/2,0,0,0,10,1.0,0.1,0.0,staggered-cycle,quadratic-ac,0.00011496972929639219,
main,main/rep0-stream0-regime0-d10/3,0,0,0,10,1.0,0.1,0.0,staggered-cycle,quadratic-ac,0.00015847229522945812,
main,main/rep0-stream0-regime0-d10/4,0,0,0,10,1.0,0.1,0.0,staggered-cycle,quadratic-ac,0.00024493693437787766,
main,main/rep0-stream0-regime0-d10/5,0,0,0,10,1.0,0.1,0.0,staggered-cycle,quadratic-ac,8.122169063395188e-05,
main,main/rep0-stream0-regime0-d10/6,0,0,0,10,1.0,0.1,0.0,staggered-cycle,quadratic-ac,0.0002342451183924549,
main,main/rep0-stream0-regime0-d10/7,0,0,0,10,1.0,0.1,0.0,staggered-cycle,quadratic-ac,0.00012340891179704605,
main,main/rep0-stream0-regime0-d10/0,0,0,0,10,1.0,0.1,0.0,staggered-cycle,quadratic-vc,0.0002599967985842299,
main,main/rep0-stream0-regime0-d10/1,0,0,0,10,1.0,0.1,0.0,staggered-cycle,quadratic-vc,5.013066253978087e-05,
main,main/rep0-stream0-regime0-d10/2,0,0,0,10,1.0,0.1,0.0,staggered-cycle,quadratic-vc,0.00012595817873282996,
main,main/rep0-stream0-regime0-d10/3,0,0,0,10,1.0,0.1,0.0,staggered-cycle,quadratic-vc,0.00013104938466990083,
main,main/rep0-stream0-regime0-d10/4,0,0,0,10,1.0,0.1,0.0,staggered-cycle,quadratic-vc,0.00020447538504253643,
main,main/rep0-stream0-regime0-d10/5,0,0,0,10,1.0,0.1,0.0,staggered-cycle,quadratic-vc,6.894046211036746e-05,
main,main/rep0-stream0-regime0-d10/6,0,0,0,10,1.0,0.1,0.0,staggered-cycle,quadratic-vc,0.00021433366089664352,
main,main/rep0-stream0-regime0-d10/7,0,0,0,10,1.0,0.1,0.0,staggered-cycle,quadratic-vc,0.00013502270745388193,
main,main/rep0-stream0-regime0-d10/0,0,0,0,10,1.0,0.1,0.0,frames,quadratic-ac,0.00018899218629118652,
main,main/rep0-stream0-regime0-d10/1,0,0,0,10,1.0,0.1,0.0,frames,quadratic-ac,9.893776234489712e-05,
main,main/rep0-stream0-regime0-d10/2,0,0,0,10,1.0,0.1,0.0,frames,quadratic-ac,0.00042871046071132543,
main,main/rep0-stream0-regime0-d10/3,0,0,0,10,1.0,0.1,0.0,frames,quadratic-ac,0.00017304692716638308,
main,main/rep0-stream0-regime0-d10/4,0,0,0,10,1.0,0.1,0.0,frames,quadratic-ac,0.0005579943164218735,
main,main/rep0-stream0-regime0-d10/5,0,0,0,10,1.0,0.1,0.0,frames,quadratic-ac,0.00041768954210579,
main,main/rep0-stream0-regime0-d10/6,0,0,0,10,1.0,0.1,0.0,frames,quadratic-ac,0.00010265320466665572,
main,main/rep0-stream0-regime0-d10/7,0,0,0,10,1.0,0.1,0.0,frames,quadratic-ac,0.00019556395829357787,
main,main/rep0-stream0-regime0-d10/0,0,0,0,10,1.0,0.1,0.0,frames,quadratic-vc,0.0001809549834550463,
main,main/rep0-stream0-regime0-d10/1,0,0,0,10,1.0,0.1,0.0,frames,quadratic-vc,8.3897792926125e-05,
main,main/rep0-stream0-regime0-d10/2,0,0,0,10,1.0,0.1,0.0,frames,quadratic-vc,0.0003988513537607876,
main,main/rep0-stream0-regime0-d10/3,0,0,0,10,1.0,0.1,0.0,frames,quadratic-vc,0.0001928670169074666,
main,main/rep0-stream0-regime0-d10/4,0,0,0,10,1.0,0.1,0.0,frames,quadratic-vc,0.0005191294775154882,
main,main/rep0-stream0-regime0-d10/5,0,0,0,10,1.0,0.1,0.0,frames,quadratic-vc,0.00040697085067390235,
main,main/rep0-stream0-regime0-d10/6,0,0,0,10,1.0,0.1,0.0,frames,quadratic-vc,9.660825952826919e-05,
main,main/rep0-stream0-regime0-d10/7,0,0,0,10,1.0,0.1,0.0,frames,quadratic-vc,0.00021591597404862725,
main,main/rep0-stream0-regime0-d10/0,0,0,0,10,1.0,0.1,0.0,staggered-cycle,rank,0.012173810929307572,
main,main/rep0-stream0-regime0-d10/1,0,0,0,10,1.0,0.1,0.0,staggered-cycle,rank,0.01398442120477767,
main,main/rep0-stream0-regime0-d10/2,0,0,0,10,1.0,0.1,0.0,staggered-cycle,rank,0.05769506323045147,
main,main/rep0-stream0-regime0-d10/3,0,0,0,10,1.0,0.1,0.0,staggered-cycle,rank,0.011177473341458214,
main,main/rep0-stream0-regime0-d10/4,0,0,0,10,1.0,0.1,0.0,staggered-cycle,rank,0.003003270306960327,
main,main/rep0-stream0-regime0-d10/5,0,0,0,10,1.0,0.1,0.0,staggered-cycle,rank,0.010068591981779416,
main,main/rep0-stream0-regime0-d10/6,0,0,0,10,1.0,0.1,0.0,staggered-cycle,rank,0.0019575607524123886,
main,main/rep0-stream0-regime0-d10/7,0,0,0,10,1.0,0.1,0.0,staggered-cycle,rank,0.01124920930087664,
main,main/rep0-stream0-regime0-d10/0,0,0,0,10,1.0,1.0,0.0,staggered-cycle,quadratic-ac,0.00024870182450217285,
main,main/rep0-stream0-regime0-d10/1,0,0,0,10,1.0,1.0,0.0,staggered-cycle,quadratic-ac,0.00016152463014604634,
main,main/rep0-stream0-regime0-d10/2,0,0,0,10,1.0,1.0,0.0,staggered-cycle,quadratic-ac,4.21162763118087e-05,
main,main/rep0-stream0-regime0-d10/3,0,0,0,10,1.0,1.0,0.0,staggered-cycle,quadratic-ac,0.00027316085776596985,
main,main/rep0-stream0-regime0-d10/4,0,0,0,10,1.0,1.0,0.0,staggered-cycle,quadratic-ac,0.00034902831560471183,
main,main/rep0-stream0-regime0-d10/5,0,0,0,10,1.0,1.0,0.0,staggered-cycle,quadratic-ac,0.0002473667761699766,
main,main/rep0-stream0-regime0-d10/6,0,0,0,10,1.0,1.0,0.0,staggered-cycle,quadratic-ac,0.00018938861009228927,
main,main/rep0-stream0-regime0-d10/7,0,0,0,10,1.0,1.0,0.0,staggered-cycle,quadratic-ac,0.00031451900481033456,
main,main/rep0-stream0-regime0-d10/0,0,0,0,10,1.0,1.0,0.0,staggered-cycle,quadratic-vc,0.0002320246198125155,
main,main/rep0-stream0-regime0-d10/1,0,0,0,10,1.0,1.0,0.0,staggered-cycle,quadratic-vc,0.00015433331511451935,
main,main/rep0-stream0-regime0-d10/2,0,0,0,10,1.0,1.0,0.0,staggered-cycle,quadratic-vc,6.287172084009981e-05,
main,main/rep0-stream0-regime0-d10/3,0,0,0,10,1.0,1.0,0.0,staggered-cycle,quadratic-vc,0.0002576522788707759,
main,main/rep0-stream0-regime0-d10/4,0,0,0,10,1.0,1.0,0.0,staggered-cycle,quadratic-vc,0.00027761734818548557,
main,main/rep0-stream0-regime0-d10/5,0,0,0,10,1.0,1.0,0.0,staggered-cycle,quadratic-vc,0.0002245322204988559,
main,main/rep0-stream0-regime0-d10/6,0,0,0,10,1.0,1.0,0.0,staggered-cycle,quadratic-vc,0.00018146641388734058,
main,main/rep0-stream0-regime0-d10/7,0,0,0,10,1.0,1.0,0.0,staggered-cycle,quadratic-vc,0.0003031183924459203,
main,main/rep0-stream0-regime0-d10/0,0,0,0,10,1.0,1.0,0.0,frames,quadratic-ac,0.000244238743005394,
main,main/rep0-stream0-regime0-d10/1,0,0,0,10,1.0,1.0,0.0,frames,quadratic-ac,0.0006537080166700142,
main,main/rep0-stream0-regime0-d10/2,0,0,0,10,1.0,1.0,0.0,frames,quadratic-ac,0.0003239445684631275,
main,main/rep0-stream0-regime0-d10/3,0,0,0,10,1.0,1.0,0.0,frames,quadratic-ac,0.0002481266411706726,
main,main/rep0-stream0-regime0-d10/4,0,0,0,10,1.0,1.0,0.0,frames,quadratic-ac,0.000553438989664753,
main,main/rep0-stream0-regime0-d10/5,0,0,0,10,1.0,1.0,0.0,frames,quadratic-ac,0.00014869347326794613,
main,main/rep0-stream0-regime0-d10/6,0,0,0,10,1.0,1.0,0.0,frames,quadratic-ac,0.00030392290811830477,
main,main/rep0-stream0-regime0-d10/7,0,0,0,10,1.0,1.0,0.0,frames,quadratic-ac,0.0005594535304738205,
main,main/rep0-stream0-regime0-d10/0,0,0,0,10,1.0,1.0,0.0,frames,quadratic-vc,0.000241804476022672,
main,main/rep0-stream0-regime0-d10/1,0,0,0,10,1.0,1.0,0.0,frames,quadratic-vc,0.0005803558234848611,
main,main/rep0-stream0-regime0-d10/2,0,0,0,10,1.0,1.0,0.0,frames,quadratic-vc,0.00036808013156806516,
main,main/rep0-stream0-regime0-d10/3,0,0,0,10,1.0,1.0,0.0,frames,quadratic-vc,0.00020570855350745214,
main,main/rep0-stream0-regime0-d10/4,0,0,0,10,1.0,1.0,0.0,frames,quadratic-vc,0.000506331455201449,
main,main/rep0-stream0-regime0-d10/5,0,0,0,10,1.0,1.0,0.0,frames,quadratic-vc,0.00014558019551171025,
main,main/rep0-stream0-regime0-d10/6,0,0,0,10,1.0,1.0,0.0,frames,quadratic-vc,0.0003370944714324401,
main,main/rep0-stream0-regime0-d10/7,0,0,0,10,1.0,1.0,0.0,frames,quadratic-vc,0.0005044650982106465,
main,main/rep0-stream0-regime0-d10/0,0,0,0,10,1.0,1.0,0.0,staggered-cycle,rank,0.011318676454220607,
main,main/rep0-stream0-regime0-d10/1,0,0,0,10,1.0,1.0,0.0,staggered-cycle,rank,0.01349800367551744,
main,main/rep0-stream0-regime0-d10/2,0,0,0,10,1.0,1.0,0.0,staggered-cycle,rank,0.05038962720427029,
main,main/rep0-stream0-regime0-d10/3,0,0,0,10,1.0,1.0,0.0,staggered-cycle,rank,0.01030517462398413,
main,main/rep0-stream0-regime0-d10/4,0,0,0,10,1.0,1.0,0.0,staggered-cycle,rank,0.0008315537801579119,
main,main/rep0-stream0-regime0-d10/5,0,0,0,10,1.0,1.0,0.0,staggered-cycle,rank,0.00528194927680205,
main,main/rep0-stream0-regime0-d10/6,0,0,0,10,1.0,1.0,0.0,staggered-cycle,rank,0.0021976488121066987,
main,main/rep0-stream0-regime0-d10/7,0,0,0,10,1.0,1.0,0.0,staggered-cycle,rank,0.011597128128330306,
main,main/rep0-stream0-regime0-d10/0,0,0,0,10,1.0,10.0,0.0,staggered-cycle,quadratic-ac,0.000681669072165783,
main,main/rep0-stream0-regime0-d10/1,0,0,0,10,1.0,10.0,0.0,staggered-cycle,quadratic-ac,0.0005792711320490007,
main,main/rep0-stream0-regime0-d10/2,0,0,0,10,1.0,10.0,0.0,staggered-cycle,quadratic-ac,0.00045798160474845616,
main,main/rep0-stream0-regime0-d10/3,0,0,0,10,1.0,10.0,0.0,staggered-cycle,quadratic-ac,0.0009613790486607464,
main,main/rep0-stream0-regime0-d10/4,0,0,0,10,1.0,10.0,0.0,staggered-cycle,quadratic-ac,0.0007552900855010528,
main,main/rep0-stream0-regime0-d10/5,0,0,0,10,1.0,10.0,0.0,staggered-cycle,quadratic-ac,0.0014279808008432697,
main,main/rep0-stream0-regime0-d10/6,0,0,0,10,1.0,10.0,0.0,staggered-cycle,quadratic-ac,0.002882821925119434,
main,main/rep0-stream0-regime0-d10/7,0,0,0,10,1.0,10.0,0.0,staggered-cycle,quadratic-ac,0.0002974520204012198,
main,main/rep0-stream0-regime0-d10/0,0,0,0,10,1.0,10.0,0.0,staggered-cycle,quadratic-vc,0.0008230948776282799,
main,main/rep0-stream0-regime0-d10/1,0,0,0,10,1.0,10.0,0.0,staggered-cycle,quadratic-vc,0.00046464613778248614,
main,main/rep0-stream0-regime0-d10/2,0,0,0,10,1.0,10.0,0.0,staggered-cycle,quadratic-vc,0.0005443060669068151,
main,main/rep0-stream0-regime0-d10/3,0,0,0,10,1.0,10.0,0.0,staggered-cycle,quadratic-vc,0.0010664614235840674,
main,main/rep0-stream0-regime0-d10/4,0,0,0,10,1.0,10.0,0.0,staggered-cycle,quadratic-vc,0.0006576738739015107,
main,main/rep0-stream0-regime0-d10/5,0,0,0,10,1.0,10.0,0.0,staggered-cycle,quadratic-vc,0.001719933783203368,
main,main/rep0-stream0-regime0-d10/6,0,0,0,10,1.0,10.0,0.0,staggered-cycle,quadratic-vc,0.00219508530080463,
main,main/rep0-stream0-regime0-d10/7,0,0,0,10,1.0,10.0,0.0,staggered-cycle,quadratic-vc,0.00026520494968661765,
main,main/rep0-stream0-regime0-d10/0,0,0,0,10,1.0,10.0,0.0,frames,quadratic-ac,0.0018053937932539239,
main,main/rep0-stream0-regime0-d10/1,0,0,0,10,1.0,10.0,0.0,frames,quadratic-ac,0.0022813608001826134,
main,main/rep0-stream0-regime0-d10/2,0,0,0,10,1.0,10.0,0.0,frames,quadratic-ac,0.002901013614257655,
main,main/rep0-stream0-regime0-d10/3,0,0,0,10,1.0,10.0,0.0,frames,quadratic-ac,0.0007510849587606197,
main,main/rep0-stream0-regime0-d10/4,0,0,0,10,1.0,10.0,0.0,frames,quadratic-ac,0.0011510319137927015,
main,main/rep0-stream0-regime0-d10/5,0,0,0,10,1.0,10.0,0.0,frames,quadratic-ac,0.0018445006476331147,
main,main/rep0-stream0-regime0-d10/6,0,0,0,10,1.0,10.0,0.0,frames,quadratic-ac,0.0005196895147193473,
main,main/rep0-stream0-regime0-d10/7,0,0,0,10,1.0,10.0,0.0,frames,quadratic-ac,0.001635063097781127,
main,main/rep0-stream0-regime0-d10/0,0,0,0,10,1.0,10.0,0.0,frames,quadratic-vc,0.0016899199697423084,
main,main/rep0-stream0-regime0-d10/1,0,0,0,10,1.0,10.0,0.0,frames,quadratic-vc,0.0022670442457867392,
main,main/rep0-stream0-regime0-d10/2,0,0,0,10,1.0,10.0,0.0,frames,quadratic-vc,0.0022012368708922074,
main,main/rep0-stream0-regime0-d10/3,0,0,0,10,1.0,10.0,0.0,frames,quadratic-vc,0.0006821718737236675,
main,main/rep0-stream0-regime0-d10/4,0,0,0,10,1.0,10.0,0.0,frames,quadratic-vc,0.0008123400201444764,
main,main/rep0-stream0-regime0-d10/5,0,0,0,10,1.0,10.0,0.0,frames,quadratic-vc,0.002434790911079654,
main,main/rep0-stream0-regime0-d10/6,0,0,0,10,1.0,10.0,0.0,frames,quadratic-vc,0.000518977489357434,
main,main/rep0-stream0-regime0-d10/7,0,0,0,10,1.0,10.0,0.0,frames,quadratic-vc,0.001484641101083502,
main,main/rep0-stream0-regime0-d10/0,0,0,0,10,1.0,10.0,0.0,staggered-cycle,rank,0.07099805715804267,
main,main/rep0-stream0-regime0-d10/1,0,0,0,10,1.0,10.0,0.0,staggered-cycle,rank,0.03557793304813531,
main,main/rep0-stream0-regime0-d10/2,0,0,0,10,1.0,10.0,0.0,staggered-cycle,rank,0.13250839779227033,
main,main/rep0-stream0-regime0-d10/3,0,0,0,10,1.0,10.0,0.0,staggered-cycle,rank,0.01440257900970368,
main,main/rep0-stream0-regime0-d10/4,0,0,0,10,1.0,10.0,0.0,staggered-cycle,rank,0.08182018303755505,
main,main/rep0-stream0-regime0-d10/5,0,0,0,10,1.0,10.0,0.0,staggered-cycle,rank,0.02744830132405756,
main,main/rep0-stream0-regime0-d10/6,0,0,0,10,1.0,10.0,0.0,staggered-cycle,rank,0.06628126337282675,
main,main/rep0-stream0-regime0-d10/7,0,0,0,10,1.0,10.0,0.0,staggered-cycle,rank,0.028205620516474607,
main,main/rep0-stream0-regime0-d50/0,0,0,0,50,1.0,0.0,0.0,staggered-cycle,quadratic-ac,1.490179648696762e-05,
main,main/rep0-stream0-regime0-d50/1,0,0,0,50,1.0,0.0,0.0,staggered-cycle,quadratic-ac,2.051450952363405e-05,
main,main/rep0-stream0-regime0-d50/2,0,0,0,50,1.0,0.0,0.0,staggered-cycle,quadratic-ac,1.0163577660233411e-05,
main,main/rep0-stream0-regime0-d50/3,0,0,0,50,1.0,0.0,0.0,staggered-cycle,quadratic-ac,1.3909873031403704e-05,
main,main/rep0-stream0-regime0-d50/4,0,0,0,50,1.0,0.0,0.0,staggered-cycle,quadratic-ac,1.5902834733442095e-05,
main,main/rep0-stream0-regime0-d50/5,0,0,0,50,1.0,0.0,0.0,staggered-cycle,quadratic-ac,1.7894215092937983e-05,
main,main/rep0-stream0-regime0-d50/6,0,0,0,50,1.0,0.0,0.0,staggered-cycle,quadratic-ac,1.319698423568271e-05,
main,main/rep0-stream0-regime0-d50/7,0,0,0,50,1.0,0.0,0.0,staggered-cycle,quadratic-ac,1.5858671640494126e-05,
main,main/rep0-stream0-regime0-d50/0,0,0,0,50,1.0,0.0,0.0,staggered-cycle,quadratic-vc,1.6375677973335907e-05,
main,main/rep0-stream0-regime0-d50/1,0,0,0,50,1.0,0.0,0.0,staggered-cycle,quadratic-vc,1.9756320367167187e-05,
main,main/rep0-stream0-regime0-d50/2,0,0,0,50,1.0,0.0,0.0,staggered-cycle,quadratic-vc,1.0233662135230405e-05,
main,main/rep0-stream0-regime0-d50/3,0,0,0,50,1.0,0.0,0.0,staggered-cycle,quadratic-vc,1.2575063014192091e-05,
main,main/rep0-stream0-regime0-d50/4,0,0,0,50,1.0,0.0,0.0,staggered-cycle,quadratic-vc,1.6710484011220068e-05,
main,main/rep0-stream0-regime0-d50/5,0,0,0,50,1.0,0.0,0.0,staggered-cycle,quadratic-vc,1.6963891001467682e-05,
main,main/rep0-stream0-regime0-d50/6,0,0,0,50,1.0,0.0,0.0,staggered-cycle,quadratic-vc,1.2699159687186925e-05,
main,main/rep0-stream0-regime0-d50/7,0,0,0,50,1.0,0.0,0.0,staggered-cycle,quadratic-vc,1.6387871323845504e-05,
main,main/rep0-stream0-regime0-d50/0,0,0,0,50,1.0,0.0,0.0,frames,quadratic-ac,1.435186397409577e-05,
main,main/rep0-stream0-regime0-d50/1,0,0,0,50,1.0,0.0,0.0,frames,quadratic-ac,1.0325658635767079e-05,
main,main/rep0-stream0-regime0-d50/2,0,0,0,50,1.0,0.0,0.0,frames,quadratic-ac,1.2069618340416104e-05,
main,main/rep0-stream0-regime0-d50/3,0,0,0,50,1.0,0.0,0.0,frames,quadratic-ac,2.4969752802909813e-05,
main,main/rep0-stream0-regime0-d50/4,0,0,0,50,1.0,0.0,0.0,frames,quadratic-ac,1.0002515750913175e-05,
main,main/rep0-stream0-regime0-d50/5,0,0,0,50,1.0,0.0,0.0,frames,quadratic-ac,8.219603274014011e-06,
main,main/rep0-stream0-regime0-d50/6,0,0,0,50,1.0,0.0,0.0,frames,quadratic-ac,1.084473999049943e-05,
main,main/rep0-stream0-regime0-d50/7,0,0,0,50,1.0,0.0,0.0,frames,quadratic-ac,8.58031243844304e-06,
main,main/rep0-stream0-regime0-d50/0,0,0,0,50,1.0,0.0,0.0,frames,quadratic-vc,1.4636612556919724e-05,
main,main/rep0-stream0-regime0-d50/1,0,0,0,50,1.0,0.0,0.0,frames,quadratic-vc,9.71204961923533e-06,
main,main/rep0-stream0-regime0-d50/2,0,0,0,50,1.0,0.0,0.0,frames,quadratic-vc,1.2001345833726493e-05,
main,main/rep0-stream0-regime0-d50/3,0,0,0,50,1.0,0.0,0.0,frames,quadratic-vc,2.3064783728127777e-05,
main,main/rep0-stream0-regime0-d50/4,0,0,0,50,1.0,0.0,0.0,frames,quadratic-vc,9.436019354817585e-06,
main,main/rep0-stream0-regime0-d50/5,0,0,0,50,1.0,0.0,0.0,frames,quadratic-vc,7.953943217984845e-06,
main,main/rep0-stream0-regime0-d50/6,0,0,0,50,1.0,0.0,0.0,frames,quadratic-vc,1.0256207261653115e-05,
main,main/rep0-stream0-regime0-d50/7,0,0,0,50,1.0,0.0,0.0,frames,quadratic-vc,8.383912041422067e-06,
main,main/rep0-stream0-regime0-d50/0,0,0,0,50,1.0,0.0,0.0,staggered-cycle,rank,0.025295792690797996,
main,main/rep0-stream0-regime0-d50/1,0,0,0,50,1.0,0.0,0.0,staggered-cycle,rank,0.008932330221620923,
main,main/rep0-stream0-regime0-d50/2,0,0,0,50,1.0,0.0,0.0,staggered-cycle,rank,0.010114232375008622,
main,main/rep0-stream0-regime0-d50/3,0,0,0,50,1.0,0.0,0.0,staggered-cycle,rank,0.02739099652872572,
main,main/rep0-stream0-regime0-d50/4,0,0,0,50,1.0,0.0,0.0,staggered-cycle,rank,0.014788310869332296,
main,main/rep0-stream0-regime0-d50/5,0,0,0,50,1.0,0.0,0.0,staggered-cycle,rank,0.008925939851046697,
main,main/rep0-stream0-regime0-d50/6,0,0,0,50,1.0,0.0,0.0,staggered-cycle,rank,0.016056027050131184,
main,main/rep0-stream0-regime0-d50/7,0,0,0,50,1.0,0.0,0.0,staggered-cycle,rank,0.003836122523434755,
main,main/rep0-stream0-regime0-d50/0,0,0,0,50,1.0,0.1,0.0,staggered-cycle,quadratic-ac,1.3330778502236415e-05,
main,main/rep0-stream0-regime0-d50/1,0,0,0,50,1.0,0.1,0.0,staggered-cycle,quadratic-ac,1.2128760943349967e-05,
main,main/rep0-stream0-regime0-d50/2,0,0,0,50,1.0,0.1,0.0,staggered-cycle,quadratic-ac,1.541917386485815e-05,
main,main/rep0-stream0-regime0-d50/3,0,0,0,50,1.0,0.1,0.0,staggered-cycle,quadratic-ac,1.864904859698113e-05,
main,main/rep0-stream0-regime0-d50/4,0,0,0,50,1.0,0.1,0.0,staggered-cycle,quadratic-ac,1.2461131017151241e-05,
main,main/rep0-stream0-regime0-d50/5,0,0,0,50,1.0,0.1,0.0,staggered-cycle,quadratic-ac,1.614116450550228e-05,
main,main/rep0-stream0-regime0-d50/6,0,0,0,50,1.0,0.1,0.0,staggered-cycle,quadratic-ac,1.3038285554707627e-05,
main,main/rep0-stream0-regime0-d50/7,0,0,0,50,1.0,0.1,0.0,staggered-cycle,quadratic-ac,1.27276069026618e-05,
main,main/rep0-stream0-regime0-d50/0,0,0,0,50,1.0,0.1,0.0,staggered-cycle,quadratic-vc,1.3115485704025628e-05,
main,main/rep0-stream0-regime0-d50/1,0,0,0,50,1.0,0.1,0.0,staggered-cycle,quadratic-vc,1.2028973524816045e-05,
main,main/rep0-stream0-regime0-d50/2,0,0,0,50,1.0,0.1,0.0,staggered-cycle,quadratic-vc,1.5515295538041085e-05,
main,main/rep0-stream0-regime0-d50/3,0,0,0,50,1.0,0.1,0.0,staggered-cycle,quadratic-vc,1.802800160031804e-05,
main,main/rep0-stream0-regime0-d50/4,0,0,0,50,1.0,0.1,0.0,staggered-cycle,quadratic-vc,1.207504041783406e-05,
main,main/rep0-stream0-regime0-d50/5,0,0,0,50,1.0,0.1,0.0,staggered-cycle,quadratic-vc,1.3986231222234496e-05,
main,main/rep0-stream0-regime0-d50/6,0,0,0,50,1.0,0.1,0.0,staggered-cycle,quadratic-vc,1.391868527709756e-05,
main,main/rep0-stream0-regime0-d50/7,0,0,0,50,1.0,0.1,0.0,staggered-cycle,quadratic-vc,1.579018083470416e-05,
main,main/rep0-stream0-regime0-d50/0,0,0,0,50,1.0,0.1,0.0,frames,quadratic-ac,1.5622414913524586e-05,
main,main/rep0-stream0-regime0-d50/1,0,0,0,50,1.0,0.1,0.0,frames,quadratic-ac,1.420383980602178e-05,
main,main/rep0-stream0-regime0-d50/2,0,0,0,50,1.0,0.1,0.0,frames,quadratic-ac,2.1627372684453215e-05,
main,main/rep0-stream0-regime0-d50/3,0,0,0,50,1.0,0.1,0.0,frames,quadratic-ac,1.5721075386158085e-05,
main,main/rep0-stream0-regime0-d50/4,0,0,0,50,1.0,0.1,0.0,frames,quadratic-ac,1.6654626301032527e-05,
main,main/rep0-stream0-regime0-d50/5,0,0,0,50,1.0,0.1,0.0,frames,quadratic-ac,1.9198463873193975e-05,
main,main/rep0-stream0-regime0-d50/6,0,0,0,50,1.0,0.1,0.0,frames,quadratic-ac,9.750518772094682e-06,
main,main/rep0-stream0-regime0-d50/7,0,0,0,50,1.0,0.1,0.0,frames,quadratic-ac,1.2520467055864963e-05,
main,main/rep0-stream0-regime0-d50/0,0,0,0,50,1.0,0.1,0.0,frames,quadratic-vc,1.5182720035982826e-05,
main,main/rep0-stream0-regime0-d50/1,0,0,0,50,1.0,0.1,0.0,frames,quadratic-vc,1.3797984521971825e-05,
main,main/rep0-stream0-regime0-d50/2,0,0,0,50,1.0,0.1,0.0,frames,quadratic-vc,2.0897088929745217e-05,
main,main/rep0-stream0-regime0-d50/3,0,0,0,50,1.0,0.1,0.0,frames,quadratic-vc,1.47445865612875e-05,
main,main/rep0-stream0-regime0-d50/4,0,0,0,50,1.0,0.1,0.0,frames,quadratic-vc,1.6417853591578746e-05,
main,main/rep0-stream0-regime0-d50/5,0,0,0,50,1.0,0.1,0.0,frames,quadratic-vc,1.856638235914824e-05,
main,main/rep0-stream0-regime0-d50/6,0,0,0,50,1.0,0.1,0.0,frames,quadratic-vc,9.534342806893116e-06,
main,main/rep0-stream0-regime0-d50/7,0,0,0,50,1.0,0.1,0.0,frames,quadratic-vc,1.2737039859016914e-05,
main,main/rep0-stream0-regime0-d50/0,0,0,0,50,1.0,0.1,0.0,staggered-cycle,rank,0.025020361110489133,
main,main/rep0-stream0-regime0-d50/1,0,0,0,50,1.0,0.1,0.0,staggered-cycle,rank,0.00909563034870969,
main,main/rep0-stream0-regime0-d50/2,0,0,0,50,1.0,0.1,0.0,staggered-cycle,rank,0.010064740531812697,
main,main/rep0-stream0-regime0-d50/3,0,0,0,50,1.0,0.1,0.0,staggered-cycle,rank,0.02726375905715575,
main,main/rep0-stream0-regime0-d50/4,0,0,0,50,1.0,0.1,0.0,staggered-cycle,rank,0.014911274321414094,
main,main/rep0-stream0-regime0-d50/5,0,0,0,50,1.0,0.1,0.0,staggered-cycle,rank,0.008846543099988252,
main,main/rep0-stream0-regime0-d50/6,0,0,0,50,1.0,0.1,0.0,staggered-cycle,rank,0.015751977855876988,
main,main/rep0-stream0-regime0-d50/7,0,0,0,50,1.0,0.1,0.0,staggered-cycle,rank,0.003890937945831267,
main,main/rep0-stream0-regime0-d50/0,0,0,0,50,1.0,1.0,0.0,staggered-cycle,quadratic-ac,2.2607316222777048e-05,
main,main/rep0-stream0-regime0-d50/1,0,0,0,50,1.0,1.0,0.0,staggered-cycle,quadratic-ac,1.8864292269587277e-05,
main,main/rep0-stream0-regime0-d50/2,0,0,0,50,1.0,1.0,0.0,staggered-cycle,quadratic-ac,1.455620499769049e-05,
main,main/rep0-stream0-regime0-d50/3,0,0,0,50,1.0,1.0,0.0,staggered-cycle,quadratic-ac,1.3675268930263259e-05,
main,main/rep0-stream0-regime0-d50/4,0,0,0,50,1.0,1.0,0.0,staggered-cycle,quadratic-ac,1.1344029348733745e-05,
main,main/rep0-stream0-regime0-d50/5,0,0,0,50,1.0,1.0,0.0,staggered-cycle,quadratic-ac,1.061153679945183e-05,
main,main/rep0-stream0-regime0-d50/6,0,0,0,50,1.0,1.0,0.0,staggered-cycle,quadratic-ac,1.4048633231580275e-05,
main,main/rep0-stream0-regime0-d50/7,0,0,0,50,1.0,1.0,0.0,staggered-cycle,quadratic-ac,1.553855421480837e-05,
main,main/rep0-stream0-regime0-d50/0,0,0,0,50,1.0,1.0,0.0,staggered-cycle,quadratic-vc,2.2479057797307287e-05,
main,main/rep0-stream0-regime0-d50/1,0,0,0,50,1.0,1.0,0.0,staggered-cycle,quadratic-vc,1.89011082801002e-05,
main,main/rep0-stream0-regime0-d50/2,0,0,0,50,1.0,1.0,0.0,staggered-cycle,quadratic-vc,1.2685874205330274e-05,
main,main/rep0-stream0-regime0-d50/3,0,0,0,50,1.0,1.0,0.0,staggered-cycle,quadratic-vc,1.3369290578678522e-05,
main,main/rep0-stream0-regime0-d50/4,0,0,0,50,1.0,1.0,0.0,staggered-cycle,quadratic-vc,1.0741392564045352e-05,
main,main/rep0-stream0-regime0-d50/5,0,0,0,50,1.0,1.0,0.0,staggered-cycle,quadratic-vc,1.0291672577562006e-05,
main,main/rep0-stream0-regime0-d50/6,0,0,0,50,1.0,1.0,0.0,staggered-cycle,quadratic-vc,1.448910245143162e-05,
main,main/rep0-stream0-regime0-d50/7,0,0,0,50,1.0,1.0,0.0,staggered-cycle,quadratic-vc,1.533822584777825e-05,
main,main/rep0-stream0-regime0-d50/0,0,0,0,50,1.0,1.0,0.0,frames,quadratic-ac,1.3067027040394436e-05,
main,main/rep0-stream0-regime0-d50/1,0,0,0,50,1.0,1.0,0.0,frames,quadratic-ac,1.717234417949378e-05,
main,main/rep0-stream0-regime0-d50/2,0,0,0,50,1.0,1.0,0.0,frames,quadratic-ac,1.942398465836239e-05,
main,main/rep0-stream0-regime0-d50/3,0,0,0,50,1.0,1.0,0.0,frames,quadratic-ac,1.5124846042104495e-05,
main,main/rep0-stream0-regime0-d50/4,0,0,0,50,1.0,1.0,0.0,frames,quadratic-ac,2.1173496414737606e-05,
main,main/rep0-stream0-regime0-d50/5,0,0,0,50,1.0,1.0,0.0,frames,quadratic-ac,1.5329522731740934e-05,
main,main/rep0-stream0-regime0-d50/6,0,0,0,50,1.0,1.0,0.0,frames,quadratic-ac,1.602013207783966e-05,
main,main/rep0-stream0-regime0-d50/7,0,0,0,50,1.0,1.0,0.0,frames,quadratic-ac,1.934931091645165e-05,
main,main/rep0-stream0-regime0-d50/0,0,0,0,50,1.0,1.0,0.0,frames,quadratic-vc,1.193851195262054e-05,
main,main/rep0-stream0-regime0-d50/1,0,0,0,50,1.0,1.0,0.0,frames,quadratic-vc,1.814648467520912e-05,
main,main/rep0-stream0-regime0-d50/2,0,0,0,50,1.0,1.0,0.0,frames,quadratic-vc,2.052757759698505e-05,
main,main/rep0-stream0-regime0-d50/3,0,0,0,50,1.0,1.0,0.0,frames,quadratic-vc,1.5756877645360368e-05,
main,main/rep0-stream0-regime0-d50/4,0,0,0,50,1.0,1.0,0.0,frames,quadratic-vc,2.118060605433689e-05,
main,main/rep0-stream0-regime0-d50/5,0,0,0,50,1.0,1.0,0.0,frames,quadratic-vc,1.5895565349783304e-05,
main,main/rep0-stream0-regime0-d50/6,0,0,0,50,1.0,1.0,0.0,frames,quadratic-vc,1.6563525850148107e-05,
main,main/rep0-stream0-regime0-d50/7,0,0,0,50,1.0,1.0,0.0,frames,quadratic-vc,1.9356157076956892e-05,
main,main/rep0-stream0-regime0-d50/0,0,0,0,50,1.0,1.0,0.0,staggered-cycle,rank,0.022977221978062352,
main,main/rep0-stream0-regime0-d50/1,0,0,0,50,1.0,1.0,0.0,staggered-cycle,rank,0.008843641838982912,
main,main/rep0-stream0-regime0-d50/2,0,0,0,50,1.0,1.0,0.0,staggered-cycle,rank,0.009420206343687289,
main,main/rep0-stream0-regime0-d50/3,0,0,0,50,1.0,1.0,0.0,staggered-cycle,rank,0.025028165975322317,
main,main/rep0-stream0-regime0-d50/4,0,0,0,50,1.0,1.0,0.0,staggered-cycle,rank,0.015358678380265512,
main,main/rep0-stream0-regime0-d50/5,0,0,0,50,1.0,1.0,0.0,staggered-cycle,rank,0.008126847219821792,
main,main/rep0-stream0-regime0-d50/6,0,0,0,50,1.0,1.0,0.0,staggered-cycle,rank,0.015770803883188175,
main,main/rep0-stream0-regime0-d50/7,0,0,0,50,1.0,1.0,0.0,staggered-cycle,rank,0.0037780510001140044,
main,main/rep0-stream0-regime0-d50/0,0,0,0,50,1.0,10.0,0.0,staggered-cycle,quadratic-ac,6.794163080986255e-05,
main,main/rep0-stream0-regime0-d50/1,0,0,0,50,1.0,10.0,0.0,staggered-cycle,quadratic-ac,7.058093552341475e-05,
main,main/rep0-stream0-regime0-d50/2,0,0,0,50,1.0,10.0,0.0,staggered-cycle,quadratic-ac,2.7887675954333078e-05,
main,main/rep0-stream0-regime0-d50/3,0,0,0,50,1.0,10.0,0.0,staggered-cycle,quadratic-ac,3.9864480531553794e-05,
main,main/rep0-stream0-regime0-d50/4,0,0,0,50,1.0,10.0,0.0,staggered-cycle,quadratic-ac,4.4438694093130726e-05,
main,main/rep0-stream0-regime0-d50/5,0,0,0,50,1.0,10.0,0.0,staggered-cycle,quadratic-ac,5.222123457954307e-05,
main,main/rep0-stream0-regime0-d50/6,0,0,0,50,1.0,10.0,0.0,staggered-cycle,quadratic-ac,6.844235362294667e-05,
main,main/rep0-stream0-regime0-d50/7,0,0,0,50,1.0,10.0,0.0,staggered-cycle,quadratic-ac,5.324950354602867e-05,
main,main/rep0-stream0-regime0-d50/0,0,0,0,50,1.0,10.0,0.0,staggered-cycle,quadratic-vc,6.478571471306186e-05,
main,main/rep0-stream0-regime0-d50/1,0,0,0,50,1.0,10.0,0.0,staggered-cycle,quadratic-vc,6.919914989860194e-05,
main,main/rep0-stream0-regime0-d50/2,0,0,0,50,1.0,10.0,0.0,staggered-cycle,quadratic-vc,2.815207059267707e-05,
main,main/rep0-stream0-regime0-d50/3,0,0,0,50,1.0,10.0,0.0,staggered-cycle,quadratic-vc,4.055643704633753e-05,
main,main/rep0-stream0-regime0-d50/4,0,0,0,50,1.0,10.0,0.0,staggered-cycle,quadratic-vc,4.4806253206219275e-05,
main,main/rep0-stream0-regime0-d50/5,0,0,0,50,1.0,10.0,0.0,staggered-cycle,quadratic-vc,5.029899010501357e-05,
main,main/rep0-stream0-regime0-d50/6,0,0,0,50,1.0,10.0,0.0,staggered-cycle,quadratic-vc,7.088272335247719e-05,
main,main/rep0-stream0-regime0-d50/7,0,0,0,50,1.0,10.0,0.0,staggered-cycle,quadratic-vc,5.09250151959792e-05,
main,main/rep0-stream0-regime0-d50/0,0,0,0,50,1.0,10.0,0.0,frames,quadratic-ac,0.00011739045974560201,
main,main/rep0-stream0-regime0-d50/1,0,0,0,50,1.0,10.0,0.0,frames,quadratic-ac,7.248968535722172e-05,
main,main/rep0-stream0-regime0-d50/2,0,0,0,50,1.0,10.0,0.0,frames,quadratic-ac,8.770429930008549e-05,
main,main/rep0-stream0-regime0-d50/3,0,0,0,50,1.0,10.0,0.0,frames,quadratic-ac,7.235521260073096e-05,
main,main/rep0-stream0-regime0-d50/4,0,0,0,50,1.0,10.0,0.0,frames,quadratic-ac,5.435485446332565e-05,
main,main/rep0-stream0-regime0-d50/5,0,0,0,50,1.0,10.0,0.0,frames,quadratic-ac,9.953281758679767e-05,
main,main/rep0-stream0-regime0-d50/6,0,0,0,50,1.0,10.0,0.0,frames,quadratic-ac,8.381158880727175e-05,
main,main/rep0-stream0-regime0-d50/7,0,0,0,50,1.0,10.0,0.0,frames,quadratic-ac,9.162647743074352e-05,
main,main/rep0-stream0-regime0-d50/0,0,0,0,50,1.0,10.0,0.0,frames,quadratic-vc,0.00011853906339216615,
main,main/rep0-stream0-regime0-d50/1,0,0,0,50,1.0,10.0,0.0,frames,quadratic-vc,6.747068261486478e-05,
main,main/rep0-stream0-regime0-d50/2,0,0,0,50,1.0,10.0,0.0,frames,quadratic-vc,9.210026786846335e-05,
main,main/rep0-stream0-regime0-d50/3,0,0,0,50,1.0,10.0,0.0,frames,quadratic-vc,7.01342102356545e-05,
main,main/rep0-stream0-regime0-d50/4,0,0,0,50,1.0,10.0,0.0,frames,quadratic-vc,5.4727691757061165e-05,
main,main/rep0-stream0-regime0-d50/5,0,0,0,50,1.0,10.0,0.0,frames,quadratic-vc,0.00010056945180056547,
main,main/rep0-stream0-regime0-d50/6,0,0,0,50,1.0,10.0,0.0,frames,quadratic-vc,8.328806450286905e-05,
main,main/rep0-stream0-regime0-d50/7,0,0,0,50,1.0,10.0,0.0,frames,quadratic-vc,8.49758726003554e-05,
main,main/rep0-stream0-regime0-d50/0,0,0,0,50,1.0,10.0,0.0,staggered-cycle,rank,0.03297120370875101,
main,main/rep0-stream0-regime0-d50/1,0,0,0,50,1.0,10.0,0.0,staggered-cycle,rank,0.04685520204363078,
main,main/rep0-stream0-regime0-d50/2,0,0,0,50,1.0,10.0,0.0,staggered-cycle,rank,0.03372193835510759,
main,main/rep0-stream0-regime0-d50/3,0,0,0,50,1.0,10.0,0.0,staggered-cycle,rank,0.043481433957877624,
main,main/rep0-stream0-regime0-d50/4,0,0,0,50,1.0,10.0,0.0,staggered-cycle,rank,0.10795553448479128,
main,main/rep0-stream0-regime0-d50/5,0,0,0,50,1.0,10.0,0.0,staggered-cycle,rank,0.03616511160879265,
main,main/rep0-stream0-regime0-d50/6,0,0,0,50,1.0,10.0,0.0,staggered-cycle,rank,0.03498802925383143,
main,main/rep0-stream0-regime0-d50/7,0,0,0,50,1.0,10.0,0.0,staggered-cycle,rank,0.016822581963265054,
main,main/rep0-stream0-regime1-d20/0,0,0,1,20,1.0,0.0,0.0,staggered-cycle,quadratic-ac,0.0003473981295608026,
main,main/rep0-stream0-regime1-d20/1,0,0,1,20,1.0,0.0,0.0,staggered-cycle,quadratic-ac,7.731668981240293e-05,
main,main/rep0-stream0-regime1-d20/2,0,0,1,20,1.0,0.0,0.0,staggered-cycle,quadratic-ac,6.437850854212802e-05,
main,main/rep0-stream0-regime1-d20/3,0,0,1,20,1.0,0.0,0.0,staggered-cycle,quadratic-ac,6.98827916016174e-05,
main,main/rep0-stream0-regime1-d20/4,0,0,1,20,1.0,0.0,0.0,staggered-cycle,quadratic-ac,7.283277838295554e-05,
main,main/rep0-stream0-regime1-d20/5,0,0,1,20,1.0,0.0,0.0,staggered-cycle,quadratic-ac,7.846601064102372e-05,
main,main/rep0-stream0-regime1-d20/6,0,0,1,20,1.0,0.0,0.0,staggered-cycle,quadratic-ac,0.00016436642644309995,
main,main/rep0-stream0-regime1-d20/7,0,0,1,20,1.0,0.0,0.0,staggered-cycle,quadratic-ac,6.473959189961156e-05,
main,main/rep0-stream0-regime1-d20/0,0,0,1,20,1.0,0.0,0.0,staggered-cycle,quadratic-vc,0.00036269024222076594,
main,main/rep0-stream0-regime1-d20/1,0,0,1,20,1.0,0.0,0.0,staggered-cycle,quadratic-vc,7.058793325402103e-05,
main,main/rep0-stream0-regime1-d20/2,0,0,1,20,1.0,0.0,0.0,staggered-cycle,quadratic-vc,6.346132840747867e-05,
main,main/rep0-stream0-regime1-d20/3,0,0,1,20,1.0,0.0,0.0,staggered-cycle,quadratic-vc,6.0450973947218467e-05,
main,main/rep0-stream0-regime1-d20/4,0,0,1,20,1.0,0.0,0.0,staggered-cycle,quadratic-vc,6.701974582122698e-05,
main,main/rep0-stream0-regime1-d20/5,0,0,1,20,1.0,0.0,0.0,staggered-cycle,quadratic-vc,6.924699181479282e-05,
main,main/rep0-stream0-regime1-d20/6,0,0,1,20,1.0,0.0,0.0,staggered-cycle,quadratic-vc,0.00021382622304874532,
main,main/rep0-stream0-regime1-d20/7,0,0,1,20,1.0,0.0,0.0,staggered-cycle,quadratic-vc,6.09569350756751e-05,
main,main/rep0-stream0-regime1-d20/0,0,0,1,20,1.0,0.0,0.0,frames,quadratic-ac,6.290371125547902e-05,
main,main/rep0-stream0-regime1-d20/1,0,0,1,20,1.0,0.0,0.0,frames,quadratic-ac,4.482787377870408e-05,
main,main/rep0-stream0-regime1-d20/2,0,0,1,20,1.0,0.0,0.0,frames,quadratic-ac,0.00010532279561524206,
main,main/rep0-stream0-regime1-d20/3,0,0,1,20,1.0,0.0,0.0,frames,quadratic-ac,6.776910534908051e-05,
main,main/rep0-stream0-regime1-d20/4,0,0,1,20,1.0,0.0,0.0,frames,quadratic-ac,0.0001103840379889821,
main,main/rep0-stream0-regime1-d20/5,0,0,1,20,1.0,0.0,0.0,frames,quadratic-ac,0.0001603643343664511,
main,main/rep0-stream0-regime1-d20/6,0,0,1,20,1.0,0.0,0.0,frames,quadratic-ac,5.48554824064378e-05,
main,main/rep0-stream0-regime1-d20/7,0,0,1,20,1.0,0.0,0.0,frames,quadratic-ac,3.095226175230249e-05,
main,main/rep0-stream0-regime1-d20/0,0,0,1,20,1.0,0.0,0.0,frames,quadratic-vc,6.0334033454574636e-05,
main,main/rep0-stream0-regime1-d20/1,0,0,1,20,1.0,0.0,0.0,frames,quadratic-vc,4.2533111880686005e-05,
main,main/rep0-stream0-regime1-d20/2,0,0,1,20,1.0,0.0,0.0,frames,quadratic-vc,9.894695685035818e-05,
main,main/rep0-stream0-regime1-d20/3,0,0,1,20,1.0,0.0,0.0,frames,quadratic-vc,6.667521492421256e-05,
main,main/rep0-stream0-regime1-d20/4,0,0,1,20,1.0,0.0,0.0,frames,quadratic-vc,0.00011932272020558016,
main,main/rep0-stream0-regime1-d20/5,0,0,1,20,1.0,0.0,0.0,frames,quadratic-vc,0.00015433306266565333,
main,main/rep0-stream0-regime1-d20/6,0,0,1,20,1.0,0.0,0.0,frames,quadratic-vc,5.324757932697098e-05,
main,main/rep0-stream0-regime1-d20/7,0,0,1,20,1.0,0.0,0.0,frames,quadratic-vc,2.624695039191276e-05,
main,main/rep0-stream0-regime1-d20/0,0,0,1,20,1.0,0.0,0.0,staggered-cycle,rank,0.019795968877866648,
main,main/rep0-stream0-regime1-d20/1,0,0,1,20,1.0,0.0,0.0,staggered-cycle,rank,0.032586152200067796,
main,main/rep0-stream0-regime1-d20/2,0,0,1,20,1.0,0.0,0.0,staggered-cycle,rank,0.0169819388213148,
main,main/rep0-stream0-regime1-d20/3,0,0,1,20,1.0,0.0,0.0,staggered-cycle,rank,0.012898683103846446,
main,main/rep0-stream0-regime1-d20/4,0,0,1,20,1.0,0.0,0.0,staggered-cycle,rank,0.021770595988809417,
main,main/rep0-stream0-regime1-d20/5,0,0,1,20,1.0,0.0,0.0,staggered-cycle,rank,0.031086853722511104,
main,main/rep0-stream0-regime1-d20/6,0,0,1,20,1.0,0.0,0.0,staggered-cycle,rank,0.0459188052060576,
main,main/rep0-stream0-regime1-d20/7,0,0,1,20,1.0,0.0,0.0,staggered-cycle,rank,0.023734020605492366,
main,main/rep0-stream0-regime1-d20/0,0,0,1,20,1.0,0.1,0.0,staggered-cycle,quadratic-ac,0.0001009597293546954,
main,main/rep0-stream0-regime1-d20/1,0,0,1,20,1.0,0.1,0.0,staggered-cycle,quadratic-ac,6.698010192532046e-05,
main,main/rep0-stream0-regime1-d20/2,0,0,1,20,1.0,0.1,0.0,staggered-cycle,quadratic-ac,2.55885998826773e-05,
main,main/rep0-stream0-regime1-d20/3,0,0,1,20,1.0,0.1,0.0,staggered-cycle,quadratic-ac,4.693326551577231e-05,
main,main/rep0-stream0-regime1-d20/4,0,0,1,20,1.0,0.1,0.0,staggered-cycle,quadratic-ac,7.174035330352259e-05,
main,main/rep0-stream0-regime1-d20/5,0,0,1,20,1.0,0.1,0.0,staggered-cycle,quadratic-ac,4.8051128404002496e-05,
main,main/rep0-stream0-regime1-d20/6,0,0,1,20,1.0,0.1,0.0,staggered-cycle,quadratic-ac,9.090691724028224e-05,
main,main/rep0-stream0-regime1-d20/7,0,0,1,20,1.0,0.1,0.0,staggered-cycle,quadratic-ac,5.4487232188693574e-05,
main,main/rep0-stream0-regime1-d20/0,0,0,1,20,1.0,0.1,0.0,staggered-cycle,quadratic-vc,9.057931868148421e-05,
main,main/rep0-stream0-regime1-d20/1,0,0,1,20,1.0,0.1,0.0,staggered-cycle,quadratic-vc,5.610215758909593e-05,
main,main/rep0-stream0-regime1-d20/2,0,0,1,20,1.0,0.1,0.0,staggered-cycle,quadratic-vc,2.5306228785798352e-05,
main,main/rep0-stream0-regime1-d20/3,0,0,1,20,1.0,0.1,0.0,staggered-cycle,quadratic-vc,4.5071182246985545e-05,
main,main/rep0-stream0-regime1-d20/4,0,0,1,20,1.0,0.1,0.0,staggered-cycle,quadratic-vc,7.244735395025282e-05,
main,main/rep0-stream0-regime1-d20/5,0,0,1,20,1.0,0.1,0.0,staggered-cycle,quadratic-vc,3.92671669931286e-05,
main,main/rep0-stream0-regime1-d20/6,0,0,1,20,1.0,0.1,0.0,staggered-cycle,quadratic-vc,9.770962211309083e-05,
main,main/rep0-stream0-regime1-d20/7,0,0,1,20,1.0,0.1,0.0,staggered-cycle,quadratic-vc,5.2913491331608875e-05,
main,main/rep0-stream0-regime1-d20/0,0,0,1,20,1.0,0.1,0.0,frames,quadratic-ac,5.815610801308256e-05,
main,main/rep0-stream0-regime1-d20/1,0,0,1,20,1.0,0.1,0.0,frames,quadratic-ac,7.583360712573927e-05,
main,main/rep0-stream0-regime1-d20/2,0,0,1,20,1.0,0.1,0.0,frames,quadratic-ac,9.922572554112413e-05,
main,main/rep0-stream0-regime1-d20/3,0,0,1,20,1.0,0.1,0.0,frames,quadratic-ac,5.669893530244071e-05,
main,main/rep0-stream0-regime1-d20/4,0,0,1,20,1.0,0.1,0.0,frames,quadratic-ac,5.2380238732792835e-05,
main,main/rep0-stream0-regime1-d20/5,0,0,1,20,1.0,0.1,0.0,frames,quadratic-ac,5.351746062356327e-05,
main,main/rep0-stream0-regime1-d20/6,0,0,1,20,1.0,0.1,0.0,frames,quadratic-ac,6.43869421183108e-05,
main,main/rep0-stream0-regime1-d20/7,0,0,1,20,1.0,0.1,0.0,frames,quadratic-ac,7.358424027195337e-05,
main,main/rep0-stream0-regime1-d20/0,0,0,1,20,1.0,0.1,0.0,frames,quadratic-vc,5.805133470432842e-05,
main,main/rep0-stream0-regime1-d20/1,0,0,1,20,1.0,0.1,0.0,frames,quadratic-vc,7.296610144249613e-05,
main,main/rep0-stream0-regime1-d20/2,0,0,1,20,1.0,0.1,0.0,frames,quadratic-vc,9.243653919511978e-05,
main,main/rep0-stream0-regime1-d20/3,0,0,1,20,1.0,0.1,0.0,frames,quadratic-vc,4.956766413266061e-05,
main,main/rep0-stream0-regime1-d20/4,0,0,1,20,1.0,0.1,0.0,frames,quadratic-vc,5.077944533540203e-05,
main,main/rep0-stream0-regime1-d20/5,0,0,1,20,1.0,0.1,0.0,frames,quadratic-vc,5.534698457872751e-05,
main,main/rep0-stream0-regime1-d20/6,0,0,1,20,1.0,0.1,0.0,frames,quadratic-vc,5.6280763227572895e-05,
main,main/rep0-stream0-regime1-d20/7,0,0,1,20,1.0,0.1,0.0,frames,quadratic-vc,7.454606658126204e-05,
main,main/rep0-stream0-regime1-d20/0,0,0,1,20,1.0,0.1,0.0,staggered-cycle,rank,0.019480910116748244,
main,main/rep0-stream0-regime1-d20/1,0,0,1,20,1.0,0.1,0.0,staggered-cycle,rank,0.03181151355275714,
main,main/rep0-stream0-regime1-d20/2,0,0,1,20,1.0,0.1,0.0,staggered-cycle,rank,0.017206642511433168,
main,main/rep0-stream0-regime1-d20/3,0,0,1,20,1.0,0.1,0.0,staggered-cycle,rank,0.012895065712259332,
main,main/rep0-stream0-regime1-d20/4,0,0,1,20,1.0,0.1,0.0,staggered-cycle,rank,0.02214153688571695,
main,main/rep0-stream0-regime1-d20/5,0,0,1,20,1.0,0.1,0.0,staggered-cycle,rank,0.031349764979039886,
main,main/rep0-stream0-regime1-d20/6,0,0,1,20,1.0,0.1,0.0,staggered-cycle,rank,0.046053211610711166,
main,main/rep0-stream0-regime1-d20/7,0,0,1,20,1.0,0.1,0.0,staggered-cycle,rank,0.023646823138927277,
main,main/rep0-stream0-regime1-d20/0,0,0,1,20,1.0,1.0,0.0,staggered-cycle,quadratic-ac,0.00024327586044392476,
main,main/rep0-stream0-regime1-d20/1,0,0,1,20,1.0,1.0,0.0,staggered-cycle,quadratic-ac,5.580124089998823e-05,
main,main/rep0-stream0-regime1-d20/2,0,0,1,20,1.0,1.0,0.0,staggered-cycle,quadratic-ac,0.00014313919293635298,
main,main/rep0-stream0-regime1-d20/3,0,0,1,20,1.0,1.0,0.0,staggered-cycle,quadratic-ac,6.926442178934335e-05,
main,main/rep0-stream0-regime1-d20/4,0,0,1,20,1.0,1.0,0.0,staggered-cycle,quadratic-ac,4.7327784835394166e-05,
main,main/rep0-stream0-regime1-d20/5,0,0,1,20,1.0,1.0,0.0,staggered-cycle,quadratic-ac,6.702960664004455e-05,
main,main/rep0-stream0-regime1-d20/6,0,0,1,20,1.0,1.0,0.0,staggered-cycle,quadratic-ac,7.845176066433875e-05,
main,main/rep0-stream0-regime1-d20/7,0,0,1,20,1.0,1.0,0.0,staggered-cycle,quadratic-ac,7.088425163713735e-05,
main,main/rep0-stream0-regime1-d20/0,0,0,1,20,1.0,1.0,0.0,staggered-cycle,quadratic-vc,0.00024226730112906705,
main,main/rep0-stream0-regime1-d20/1,0,0,1,20,1.0,1.0,0.0,staggered-cycle,quadratic-vc,5.500276069484705e-05,
main,main/rep0-stream0-regime1-d20/2,0,0,1,20,1.0,1.0,0.0,staggered-cycle,quadratic-vc,0.00012916375652083936,
main,main/rep0-stream0-regime1-d20/3,0,0,1,20,1.0,1.0,0.0,staggered-cycle,quadratic-vc,6.270916515157999e-05,
main,main/rep0-stream0-regime1-d20/4,0,0,1,20,1.0,1.0,0.0,staggered-cycle,quadratic-vc,5.01761764863173e-05,
main,main/rep0-stream0-regime1-d20/5,0,0,1,20,1.0,1.0,0.0,staggered-cycle,quadratic-vc,7.707536876561798e-05,
main,main/rep0-stream0-regime1-d20/6,0,0,1,20,1.0,1.0,0.0,staggered-cycle,quadratic-vc,8.424795931593093e-05,
main,main/rep0-stream0-regime1-d20/7,0,0,1,20,1.0,1.0,0.0,staggered-cycle,quadratic-vc,8.031119353868418e-05,
main,main/rep0-stream0-regime1-d20/0,0,0,1,20,1.0,1.0,0.0,frames,quadratic-ac,0.00017901595898748513,
main,main/rep0-stream0-regime1-d20/1,0,0,1,20,1.0,1.0,0.0,frames,quadratic-ac,7.563415406843309e-05,
main,main/rep0-stream0-regime1-d20/2,0,0,1,20,1.0,1.0,0.0,frames,quadratic-ac,0.0002446409054905038,
main,main/rep0-stream0-regime1-d20/3,0,0,1,20,1.0,1.0,0.0,frames,quadratic-ac,0.00021772241893725143,
main,main/rep0-stream0-regime1-d20/4,0,0,1,20,1.0,1.0,0.0,frames,quadratic-ac,0.00014126883051612907,
main,main/rep0-stream0-regime1-d20/5,0,0,1,20,1.0,1.0,0.0,frames,quadratic-ac,3.727072315035179e-05,
main,main/rep0-stream0-regime1-d20/6,0,0,1,20,1.0,1.0,0.0,frames,quadratic-ac,0.0001433201364653116,
main,main/rep0-stream0-regime1-d20/7,0,0,1,20,1.0,1.0,0.0,frames,quadratic-ac,0.00010958831914372726,
main,main/rep0-stream0-regime1-d20/0,0,0,1,20,1.0,1.0,0.0,frames,quadratic-vc,0.00015674712968629758,
main,main/rep0-stream0-regime1-d20/1,0,0,1,20,1.0,1.0,0.0,frames,quadratic-vc,8.178903155871408e-05,
main,main/rep0-stream0-regime1-d20/2,0,0,1,20,1.0,1.0,0.0,frames,quadratic-vc,0.00022592946259870068,
main,main/rep0-stream0-regime1-d20/3,0,0,1,20,1.0,1.0,0.0,frames,quadratic-vc,0.00022089620417166693,
main,main/rep0-stream0-regime1-d20/4,0,0,1,20,1.0,1.0,0.0,frames,quadratic-vc,0.00013674212749228848,
main,main/rep0-stream0-regime1-d20/5,0,0,1,20,1.0,1.0,0.0,frames,quadratic-vc,3.78455691090896e-05,
main,main/rep0-stream0-regime1-d20/6,0,0,1,20,1.0,1.0,0.0,frames,quadratic-vc,0.0001415174752823145,
main,main/rep0-stream0-regime1-d20/7,0,0,1,20,1.0,1.0,0.0,frames,quadratic-vc,0.00010131698647464712,
main,main/rep0-stream0-regime1-d20/0,0,0,1,20,1.0,1.0,0.0,staggered-cycle,rank,0.01699394869716462,
main,main/rep0-stream0-regime1-d20/1,0,0,1,20,1.0,1.0,0.0,staggered-cycle,rank,0.028392579460452688,
main,main/rep0-stream0-regime1-d20/2,0,0,1,20,1.0,1.0,0.0,staggered-cycle,rank,0.01478644729918099,
main,main/rep0-stream0-regime1-d20/3,0,0,1,20,1.0,1.0,0.0,staggered-cycle,rank,0.010953760625440003,
main,main/rep0-stream0-regime1-d20/4,0,0,1,20,1.0,1.0,0.0,staggered-cycle,rank,0.01709465780279248,
main,main/rep0-stream0-regime1-d20/5,0,0,1,20,1.0,1.0,0.0,staggered-cycle,rank,0.029224456582122183,
main,main/rep0-stream0-regime1-d20/6,0,0,1,20,1.0,1.0,0.0,staggered-cycle,rank,0.041220721916960495,
main,main/rep0-stream0-regime1-d20/7,0,0,1,20,1.0,1.0,0.0,staggered-cycle,rank,0.018891140597091044,
main,main/rep0-stream0-regime1-d20/0,0,0,1,20,1.0,10.0,0.0,staggered-cycle,quadratic-ac,0.000547901393583344,
main,main/rep0-stream0-regime1-d20/1,0,0,1,20,1.0,10.0,0.0,staggered-cycle,quadratic-ac,0.0005345949346256785,
main,main/rep0-stream0-regime1-d20/2,0,0,1,20,1.0,10.0,0.0,staggered-cycle,quadratic-ac,0.0007098005507789293,
main,main/rep0-stream0-regime1-d20/3,0,0,1,20,1.0,10.0,0.0,staggered-cycle,quadratic-ac,0.0005042743044240234,
main,main/rep0-stream0-regime1-d20/4,0,0,1,20,1.0,10.0,0.0,staggered-cycle,quadratic-ac,0.0004777729246778552,
main,main/rep0-stream0-regime1-d20/5,0,0,1,20,1.0,10.0,0.0,staggered-cycle,quadratic-ac,0.00039498844710417024,
main,main/rep0-stream0-regime1-d20/6,0,0,1,20,1.0,10.0,0.0,staggered-cycle,quadratic-ac,0.0006372637622058873,
main,main/rep0-stream0-regime1-d20/7,0,0,1,20,1.0,10.0,0.0,staggered-cycle,quadratic-ac,0.0011721872801998576,
main,main/rep0-stream0-regime1-d20/0,0,0,1,20,1.0,10.0,0.0,staggered-cycle,quadratic-vc,0.0005837041324608942,
main,main/rep0-stream0-regime1-d20/1,0,0,1,20,1.0,10.0,0.0,staggered-cycle,quadratic-vc,0.0004874195310698198,
main,main/rep0-stream0-regime1-d20/2,0,0,1,20,1.0,10.0,0.0,staggered-cycle,quadratic-vc,0.0005807526281044993,
main,main/rep0-stream0-regime1-d20/3,0,0,1,20,1.0,10.0,0.0,staggered-cycle,quadratic-vc,0.0005221306023219533,
main,main/rep0-stream0-regime1-d20/4,0,0,1,20,1.0,10.0,0.0,staggered-cycle,quadratic-vc,0.0005146168953567585,
main,main/rep0-stream0-regime1-d20/5,0,0,1,20,1.0,10.0,0.0,staggered-cycle,quadratic-vc,0.00035292330587880503,
main,main/rep0-stream0-regime1-d20/6,0,0,1,20,1.0,10.0,0.0,staggered-cycle,quadratic-vc,0.0006645328809723156,
main,main/rep0-stream0-regime1-d20/7,0,0,1,20,1.0,10.0,0.0,staggered-cycle,quadratic-vc,0.001072448824107056,
main,main/rep0-stream0-regime1-d20/0,0,0,1,20,1.0,10.0,0.0,frames,quadratic-ac,0.0004533439305064776,
main,main/rep0-stream0-regime1-d20/1,0,0,1,20,1.0,10.0,0.0,frames,quadratic-ac,0.0003158359861827049,
main,main/rep0-stream0-regime1-d20/2,0,0,1,20,1.0,10.0,0.0,frames,quadratic-ac,0.0005159222966928843,
main,main/rep0-stream0-regime1-d20/3,0,0,1,20,1.0,10.0,0.0,frames,quadratic-ac,0.0007157825505502216,
main,main/rep0-stream0-regime1-d20/4,0,0,1,20,1.0,10.0,0.0,frames,quadratic-ac,0.0007654830809207871,
main,main/rep0-stream0-regime1-d20/5,0,0,1,20,1.0,10.0,0.0,frames,quadratic-ac,0.0002941370991126706,
main,main/rep0-stream0-regime1-d20/6,0,0,1,20,1.0,10.0,0.0,frames,quadratic-ac,0.0013810999214407677,
main,main/rep0-stream0-regime1-d20/7,0,0,1,20,1.0,10.0,0.0,frames,quadratic-ac,0.0014506404847062727,
main,main/rep0-stream0-regime1-d20/0,0,0,1,20,1.0,10.0,0.0,frames,quadratic-vc,0.0005463485443060488,
main,main/rep0-stream0-regime1-d20/1,0,0,1,20,1.0,10.0,0.0,frames,quadratic-vc,0.00031000476681637576,
main,main/rep0-stream0-regime1-d20/2,0,0,1,20,1.0,10.0,0.0,frames,quadratic-vc,0.0004776424968731292,
main,main/rep0-stream0-regime1-d20/3,0,0,1,20,1.0,10.0,0.0,frames,quadratic-vc,0.0005830515528257261,
main,main/rep0-stream0-regime1-d20/4,0,0,1,20,1.0,10.0,0.0,frames,quadratic-vc,0.0007285152949760839,
main,main/rep0-stream0-regime1-d20/5,0,0,1,20,1.0,10.0,0.0,frames,quadratic-vc,0.00029138002219890953,
main,main/rep0-stream0-regime1-d20/6,0,0,1,20,1.0,10.0,0.0,frames,quadratic-vc,0.0013453842186884981,
main,main/rep0-stream0-regime1-d20/7,0,0,1,20,1.0,10.0,0.0,frames,quadratic-vc,0.0014453324692632627,
main,main/rep0-stream0-regime1-d20/0,0,0,1,20,1.0,10.0,0.0,staggered-cycle,rank,0.07287027100371306,
main,main/rep0-stream0-regime1-d20/1,0,0,1,20,1.0,10.0,0.0,staggered-cycle,rank,0.031223425580340313,
main,main/rep0-stream0-regime1-d20/2,0,0,1,20,1.0,10.0,0.0,staggered-cycle,rank,0.027954007008439374,
main,main/rep0-stream0-regime1-d20/3,0,0,1,20,1.0,10.0,0.0,staggered-cycle,rank,0.022281120610009968,
main,main/rep0-stream0-regime1-d20/4,0,0,1,20,1.0,10.0,0.0,staggered-cycle,rank,0.023418188465575872,
main,main/rep0-stream0-regime1-d20/5,0,0,1,20,1.0,10.0,0.0,staggered-cycle,rank,0.04472411035651865,
main,main/rep0-stream0-regime1-d20/6,0,0,1,20,1.0,10.0,0.0,staggered-cycle,rank,0.0563937702237921,
main,main/rep0-stream0-regime1-d20/7,0,0,1,20,1.0,10.0,0.0,staggered-cycle,rank,0.06021749347142933,
main,main/rep0-stream1-regime0-d10/0,0,1,0,10,1.0,0.0,0.0,staggered-cycle,quadratic-ac,0.0002320740253036545,
main,main/rep0-stream1-regime0-d10/1,0,1,0,10,1.0,0.0,0.0,staggered-cycle,quadratic-ac,0.0003558124217271341,
main,main/rep0-stream1-regime0-d10/2,0,1,0,10,1.0,0.0,0.0,staggered-cycle,quadratic-ac,0.00042414652560654237,
main,main/rep0-stream1-regime0-d10/3,0,1,0,10,1.0,0.0,0.0,staggered-cycle,quadratic-ac,0.0007995558998522101,
main,main/rep0-stream1-regime0-d10/4,0,1,0,10,1.0,0.0,0.0,staggered-cycle,quadratic-ac,0.00040114184773836837,
main,main/rep0-stream1-regime0-d10/5,0,1,0,10,1.0,0.0,0.0,staggered-cycle,quadratic-ac,0.0004785444050667853,
main,main/rep0-stream1-regime0-d10/6,0,1,0,10,1.0,0.0,0.0,staggered-cycle,quadratic-ac,0.00016756943080053796,
main,main/rep0-stream1-regime0-d10/7,0,1,0,10,1.0,0.0,0.0,staggered-cycle,quadratic-ac,0.0002624551717951018,
main,main/rep0-stream1-regime0-d10/0,0,1,0,10,1.0,0.0,0.0,staggered-cycle,quadratic-vc,0.0002783666728095426,
main,main/rep0-stream1-regime0-d10/1,0,1,0,10,1.0,0.0,0.0,staggered-cycle,quadratic-vc,0.00033584499990330834,
main,main/rep0-stream1-regime0-d10/2,0,1,0,10,1.0,0.0,0.0,staggered-cycle,quadratic-vc,0.00037372422649820005,
main,main/rep0-stream1-regime0-d10/3,0,1,0,10,1.0,0.0,0.0,staggered-cycle,quadratic-vc,0.0007047857393244822,
main,main/rep0-stream1-regime0-d10/4,0,1,0,10,1.0,0.0,0.0,staggered-cycle,quadratic-vc,0.0003554304570102635,
main,main/rep0-stream1-regime0-d10/5,0,1,0,10,1.0,0.0,0.0,staggered-cycle,quadratic-vc,0.0005167416858300962,
main,main/rep0-stream1-regime0-d10/6,0,1,0,10,1.0,0.0,0.0,staggered-cycle,quadratic-vc,0.00018581193986434962,
main,main/rep0-stream1-regime0-d10/7,0,1,0,10,1.0,0.0,0.0,staggered-cycle,quadratic-vc,0.00024960137742865155,
main,main/rep0-stream1-regime0-d10/0,0,1,0,10,1.0,0.0,0.0,frames,quadratic-ac,0.00038715913959726803,
main,main/rep0-stream1-regime0-d10/1,0,1,0,10,1.0,0.0,0.0,frames,quadratic-ac,0.0004228493233349874,
main,main/rep0-stream1-regime0-d10/2,0,1,0,10,1.0,0.0,0.0,frames,quadratic-ac,0.0002672233133669983,
main,main/rep0-stream1-regime0-d10/3,0,1,0,10,1.0,0.0,0.0,frames,quadratic-ac,6.901611430045845e-05,
main,main/rep0-stream1-regime0-d10/4,0,1,0,10,1.0,0.0,0.0,frames,quadratic-ac,0.0006454223114901499,
main,main/rep0-stream1-regime0-d10/5,0,1,0,10,1.0,0.0,0.0,frames,quadratic-ac,0.00018627846788546668,
main,main/rep0-stream1-regime0-d10/6,0,1,0,10,1.0,0.0,0.0,frames,quadratic-ac,0.00023596454934445392,
main,main/rep0-stream1-regime0-d10/7,0,1,0,10,1.0,0.0,0.0,frames,quadratic-ac,0.0008969716074804649,
main,main/rep0-stream1-regime0-d10/0,0,1,0,10,1.0,0.0,0.0,frames,quadratic-vc,0.0003777960213547681,
main,main/rep0-stream1-regime0-d10/1,0,1,0,10,1.0,0.0,0.0,frames,quadratic-vc,0.00040450530850335474,
main,main/rep0-stream1-regime0-d10/2,0,1,0,10,1.0,0.0,0.0,frames,quadratic-vc,0.00023677135729280614,
main,main/rep0-stream1-regime0-d10/3,0,1,0,10,1.0,0.0,0.0,frames,quadratic-vc,7.205966123920449e-05,
main,main/rep0-stream1-regime0-d10/4,0,1,0,10,1.0,0.0,0.0,frames,quadratic-vc,0.0005944857933831137,
main,main/rep0-stream1-regime0-d10/5,0,1,0,10,1.0,0.0,0.0,frames,quadratic-vc,0.00018741677114726568,
main,main/rep0-stream1-regime0-d10/6,0,1,0,10,1.0,0.0,0.0,frames,quadratic-vc,0.0002141019737497658,
main,main/rep0-stream1-regime0-d10/7,0,1,0,10,1.0,0.0,0.0,frames,quadratic-vc,0.0008200701776294118,
main,main/rep0-stream1-regime0-d10/0,0,1,0,10,1.0,0.0,0.0,staggered-cycle,rank,0.03326451096193678,
main,main/rep0-stream1-regime0-d10/1,0,1,0,10,1.0,0.0,0.0,staggered-cycle,rank,0.008223970181733155,
main,main/rep0-stream1-regime0-d10/2,0,1,0,10,1.0,0.0,0.0,staggered-cycle,rank,0.04362476518450776,
main,main/rep0-stream1-regime0-d10/3,0,1,0,10,1.0,0.0,0.0,staggered-cycle,rank,0.0026830009426770736,
main,main/rep0-stream1-regime0-d10/4,0,1,0,10,1.0,0.0,0.0,staggered-cycle,rank,0.003849931951218985,
main,main/rep0-stream1-regime0-d10/5,0,1,0,10,1.0,0.0,0.0,staggered-cycle,rank,0.003231064503669532,
main,main/rep0-stream1-regime0-d10/6,0,1,0,10,1.0,0.0,0.0,staggered-cycle,rank,0.004357512704787787,
main,main/rep0-stream1-regime0-d10/7,0,1,0,10,1.0,0.0,0.0,staggered-cycle,rank,0.027017937012776414,
main,main/rep0-stream1-regime0-d10/0,0,1,0,10,1.0,0.1,0.0,staggered-cycle,quadratic-ac,0.00013254073411710996,
main,main/rep0-stream1-regime0-d10/1,0,1,0,10,1.0,0.1,0.0,staggered-cycle,quadratic-ac,0.0003360778971808792,
main,main/rep0-stream1-regime0-d10/2,0,1,0,10,1.0,0.1,0.0,staggered-cycle,quadratic-ac,2.9705681346627492e-05,
main,main/rep0-stream1-regime0-d10/3,0,1,0,10,1.0,0.1,0.0,staggered-cycle,quadratic-ac,0.0006261788537987603,
main,main/rep0-stream1-regime0-d10/4,0,1,0,10,1.0,0.1,0.0,staggered-cycle,quadratic-ac,0.00019214485768441844,
main,main/rep0-stream1-regime0-d10/5,0,1,0,10,1.0,0.1,0.0,staggered-cycle,quadratic-ac,6.888601360379237e-05,
main,main/rep0-stream1-regime0-d10/6,0,1,0,10,1.0,0.1,0.0,staggered-cycle,quadratic-ac,3.822680548491515e-05,
main,main/rep0-stream1-regime0-d10/7,0,1,0,10,1.0,0.1,0.0,staggered-cycle,quadratic-ac,0.0002343713355229571,
main,main/rep0-stream1-regime0-d10/0,0,1,0,10,1.0,0.1,0.0,staggered-cycle,quadratic-vc,0.000119386217393638,
main,main/rep0-stream1-regime0-d10/1,0,1,0,10,1.0,0.1,0.0,staggered-cycle,quadratic-vc,0.0003154974961875582,
main,main/rep0-stream1-regime0-d10/2,0,1,0,10,1.0,0.1,0.0,staggered-cycle,quadratic-vc,3.025554616574072e-05,
main,main/rep0-stream1-regime0-d10/3,0,1,0,10,1.0,0.1,0.0,staggered-cycle,quadratic-vc,0.000518913070971793,
main,main/rep0-stream1-regime0-d10/4,0,1,0,10,1.0,0.1,0.0,staggered-cycle,quadratic-vc,0.00016842615590452036,
main,main/rep0-stream1-regime0-d10/5,0,1,0,10,1.0,0.1,0.0,staggered-cycle,quadratic-vc,4.6967627864532046e-05,
main,main/rep0-stream1-regime0-d10/6,0,1,0,10,1.0,0.1,0.0,staggered-cycle,quadratic-vc,3.1561814992121165e-05,
main,main/rep0-stream1-regime0-d10/7,0,1,0,10,1.0,0.1,0.0,staggered-cycle,quadratic-vc,0.0002051465801042224,
main,main/rep0-stream1-regime0-d10/0,0,1,0,10,1.0,0.1,0.0,frames,quadratic-ac,0.0001629804937461324,
main,main/rep0-stream1-regime0-d10/1,0,1,0,10,1.0,0.1,0.0,frames,quadratic-ac,0.0006106478647851255,
main,main/rep0-stream1-regime0-d10/2,0,1,0,10,1.0,0.1,0.0,frames,quadratic-ac,0.00033790919423507557,
main,main/rep0-stream1-regime0-d10/3,0,1,0,10,1.0,0.1,0.0,frames,quadratic-ac,0.00018060223891809026,
main,main/rep0-stream1-regime0-d10/4,0,1,0,10,1.0,0.1,0.0,frames,quadratic-ac,0.0006084505103034714,
main,main/rep0-stream1-regime0-d10/5,0,1,0,10,1.0,0.1,0.0,frames,quadratic-ac,0.0001654876303487486,
main,main/rep0-stream1-regime0-d10/6,0,1,0,10,1.0,0.1,0.0,frames,quadratic-ac,0.0001211854847092338,
main,main/rep0-stream1-regime0-d10/7,0,1,0,10,1.0,0.1,0.0,frames,quadratic-ac,0.0006564497851833352,
main,main/rep0-stream1-regime0-d10/0,0,1,0,10,1.0,0.1,0.0,frames,quadratic-vc,0.00014285455989322674,
main,main/rep0-stream1-regime0-d10/1,0,1,0,10,1.0,0.1,0.0,frames,quadratic-vc,0.0006430166350109062,
main,main/rep0-stream1-regime0-d10/2,0,1,0,10,1.0,0.1,0.0,frames,quadratic-vc,0.00031348463197166233,
main,main/rep0-stream1-regime0-d10/3,0,1,0,10,1.0,0.1,0.0,frames,quadratic-vc,0.00017092927437863467,
main,main/rep0-stream1-regime0-d10/4,0,1,0,10,1.0,0.1,0.0,frames,quadratic-vc,0.0005395810730496898,
main,main/rep0-stream1-regime0-d10/5,0,1,0,10,1.0,0.1,0.0,frames,quadratic-vc,0.00013110127025569925,
main,main/rep0-stream1-regime0-d10/6,0,1,0,10,1.0,0.1,0.0,frames,quadratic-vc,9.152281952756644e-05,
main,main/rep0-stream1-regime0-d10/7,0,1,0,10,1.0,0.1,0.0,frames,quadratic-vc,0.0005473255439991921,
main,main/rep0-stream1-regime0-d10/0,0,1,0,10,1.0,0.1,0.0,staggered-cycle,rank,0.032286305642917776,
main,main/rep0-stream1-regime0-d10/1,0,1,0,10,1.0,0.1,0.0,staggered-cycle,rank,0.007904795985759727,
main,main/rep0-stream1-regime0-d10/2,0,1,0,10,1.0,0.1,0.0,staggered-cycle,rank,0.04382463826911876,
main,main/rep0-stream1-regime0-d10/3,0,1,0,10,1.0,0.1,0.0,staggered-cycle,rank,0.002813351785179906,
main,main/rep0-stream1-regime0-d10/4,0,1,0,10,1.0,0.1,0.0,staggered-cycle,rank,0.004572480168966921,
main,main/rep0-stream1-regime0-d10/5,0,1,0,10,1.0,0.1,0.0,staggered-cycle,rank,0.0027157636955774853,
main,main/rep0-stream1-regime0-d10/6,0,1,0,10,1.0,0.1,0.0,staggered-cycle,rank,0.004560635410972804,
main,main/rep0-stream1-regime0-d10/7,0,1,0,10,1.0,0.1,0.0,staggered-cycle,rank,0.027978884027585943,
main,main/rep0-stream1-regime0-d10/0,0,1,0,10,1.0,1.0,0.0,staggered-cycle,quadratic-ac,0.0007554414983876276,
main,main/rep0-stream1-regime0-d10/1,0,1,0,10,1.0,1.0,0.0,staggered-cycle,quadratic-ac,0.00018302876528250662,
main,main/rep0-stream1-regime0-d10/2,0,1,0,10,1.0,1.0,0.0,staggered-cycle,quadratic-ac,0.00011242743278168892,
main,main/rep0-stream1-regime0-d10/3,0,1,0,10,1.0,1.0,0.0,staggered-cycle,quadratic-ac,0.00019404219222348242,
main,main/rep0-stream1-regime0-d10/4,0,1,0,10,1.0,1.0,0.0,staggered-cycle,quadratic-ac,0.0003966159464043284,
main,main/rep0-stream1-regime0-d10/5,0,1,0,10,1.0,1.0,0.0,staggered-cycle,quadratic-ac,0.00025504357560597303,
main,main/rep0-stream1-regime0-d10/6,0,1,0,10,1.0,1.0,0.0,staggered-cycle,quadratic-ac,0.00044227364355351075,
main,main/rep0-stream1-regime0-d10/7,0,1,0,10,1.0,1.0,0.0,staggered-cycle,quadratic-ac,0.0001342202420099973,
main,main/rep0-stream1-regime0-d10/0,0,1,0,10,1.0,1.0,0.0,staggered-cycle,quadratic-vc,0.0007288761763690089,
main,main/rep0-stream1-regime0-d10/1,0,1,0,10,1.0,1.0,0.0,staggered-cycle,quadratic-vc,0.00018123283391768743,
main,main/rep0-stream1-regime0-d10/2,0,1,0,10,1.0,1.0,0.0,staggered-cycle,quadratic-vc,8.934320702256259e-05,
main,main/rep0-stream1-regime0-d10/3,0,1,0,10,1.0,1.0,0.0,staggered-cycle,quadratic-vc,0.0001960933068491888,
main,main/rep0-stream1-regime0-d10/4,0,1,0,10,1.0,1.0,0.0,staggered-cycle,quadratic-vc,0.0003055956068874081,
main,main/rep0-stream1-regime0-d10/5,0,1,0,10,1.0,1.0,0.0,staggered-cycle,quadratic-vc,0.00022472288593703132,
main,main/rep0-stream1-regime0-d10/6,0,1,0,10,1.0,1.0,0.0,staggered-cycle,quadratic-vc,0.0004026380796244232,
main,main/rep0-stream1-regime0-d10/7,0,1,0,10,1.0,1.0,0.0,staggered-cycle,quadratic-vc,0.00011872199385761471,
main,main/rep0-stream1-regime0-d10/0,0,1,0,10,1.0,1.0,0.0,frames,quadratic-ac,0.00014403716715417488,
main,main/rep0-stream1-regime0-d10/1,0,1,0,10,1.0,1.0,0.0,frames,quadratic-ac,0.00044152340076438824,
main,main/rep0-stream1-regime0-d10/2,0,1,0,10,1.0,1.0,0.0,frames,quadratic-ac,0.00010135112685684758,
main,main/rep0-stream1-regime0-d10/3,0,1,0,10,1.0,1.0,0.0,frames,quadratic-ac,0.0004765138294850572,
main,main/rep0-stream1-regime0-d10/4,0,1,0,10,1.0,1.0,0.0,frames,quadratic-ac,0.00010439061160219132,
main,main/rep0-stream1-regime0-d10/5,0,1,0,10,1.0,1.0,0.0,frames,quadratic-ac,0.0002816491263034433,
main,main/rep0-stream1-regime0-d10/6,0,1,0,10,1.0,1.0,0.0,frames,quadratic-ac,0.0003282151388828765,
main,main/rep0-stream1-regime0-d10/7,0,1,0,10,1.0,1.0,0.0,frames,quadratic-ac,0.00016620576835763156,
main,main/rep0-stream1-regime0-d10/0,0,1,0,10,1.0,1.0,0.0,frames,quadratic-vc,0.000157872194645955,
main,main/rep0-stream1-regime0-d10/1,0,1,0,10,1.0,1.0,0.0,frames,quadratic-vc,0.0004162425352534026,
main,main/rep0-stream1-regime0-d10/2,0,1,0,10,1.0,1.0,0.0,frames,quadratic-vc,8.82296611630987e-05,
main,main/rep0-stream1-regime0-d10/3,0,1,0,10,1.0,1.0,0.0,frames,quadratic-vc,0.0004923900222171143,
main,main/rep0-stream1-regime0-d10/4,0,1,0,10,1.0,1.0,0.0,frames,quadratic-vc,0.00010415440291125058,
main,main/rep0-stream1-regime0-d10/5,0,1,0,10,1.0,1.0,0.0,frames,quadratic-vc,0.00027353049910056076,
main,main/rep0-stream1-regime0-d10/6,0,1,0,10,1.0,1.0,0.0,frames,quadratic-vc,0.0002928694402520828,
main,main/rep0-stream1-regime0-d10/7,0,1,0,10,1.0,1.0,0.0,frames,quadratic-vc,0.00019121667513809123,
main,main/rep0-stream1-regime0-d10/0,0,1,0,10,1.0,1.0,0.0,staggered-cycle,rank,0.030209880501861363,
main,main/rep0-stream1-regime0-d10/1,0,1,0,10,1.0,1.0,0.0,staggered-cycle,rank,0.0069436247307250315,
main,main/rep0-stream1-regime0-d10/2,0,1,0,10,1.0,1.0,0.0,staggered-cycle,rank,0.03487856963228045,
main,main/rep0-stream1-regime0-d10/3,0,1,0,10,1.0,1.0,0.0,staggered-cycle,rank,0.002564684593356044,
main,main/rep0-stream1-regime0-d10/4,0,1,0,10,1.0,1.0,0.0,staggered-cycle,rank,0.00562121693822276,
main,main/rep0-stream1-regime0-d10/5,0,1,0,10,1.0,1.0,0.0,staggered-cycle,rank,0.004072272790888605,
main,main/rep0-stream1-regime0-d10/6,0,1,0,10,1.0,1.0,0.0,staggered-cycle,rank,0.0022677299000920504,
main,main/rep0-stream1-regime0-d10/7,0,1,0,10,1.0,1.0,0.0,staggered-cycle,rank,0.02162831800850054,
main,main/rep0-stream1-regime0-d10/0,0,1,0,10,1.0,10.0,0.0,staggered-cycle,quadratic-ac,0.0028917822062708713,
main,main/rep0-stream1-regime0-d10/1,0,1,0,10,1.0,10.0,0.0,staggered-cycle,quadratic-ac,0.0024822779227359863,
main,main/rep0-stream1-regime0-d10/2,0,1,0,10,1.0,10.0,0.0,staggered-cycle,quadratic-ac,0.0007620401241711297,
main,main/rep0-stream1-regime0-d10/3,0,1,0,10,1.0,10.0,0.0,staggered-cycle,quadratic-ac,0.0009983760030381208,
main,main/rep0-stream1-regime0-d10/4,0,1,0,10,1.0,10.0,0.0,staggered-cycle,quadratic-ac,0.0007379280184058005,
main,main/rep0-stream1-regime0-d10/5,0,1,0,10,1.0,10.0,0.0,staggered-cycle,quadratic-ac,0.0017194968244580787,
main,main/rep0-stream1-regime0-d10/6,0,1,0,10,1.0,10.0,0.0,staggered-cycle,quadratic-ac,0.0011004613038691595,
main,main/rep0-stream1-regime0-d10/7,0,1,0,10,1.0,10.0,0.0,staggered-cycle,quadratic-ac,0.0022165011546318087,
main,main/rep0-stream1-regime0-d10/0,0,1,0,10,1.0,10.0,0.0,staggered-cycle,quadratic-vc,0.002714522301687912,
main,main/rep0-stream1-regime0-d10/1,0,1,0,10,1.0,10.0,0.0,staggered-cycle,quadratic-vc,0.002463141234062911,
main,main/rep0-stream1-regime0-d10/2,0,1,0,10,1.0,10.0,0.0,staggered-cycle,quadratic-vc,0.0006576619807523667,
main,main/rep0-stream1-regime0-d10/3,0,1,0,10,1.0,10.0,0.0,staggered-cycle,quadratic-vc,0.0008351566845389676,
main,main/rep0-stream1-regime0-d10/4,0,1,0,10,1.0,10.0,0.0,staggered-cycle,quadratic-vc,0.0008377549546977257,
main,main/rep0-stream1-regime0-d10/5,0,1,0,10,1.0,10.0,0.0,staggered-cycle,quadratic-vc,0.0014124316400153387,
main,main/rep0-stream1-regime0-d10/6,0,1,0,10,1.0,10.0,0.0,staggered-cycle,quadratic-vc,0.0011063189550108267,
main,main/rep0-stream1-regime0-d10/7,0,1,0,10,1.0,10.0,0.0,staggered-cycle,quadratic-vc,0.0015063668408369455,
main,main/rep0-stream1-regime0-d10/0,0,1,0,10,1.0,10.0,0.0,frames,quadratic-ac,0.0013280025817537155,
main,main/rep0-stream1-regime0-d10/1,0,1,0,10,1.0,10.0,0.0,frames,quadratic-ac,0.001242922969591227,
main,main/rep0-stream1-regime0-d10/2,0,1,0,10,1.0,10.0,0.0,frames,quadratic-ac,0.0006014808047117182,
main,main/rep0-stream1-regime0-d10/3,0,1,0,10,1.0,10.0,0.0,frames,quadratic-ac,0.0002683680076046449,
main,main/rep0-stream1-regime0-d10/4,0,1,0,10,1.0,10.0,0.0,frames,quadratic-ac,0.0015895425245344536,
main,main/rep0-stream1-regime0-d10/5,0,1,0,10,1.0,10.0,0.0,frames,quadratic-ac,0.002530721007517449,
main,main/rep0-stream1-regime0-d10/6,0,1,0,10,1.0,10.0,0.0,frames,quadratic-ac,0.000698831587267261,
main,main/rep0-stream1-regime0-d10/7,0,1,0,10,1.0,10.0,0.0,frames,quadratic-ac,0.00435193322894181,
main,main/rep0-stream1-regime0-d10/0,0,1,0,10,1.0,10.0,0.0,frames,quadratic-vc,0.001480314035261507,
main,main/rep0-stream1-regime0-d10/1,0,1,0,10,1.0,10.0,0.0,frames,quadratic-vc,0.0014498580704757238,
main,main/rep0-stream1-regime0-d10/2,0,1,0,10,1.0,10.0,0.0,frames,quadratic-vc,0.0006063263690246892,
main,main/rep0-stream1-regime0-d10/3,0,1,0,10,1.0,10.0,0.0,frames,quadratic-vc,0.00031211803857422916,
main,main/rep0-stream1-regime0-d10/4,0,1,0,10,1.0,10.0,0.0,frames,quadratic-vc,0.001449326509588011,
main,main/rep0-stream1-regime0-d10/5,0,1,0,10,1.0,10.0,0.0,frames,quadratic-vc,0.0022378131286129215,
main,main/rep0-stream1-regime0-d10/6,0,1,0,10,1.0,10.0,0.0,frames,quadratic-vc,0.0005922795708611046,
main,main/rep0-stream1-regime0-d10/7,0,1,0,10,1.0,10.0,0.0,frames,quadratic-vc,0.004523768102516665,
main,main/rep0-stream1-regime0-d10/0,0,1,0,10,1.0,10.0,0.0,staggered-cycle,rank,0.17326566008231373,
main,main/rep0-stream1-regime0-d10/1,0,1,0,10,1.0,10.0,0.0,staggered-cycle,rank,0.014057878750548137,
main,main/rep0-stream1-regime0-d10/2,0,1,0,10,1.0,10.0,0.0,staggered-cycle,rank,0.012058722007243651,
main,main/rep0-stream1-regime0-d10/3,0,1,0,10,1.0,10.0,0.0,staggered-cycle,rank,0.02172313383800731,
main,main/rep0-stream1-regime0-d10/4,0,1,0,10,1.0,10.0,0.0,staggered-cycle,rank,0.007862973393534157,
main,main/rep0-stream1-regime0-d10/5,0,1,0,10,1.0,10.0,0.0,staggered-cycle,rank,0.11134496297133799,
main,main/rep0-stream1-regime0-d10/6,0,1,0,10,1.0,10.0,0.0,staggered-cycle,rank,0.020214829519527015,
main,main/rep0-stream1-regime0-d10/7,0,1,0,10,1.0,10.0,0.0,staggered-cycle,rank,0.029919997439786166,
main,main/rep0-stream1-regime0-d50/0,0,1,0,50,1.0,0.0,0.0,staggered-cycle,quadratic-ac,1.5187527936338921e-05,
main,main/rep0-stream1-regime0-d50/1,0,1,0,50,1.0,0.0,0.0,staggered-cycle,quadratic-ac,3.761456029132383e-05,
main,main/rep0-stream1-regime0-d50/2,0,1,0,50,1.0,0.0,0.0,staggered-cycle,quadratic-ac,2.2066727807590235e-05,
main,main/rep0-stream1-regime0-d50/3,0,1,0,50,1.0,0.0,0.0,staggered-cycle,quadratic-ac,1.614981668970025e-05,
main,main/rep0-stream1-regime0-d50/4,0,1,0,50,1.0,0.0,0.0,staggered-cycle,quadratic-ac,1.477521087603705e-05,
main,main/rep0-stream1-regime0-d50/5,0,1,0,50,1.0,0.0,0.0,staggered-cycle,quadratic-ac,3.486903465057444e-05,
main,main/rep0-stream1-regime0-d50/6,0,1,0,50,1.0,0.0,0.0,staggered-cycle,quadratic-ac,2.1892425506946145e-05,
main,main/rep0-stream1-regime0-d50/7,0,1,0,50,1.0,0.0,0.0,staggered-cycle,quadratic-ac,2.7756055153682267e-05,
main,main/rep0-stream1-regime0-d50/0,0,1,0,50,1.0,0.0,0.0,staggered-cycle,quadratic-vc,1.460040584562963e-05,
main,main/rep0-stream1-regime0-d50/1,0,1,0,50,1.0,0.0,0.0,staggered-cycle,quadratic-vc,3.549106589636895e-05,
main,main/rep0-stream1-regime0-d50/2,0,1,0,50,1.0,0.0,0.0,staggered-cycle,quadratic-vc,2.0867772280739255e-05,
main,main/rep0-stream1-regime0-d50/3,0,1,0,50,1.0,0.0,0.0,staggered-cycle,quadratic-vc,1.4921164701253365e-05,
main,main/rep0-stream1-regime0-d50/4,0,1,0,50,1.0,0.0,0.0,staggered-cycle,quadratic-vc,1.2397196180740769e-05,
main,main/rep0-stream1-regime0-d50/5,0,1,0,50,1.0,0.0,0.0,staggered-cycle,quadratic-vc,2.9955432104876505e-05,
main,main/rep0-stream1-regime0-d50/6,0,1,0,50,1.0,0.0,0.0,staggered-cycle,quadratic-vc,2.182038837746131e-05,
main,main/rep0-stream1-regime0-d50/7,0,1,0,50,1.0,0.0,0.0,staggered-cycle,quadratic-vc,2.5559893770297515e-05,
main,main/rep0-stream1-regime0-d50/0,0,1,0,50,1.0,0.0,0.0,frames,quadratic-ac,1.026898376054794e-05,
main,main/rep0-stream1-regime0-d50/1,0,1,0,50,1.0,0.0,0.0,frames,quadratic-ac,9.294894895238622e-06,
main,main/rep0-stream1-regime0-d50/2,0,1,0,50,1.0,0.0,0.0,frames,quadratic-ac,9.31361202365838e-06,
main,main/rep0-stream1-regime0-d50/3,0,1,0,50,1.0,0.0,0.0,frames,quadratic-ac,1.7427391590405377e-05,
main,main/rep0-stream1-regime0-d50/4,0,1,0,50,1.0,0.0,0.0,frames,quadratic-ac,9.994723593301633e-06,
main,main/rep0-stream1-regime0-d50/5,0,1,0,50,1.0,0.0,0.0,frames,quadratic-ac,1.3089252230734662e-05,
main,main/rep0-stream1-regime0-d50/6,0,1,0,50,1.0,0.0,0.0,frames,quadratic-ac,1.134385308815106e-05,
main,main/rep0-stream1-regime0-d50/7,0,1,0,50,1.0,0.0,0.0,frames,quadratic-ac,1.0713638267853989e-05,
main,main/rep0-stream1-regime0-d50/0,0,1,0,50,1.0,0.0,0.0,frames,quadratic-vc,1.0789340651367628e-05,
main,main/rep0-stream1-regime0-d50/1,0,1,0,50,1.0,0.0,0.0,frames,quadratic-vc,9.015275768476894e-06,
main,main/rep0-stream1-regime0-d50/2,0,1,0,50,1.0,0.0,0.0,frames,quadratic-vc,9.0768520818888e-06,
main,main/rep0-stream1-regime0-d50/3,0,1,0,50,1.0,0.0,0.0,frames,quadratic-vc,1.6563791023294264e-05,
main,main/rep0-stream1-regime0-d50/4,0,1,0,50,1.0,0.0,0.0,frames,quadratic-vc,9.876563634564887e-06,
main,main/rep0-stream1-regime0-d50/5,0,1,0,50,1.0,0.0,0.0,frames,quadratic-vc,1.2169776147138348e-05,
main,main/rep0-stream1-regime0-d50/6,0,1,0,50,1.0,0.0,0.0,frames,quadratic-vc,1.1244746617621419e-05,
main,main/rep0-stream1-regime0-d50/7,0,1,0,50,1.0,0.0,0.0,frames,quadratic-vc,1.0494029384157467e-05,
main,main/rep0-stream1-regime0-d50/0,0,1,0,50,1.0,0.0,0.0,staggered-cycle,rank,0.04016044907760024,
main,main/rep0-stream1-regime0-d50/1,0,1,0,50,1.0,0.0,0.0,staggered-cycle,rank,0.020936729456486898,
main,main/rep0-stream1-regime0-d50/2,0,1,0,50,1.0,0.0,0.0,staggered-cycle,rank,0.018693510888057707,
main,main/rep0-stream1-regime0-d50/3,0,1,0,50,1.0,0.0,0.0,staggered-cycle,rank,0.025225737824294894,
main,main/rep0-stream1-regime0-d50/4,0,1,0,50,1.0,0.0,0.0,staggered-cycle,rank,0.022555038155939327,
main,main/rep0-stream1-regime0-d50/5,0,1,0,50,1.0,0.0,0.0,staggered-cycle,rank,0.04654544906688541,
main,main/rep0-stream1-regime0-d50/6,0,1,0,50,1.0,0.0,0.0,staggered-cycle,rank,0.02105835083261815,
main,main/rep0-stream1-regime0-d50/7,0,1,0,50,1.0,0.0,0.0,staggered-cycle,rank,0.008344063075147687,
main,main/rep0-stream1-regime0-d50/0,0,1,0,50,1.0,0.1,0.0,staggered-cycle,quadratic-ac,1.1838601223438528e-05,
main,main/rep0-stream1-regime0-d50/1,0,1,0,50,1.0,0.1,0.0,staggered-cycle,quadratic-ac,1.4962280439504386e-05,
main,main/rep0-stream1-regime0-d50/2,0,1,0,50,1.0,0.1,0.0,staggered-cycle,quadratic-ac,1.3470424359463171e-05,
main,main/rep0-stream1-regime0-d50/3,0,1,0,50,1.0,0.1,0.0,staggered-cycle,quadratic-ac,8.821291036588027e-06,
main,main/rep0-stream1-regime0-d50/4,0,1,0,50,1.0,0.1,0.0,staggered-cycle,quadratic-ac,1.2572343584443088e-05,
main,main/rep0-stream1-regime0-d50/5,0,1,0,50,1.0,0.1,0.0,staggered-cycle,quadratic-ac,1.391322238430705e-05,
main,main/rep0-stream1-regime0-d50/6,0,1,0,50,1.0,0.1,0.0,staggered-cycle,quadratic-ac,1.7902430964876808e-05,
main,main/rep0-stream1-regime0-d50/7,0,1,0,50,1.0,0.1,0.0,staggered-cycle,quadratic-ac,1.6482301070575116e-05,
main,main/rep0-stream1-regime0-d50/0,0,1,0,50,1.0,0.1,0.0,staggered-cycle,quadratic-vc,1.2209070522497916e-05,
main,main/rep0-stream1-regime0-d50/1,0,1,0,50,1.0,0.1,0.0,staggered-cycle,quadratic-vc,1.4163451325591832e-05,
main,main/rep0-stream1-regime0-d50/2,0,1,0,50,1.0,0.1,0.0,staggered-cycle,quadratic-vc,1.1479389325636716e-05,
main,main/rep0-stream1-regime0-d50/3,0,1,0,50,1.0,0.1,0.0,staggered-cycle,quadratic-vc,8.324048332941372e-06,
main,main/rep0-stream1-regime0-d50/4,0,1,0,50,1.0,0.1,0.0,staggered-cycle,quadratic-vc,1.2708017531554836e-05,
main,main/rep0-stream1-regime0-d50/5,0,1,0,50,1.0,0.1,0.0,staggered-cycle,quadratic-vc,1.2120296410721501e-05,
main,main/rep0-stream1-regime0-d50/6,0,1,0,50,1.0,0.1,0.0,staggered-cycle,quadratic-vc,1.737811684764537e-05,
main,main/rep0-stream1-regime0-d50/7,0,1,0,50,1.0,0.1,0.0,staggered-cycle,quadratic-vc,1.635568545953109e-05,
main,main/rep0-stream1-regime0-d50/0,0,1,0,50,1.0,0.1,0.0,frames,quadratic-ac,8.351466448588662e-06,
main,main/rep0-stream1-regime0-d50/1,0,1,0,50,1.0,0.1,0.0,frames,quadratic-ac,1.6510395708925892e-05,
main,main/rep0-stream1-regime0-d50/2,0,1,0,50,1.0,0.1,0.0,frames,quadratic-ac,1.8429647212734875e-05,
main,main/rep0-stream1-regime0-d50/3,0,1,0,50,1.0,0.1,0.0,frames,quadratic-ac,1.6891953681381585e-05,
main,main/rep0-stream1-regime0-d50/4,0,1,0,50,1.0,0.1,0.0,frames,quadratic-ac,1.529844530352891e-05,
main,main/rep0-stream1-regime0-d50/5,0,1,0,50,1.0,0.1,0.0,frames,quadratic-ac,1.1325856315589891e-05,
main,main/rep0-stream1-regime0-d50/6,0,1,0,50,1.0,0.1,0.0,frames,quadratic-ac,1.078069708265378e-05,
main,main/rep0-stream1-regime0-d50/7,0,1,0,50,1.0,0.1,0.0,frames,quadratic-ac,1.3882117545938315e-05,
main,main/rep0-stream1-regime0-d50/0,0,1,0,50,1.0,0.1,0.0,frames,quadratic-vc,8.407585355006451e-06,
main,main/rep0-stream1-regime0-d50/1,0,1,0,50,1.0,0.1,0.0,frames,quadratic-vc,1.7034985605339713e-05,
main,main/rep0-stream1-regime0-d50/2,0,1,0,50,1.0,0.1,0.0,frames,quadratic-vc,1.843284580803108e-05,
main,main/rep0-stream1-regime0-d50/3,0,1,0,50,1.0,0.1,0.0,frames,quadratic-vc,1.637193566211072e-05,
main,main/rep0-stream1-regime0-d50/4,0,1,0,50,1.0,0.1,0.0,frames,quadratic-vc,1.5365530224249543e-05,
main,main/rep0-stream1-regime0-d50/5,0,1,0,50,1.0,0.1,0.0,frames,quadratic-vc,1.0470635876377916e-05,
main,main/rep0-stream1-regime0-d50/6,0,1,0,50,1.0,0.1,0.0,frames,quadratic-vc,1.0104852656978026e-05,
main,main/rep0-stream1-regime0-d50/7,0,1,0,50,1.0,0.1,0.0,frames,quadratic-vc,1.2586924154349902e-05,
main,main/rep0-stream1-regime0-d50/0,0,1,0,50,1.0,0.1,0.0,staggered-cycle,rank,0.039970494069414844,
main,main/rep0-stream1-regime0-d50/1,0,1,0,50,1.0,0.1,0.0,staggered-cycle,rank,0.02094576521969819,
main,main/rep0-stream1-regime0-d50/2,0,1,0,50,1.0,0.1,0.0,staggered-cycle,rank,0.018453611940666345,
main,main/rep0-stream1-regime0-d50/3,0,1,0,50,1.0,0.1,0.0,staggered-cycle,rank,0.025247038418222345,
main,main/rep0-stream1-regime0-d50/4,0,1,0,50,1.0,0.1,0.0,staggered-cycle,rank,0.02223063316026295,
main,main/rep0-stream1-regime0-d50/5,0,1,0,50,1.0,0.1,0.0,staggered-cycle,rank,0.04612178532870754,
main,main/rep0-stream1-regime0-d50/6,0,1,0,50,1.0,0.1,0.0,staggered-cycle,rank,0.021160243535024967,
main,main/rep0-stream1-regime0-d50/7,0,1,0,50,1.0,0.1,0.0,staggered-cycle,rank,0.008245077222895504,
main,main/rep0-stream1-regime0-d50/0,0,1,0,50,1.0,1.0,0.0,staggered-cycle,quadratic-ac,1.9081295501610675e-05,
main,main/rep0-stream1-regime0-d50/1,0,1,0,50,1.0,1.0,0.0,staggered-cycle,quadratic-ac,9.344628261887725e-06,
main,main/rep0-stream1-regime0-d50/2,0,1,0,50,1.0,1.0,0.0,staggered-cycle,quadratic-ac,1.42544115913285e-05,
main,main/rep0-stream1-regime0-d50/3,0,1,0,50,1.0,1.0,0.0,staggered-cycle,quadratic-ac,1.4613304153918799e-05,
main,main/rep0-stream1-regime0-d50/4,0,1,0,50,1.0,1.0,0.0,staggered-cycle,quadratic-ac,2.7066418525476067e-05,
main,main/rep0-stream1-regime0-d50/5,0,1,0,50,1.0,1.0,0.0,staggered-cycle,quadratic-ac,1.1556416290967026e-05,
main,main/rep0-stream1-regime0-d50/6,0,1,0,50,1.0,1.0,0.0,staggered-cycle,quadratic-ac,1.4585704335978228e-05,
main,main/rep0-stream1-regime0-d50/7,0,1,0,50,1.0,1.0,0.0,staggered-cycle,quadratic-ac,1.3584741793754213e-05,
main,main/rep0-stream1-regime0-d50/0,0,1,0,50,1.0,1.0,0.0,staggered-cycle,quadratic-vc,1.764128483829266e-05,
main,main/rep0-stream1-regime0-d50/1,0,1,0,50,1.0,1.0,0.0,staggered-cycle,quadratic-vc,9.823328868253782e-06,
main,main/rep0-stream1-regime0-d50/2,0,1,0,50,1.0,1.0,0.0,staggered-cycle,quadratic-vc,1.644124716099437e-05,
main,main/rep0-stream1-regime0-d50/3,0,1,0,50,1.0,1.0,0.0,staggered-cycle,quadratic-vc,1.3711156995360415e-05,
main,main/rep0-stream1-regime0-d50/4,0,1,0,50,1.0,1.0,0.0,staggered-cycle,quadratic-vc,2.398622730485905e-05,
main,main/rep0-stream1-regime0-d50/5,0,1,0,50,1.0,1.0,0.0,staggered-cycle,quadratic-vc,9.056497389753812e-06,
main,main/rep0-stream1-regime0-d50/6,0,1,0,50,1.0,1.0,0.0,staggered-cycle,quadratic-vc,1.4586175957618126e-05,
main,main/rep0-stream1-regime0-d50/7,0,1,0,50,1.0,1.0,0.0,staggered-cycle,quadratic-vc,1.2098159040862679e-05,
main,main/rep0-stream1-regime0-d50/0,0,1,0,50,1.0,1.0,0.0,frames,quadratic-ac,1.5726255286229152e-05,
main,main/rep0-stream1-regime0-d50/1,0,1,0,50,1.0,1.0,0.0,frames,quadratic-ac,3.6411347724047514e-05,
main,main/rep0-stream1-regime0-d50/2,0,1,0,50,1.0,1.0,0.0,frames,quadratic-ac,1.4511559232895171e-05,
main,main/rep0-stream1-regime0-d50/3,0,1,0,50,1.0,1.0,0.0,frames,quadratic-ac,1.757371590124017e-05,
main,main/rep0-stream1-regime0-d50/4,0,1,0,50,1.0,1.0,0.0,frames,quadratic-ac,1.4800394413435345e-05,
main,main/rep0-stream1-regime0-d50/5,0,1,0,50,1.0,1.0,0.0,frames,quadratic-ac,1.910552069090352e-05,
main,main/rep0-stream1-regime0-d50/6,0,1,0,50,1.0,1.0,0.0,frames,quadratic-ac,1.2960611953685301e-05,
main,main/rep0-stream1-regime0-d50/7,0,1,0,50,1.0,1.0,0.0,frames,quadratic-ac,3.432486415073008e-05,
main,main/rep0-stream1-regime0-d50/0,0,1,0,50,1.0,1.0,0.0,frames,quadratic-vc,1.606541038959561e-05,
main,main/rep0-stream1-regime0-d50/1,0,1,0,50,1.0,1.0,0.0,frames,quadratic-vc,3.7424984013143225e-05,
main,main/rep0-stream1-regime0-d50/2,0,1,0,50,1.0,1.0,0.0,frames,quadratic-vc,1.3924069011065162e-05,
main,main/rep0-stream1-regime0-d50/3,0,1,0,50,1.0,1.0,0.0,frames,quadratic-vc,1.8153047470190072e-05,
main,main/rep0-stream1-regime0-d50/4,0,1,0,50,1.0,1.0,0.0,frames,quadratic-vc,1.5946205200137504e-05,
main,main/rep0-stream1-regime0-d50/5,0,1,0,50,1.0,1.0,0.0,frames,quadratic-vc,1.703334198712246e-05,
main,main/rep0-stream1-regime0-d50/6,0,1,0,50,1.0,1.0,0.0,frames,quadratic-vc,1.248418784428886e-05,
main,main/rep0-stream1-regime0-d50/7,0,1,0,50,1.0,1.0,0.0,frames,quadratic-vc,3.445507293986429e-05,
main,main/rep0-stream1-regime0-d50/0,0,1,0,50,1.0,1.0,0.0,staggered-cycle,rank,0.03750825425948782,
main,main/rep0-stream1-regime0-d50/1,0,1,0,50,1.0,1.0,0.0,staggered-cycle,rank,0.019719611663737677,
main,main/rep0-stream1-regime0-d50/2,0,1,0,50,1.0,1.0,0.0,staggered-cycle,rank,0.017981193909362456,
main,main/rep0-stream1-regime0-d50/3,0,1,0,50,1.0,1.0,0.0,staggered-cycle,rank,0.02209975364633162,
main,main/rep0-stream1-regime0-d50/4,0,1,0,50,1.0,1.0,0.0,staggered-cycle,rank,0.021238933344567668,
main,main/rep0-stream1-regime0-d50/5,0,1,0,50,1.0,1.0,0.0,staggered-cycle,rank,0.04226877714548319,
main,main/rep0-stream1-regime0-d50/6,0,1,0,50,1.0,1.0,0.0,staggered-cycle,rank,0.019433782379388427,
main,main/rep0-stream1-regime0-d50/7,0,1,0,50,1.0,1.0,0.0,staggered-cycle,rank,0.00885618473880654,
main,main/rep0-stream1-regime0-d50/0,0,1,0,50,1.0,10.0,0.0,staggered-cycle,quadratic-ac,6.72384036222947e-05,
main,main/rep0-stream1-regime0-d50/1,0,1,0,50,1.0,10.0,0.0,staggered-cycle,quadratic-ac,3.966588874765776e-05,
main,main/rep0-stream1-regime0-d50/2,0,1,0,50,1.0,10.0,0.0,staggered-cycle,quadratic-ac,7.949137836233016e-05,
main,main/rep0-stream1-regime0-d50/3,0,1,0,50,1.0,10.0,0.0,staggered-cycle,quadratic-ac,6.399502796122792e-05,
main,main/rep0-stream1-regime0-d50/4,0,1,0,50,1.0,10.0,0.0,staggered-cycle,quadratic-ac,7.675681862734764e-05,
main,main/rep0-stream1-regime0-d50/5,0,1,0,50,1.0,10.0,0.0,staggered-cycle,quadratic-ac,6.219658100176581e-05,
main,main/rep0-stream1-regime0-d50/6,0,1,0,50,1.0,10.0,0.0,staggered-cycle,quadratic-ac,6.409059576935726e-05,
main,main/rep0-stream1-regime0-d50/7,0,1,0,50,1.0,10.0,0.0,staggered-cycle,quadratic-ac,4.917779258335705e-05,
main,main/rep0-stream1-regime0-d50/0,0,1,0,50,1.0,10.0,0.0,staggered-cycle,quadratic-vc,6.262670400025903e-05,
main,main/rep0-stream1-regime0-d50/1,0,1,0,50,1.0,10.0,0.0,staggered-cycle,quadratic-vc,4.0195305984575504e-05,
main,main/rep0-stream1-regime0-d50/2,0,1,0,50,1.0,10.0,0.0,staggered-cycle,quadratic-vc,7.462446202808582e-05,
main,main/rep0-stream1-regime0-d50/3,0,1,0,50,1.0,10.0,0.0,staggered-cycle,quadratic-vc,6.886851449414147e-05,
main,main/rep0-stream1-regime0-d50/4,0,1,0,50,1.0,10.0,0.0,staggered-cycle,quadratic-vc,6.455936668868442e-05,
main,main/rep0-stream1-regime0-d50/5,0,1,0,50,1.0,10.0,0.0,staggered-cycle,quadratic-vc,6.03251303695557e-05,
main,main/rep0-stream1-regime0-d50/6,0,1,0,50,1.0,10.0,0.0,staggered-cycle,quadratic-vc,6.281971766190638e-05,
main,main/rep0-stream1-regime0-d50/7,0,1,0,50,1.0,10.0,0.0,staggered-cycle,quadratic-vc,4.541994364401352e-05,
main,main/rep0-stream1-regime0-d50/0,0,1,0,50,1.0,10.0,0.0,frames,quadratic-ac,0.0001155490709392721,
main,main/rep0-stream1-regime0-d50/1,0,1,0,50,1.0,10.0,0.0,frames,quadratic-ac,8.085397063382976e-05,
main,main/rep0-stream1-regime0-d50/2,0,1,0,50,1.0,10.0,0.0,frames,quadratic-ac,7.7750071136289e-05,
main,main/rep0-stream1-regime0-d50/3,0,1,0,50,1.0,10.0,0.0,frames,quadratic-ac,9.645381536290307e-05,
main,main/rep0-stream1-regime0-d50/4,0,1,0,50,1.0,10.0,0.0,frames,quadratic-ac,8.783266365686851e-05,
main,main/rep0-stream1-regime0-d50/5,0,1,0,50,1.0,10.0,0.0,frames,quadratic-ac,9.530329869280582e-05,
main,main/rep0-stream1-regime0-d50/6,0,1,0,50,1.0,10.0,0.0,frames,quadratic-ac,7.370685224000528e-05,
main,main/rep0-stream1-regime0-d50/7,0,1,0,50,1.0,10.0,0.0,frames,quadratic-ac,0.00010411238172570638,
main,main/rep0-stream1-regime0-d50/0,0,1,0,50,1.0,10.0,0.0,frames,quadratic-vc,0.00011931124730366157,
main,main/rep0-stream1-regime0-d50/1,0,1,0,50,1.0,10.0,0.0,frames,quadratic-vc,8.441833041047145e-05,
main,main/rep0-stream1-regime0-d50/2,0,1,0,50,1.0,10.0,0.0,frames,quadratic-vc,8.018419745591043e-05,
main,main/rep0-stream1-regime0-d50/3,0,1,0,50,1.0,10.0,0.0,frames,quadratic-vc,9.202399915886468e-05,
main,main/rep0-stream1-regime0-d50/4,0,1,0,50,1.0,10.0,0.0,frames,quadratic-vc,8.668032605371918e-05,
main,main/rep0-stream1-regime0-d50/5,0,1,0,50,1.0,10.0,0.0,frames,quadratic-vc,9.113492837695093e-05,
main,main/rep0-stream1-regime0-d50/6,0,1,0,50,1.0,10.0,0.0,frames,quadratic-vc,7.520350787320527e-05,
main,main/rep0-stream1-regime0-d50/7,0,1,0,50,1.0,10.0,0.0,frames,quadratic-vc,0.0001027471620336486,
main,main/rep0-stream1-regime0-d50/0,0,1,0,50,1.0,10.0,0.0,staggered-cycle,rank,0.016963197784514605,
main,main/rep0-stream1-regime0-d50/1,0,1,0,50,1.0,10.0,0.0,staggered-cycle,rank,0.04120735895999508,
main,main/rep0-stream1-regime0-d50/2,0,1,0,50,1.0,10.0,0.0,staggered-cycle,rank,0.028582883071589953,
main,main/rep0-stream1-regime0-d50/3,0,1,0,50,1.0,10.0,0.0,staggered-cycle,rank,0.025617675341358472,
main,main/rep0-stream1-regime0-d50/4,0,1,0,50,1.0,10.0,0.0,staggered-cycle,rank,0.04114773367400693,
main,main/rep0-stream1-regime0-d50/5,0,1,0,50,1.0,10.0,0.0,staggered-cycle,rank,0.02441594295332563,
main,main/rep0-stream1-regime0-d50/6,0,1,0,50,1.0,10.0,0.0,staggered-cycle,rank,0.03645690535801281,
main,main/rep0-stream1-regime0-d50/7,0,1,0,50,1.0,10.0,0.0,staggered-cycle,rank,0.0844610415666227,
main,main/rep0-stream1-regime1-d20/0,0,1,1,20,1.0,0.0,0.0,staggered-cycle,quadratic-ac,0.00018970575760677067,
main,main/rep0-stream1-regime1-d20/1,0,1,1,20,1.0,0.0,0.0,staggered-cycle,quadratic-ac,0.00015277561901648598,
main,main/rep0-stream1-regime1-d20/2,0,1,1,20,1.0,0.0,0.0,staggered-cycle,quadratic-ac,4.5066091729052026e-05,
main,main/rep0-stream1-regime1-d20/3,0,1,1,20,1.0,0.0,0.0,staggered-cycle,quadratic-ac,4.924753433268134e-05,
main,main/rep0-stream1-regime1-d20/4,0,1,1,20,1.0,0.0,0.0,staggered-cycle,quadratic-ac,8.968295819678823e-05,
main,main/rep0-stream1-regime1-d20/5,0,1,1,20,1.0,0.0,0.0,staggered-cycle,quadratic-ac,0.00012994477617030975,
main,main/rep0-stream1-regime1-d20/6,0,1,1,20,1.0,0.0,0.0,staggered-cycle,quadratic-ac,8.232850251363071e-05,
main,main/rep0-stream1-regime1-d20/7,0,1,1,20,1.0,0.0,0.0,staggered-cycle,quadratic-ac,6.940295953600081e-05,
main,main/rep0-stream1-regime1-d20/0,0,1,1,20,1.0,0.0,0.0,staggered-cycle,quadratic-vc,0.00019412197942275477,
main,main/rep0-stream1-regime1-d20/1,0,1,1,20,1.0,0.0,0.0,staggered-cycle,quadratic-vc,0.00014226193482164053,
main,main/rep0-stream1-regime1-d20/2,0,1,1,20,1.0,0.0,0.0,staggered-cycle,quadratic-vc,4.666632858276668e-05,
main,main/rep0-stream1-regime1-d20/3,0,1,1,20,1.0,0.0,0.0,staggered-cycle,quadratic-vc,4.659806857495221e-05,
main,main/rep0-stream1-regime1-d20/4,0,1,1,20,1.0,0.0,0.0,staggered-cycle,quadratic-vc,8.200878931667245e-05,
main,main/rep0-stream1-regime1-d20/5,0,1,1,20,1.0,0.0,0.0,staggered-cycle,quadratic-vc,0.00013897273287490555,
main,main/rep0-stream1-regime1-d20/6,0,1,1,20,1.0,0.0,0.0,staggered-cycle,quadratic-vc,8.249882550528016e-05,
main,main/rep0-stream1-regime1-d20/7,0,1,1,20,1.0,0.0,0.0,staggered-cycle,quadratic-vc,6.823773885747271e-05,
main,main/rep0-stream1-regime1-d20/0,0,1,1,20,1.0,0.0,0.0,frames,quadratic-ac,2.4555203303804304e-05,
main,main/rep0-stream1-regime1-d20/1,0,1,1,20,1.0,0.0,0.0,frames,quadratic-ac,4.377472747862505e-05,
main,main/rep0-stream1-regime1-d20/2,0,1,1,20,1.0,0.0,0.0,frames,quadratic-ac,7.577941748265155e-05,
main,main/rep0-stream1-regime1-d20/3,0,1,1,20,1.0,0.0,0.0,frames,quadratic-ac,4.603423314528729e-05,
main,main/rep0-stream1-regime1-d20/4,0,1,1,20,1.0,0.0,0.0,frames,quadratic-ac,2.916663642701624e-05,
main,main/rep0-stream1-regime1-d20/5,0,1,1,20,1.0,0.0,0.0,frames,quadratic-ac,3.916753180117153e-05,
main,main/rep0-stream1-regime1-d20/6,0,1,1,20,1.0,0.0,0.0,frames,quadratic-ac,9.404937257500974e-05,
main,main/rep0-stream1-regime1-d20/7,0,1,1,20,1.0,0.0,0.0,frames,quadratic-ac,0.00011189928016547562,
main,main/rep0-stream1-regime1-d20/0,0,1,1,20,1.0,0.0,0.0,frames,quadratic-vc,2.539298522754402e-05,
main,main/rep0-stream1-regime1-d20/1,0,1,1,20,1.0,0.0,0.0,frames,quadratic-vc,4.1260185748024e-05,
main,main/rep0-stream1-regime1-d20/2,0,1,1,20,1.0,0.0,0.0,frames,quadratic-vc,7.541687838652667e-05,
main,main/rep0-stream1-regime1-d20/3,0,1,1,20,1.0,0.0,0.0,frames,quadratic-vc,4.446524190796418e-05,
main,main/rep0-stream1-regime1-d20/4,0,1,1,20,1.0,0.0,0.0,frames,quadratic-vc,2.595392449525918e-05,
main,main/rep0-stream1-regime1-d20/5,0,1,1,20,1.0,0.0,0.0,frames,quadratic-vc,3.5771302685889516e-05,
main,main/rep0-stream1-regime1-d20/6,0,1,1,20,1.0,0.0,0.0,frames,quadratic-vc,9.010676382962925e-05,
main,main/rep0-stream1-regime1-d20/7,0,1,1,20,1.0,0.0,0.0,frames,quadratic-vc,0.00011094429527341397,
main,main/rep0-stream1-regime1-d20/0,0,1,1,20,1.0,0.0,0.0,staggered-cycle,rank,0.041575846677922385,
main,main/rep0-stream1-regime1-d20/1,0,1,1,20,1.0,0.0,0.0,staggered-cycle,rank,0.016822512471149943,
main,main/rep0-stream1-regime1-d20/2,0,1,1,20,1.0,0.0,0.0,staggered-cycle,rank,0.007994601090219886,
main,main/rep0-stream1-regime1-d20/3,0,1,1,20,1.0,0.0,0.0,staggered-cycle,rank,0.013324746903320037,
main,main/rep0-stream1-regime1-d20/4,0,1,1,20,1.0,0.0,0.0,staggered-cycle,rank,0.00987407421442728,
main,main/rep0-stream1-regime1-d20/5,0,1,1,20,1.0,0.0,0.0,staggered-cycle,rank,0.013321851912348071,
main,main/rep0-stream1-regime1-d20/6,0,1,1,20,1.0,0.0,0.0,staggered-cycle,rank,0.008619076032898824,
main,main/rep0-stream1-regime1-d20/7,0,1,1,20,1.0,0.0,0.0,staggered-cycle,rank,0.010435381718578468,
main,main/rep0-stream1-regime1-d20/0,0,1,1,20,1.0,0.1,0.0,staggered-cycle,quadratic-ac,9.225232722973406e-05,
main,main/rep0-stream1-regime1-d20/1,0,1,1,20,1.0,0.1,0.0,staggered-cycle,quadratic-ac,3.717048437243296e-05,
main,main/rep0-stream1-regime1-d20/2,0,1,1,20,1.0,0.1,0.0,staggered-cycle,quadratic-ac,9.038556086739498e-05,
main,main/rep0-stream1-regime1-d20/3,0,1,1,20,1.0,0.1,0.0,staggered-cycle,quadratic-ac,6.088033895409701e-05,
main,main/rep0-stream1-regime1-d20/4,0,1,1,20,1.0,0.1,0.0,staggered-cycle,quadratic-ac,5.957778517982447e-05,
main,main/rep0-stream1-regime1-d20/5,0,1,1,20,1.0,0.1,0.0,staggered-cycle,quadratic-ac,7.136558578715056e-05,
main,main/rep0-stream1-regime1-d20/6,0,1,1,20,1.0,0.1,0.0,staggered-cycle,quadratic-ac,5.5330029975989444e-05,
main,main/rep0-stream1-regime1-d20/7,0,1,1,20,1.0,0.1,0.0,staggered-cycle,quadratic-ac,0.00012133884871474654,
main,main/rep0-stream1-regime1-d20/0,0,1,1,20,1.0,0.1,0.0,staggered-cycle,quadratic-vc,9.695079841011853e-05,
main,main/rep0-stream1-regime1-d20/1,0,1,1,20,1.0,0.1,0.0,staggered-cycle,quadratic-vc,3.069359832472193e-05,
main,main/rep0-stream1-regime1-d20/2,0,1,1,20,1.0,0.1,0.0,staggered-cycle,quadratic-vc,9.990589187928425e-05,
main,main/rep0-stream1-regime1-d20/3,0,1,1,20,1.0,0.1,0.0,staggered-cycle,quadratic-vc,6.204099140268592e-05,
main,main/rep0-stream1-regime1-d20/4,0,1,1,20,1.0,0.1,0.0,staggered-cycle,quadratic-vc,6.306753946369442e-05,
main,main/rep0-stream1-regime1-d20/5,0,1,1,20,1.0,0.1,0.0,staggered-cycle,quadratic-vc,7.188899950443335e-05,
main,main/rep0-stream1-regime1-d20/6,0,1,1,20,1.0,0.1,0.0,staggered-cycle,quadratic-vc,5.313549792691172e-05,
main,main/rep0-stream1-regime1-d20/7,0,1,1,20,1.0,0.1,0.0,staggered-cycle,quadratic-vc,0.00010902514668846527,
main,main/rep0-stream1-regime1-d20/0,0,1,1,20,1.0,0.1,0.0,frames,quadratic-ac,0.00014424434758992063,
main,main/rep0-stream1-regime1-d20/1,0,1,1,20,1.0,0.1,0.0,frames,quadratic-ac,6.707929816067092e-05,
main,main/rep0-stream1-regime1-d20/2,0,1,1,20,1.0,0.1,0.0,frames,quadratic-ac,9.763228797812324e-05,
main,main/rep0-stream1-regime1-d20/3,0,1,1,20,1.0,0.1,0.0,frames,quadratic-ac,7.127852995009077e-05,
main,main/rep0-stream1-regime1-d20/4,0,1,1,20,1.0,0.1,0.0,frames,quadratic-ac,8.059973967644224e-05,
main,main/rep0-stream1-regime1-d20/5,0,1,1,20,1.0,0.1,0.0,frames,quadratic-ac,6.833130910924512e-05,
main,main/rep0-stream1-regime1-d20/6,0,1,1,20,1.0,0.1,0.0,frames,quadratic-ac,6.066291322837437e-05,
main,main/rep0-stream1-regime1-d20/7,0,1,1,20,1.0,0.1,0.0,frames,quadratic-ac,5.445012820533787e-05,
main,main/rep0-stream1-regime1-d20/0,0,1,1,20,1.0,0.1,0.0,frames,quadratic-vc,0.00013739589427039334,
main,main/rep0-stream1-regime1-d20/1,0,1,1,20,1.0,0.1,0.0,frames,quadratic-vc,6.549559812285742e-05,
main,main/rep0-stream1-regime1-d20/2,0,1,1,20,1.0,0.1,0.0,frames,quadratic-vc,9.397719495169208e-05,
main,main/rep0-stream1-regime1-d20/3,0,1,1,20,1.0,0.1,0.0,frames,quadratic-vc,6.31587285360767e-05,
main,main/rep0-stream1-regime1-d20/4,0,1,1,20,1.0,0.1,0.0,frames,quadratic-vc,7.098038338707267e-05,
main,main/rep0-stream1-regime1-d20/5,0,1,1,20,1.0,0.1,0.0,frames,quadratic-vc,6.166679037800675e-05,
main,main/rep0-stream1-regime1-d20/6,0,1,1,20,1.0,0.1,0.0,frames,quadratic-vc,6.296157071154723e-05,
main,main/rep0-stream1-regime1-d20/7,0,1,1,20,1.0,0.1,0.0,frames,quadratic-vc,4.731305514315808e-05,
main,main/rep0-stream1-regime1-d20/0,0,1,1,20,1.0,0.1,0.0,staggered-cycle,rank,0.04120598383900391,
main,main/rep0-stream1-regime1-d20/1,0,1,1,20,1.0,0.1,0.0,staggered-cycle,rank,0.015807755615422362,
main,main/rep0-stream1-regime1-d20/2,0,1,1,20,1.0,0.1,0.0,staggered-cycle,rank,0.007821373302091652,
main,main/rep0-stream1-regime1-d20/3,0,1,1,20,1.0,0.1,0.0,staggered-cycle,rank,0.013306714080028025,
main,main/rep0-stream1-regime1-d20/4,0,1,1,20,1.0,0.1,0.0,staggered-cycle,rank,0.010130617297799776,
main,main/rep0-stream1-regime1-d20/5,0,1,1,20,1.0,0.1,0.0,staggered-cycle,rank,0.013325782060320762,
main,main/rep0-stream1-regime1-d20/6,0,1,1,20,1.0,0.1,0.0,staggered-cycle,rank,0.008629490240999335,
main,main/rep0-stream1-regime1-d20/7,0,1,1,20,1.0,0.1,0.0,staggered-cycle,rank,0.010770336816632772,
main,main/rep0-stream1-regime1-d20/0,0,1,1,20,1.0,1.0,0.0,staggered-cycle,quadratic-ac,0.000114681936475049,
main,main/rep0-stream1-regime1-d20/1,0,1,1,20,1.0,1.0,0.0,staggered-cycle,quadratic-ac,0.00013193048671005937,
main,main/rep0-stream1-regime1-d20/2,0,1,1,20,1.0,1.0,0.0,staggered-cycle,quadratic-ac,0.00014099278922145378,
main,main/rep0-stream1-regime1-d20/3,0,1,1,20,1.0,1.0,0.0,staggered-cycle,quadratic-ac,7.481909328153606e-05,
main,main/rep0-stream1-regime1-d20/4,0,1,1,20,1.0,1.0,0.0,staggered-cycle,quadratic-ac,8.007164763840501e-05,
main,main/rep0-stream1-regime1-d20/5,0,1,1,20,1.0,1.0,0.0,staggered-cycle,quadratic-ac,7.347194315126073e-05,
main,main/rep0-stream1-regime1-d20/6,0,1,1,20,1.0,1.0,0.0,staggered-cycle,quadratic-ac,0.00010115089550930505,
main,main/rep0-stream1-regime1-d20/7,0,1,1,20,1.0,1.0,0.0,staggered-cycle,quadratic-ac,0.00021120556643395368,
main,main/rep0-stream1-regime1-d20/0,0,1,1,20,1.0,1.0,0.0,staggered-cycle,quadratic-vc,0.00010289782738337773,
main,main/rep0-stream1-regime1-d20/1,0,1,1,20,1.0,1.0,0.0,staggered-cycle,quadratic-vc,0.00012684065749521777,
main,main/rep0-stream1-regime1-d20/2,0,1,1,20,1.0,1.0,0.0,staggered-cycle,quadratic-vc,0.00012313788777590536,
main,main/rep0-stream1-regime1-d20/3,0,1,1,20,1.0,1.0,0.0,staggered-cycle,quadratic-vc,6.82920354266283e-05,
main,main/rep0-stream1-regime1-d20/4,0,1,1,20,1.0,1.0,0.0,staggered-cycle,quadratic-vc,8.68943361731382e-05,
main,main/rep0-stream1-regime1-d20/5,0,1,1,20,1.0,1.0,0.0,staggered-cycle,quadratic-vc,6.925661675838932e-05,
main,main/rep0-stream1-regime1-d20/6,0,1,1,20,1.0,1.0,0.0,staggered-cycle,quadratic-vc,0.00010660351452756308,
main,main/rep0-stream1-regime1-d20/7,0,1,1,20,1.0,1.0,0.0,staggered-cycle,quadratic-vc,0.00020136499193547386,
main,main/rep0-stream1-regime1-d20/0,0,1,1,20,1.0,1.0,0.0,frames,quadratic-ac,0.00011672787820366168,
main,main/rep0-stream1-regime1-d20/1,0,1,1,20,1.0,1.0,0.0,frames,quadratic-ac,0.00017223357979489882,
main,main/rep0-stream1-regime1-d20/2,0,1,1,20,1.0,1.0,0.0,frames,quadratic-ac,9.613986919074489e-05,
main,main/rep0-stream1-regime1-d20/3,0,1,1,20,1.0,1.0,0.0,frames,quadratic-ac,0.00020227915775508266,
main,main/rep0-stream1-regime1-d20/4,0,1,1,20,1.0,1.0,0.0,frames,quadratic-ac,9.088325195274495e-05,
main,main/rep0-stream1-regime1-d20/5,0,1,1,20,1.0,1.0,0.0,frames,quadratic-ac,0.0001489703740959165,
main,main/rep0-stream1-regime1-d20/6,0,1,1,20,1.0,1.0,0.0,frames,quadratic-ac,0.00016547734774235694,
main,main/rep0-stream1-regime1-d20/7,0,1,1,20,1.0,1.0,0.0,frames,quadratic-ac,6.137060769857464e-05,
main,main/rep0-stream1-regime1-d20/0,0,1,1,20,1.0,1.0,0.0,frames,quadratic-vc,0.00012962232299947228,
main,main/rep0-stream1-regime1-d20/1,0,1,1,20,1.0,1.0,0.0,frames,quadratic-vc,0.0001767107795580716,
main,main/rep0-stream1-regime1-d20/2,0,1,1,20,1.0,1.0,0.0,frames,quadratic-vc,0.00010037690377685708,
main,main/rep0-stream1-regime1-d20/3,0,1,1,20,1.0,1.0,0.0,frames,quadratic-vc,0.00020841138142135244,
main,main/rep0-stream1-regime1-d20/4,0,1,1,20,1.0,1.0,0.0,frames,quadratic-vc,9.939597216920456e-05,
main,main/rep0-stream1-regime1-d20/5,0,1,1,20,1.0,1.0,0.0,frames,quadratic-vc,0.00014303824202683597,
main,main/rep0-stream1-regime1-d20/6,0,1,1,20,1.0,1.0,0.0,frames,quadratic-vc,0.00015529640771842328,
main,main/rep0-stream1-regime1-d20/7,0,1,1,20,1.0,1.0,0.0,frames,quadratic-vc,6.57058905650009e-05,
main,main/rep0-stream1-regime1-d20/0,0,1,1,20,1.0,1.0,0.0,staggered-cycle,rank,0.034933908895977514,
main,main/rep0-stream1-regime1-d20/1,0,1,1,20,1.0,1.0,0.0,staggered-cycle,rank,0.014864346373435647,
main,main/rep0-stream1-regime1-d20/2,0,1,1,20,1.0,1.0,0.0,staggered-cycle,rank,0.00874543924595587,
main,main/rep0-stream1-regime1-d20/3,0,1,1,20,1.0,1.0,0.0,staggered-cycle,rank,0.012866622712313671,
main,main/rep0-stream1-regime1-d20/4,0,1,1,20,1.0,1.0,0.0,staggered-cycle,rank,0.00965764177431713,
main,main/rep0-stream1-regime1-d20/5,0,1,1,20,1.0,1.0,0.0,staggered-cycle,rank,0.012466447424030752,
main,main/rep0-stream1-regime1-d20/6,0,1,1,20,1.0,1.0,0.0,staggered-cycle,rank,0.01009671169555547,
main,main/rep0-stream1-regime1-d20/7,0,1,1,20,1.0,1.0,0.0,staggered-cycle,rank,0.011834892728281018,
main,main/rep0-stream1-regime1-d20/0,0,1,1,20,1.0,10.0,0.0,staggered-cycle,quadratic-ac,0.0002873394670306289,
main,main/rep0-stream1-regime1-d20/1,0,1,1,20,1.0,10.0,0.0,staggered-cycle,quadratic-ac,0.0005135011169831053,
main,main/rep0-stream1-regime1-d20/2,0,1,1,20,1.0,10.0,0.0,staggered-cycle,quadratic-ac,0.000522227733230461,
main,main/rep0-stream1-regime1-d20/3,0,1,1,20,1.0,10.0,0.0,staggered-cycle,quadratic-ac,0.0006658683496970642,
main,main/rep0-stream1-regime1-d20/4,0,1,1,20,1.0,10.0,0.0,staggered-cycle,quadratic-ac,0.00016528842000261597,
main,main/rep0-stream1-regime1-d20/5,0,1,1,20,1.0,10.0,0.0,staggered-cycle,quadratic-ac,0.00023846429946787248,
main,main/rep0-stream1-regime1-d20/6,0,1,1,20,1.0,10.0,0.0,staggered-cycle,quadratic-ac,0.0002829214071062169,
main,main/rep0-stream1-regime1-d20/7,0,1,1,20,1.0,10.0,0.0,staggered-cycle,quadratic-ac,0.0007421248487555712,
main,main/rep0-stream1-regime1-d20/0,0,1,1,20,1.0,10.0,0.0,staggered-cycle,quadratic-vc,0.00030611985509651653,
main,main/rep0-stream1-regime1-d20/1,0,1,1,20,1.0,10.0,0.0,staggered-cycle,quadratic-vc,0.0005261664977005633,
main,main/rep0-stream1-regime1-d20/2,0,1,1,20,1.0,10.0,0.0,staggered-cycle,quadratic-vc,0.0004963283464813991,
main,main/rep0-stream1-regime1-d20/3,0,1,1,20,1.0,10.0,0.0,staggered-cycle,quadratic-vc,0.00066137107360999,
main,main/rep0-stream1-regime1-d20/4,0,1,1,20,1.0,10.0,0.0,staggered-cycle,quadratic-vc,0.00014530890638907024,
main,main/rep0-stream1-regime1-d20/5,0,1,1,20,1.0,10.0,0.0,staggered-cycle,quadratic-vc,0.00023503458109426088,
main,main/rep0-stream1-regime1-d20/6,0,1,1,20,1.0,10.0,0.0,staggered-cycle,quadratic-vc,0.00029674622534376846,
main,main/rep0-stream1-regime1-d20/7,0,1,1,20,1.0,10.0,0.0,staggered-cycle,quadratic-vc,0.0008334382452426627,
main,main/rep0-stream1-regime1-d20/0,0,1,1,20,1.0,10.0,0.0,frames,quadratic-ac,0.0011267909430587469,
main,main/rep0-stream1-regime1-d20/1,0,1,1,20,1.0,10.0,0.0,frames,quadratic-ac,0.000718517039007261,
main,main/rep0-stream1-regime1-d20/2,0,1,1,20,1.0,10.0,0.0,frames,quadratic-ac,0.0005275502431612643,
main,main/rep0-stream1-regime1-d20/3,0,1,1,20,1.0,10.0,0.0,frames,quadratic-ac,0.0010626396878860665,
main,main/rep0-stream1-regime1-d20/4,0,1,1,20,1.0,10.0,0.0,frames,quadratic-ac,0.000996566901120214,
main,main/rep0-stream1-regime1-d20/5,0,1,1,20,1.0,10.0,0.0,frames,quadratic-ac,0.0008670878909969902,
main,main/rep0-stream1-regime1-d20/6,0,1,1,20,1.0,10.0,0.0,frames,quadratic-ac,0.000986382803233005,
main,main/rep0-stream1-regime1-d20/7,0,1,1,20,1.0,10.0,0.0,frames,quadratic-ac,0.0018015924899876063,
main,main/rep0-stream1-regime1-d20/0,0,1,1,20,1.0,10.0,0.0,frames,quadratic-vc,0.0011733682586237987,
main,main/rep0-stream1-regime1-d20/1,0,1,1,20,1.0,10.0,0.0,frames,quadratic-vc,0.0006839925355323449,
main,main/rep0-stream1-regime1-d20/2,0,1,1,20,1.0,10.0,0.0,frames,quadratic-vc,0.0005162844451427013,
main,main/rep0-stream1-regime1-d20/3,0,1,1,20,1.0,10.0,0.0,frames,quadratic-vc,0.0010244403400711342,
main,main/rep0-stream1-regime1-d20/4,0,1,1,20,1.0,10.0,0.0,frames,quadratic-vc,0.0008956492955530811,
main,main/rep0-stream1-regime1-d20/5,0,1,1,20,1.0,10.0,0.0,frames,quadratic-vc,0.0007751696836823665,
main,main/rep0-stream1-regime1-d20/6,0,1,1,20,1.0,10.0,0.0,frames,quadratic-vc,0.0010061280222781646,
main,main/rep0-stream1-regime1-d20/7,0,1,1,20,1.0,10.0,0.0,frames,quadratic-vc,0.0018257431653526722,
main,main/rep0-stream1-regime1-d20/0,0,1,1,20,1.0,10.0,0.0,staggered-cycle,rank,0.01925949745567304,
main,main/rep0-stream1-regime1-d20/1,0,1,1,20,1.0,10.0,0.0,staggered-cycle,rank,0.045230390662621904,
main,main/rep0-stream1-regime1-d20/2,0,1,1,20,1.0,10.0,0.0,staggered-cycle,rank,0.12006196589088639,
main,main/rep0-stream1-regime1-d20/3,0,1,1,20,1.0,10.0,0.0,staggered-cycle,rank,0.06333826237489067,
main,main/rep0-stream1-regime1-d20/4,0,1,1,20,1.0,10.0,0.0,staggered-cycle,rank,0.04472598747130253,
main,main/rep0-stream1-regime1-d20/5,0,1,1,20,1.0,10.0,0.0,staggered-cycle,rank,0.06074020098151009,
main,main/rep0-stream1-regime1-d20/6,0,1,1,20,1.0,10.0,0.0,staggered-cycle,rank,0.06001073940395495,
main,main/rep0-stream1-regime1-d20/7,0,1,1,20,1.0,10.0,0.0,staggered-cycle,rank,0.07966349222680032,
main,main/rep1-stream0-regime0-d10/0,1,0,0,10,1.0,0.0,0.0,staggered-cycle,quadratic-ac,0.00035928744486043887,
main,main/rep1-stream0-regime0-d10/1,1,0,0,10,1.0,0.0,0.0,staggered-cycle,quadratic-ac,0.00021828636857636872,
main,main/rep1-stream0-regime0-d10/2,1,0,0,10,1.0,0.0,0.0,staggered-cycle,quadratic-ac,0.00011519257665986751,
main,main/rep1-stream0-regime0-d10/3,1,0,0,10,1.0,0.0,0.0,staggered-cycle,quadratic-ac,0.00017087777297239445,
main,main/rep1-stream0-regime0-d10/4,1,0,0,10,1.0,0.0,0.0,staggered-cycle,quadratic-ac,0.0017939250582614467,
main,main/rep1-stream0-regime0-d10/5,1,0,0,10,1.0,0.0,0.0,staggered-cycle,quadratic-ac,0.0007089613998336323,
main,main/rep1-stream0-regime0-d10/6,1,0,0,10,1.0,0.0,0.0,staggered-cycle,quadratic-ac,0.0001472677481895613,
main,main/rep1-stream0-regime0-d10/7,1,0,0,10,1.0,0.0,0.0,staggered-cycle,quadratic-ac,0.0003461429791547037,
main,main/rep1-stream0-regime0-d10/0,1,0,0,10,1.0,0.0,0.0,staggered-cycle,quadratic-vc,0.00034212061242979894,
main,main/rep1-stream0-regime0-d10/1,1,0,0,10,1.0,0.0,0.0,staggered-cycle,quadratic-vc,0.00021983301428519337,
main,main/rep1-stream0-regime0-d10/2,1,0,0,10,1.0,0.0,0.0,staggered-cycle,quadratic-vc,0.00010066250172341331,
main,main/rep1-stream0-regime0-d10/3,1,0,0,10,1.0,0.0,0.0,staggered-cycle,quadratic-vc,0.00017406266538066333,
main,main/rep1-stream0-regime0-d10/4,1,0,0,10,1.0,0.0,0.0,staggered-cycle,quadratic-vc,0.0015711355338615387,
main,main/rep1-stream0-regime0-d10/5,1,0,0,10,1.0,0.0,0.0,staggered-cycle,quadratic-vc,0.0006153832693494353,
main,main/rep1-stream0-regime0-d10/6,1,0,0,10,1.0,0.0,0.0,staggered-cycle,quadratic-vc,0.00011768966477923966,
main,main/rep1-stream0-regime0-d10/7,1,0,0,10,1.0,0.0,0.0,staggered-cycle,quadratic-vc,0.0002878740304968999,
main,main/rep1-stream0-regime0-d10/0,1,0,0,10,1.0,0.0,0.0,frames,quadratic-ac,0.00021803515654231727,
main,main/rep1-stream0-regime0-d10/1,1,0,0,10,1.0,0.0,0.0,frames,quadratic-ac,7.520073744427662e-05,
main,main/rep1-stream0-regime0-d10/2,1,0,0,10,1.0,0.0,0.0,frames,quadratic-ac,0.0004110649972619113,
main,main/rep1-stream0-regime0-d10/3,1,0,0,10,1.0,0.0,0.0,frames,quadratic-ac,0.0002354480600661603,
main,main/rep1-stream0-regime0-d10/4,1,0,0,10,1.0,0.0,0.0,frames,quadratic-ac,0.00016872272020185416,
main,main/rep1-stream0-regime0-d10/5,1,0,0,10,1.0,0.0,0.0,frames,quadratic-ac,0.0001320658144113716,
main,main/rep1-stream0-regime0-d10/6,1,0,0,10,1.0,0.0,0.0,frames,quadratic-ac,0.00026169655542799977,
main,main/rep1-stream0-regime0-d10/7,1,0,0,10,1.0,0.0,0.0,frames,quadratic-ac,0.0003282008647713137,
main,main/rep1-stream0-regime0-d10/0,1,0,0,10,1.0,0.0,0.0,frames,quadratic-vc,0.00019955634063197487,
main,main/rep1-stream0-regime0-d10/1,1,0,0,10,1.0,0.0,0.0,frames,quadratic-vc,6.942980244603775e-05,
main,main/rep1-stream0-regime0-d10/2,1,0,0,10,1.0,0.0,0.0,frames,quadratic-vc,0.00038530697887965927,
main,main/rep1-stream0-regime0-d10/3,1,0,0,10,1.0,0.0,0.0,frames,quadratic-vc,0.00024049076254565888,
main,main/rep1-stream0-regime0-d10/4,1,0,0,10,1.0,0.0,0.0,frames,quadratic-vc,0.00015691887510852124,
main,main/rep1-stream0-regime0-d10/5,1,0,0,10,1.0,0.0,0.0,frames,quadratic-vc,0.00014595284986277106,
main,main/rep1-stream0-regime0-d10/6,1,0,0,10,1.0,0.0,0.0,frames,quadratic-vc,0.0002552423455024668,
main,main/rep1-stream0-regime0-d10/7,1,0,0,10,1.0,0.0,0.0,frames,quadratic-vc,0.00030701220318364613,
main,main/rep1-stream0-regime0-d10/0,1,0,0,10,1.0,0.0,0.0,staggered-cycle,rank,0.0010676271212237776,
main,main/rep1-stream0-regime0-d10/1,1,0,0,10,1.0,0.0,0.0,staggered-cycle,rank,0.021802469304269108,
main,main/rep1-stream0-regime0-d10/2,1,0,0,10,1.0,0.0,0.0,staggered-cycle,rank,0.0026048415857815076,
main,main/rep1-stream0-regime0-d10/3,1,0,0,10,1.0,0.0,0.0,staggered-cycle,rank,0.033562487620479406,
main,main/rep1-stream0-regime0-d10/4,1,0,0,10,1.0,0.0,0.0,staggered-cycle,rank,0.01122034575716091,
main,main/rep1-stream0-regime0-d10/5,1,0,0,10,1.0,0.0,0.0,staggered-cycle,rank,0.01144160797262164,
main,main/rep1-stream0-regime0-d10/6,1,0,0,10,1.0,0.0,0.0,staggered-cycle,rank,0.04889105219723852,
main,main/rep1-stream0-regime0-d10/7,1,0,0,10,1.0,0.0,0.0,staggered-cycle,rank,0.005996506071466629,
main,main/rep1-stream0-regime0-d10/0,1,0,0,10,1.0,0.1,0.0,staggered-cycle,quadratic-ac,0.00022804436387178757,
main,main/rep1-stream0-regime0-d10/1,1,0,0,10,1.0,0.1,0.0,staggered-cycle,quadratic-ac,0.00012744425890267094,
main,main/rep1-stream0-regime0-d10/2,1,0,0,10,1.0,0.1,0.0,staggered-cycle,quadratic-ac,0.0001286459439345832,
main,main/rep1-stream0-regime0-d10/3,1,0,0,10,1.0,0.1,0.0,staggered-cycle,quadratic-ac,0.0003861715044500139,
main,main/rep1-stream0-regime0-d10/4,1,0,0,10,1.0,0.1,0.0,staggered-cycle,quadratic-ac,0.0003740697938810018,
main,main/rep1-stream0-regime0-d10/5,1,0,0,10,1.0,0.1,0.0,staggered-cycle,quadratic-ac,0.00019778139254393766,
main,main/rep1-stream0-regime0-d10/6,1,0,0,10,1.0,0.1,0.0,staggered-cycle,quadratic-ac,0.00012576673626584338,
main,main/rep1-stream0-regime0-d10/7,1,0,0,10,1.0,0.1,0.0,staggered-cycle,quadratic-ac,0.0002649409110742227,
main,main/rep1-stream0-regime0-d10/0,1,0,0,10,1.0,0.1,0.0,staggered-cycle,quadratic-vc,0.00024179084774722415,
main,main/rep1-stream0-regime0-d10/1,1,0,0,10,1.0,0.1,0.0,staggered-cycle,quadratic-vc,0.0001332966850376645,
main,main/rep1-stream0-regime0-d10/2,1,0,0,10,1.0,0.1,0.0,staggered-cycle,quadratic-vc,0.00011104757288952756,
main,main/rep1-stream0-regime0-d10/3,1,0,0,10,1.0,0.1,0.0,staggered-cycle,quadratic-vc,0.00041110590793226685,
main,main/rep1-stream0-regime0-d10/4,1,0,0,10,1.0,0.1,0.0,staggered-cycle,quadratic-vc,0.00022357977993949903,
main,main/rep1-stream0-regime0-d10/5,1,0,0,10,1.0,0.1,0.0,staggered-cycle,quadratic-vc,0.00015423113957105833,
main,main/rep1-stream0-regime0-d10/6,1,0,0,10,1.0,0.1,0.0,staggered-cycle,quadratic-vc,9.563752101703272e-05,
main,main/rep1-stream0-regime0-d10/7,1,0,0,10,1.0,0.1,0.0,staggered-cycle,quadratic-vc,0.00028202310383116416,
main,main/rep1-stream0-regime0-d10/0,1,0,0,10,1.0,0.1,0.0,frames,quadratic-ac,0.00016114861175829084,
main,main/rep1-stream0-regime0-d10/1,1,0,0,10,1.0,0.1,0.0,frames,quadratic-ac,5.127153803517427e-05,
main,main/rep1-stream0-regime0-d10/2,1,0,0,10,1.0,0.1,0.0,frames,quadratic-ac,0.0005346845714498268,
main,main/rep1-stream0-regime0-d10/3,1,0,0,10,1.0,0.1,0.0,frames,quadratic-ac,0.00011117871103305706,
main,main/rep1-stream0-regime0-d10/4,1,0,0,10,1.0,0.1,0.0,frames,quadratic-ac,0.0007007843751138026,
main,main/rep1-stream0-regime0-d10/5,1,0,0,10,1.0,0.1,0.0,frames,quadratic-ac,8.34433637513809e-05,
main,main/rep1-stream0-regime0-d10/6,1,0,0,10,1.0,0.1,0.0,frames,quadratic-ac,0.00037225391443320447,
main,main/rep1-stream0-regime0-d10/7,1,0,0,10,1.0,0.1,0.0,frames,quadratic-ac,0.00026541710685804,
main,main/rep1-stream0-regime0-d10/0,1,0,0,10,1.0,0.1,0.0,frames,quadratic-vc,0.0001592485154114643,
main,main/rep1-stream0-regime0-d10/1,1,0,0,10,1.0,0.1,0.0,frames,quadratic-vc,6.200193991084678e-05,
main,main/rep1-stream0-regime0-d10/2,1,0,0,10,1.0,0.1,0.0,frames,quadratic-vc,0.0005062462494233965,
main,main/rep1-stream0-regime0-d10/3,1,0,0,10,1.0,0.1,0.0,frames,quadratic-vc,0.00011074128692798791,
main,main/rep1-stream0-regime0-d10/4,1,0,0,10,1.0,0.1,0.0,frames,quadratic-vc,0.000685905924574004,
main,main/rep1-stream0-regime0-d10/5,1,0,0,10,1.0,0.1,0.0,frames,quadratic-vc,7.502583196874212e-05,
main,main/rep1-stream0-regime0-d10/6,1,0,0,10,1.0,0.1,0.0,frames,quadratic-vc,0.0003302383436921416,
main,main/rep1-stream0-regime0-d10/7,1,0,0,10,1.0,0.1,0.0,frames,quadratic-vc,0.0002611421991543656,
main,main/rep1-stream0-regime0-d10/0,1,0,0,10,1.0,0.1,0.0,staggered-cycle,rank,0.0006051920330135262,
main,main/rep1-stream0-regime0-d10/1,1,0,0,10,1.0,0.1,0.0,staggered-cycle,rank,0.021445607034828656,
main,main/rep1-stream0-regime0-d10/2,1,0,0,10,1.0,0.1,0.0,staggered-cycle,rank,0.002764157877844187,
main,main/rep1-stream0-regime0-d10/3,1,0,0,10,1.0,0.1,0.0,staggered-cycle,rank,0.033241131506351426,
main,main/rep1-stream0-regime0-d10/4,1,0,0,10,1.0,0.1,0.0,staggered-cycle,rank,0.008596527944953926,
main,main/rep1-stream0-regime0-d10/5,1,0,0,10,1.0,0.1,0.0,staggered-cycle,rank,0.011273238595372197,
main,main/rep1-stream0-regime0-d10/6,1,0,0,10,1.0,0.1,0.0,staggered-cycle,rank,0.04864760319265913,
main,main/rep1-stream0-regime0-d10/7,1,0,0,10,1.0,0.1,0.0,staggered-cycle,rank,0.0068487312800038155,
main,main/rep1-stream0-regime0-d10/0,1,0,0,10,1.0,1.0,0.0,staggered-cycle,quadratic-ac,0.00021295532782371522,
main,main/rep1-stream0-regime0-d10/1,1,0,0,10,1.0,1.0,0.0,staggered-cycle,quadratic-ac,0.00032831523212459686,
main,main/rep1-stream0-regime0-d10/2,1,0,0,10,1.0,1.0,0.0,staggered-cycle,quadratic-ac,0.00024773587424814514,
main,main/rep1-stream0-regime0-d10/3,1,0,0,10,1.0,1.0,0.0,staggered-cycle,quadratic-ac,0.0001550800302406107,
main,main/rep1-stream0-regime0-d10/4,1,0,0,10,1.0,1.0,0.0,staggered-cycle,quadratic-ac,0.00045334815739903295,
main,main/rep1-stream0-regime0-d10/5,1,0,0,10,1.0,1.0,0.0,staggered-cycle,quadratic-ac,9.37231422674563e-05,
main,main/rep1-stream0-regime0-d10/6,1,0,0,10,1.0,1.0,0.0,staggered-cycle,quadratic-ac,0.0004168748657266516,
main,main/rep1-stream0-regime0-d10/7,1,0,0,10,1.0,1.0,0.0,staggered-cycle,quadratic-ac,0.0004176902321909094,
main,main/rep1-stream0-regime0-d10/0,1,0,0,10,1.0,1.0,0.0,staggered-cycle,quadratic-vc,0.00024894969861573887,
main,main/rep1-stream0-regime0-d10/1,1,0,0,10,1.0,1.0,0.0,staggered-cycle,quadratic-vc,0.0004994556676962797,
main,main/rep1-stream0-regime0-d10/2,1,0,0,10,1.0,1.0,0.0,staggered-cycle,quadratic-vc,0.0002922084413924434,
main,main/rep1-stream0-regime0-d10/3,1,0,0,10,1.0,1.0,0.0,staggered-cycle,quadratic-vc,0.00015702726688580115,
main,main/rep1-stream0-regime0-d10/4,1,0,0,10,1.0,1.0,0.0,staggered-cycle,quadratic-vc,0.00045702218403035537,
main,main/rep1-stream0-regime0-d10/5,1,0,0,10,1.0,1.0,0.0,staggered-cycle,quadratic-vc,0.00011254097433827219,
main,main/rep1-stream0-regime0-d10/6,1,0,0,10,1.0,1.0,0.0,staggered-cycle,quadratic-vc,0.00037238958281608336,
main,main/rep1-stream0-regime0-d10/7,1,0,0,10,1.0,1.0,0.0,staggered-cycle,quadratic-vc,0.0004147333527634991,
main,main/rep1-stream0-regime0-d10/0,1,0,0,10,1.0,1.0,0.0,frames,quadratic-ac,0.0005421045663482044,
main,main/rep1-stream0-regime0-d10/1,1,0,0,10,1.0,1.0,0.0,frames,quadratic-ac,8.285067562957495e-05,
main,main/rep1-stream0-regime0-d10/2,1,0,0,10,1.0,1.0,0.0,frames,quadratic-ac,0.0007218953593393414,
main,main/rep1-stream0-regime0-d10/3,1,0,0,10,1.0,1.0,0.0,frames,quadratic-ac,0.00018167733604573374,
main,main/rep1-stream0-regime0-d10/4,1,0,0,10,1.0,1.0,0.0,frames,quadratic-ac,0.0002453954734415112,
main,main/rep1-stream0-regime0-d10/5,1,0,0,10,1.0,1.0,0.0,frames,quadratic-ac,0.0003141036194827153,
main,main/rep1-stream0-regime0-d10/6,1,0,0,10,1.0,1.0,0.0,frames,quadratic-ac,0.00038997443272891674,
main,main/rep1-stream0-regime0-d10/7,1,0,0,10,1.0,1.0,0.0,frames,quadratic-ac,0.0001974134745992809,
main,main/rep1-stream0-regime0-d10/0,1,0,0,10,1.0,1.0,0.0,frames,quadratic-vc,0.0005207310436860073,
main,main/rep1-stream0-regime0-d10/1,1,0,0,10,1.0,1.0,0.0,frames,quadratic-vc,9.041091233739103e-05,
main,main/rep1-stream0-regime0-d10/2,1,0,0,10,1.0,1.0,0.0,frames,quadratic-vc,0.000650190009320443,
main,main/rep1-stream0-regime0-d10/3,1,0,0,10,1.0,1.0,0.0,frames,quadratic-vc,0.00015983575251855972,
main,main/rep1-stream0-regime0-d10/4,1,0,0,10,1.0,1.0,0.0,frames,quadratic-vc,0.00020876071413470761,
main,main/rep1-stream0-regime0-d10/5,1,0,0,10,1.0,1.0,0.0,frames,quadratic-vc,0.0003329433001471927,
main,main/rep1-stream0-regime0-d10/6,1,0,0,10,1.0,1.0,0.0,frames,quadratic-vc,0.000476554218252132,
main,main/rep1-stream0-regime0-d10/7,1,0,0,10,1.0,1.0,0.0,frames,quadratic-vc,0.00015787827173177477,
main,main/rep1-stream0-regime0-d10/0,1,0,0,10,1.0,1.0,0.0,staggered-cycle,rank,0.0005432718048442147,
main,main/rep1-stream0-regime0-d10/1,1,0,0,10,1.0,1.0,0.0,staggered-cycle,rank,0.015205825403083045,
main,main/rep1-stream0-regime0-d10/2,1,0,0,10,1.0,1.0,0.0,staggered-cycle,rank,0.0017054066520354261,
main,main/rep1-stream0-regime0-d10/3,1,0,0,10,1.0,1.0,0.0,staggered-cycle,rank,0.02653620036357785,
main,main/rep1-stream0-regime0-d10/4,1,0,0,10,1.0,1.0,0.0,staggered-cycle,rank,0.0056842948522487155,
main,main/rep1-stream0-regime0-d10/5,1,0,0,10,1.0,1.0,0.0,staggered-cycle,rank,0.012183871822452034,
main,main/rep1-stream0-regime0-d10/6,1,0,0,10,1.0,1.0,0.0,staggered-cycle,rank,0.04253550402391814,
main,main/rep1-stream0-regime0-d10/7,1,0,0,10,1.0,1.0,0.0,staggered-cycle,rank,0.0065990067806142045,
main,main/rep1-stream0-regime0-d10/0,1,0,0,10,1.0,10.0,0.0,staggered-cycle,quadratic-ac,0.0005765278960351405,
main,main/rep1-stream0-regime0-d10/1,1,0,0,10,1.0,10.0,0.0,staggered-cycle,quadratic-ac,0.0010478375742554388,
main,main/rep1-stream0-regime0-d10/2,1,0,0,10,1.0,10.0,0.0,staggered-cycle,quadratic-ac,0.000981638652998157,
main,main/rep1-stream0-regime0-d10/3,1,0,0,10,1.0,10.0,0.0,staggered-cycle,quadratic-ac,0.0006707340271844728,
main,main/rep1-stream0-regime0-d10/4,1,0,0,10,1.0,10.0,0.0,staggered-cycle,quadratic-ac,0.001543792246249936,
main,main/rep1-stream0-regime0-d10/5,1,0,0,10,1.0,10.0,0.0,staggered-cycle,quadratic-ac,0.0011148123668194866,
main,main/rep1-stream0-regime0-d10/6,1,0,0,10,1.0,10.0,0.0,staggered-cycle,quadratic-ac,0.0003858205999661194,
main,main/rep1-stream0-regime0-d10/7,1,0,0,10,1.0,10.0,0.0,staggered-cycle,quadratic-ac,0.001530061633289874,
main,main/rep1-stream0-regime0-d10/0,1,0,0,10,1.0,10.0,0.0,staggered-cycle,quadratic-vc,0.0005764206434612912,
main,main/rep1-stream0-regime0-d10/1,1,0,0,10,1.0,10.0,0.0,staggered-cycle,quadratic-vc,0.001144106615377409,
main,main/rep1-stream0-regime0-d10/2,1,0,0,10,1.0,10.0,0.0,staggered-cycle,quadratic-vc,0.001172350387530943,
main,main/rep1-stream0-regime0-d10/3,1,0,0,10,1.0,10.0,0.0,staggered-cycle,quadratic-vc,0.0005009028288800859,
main,main/rep1-stream0-regime0-d10/4,1,0,0,10,1.0,10.0,0.0,staggered-cycle,quadratic-vc,0.0014635891685096131,
main,main/rep1-stream0-regime0-d10/5,1,0,0,10,1.0,10.0,0.0,staggered-cycle,quadratic-vc,0.0013295317849911297,
main,main/rep1-stream0-regime0-d10/6,1,0,0,10,1.0,10.0,0.0,staggered-cycle,quadratic-vc,0.0004581050171596747,
main,main/rep1-stream0-regime0-d10/7,1,0,0,10,1.0,10.0,0.0,staggered-cycle,quadratic-vc,0.0015547327686095504,
main,main/rep1-stream0-regime0-d10/0,1,0,0,10,1.0,10.0,0.0,frames,quadratic-ac,0.0010583570773570832,
main,main/rep1-stream0-regime0-d10/1,1,0,0,10,1.0,10.0,0.0,frames,quadratic-ac,0.0012290750328069146,
main,main/rep1-stream0-regime0-d10/2,1,0,0,10,1.0,10.0,0.0,frames,quadratic-ac,0.0007270490001866139,
main,main/rep1-stream0-regime0-d10/3,1,0,0,10,1.0,10.0,0.0,frames,quadratic-ac,0.0035219044804054743,
main,main/rep1-stream0-regime0-d10/4,1,0,0,10,1.0,10.0,0.0,frames,quadratic-ac,0.0005106881075156348,
main,main/rep1-stream0-regime0-d10/5,1,0,0,10,1.0,10.0,0.0,frames,quadratic-ac,0.0012616592367097929,
main,main/rep1-stream0-regime0-d10/6,1,0,0,10,1.0,10.0,0.0,frames,quadratic-ac,0.002055031632369352,
main,main/rep1-stream0-regime0-d10/7,1,0,0,10,1.0,10.0,0.0,frames,quadratic-ac,0.0007054994136775521,
main,main/rep1-stream0-regime0-d10/0,1,0,0,10,1.0,10.0,0.0,frames,quadratic-vc,0.001337089032482574,
main,main/rep1-stream0-regime0-d10/1,1,0,0,10,1.0,10.0,0.0,frames,quadratic-vc,0.0015810938805282469,
main,main/rep1-stream0-regime0-d10/2,1,0,0,10,1.0,10.0,0.0,frames,quadratic-vc,0.0008383292398595337,
main,main/rep1-stream0-regime0-d10/3,1,0,0,10,1.0,10.0,0.0,frames,quadratic-vc,0.0033991558532176095,
main,main/rep1-stream0-regime0-d10/4,1,0,0,10,1.0,10.0,0.0,frames,quadratic-vc,0.00048352180479675744,
main,main/rep1-stream0-regime0-d10/5,1,0,0,10,1.0,10.0,0.0,frames,quadratic-vc,0.0012966288994994198,
main,main/rep1-stream0-regime0-d10/6,1,0,0,10,1.0,10.0,0.0,frames,quadratic-vc,0.002014724684573639,
main,main/rep1-stream0-regime0-d10/7,1,0,0,10,1.0,10.0,0.0,frames,quadratic-vc,0.0009605409103675088,
main,main/rep1-stream0-regime0-d10/0,1,0,0,10,1.0,10.0,0.0,staggered-cycle,rank,0.059565916050661756,
main,main/rep1-stream0-regime0-d10/1,1,0,0,10,1.0,10.0,0.0,staggered-cycle,rank,0.005547026188673815,
main,main/rep1-stream0-regime0-d10/2,1,0,0,10,1.0,10.0,0.0,staggered-cycle,rank,0.04474618081787261,
main,main/rep1-stream0-regime0-d10/3,1,0,0,10,1.0,10.0,0.0,staggered-cycle,rank,0.15118477915163372,
main,main/rep1-stream0-regime0-d10/4,1,0,0,10,1.0,10.0,0.0,staggered-cycle,rank,0.04647095281716427,
main,main/rep1-stream0-regime0-d10/5,1,0,0,10,1.0,10.0,0.0,staggered-cycle,rank,0.029330711837925818,
main,main/rep1-stream0-regime0-d10/6,1,0,0,10,1.0,10.0,0.0,staggered-cycle,rank,0.11152676009996691,
main,main/rep1-stream0-regime0-d10/7,1,0,0,10,1.0,10.0,0.0,staggered-cycle,rank,0.019871405577944402,
main,main/rep1-stream0-regime0-d50/0,1,0,0,50,1.0,0.0,0.0,staggered-cycle,quadratic-ac,3.7969781332360196e-05,
main,main/rep1-stream0-regime0-d50/1,1,0,0,50,1.0,0.0,0.0,staggered-cycle,quadratic-ac,1.8960100911329556e-05,
main,main/rep1-stream0-regime0-d50/2,1,0,0,50,1.0,0.0,0.0,staggered-cycle,quadratic-ac,1.5628228234846123e-05,
main,main/rep1-stream0-regime0-d50/3,1,0,0,50,1.0,0.0,0.0,staggered-cycle,quadratic-ac,2.5017737131803318e-05,
main,main/rep1-stream0-regime0-d50/4,1,0,0,50,1.0,0.0,0.0,staggered-cycle,quadratic-ac,1.422643013153407e-05,
main,main/rep1-stream0-regime0-d50/5,1,0,0,50,1.0,0.0,0.0,staggered-cycle,quadratic-ac,1.679178970435357e-05,
main,main/rep1-stream0-regime0-d50/6,1,0,0,50,1.0,0.0,0.0,staggered-cycle,quadratic-ac,1.646335358438989e-05,
main,main/rep1-stream0-regime0-d50/7,1,0,0,50,1.0,0.0,0.0,staggered-cycle,quadratic-ac,2.3485583833366387e-05,
main,main/rep1-stream0-regime0-d50/0,1,0,0,50,1.0,0.0,0.0,staggered-cycle,quadratic-vc,3.6492183223164426e-05,
main,main/rep1-stream0-regime0-d50/1,1,0,0,50,1.0,0.0,0.0,staggered-cycle,quadratic-vc,2.0214219636275072e-05,
main,main/rep1-stream0-regime0-d50/2,1,0,0,50,1.0,0.0,0.0,staggered-cycle,quadratic-vc,1.5230466775202711e-05,
main,main/rep1-stream0-regime0-d50/3,1,0,0,50,1.0,0.0,0.0,staggered-cycle,quadratic-vc,2.3391356652769787e-05,
main,main/rep1-stream0-regime0-d50/4,1,0,0,50,1.0,0.0,0.0,staggered-cycle,quadratic-vc,1.2765100396447892e-05,
main,main/rep1-stream0-regime0-d50/5,1,0,0,50,1.0,0.0,0.0,staggered-cycle,quadratic-vc,1.6959929281003634e-05,
main,main/rep1-stream0-regime0-d50/6,1,0,0,50,1.0,0.0,0.0,staggered-cycle,quadratic-vc,1.5520219380930286e-05,
main,main/rep1-stream0-regime0-d50/7,1,0,0,50,1.0,0.0,0.0,staggered-cycle,quadratic-vc,2.2034915159392965e-05,
main,main/rep1-stream0-regime0-d50/0,1,0,0,50,1.0,0.0,0.0,frames,quadratic-ac,1.5197935999558781e-05,
main,main/rep1-stream0-regime0-d50/1,1,0,0,50,1.0,0.0,0.0,frames,quadratic-ac,8.721718191249964e-06,
main,main/rep1-stream0-regime0-d50/2,1,0,0,50,1.0,0.0,0.0,frames,quadratic-ac,9.552040974114847e-06,
main,main/rep1-stream0-regime0-d50/3,1,0,0,50,1.0,0.0,0.0,frames,quadratic-ac,1.5778937659471698e-05,
main,main/rep1-stream0-regime0-d50/4,1,0,0,50,1.0,0.0,0.0,frames,quadratic-ac,1.074379010854795e-05,
main,main/rep1-stream0-regime0-d50/5,1,0,0,50,1.0,0.0,0.0,frames,quadratic-ac,1.8186802230150096e-05,
main,main/rep1-stream0-regime0-d50/6,1,0,0,50,1.0,0.0,0.0,frames,quadratic-ac,1.2230772729744739e-05,
main,main/rep1-stream0-regime0-d50/7,1,0,0,50,1.0,0.0,0.0,frames,quadratic-ac,1.2861813001881889e-05,
main,main/rep1-stream0-regime0-d50/0,1,0,0,50,1.0,0.0,0.0,frames,quadratic-vc,1.5288147000374387e-05,
main,main/rep1-stream0-regime0-d50/1,1,0,0,50,1.0,0.0,0.0,frames,quadratic-vc,8.656369628138665e-06,
main,main/rep1-stream0-regime0-d50/2,1,0,0,50,1.0,0.0,0.0,frames,quadratic-vc,9.388020308690226e-06,
main,main/rep1-stream0-regime0-d50/3,1,0,0,50,1.0,0.0,0.0,frames,quadratic-vc,1.5308241921715536e-05,
main,main/rep1-stream0-regime0-d50/4,1,0,0,50,1.0,0.0,0.0,frames,quadratic-vc,1.03608626982457e-05,
main,main/rep1-stream0-regime0-d50/5,1,0,0,50,1.0,0.0,0.0,frames,quadratic-vc,1.775402735722704e-05,
main,main/rep1-stream0-regime0-d50/6,1,0,0,50,1.0,0.0,0.0,frames,quadratic-vc,1.0927217097021015e-05,
main,main/rep1-stream0-regime0-d50/7,1,0,0,50,1.0,0.0,0.0,frames,quadratic-vc,1.2099166299104225e-05,
main,main/rep1-stream0-regime0-d50/0,1,0,0,50,1.0,0.0,0.0,staggered-cycle,rank,0.025871248189771087,
main,main/rep1-stream0-regime0-d50/1,1,0,0,50,1.0,0.0,0.0,staggered-cycle,rank,0.024681264553897308,
main,main/rep1-stream0-regime0-d50/2,1,0,0,50,1.0,0.0,0.0,staggered-cycle,rank,0.020957730755482924,
main,main/rep1-stream0-regime0-d50/3,1,0,0,50,1.0,0.0,0.0,staggered-cycle,rank,0.05003076556767938,
main,main/rep1-stream0-regime0-d50/4,1,0,0,50,1.0,0.0,0.0,staggered-cycle,rank,0.0169836229146726,
main,main/rep1-stream0-regime0-d50/5,1,0,0,50,1.0,0.0,0.0,staggered-cycle,rank,0.018167726161686826,
main,main/rep1-stream0-regime0-d50/6,1,0,0,50,1.0,0.0,0.0,staggered-cycle,rank,0.007702419440534243,
main,main/rep1-stream0-regime0-d50/7,1,0,0,50,1.0,0.0,0.0,staggered-cycle,rank,0.00502319960241249,
main,main/rep1-stream0-regime0-d50/0,1,0,0,50,1.0,0.1,0.0,staggered-cycle,quadratic-ac,1.7538652141923847e-05,
main,main/rep1-stream0-regime0-d50/1,1,0,0,50,1.0,0.1,0.0,staggered-cycle,quadratic-ac,1.2158053439949361e-05,
main,main/rep1-stream0-regime0-d50/2,1,0,0,50,1.0,0.1,0.0,staggered-cycle,quadratic-ac,1.1065837087936817e-05,
main,main/rep1-stream0-regime0-d50/3,1,0,0,50,1.0,0.1,0.0,staggered-cycle,quadratic-ac,1.2408120534912836e-05,
main,main/rep1-stream0-regime0-d50/4,1,0,0,50,1.0,0.1,0.0,staggered-cycle,quadratic-ac,9.514510084990684e-06,
main,main/rep1-stream0-regime0-d50/5,1,0,0,50,1.0,0.1,0.0,staggered-cycle,quadratic-ac,1.2567753764932668e-05,
main,main/rep1-stream0-regime0-d50/6,1,0,0,50,1.0,0.1,0.0,staggered-cycle,quadratic-ac,1.4474145078095573e-05,
main,main/rep1-stream0-regime0-d50/7,1,0,0,50,1.0,0.1,0.0,staggered-cycle,quadratic-ac,2.3637605613148837e-05,
main,main/rep1-stream0-regime0-d50/0,1,0,0,50,1.0,0.1,0.0,staggered-cycle,quadratic-vc,1.5227663346106118e-05,
main,main/rep1-stream0-regime0-d50/1,1,0,0,50,1.0,0.1,0.0,staggered-cycle,quadratic-vc,1.2378821290029158e-05,
main,main/rep1-stream0-regime0-d50/2,1,0,0,50,1.0,0.1,0.0,staggered-cycle,quadratic-vc,1.1030254362046548e-05,
main,main/rep1-stream0-regime0-d50/3,1,0,0,50,1.0,0.1,0.0,staggered-cycle,quadratic-vc,1.1391170955083504e-05,
main,main/rep1-stream0-regime0-d50/4,1,0,0,50,1.0,0.1,0.0,staggered-cycle,quadratic-vc,9.664112231384999e-06,
main,main/rep1-stream0-regime0-d50/5,1,0,0,50,1.0,0.1,0.0,staggered-cycle,quadratic-vc,1.2334647661962788e-05,
main,main/rep1-stream0-regime0-d50/6,1,0,0,50,1.0,0.1,0.0,staggered-cycle,quadratic-vc,1.3996059093079193e-05,
main,main/rep1-stream0-regime0-d50/7,1,0,0,50,1.0,0.1,0.0,staggered-cycle,quadratic-vc,2.1687931727922454e-05,
main,main/rep1-stream0-regime0-d50/0,1,0,0,50,1.0,0.1,0.0,frames,quadratic-ac,1.7843244375010945e-05,
main,main/rep1-stream0-regime0-d50/1,1,0,0,50,1.0,0.1,0.0,frames,quadratic-ac,1.3811758828529523e-05,
main,main/rep1-stream0-regime0-d50/2,1,0,0,50,1.0,0.1,0.0,frames,quadratic-ac,1.6102299473850845e-05,
main,main/rep1-stream0-regime0-d50/3,1,0,0,50,1.0,0.1,0.0,frames,quadratic-ac,2.1330457485030226e-05,
main,main/rep1-stream0-regime0-d50/4,1,0,0,50,1.0,0.1,0.0,frames,quadratic-ac,1.3806082253256348e-05,
main,main/rep1-stream0-regime0-d50/5,1,0,0,50,1.0,0.1,0.0,frames,quadratic-ac,1.4838753945597261e-05,
main,main/rep1-stream0-regime0-d50/6,1,0,0,50,1.0,0.1,0.0,frames,quadratic-ac,1.5533041284816086e-05,
main,main/rep1-stream0-regime0-d50/7,1,0,0,50,1.0,0.1,0.0,frames,quadratic-ac,1.0872084762233582e-05,
main,main/rep1-stream0-regime0-d50/0,1,0,0,50,1.0,0.1,0.0,frames,quadratic-vc,1.7005138889369248e-05,
main,main/rep1-stream0-regime0-d50/1,1,0,0,50,1.0,0.1,0.0,frames,quadratic-vc,1.2600544540927637e-05,
main,main/rep1-stream0-regime0-d50/2,1,0,0,50,1.0,0.1,0.0,frames,quadratic-vc,1.5452424294666313e-05,
main,main/rep1-stream0-regime0-d50/3,1,0,0,50,1.0,0.1,0.0,frames,quadratic-vc,2.0888434074333725e-05,
main,main/rep1-stream0-regime0-d50/4,1,0,0,50,1.0,0.1,0.0,frames,quadratic-vc,1.3267403849750814e-05,
main,main/rep1-stream0-regime0-d50/5,1,0,0,50,1.0,0.1,0.0,frames,quadratic-vc,1.4688682711441083e-05,
main,main/rep1-stream0-regime0-d50/6,1,0,0,50,1.0,0.1,0.0,frames,quadratic-vc,1.4541871920532349e-05,
main,main/rep1-stream0-regime0-d50/7,1,0,0,50,1.0,0.1,0.0,frames,quadratic-vc,1.095313963689508e-05,
main,main/rep1-stream0-regime0-d50/0,1,0,0,50,1.0,0.1,0.0,staggered-cycle,rank,0.02568562669100153,
main,main/rep1-stream0-regime0-d50/1,1,0,0,50,1.0,0.1,0.0,staggered-cycle,rank,0.024484192773146986,
main,main/rep1-stream0-regime0-d50/2,1,0,0,50,1.0,0.1,0.0,staggered-cycle,rank,0.020692478029100056,
main,main/rep1-stream0-regime0-d50/3,1,0,0,50,1.0,0.1,0.0,staggered-cycle,rank,0.05002824856929896,
main,main/rep1-stream0-regime0-d50/4,1,0,0,50,1.0,0.1,0.0,staggered-cycle,rank,0.0169933718843677,
main,main/rep1-stream0-regime0-d50/5,1,0,0,50,1.0,0.1,0.0,staggered-cycle,rank,0.01821291170924494,
main,main/rep1-stream0-regime0-d50/6,1,0,0,50,1.0,0.1,0.0,staggered-cycle,rank,0.007530066138749521,
main,main/rep1-stream0-regime0-d50/7,1,0,0,50,1.0,0.1,0.0,staggered-cycle,rank,0.004897980979002762,
main,main/rep1-stream0-regime0-d50/0,1,0,0,50,1.0,1.0,0.0,staggered-cycle,quadratic-ac,1.594122294471782e-05,
main,main/rep1-stream0-regime0-d50/1,1,0,0,50,1.0,1.0,0.0,staggered-cycle,quadratic-ac,1.3133625292042016e-05,
main,main/rep1-stream0-regime0-d50/2,1,0,0,50,1.0,1.0,0.0,staggered-cycle,quadratic-ac,9.697783806828065e-06,
main,main/rep1-stream0-regime0-d50/3,1,0,0,50,1.0,1.0,0.0,staggered-cycle,quadratic-ac,1.582506999912854e-05,
main,main/rep1-stream0-regime0-d50/4,1,0,0,50,1.0,1.0,0.0,staggered-cycle,quadratic-ac,1.3030361546923702e-05,
main,main/rep1-stream0-regime0-d50/5,1,0,0,50,1.0,1.0,0.0,staggered-cycle,quadratic-ac,3.0222226860789766e-05,
main,main/rep1-stream0-regime0-d50/6,1,0,0,50,1.0,1.0,0.0,staggered-cycle,quadratic-ac,1.2941043965683452e-05,
main,main/rep1-stream0-regime0-d50/7,1,0,0,50,1.0,1.0,0.0,staggered-cycle,quadratic-ac,1.0197846628438282e-05,
main,main/rep1-stream0-regime0-d50/0,1,0,0,50,1.0,1.0,0.0,staggered-cycle,quadratic-vc,1.4261757064217563e-05,
main,main/rep1-stream0-regime0-d50/1,1,0,0,50,1.0,1.0,0.0,staggered-cycle,quadratic-vc,1.3040107458413707e-05,
main,main/rep1-stream0-regime0-d50/2,1,0,0,50,1.0,1.0,0.0,staggered-cycle,quadratic-vc,8.880998919820992e-06,
main,main/rep1-stream0-regime0-d50/3,1,0,0,50,1.0,1.0,0.0,staggered-cycle,quadratic-vc,1.5402669716514443e-05,
main,main/rep1-stream0-regime0-d50/4,1,0,0,50,1.0,1.0,0.0,staggered-cycle,quadratic-vc,1.1814212558156517e-05,
main,main/rep1-stream0-regime0-d50/5,1,0,0,50,1.0,1.0,0.0,staggered-cycle,quadratic-vc,2.7570444118246816e-05,
main,main/rep1-stream0-regime0-d50/6,1,0,0,50,1.0,1.0,0.0,staggered-cycle,quadratic-vc,1.1937435758103808e-05,
main,main/rep1-stream0-regime0-d50/7,1,0,0,50,1.0,1.0,0.0,staggered-cycle,quadratic-vc,1.0151995255919748e-05,
main,main/rep1-stream0-regime0-d50/0,1,0,0,50,1.0,1.0,0.0,frames,quadratic-ac,1.6154076119236468e-05,
main,main/rep1-stream0-regime0-d50/1,1,0,0,50,1.0,1.0,0.0,frames,quadratic-ac,3.0268451642347255e-05,
main,main/rep1-stream0-regime0-d50/2,1,0,0,50,1.0,1.0,0.0,frames,quadratic-ac,2.354838164359954e-05,
main,main/rep1-stream0-regime0-d50/3,1,0,0,50,1.0,1.0,0.0,frames,quadratic-ac,1.9323801894713644e-05,
main,main/rep1-stream0-regime0-d50/4,1,0,0,50,1.0,1.0,0.0,frames,quadratic-ac,1.747433940790406e-05,
main,main/rep1-stream0-regime0-d50/5,1,0,0,50,1.0,1.0,0.0,frames,quadratic-ac,2.0951717721486142e-05,
main,main/rep1-stream0-regime0-d50/6,1,0,0,50,1.0,1.0,0.0,frames,quadratic-ac,2.1799797016753847e-05,
main,main/rep1-stream0-regime0-d50/7,1,0,0,50,1.0,1.0,0.0,frames,quadratic-ac,1.6727980717949837e-05,
main,main/rep1-stream0-regime0-d50/0,1,0,0,50,1.0,1.0,0.0,frames,quadratic-vc,1.6149230671352283e-05,
main,main/rep1-stream0-regime0-d50/1,1,0,0,50,1.0,1.0,0.0,frames,quadratic-vc,2.9166196348309307e-05,
main,main/rep1-stream0-regime0-d50/2,1,0,0,50,1.0,1.0,0.0,frames,quadratic-vc,2.331142544032258e-05,
main,main/rep1-stream0-regime0-d50/3,1,0,0,50,1.0,1.0,0.0,frames,quadratic-vc,1.803996557843741e-05,
main,main/rep1-stream0-regime0-d50/4,1,0,0,50,1.0,1.0,0.0,frames,quadratic-vc,1.751093500773796e-05,
main,main/rep1-stream0-regime0-d50/5,1,0,0,50,1.0,1.0,0.0,frames,quadratic-vc,2.0055433098376336e-05,
main,main/rep1-stream0-regime0-d50/6,1,0,0,50,1.0,1.0,0.0,frames,quadratic-vc,2.1857280845499476e-05,
main,main/rep1-stream0-regime0-d50/7,1,0,0,50,1.0,1.0,0.0,frames,quadratic-vc,1.6746368131590914e-05,
main,main/rep1-stream0-regime0-d50/0,1,0,0,50,1.0,1.0,0.0,staggered-cycle,rank,0.023689552447733686,
main,main/rep1-stream0-regime0-d50/1,1,0,0,50,1.0,1.0,0.0,staggered-cycle,rank,0.021072775980801147,
main,main/rep1-stream0-regime0-d50/2,1,0,0,50,1.0,1.0,0.0,staggered-cycle,rank,0.020028245625512246,
main,main/rep1-stream0-regime0-d50/3,1,0,0,50,1.0,1.0,0.0,staggered-cycle,rank,0.04725819284946333,
main,main/rep1-stream0-regime0-d50/4,1,0,0,50,1.0,1.0,0.0,staggered-cycle,rank,0.01577796026702754,
main,main/rep1-stream0-regime0-d50/5,1,0,0,50,1.0,1.0,0.0,staggered-cycle,rank,0.01626528943738322,
main,main/rep1-stream0-regime0-d50/6,1,0,0,50,1.0,1.0,0.0,staggered-cycle,rank,0.007061868777336286,
main,main/rep1-stream0-regime0-d50/7,1,0,0,50,1.0,1.0,0.0,staggered-cycle,rank,0.0055625805681417916,
main,main/rep1-stream0-regime0-d50/0,1,0,0,50,1.0,10.0,0.0,staggered-cycle,quadratic-ac,2.7901267953818804e-05,
main,main/rep1-stream0-regime0-d50/1,1,0,0,50,1.0,10.0,0.0,staggered-cycle,quadratic-ac,5.9512873436689086e-05,
main,main/rep1-stream0-regime0-d50/2,1,0,0,50,1.0,10.0,0.0,staggered-cycle,quadratic-ac,6.730675386382195e-05,
main,main/rep1-stream0-regime0-d50/3,1,0,0,50,1.0,10.0,0.0,staggered-cycle,quadratic-ac,5.559602916442034e-05,
main,main/rep1-stream0-regime0-d50/4,1,0,0,50,1.0,10.0,0.0,staggered-cycle,quadratic-ac,5.241559231876054e-05,
main,main/rep1-stream0-regime0-d50/5,1,0,0,50,1.0,10.0,0.0,staggered-cycle,quadratic-ac,6.0329525358768375e-05,
main,main/rep1-stream0-regime0-d50/6,1,0,0,50,1.0,10.0,0.0,staggered-cycle,quadratic-ac,6.359163828159925e-05,
main,main/rep1-stream0-regime0-d50/7,1,0,0,50,1.0,10.0,0.0,staggered-cycle,quadratic-ac,4.2269527780182084e-05,
main,main/rep1-stream0-regime0-d50/0,1,0,0,50,1.0,10.0,0.0,staggered-cycle,quadratic-vc,2.5926752389206732e-05,
main,main/rep1-stream0-regime0-d50/1,1,0,0,50,1.0,10.0,0.0,staggered-cycle,quadratic-vc,5.9278648103776054e-05,
main,main/rep1-stream0-regime0-d50/2,1,0,0,50,1.0,10.0,0.0,staggered-cycle,quadratic-vc,6.66907952011758e-05,
main,main/rep1-stream0-regime0-d50/3,1,0,0,50,1.0,10.0,0.0,staggered-cycle,quadratic-vc,5.6056285320357333e-05,
main,main/rep1-stream0-regime0-d50/4,1,0,0,50,1.0,10.0,0.0,staggered-cycle,quadratic-vc,5.2404297609410486e-05,
main,main/rep1-stream0-regime0-d50/5,1,0,0,50,1.0,10.0,0.0,staggered-cycle,quadratic-vc,5.991556182965097e-05,
main,main/rep1-stream0-regime0-d50/6,1,0,0,50,1.0,10.0,0.0,staggered-cycle,quadratic-vc,5.769044444819966e-05,
main,main/rep1-stream0-regime0-d50/7,1,0,0,50,1.0,10.0,0.0,staggered-cycle,quadratic-vc,3.593708434113158e-05,
main,main/rep1-stream0-regime0-d50/0,1,0,0,50,1.0,10.0,0.0,frames,quadratic-ac,8.150698706612349e-05,
main,main/rep1-stream0-regime0-d50/1,1,0,0,50,1.0,10.0,0.0,frames,quadratic-ac,9.9477282078221e-05,
main,main/rep1-stream0-regime0-d50/2,1,0,0,50,1.0,10.0,0.0,frames,quadratic-ac,7.864270230958802e-05,
main,main/rep1-stream0-regime0-d50/3,1,0,0,50,1.0,10.0,0.0,frames,quadratic-ac,6.874809674612535e-05,
main,main/rep1-stream0-regime0-d50/4,1,0,0,50,1.0,10.0,0.0,frames,quadratic-ac,0.00011055784962023488,
main,main/rep1-stream0-regime0-d50/5,1,0,0,50,1.0,10.0,0.0,frames,quadratic-ac,6.715712721617539e-05,
main,main/rep1-stream0-regime0-d50/6,1,0,0,50,1.0,10.0,0.0,frames,quadratic-ac,6.929306211376788e-05,
main,main/rep1-stream0-regime0-d50/7,1,0,0,50,1.0,10.0,0.0,frames,quadratic-ac,9.44238930976518e-05,
main,main/rep1-stream0-regime0-d50/0,1,0,0,50,1.0,10.0,0.0,frames,quadratic-vc,7.563261711202462e-05,
main,main/rep1-stream0-regime0-d50/1,1,0,0,50,1.0,10.0,0.0,frames,quadratic-vc,0.00010105380986508774,
main,main/rep1-stream0-regime0-d50/2,1,0,0,50,1.0,10.0,0.0,frames,quadratic-vc,7.335648733180098e-05,
main,main/rep1-stream0-regime0-d50/3,1,0,0,50,1.0,10.0,0.0,frames,quadratic-vc,6.947959246741809e-05,
main,main/rep1-stream0-regime0-d50/4,1,0,0,50,1.0,10.0,0.0,frames,quadratic-vc,9.74792777671217e-05,
main,main/rep1-stream0-regime0-d50/5,1,0,0,50,1.0,10.0,0.0,frames,quadratic-vc,6.993343974993447e-05,
main,main/rep1-stream0-regime0-d50/6,1,0,0,50,1.0,10.0,0.0,frames,quadratic-vc,7.47653113410507e-05,
main,main/rep1-stream0-regime0-d50/7,1,0,0,50,1.0,10.0,0.0,frames,quadratic-vc,8.887577564286999e-05,
main,main/rep1-stream0-regime0-d50/0,1,0,0,50,1.0,10.0,0.0,staggered-cycle,rank,0.013989212378385274,
main,main/rep1-stream0-regime0-d50/1,1,0,0,50,1.0,10.0,0.0,staggered-cycle,rank,0.022962028071715813,
main,main/rep1-stream0-regime0-d50/2,1,0,0,50,1.0,10.0,0.0,staggered-cycle,rank,0.036522335395241926,
main,main/rep1-stream0-regime0-d50/3,1,0,0,50,1.0,10.0,0.0,staggered-cycle,rank,0.039287959888563616,
main,main/rep1-stream0-regime0-d50/4,1,0,0,50,1.0,10.0,0.0,staggered-cycle,rank,0.03886391987451264,
main,main/rep1-stream0-regime0-d50/5,1,0,0,50,1.0,10.0,0.0,staggered-cycle,rank,0.043303967152397996,
main,main/rep1-stream0-regime0-d50/6,1,0,0,50,1.0,10.0,0.0,staggered-cycle,rank,0.029965441308255108,
main,main/rep1-stream0-regime0-d50/7,1,0,0,50,1.0,10.0,0.0,staggered-cycle,rank,0.05119565608901059,
main,main/rep1-stream0-regime1-d20/0,1,0,1,20,1.0,0.0,0.0,staggered-cycle,quadratic-ac,8.415980239013962e-05,
main,main/rep1-stream0-regime1-d20/1,1,0,1,20,1.0,0.0,0.0,staggered-cycle,quadratic-ac,6.160316456554104e-05,
main,main/rep1-stream0-regime1-d20/2,1,0,1,20,1.0,0.0,0.0,staggered-cycle,quadratic-ac,5.57673490281235e-05,
main,main/rep1-stream0-regime1-d20/3,1,0,1,20,1.0,0.0,0.0,staggered-cycle,quadratic-ac,5.6490999225034776e-05,
main,main/rep1-stream0-regime1-d20/4,1,0,1,20,1.0,0.0,0.0,staggered-cycle,quadratic-ac,0.00020792180382485769,
main,main/rep1-stream0-regime1-d20/5,1,0,1,20,1.0,0.0,0.0,staggered-cycle,quadratic-ac,8.246010146150218e-05,
main,main/rep1-stream0-regime1-d20/6,1,0,1,20,1.0,0.0,0.0,staggered-cycle,quadratic-ac,7.035166834889969e-05,
main,main/rep1-stream0-regime1-d20/7,1,0,1,20,1.0,0.0,0.0,staggered-cycle,quadratic-ac,7.039512148077316e-05,
main,main/rep1-stream0-regime1-d20/0,1,0,1,20,1.0,0.0,0.0,staggered-cycle,quadratic-vc,8.181237973032544e-05,
main,main/rep1-stream0-regime1-d20/1,1,0,1,20,1.0,0.0,0.0,staggered-cycle,quadratic-vc,5.211815718718479e-05,
main,main/rep1-stream0-regime1-d20/2,1,0,1,20,1.0,0.0,0.0,staggered-cycle,quadratic-vc,5.683872309833068e-05,
main,main/rep1-stream0-regime1-d20/3,1,0,1,20,1.0,0.0,0.0,staggered-cycle,quadratic-vc,5.647623201656565e-05,
main,main/rep1-stream0-regime1-d20/4,1,0,1,20,1.0,0.0,0.0,staggered-cycle,quadratic-vc,0.00020640350584590192,
main,main/rep1-stream0-regime1-d20/5,1,0,1,20,1.0,0.0,0.0,staggered-cycle,quadratic-vc,7.676873654748535e-05,
main,main/rep1-stream0-regime1-d20/6,1,0,1,20,1.0,0.0,0.0,staggered-cycle,quadratic-vc,6.941587073475319e-05,
main,main/rep1-stream0-regime1-d20/7,1,0,1,20,1.0,0.0,0.0,staggered-cycle,quadratic-vc,6.792612606461655e-05,
main,main/rep1-stream0-regime1-d20/0,1,0,1,20,1.0,0.0,0.0,frames,quadratic-ac,9.154638944695871e-05,
main,main/rep1-stream0-regime1-d20/1,1,0,1,20,1.0,0.0,0.0,frames,quadratic-ac,7.205190242312041e-05,
main,main/rep1-stream0-regime1-d20/2,1,0,1,20,1.0,0.0,0.0,frames,quadratic-ac,3.838610600438287e-05,
main,main/rep1-stream0-regime1-d20/3,1,0,1,20,1.0,0.0,0.0,frames,quadratic-ac,8.214888287083643e-05,
main,main/rep1-stream0-regime1-d20/4,1,0,1,20,1.0,0.0,0.0,frames,quadratic-ac,6.46742945871443e-05,
main,main/rep1-stream0-regime1-d20/5,1,0,1,20,1.0,0.0,0.0,frames,quadratic-ac,9.563526813227717e-05,
main,main/rep1-stream0-regime1-d20/6,1,0,1,20,1.0,0.0,0.0,frames,quadratic-ac,4.36690944583205e-05,
main,main/rep1-stream0-regime1-d20/7,1,0,1,20,1.0,0.0,0.0,frames,quadratic-ac,3.755754476373974e-05,
main,main/rep1-stream0-regime1-d20/0,1,0,1,20,1.0,0.0,0.0,frames,quadratic-vc,9.079572954813967e-05,
main,main/rep1-stream0-regime1-d20/1,1,0,1,20,1.0,0.0,0.0,frames,quadratic-vc,7.202491328103946e-05,
main,main/rep1-stream0-regime1-d20/2,1,0,1,20,1.0,0.0,0.0,frames,quadratic-vc,3.413316272220034e-05,
main,main/rep1-stream0-regime1-d20/3,1,0,1,20,1.0,0.0,0.0,frames,quadratic-vc,7.634073557029654e-05,
main,main/rep1-stream0-regime1-d20/4,1,0,1,20,1.0,0.0,0.0,frames,quadratic-vc,6.610076640448166e-05,
main,main/rep1-stream0-regime1-d20/5,1,0,1,20,1.0,0.0,0.0,frames,quadratic-vc,9.97984206413956e-05,
main,main/rep1-stream0-regime1-d20/6,1,0,1,20,1.0,0.0,0.0,frames,quadratic-vc,4.821045036091705e-05,
main,main/rep1-stream0-regime1-d20/7,1,0,1,20,1.0,0.0,0.0,frames,quadratic-vc,3.557288251973168e-05,
main,main/rep1-stream0-regime1-d20/0,1,0,1,20,1.0,0.0,0.0,staggered-cycle,rank,0.009938617154831762,
main,main/rep1-stream0-regime1-d20/1,1,0,1,20,1.0,0.0,0.0,staggered-cycle,rank,0.009600565973302819,
main,main/rep1-stream0-regime1-d20/2,1,0,1,20,1.0,0.0,0.0,staggered-cycle,rank,0.028457108288387097,
main,main/rep1-stream0-regime1-d20/3,1,0,1,20,1.0,0.0,0.0,staggered-cycle,rank,0.008950622331513475,
main,main/rep1-stream0-regime1-d20/4,1,0,1,20,1.0,0.0,0.0,staggered-cycle,rank,0.022387857233895685,
main,main/rep1-stream0-regime1-d20/5,1,0,1,20,1.0,0.0,0.0,staggered-cycle,rank,0.018361584128644765,
main,main/rep1-stream0-regime1-d20/6,1,0,1,20,1.0,0.0,0.0,staggered-cycle,rank,0.00917928411927476,
main,main/rep1-stream0-regime1-d20/7,1,0,1,20,1.0,0.0,0.0,staggered-cycle,rank,0.13716306152703334,
main,main/rep1-stream0-regime1-d20/0,1,0,1,20,1.0,0.1,0.0,staggered-cycle,quadratic-ac,8.059090777965848e-05,
main,main/rep1-stream0-regime1-d20/1,1,0,1,20,1.0,0.1,0.0,staggered-cycle,quadratic-ac,2.797558389946676e-05,
main,main/rep1-stream0-regime1-d20/2,1,0,1,20,1.0,0.1,0.0,staggered-cycle,quadratic-ac,5.101007358146157e-05,
main,main/rep1-stream0-regime1-d20/3,1,0,1,20,1.0,0.1,0.0,staggered-cycle,quadratic-ac,2.6493578621885772e-05,
main,main/rep1-stream0-regime1-d20/4,1,0,1,20,1.0,0.1,0.0,staggered-cycle,quadratic-ac,6.178137481801514e-05,
main,main/rep1-stream0-regime1-d20/5,1,0,1,20,1.0,0.1,0.0,staggered-cycle,quadratic-ac,6.336680707560294e-05,
main,main/rep1-stream0-regime1-d20/6,1,0,1,20,1.0,0.1,0.0,staggered-cycle,quadratic-ac,2.3906466854624293e-05,
main,main/rep1-stream0-regime1-d20/7,1,0,1,20,1.0,0.1,0.0,staggered-cycle,quadratic-ac,7.868570873177564e-05,
main,main/rep1-stream0-regime1-d20/0,1,0,1,20,1.0,0.1,0.0,staggered-cycle,quadratic-vc,7.433788775510526e-05,
main,main/rep1-stream0-regime1-d20/1,1,0,1,20,1.0,0.1,0.0,staggered-cycle,quadratic-vc,2.7859985370309184e-05,
main,main/rep1-stream0-regime1-d20/2,1,0,1,20,1.0,0.1,0.0,staggered-cycle,quadratic-vc,4.990973646700695e-05,
main,main/rep1-stream0-regime1-d20/3,1,0,1,20,1.0,0.1,0.0,staggered-cycle,quadratic-vc,2.141901816660823e-05,
main,main/rep1-stream0-regime1-d20/4,1,0,1,20,1.0,0.1,0.0,staggered-cycle,quadratic-vc,6.103333390332297e-05,
main,main/rep1-stream0-regime1-d20/5,1,0,1,20,1.0,0.1,0.0,staggered-cycle,quadratic-vc,6.146621343433432e-05,
main,main/rep1-stream0-regime1-d20/6,1,0,1,20,1.0,0.1,0.0,staggered-cycle,quadratic-vc,2.743206141454474e-05,
main,main/rep1-stream0-regime1-d20/7,1,0,1,20,1.0,0.1,0.0,staggered-cycle,quadratic-vc,7.160040716471237e-05,
main,main/rep1-stream0-regime1-d20/0,1,0,1,20,1.0,0.1,0.0,frames,quadratic-ac,0.00010161418688738382,
main,main/rep1-stream0-regime1-d20/1,1,0,1,20,1.0,0.1,0.0,frames,quadratic-ac,0.00016162684686427798,
main,main/rep1-stream0-regime1-d20/2,1,0,1,20,1.0,0.1,0.0,frames,quadratic-ac,2.7622637700687728e-05,
main,main/rep1-stream0-regime1-d20/3,1,0,1,20,1.0,0.1,0.0,frames,quadratic-ac,9.629719064038358e-05,
main,main/rep1-stream0-regime1-d20/4,1,0,1,20,1.0,0.1,0.0,frames,quadratic-ac,9.773517708958048e-05,
main,main/rep1-stream0-regime1-d20/5,1,0,1,20,1.0,0.1,0.0,frames,quadratic-ac,5.407647835177392e-05,
main,main/rep1-stream0-regime1-d20/6,1,0,1,20,1.0,0.1,0.0,frames,quadratic-ac,4.745441714219879e-05,
main,main/rep1-stream0-regime1-d20/7,1,0,1,20,1.0,0.1,0.0,frames,quadratic-ac,6.183852196764515e-05,
main,main/rep1-stream0-regime1-d20/0,1,0,1,20,1.0,0.1,0.0,frames,quadratic-vc,9.675781734458066e-05,
main,main/rep1-stream0-regime1-d20/1,1,0,1,20,1.0,0.1,0.0,frames,quadratic-vc,0.00014511814063689326,
main,main/rep1-stream0-regime1-d20/2,1,0,1,20,1.0,0.1,0.0,frames,quadratic-vc,2.977196937304981e-05,
main,main/rep1-stream0-regime1-d20/3,1,0,1,20,1.0,0.1,0.0,frames,quadratic-vc,7.254874812665441e-05,
main,main/rep1-stream0-regime1-d20/4,1,0,1,20,1.0,0.1,0.0,frames,quadratic-vc,0.00010344904676326706,
main,main/rep1-stream0-regime1-d20/5,1,0,1,20,1.0,0.1,0.0,frames,quadratic-vc,4.849532240451772e-05,
main,main/rep1-stream0-regime1-d20/6,1,0,1,20,1.0,0.1,0.0,frames,quadratic-vc,4.484110334798432e-05,
main,main/rep1-stream0-regime1-d20/7,1,0,1,20,1.0,0.1,0.0,frames,quadratic-vc,5.2629511516243845e-05,
main,main/rep1-stream0-regime1-d20/0,1,0,1,20,1.0,0.1,0.0,staggered-cycle,rank,0.009937350345881982,
main,main/rep1-stream0-regime1-d20/1,1,0,1,20,1.0,0.1,0.0,staggered-cycle,rank,0.00937226968740167,
main,main/rep1-stream0-regime1-d20/2,1,0,1,20,1.0,0.1,0.0,staggered-cycle,rank,0.028195889195052743,
main,main/rep1-stream0-regime1-d20/3,1,0,1,20,1.0,0.1,0.0,staggered-cycle,rank,0.00909183890890798,
main,main/rep1-stream0-regime1-d20/4,1,0,1,20,1.0,0.1,0.0,staggered-cycle,rank,0.022387922429921447,
main,main/rep1-stream0-regime1-d20/5,1,0,1,20,1.0,0.1,0.0,staggered-cycle,rank,0.018496291160422833,
main,main/rep1-stream0-regime1-d20/6,1,0,1,20,1.0,0.1,0.0,staggered-cycle,rank,0.00963771192951456,
main,main/rep1-stream0-regime1-d20/7,1,0,1,20,1.0,0.1,0.0,staggered-cycle,rank,0.1372532181857743,
main,main/rep1-stream0-regime1-d20/0,1,0,1,20,1.0,1.0,0.0,staggered-cycle,quadratic-ac,8.082642398006159e-05,
main,main/rep1-stream0-regime1-d20/1,1,0,1,20,1.0,1.0,0.0,staggered-cycle,quadratic-ac,6.690548425344512e-05,
main,main/rep1-stream0-regime1-d20/2,1,0,1,20,1.0,1.0,0.0,staggered-cycle,quadratic-ac,7.726163706160454e-05,
main,main/rep1-stream0-regime1-d20/3,1,0,1,20,1.0,1.0,0.0,staggered-cycle,quadratic-ac,7.062980800876271e-05,
main,main/rep1-stream0-regime1-d20/4,1,0,1,20,1.0,1.0,0.0,staggered-cycle,quadratic-ac,2.8444273024962296e-05,
main,main/rep1-stream0-regime1-d20/5,1,0,1,20,1.0,1.0,0.0,staggered-cycle,quadratic-ac,0.00015470001546798523,
main,main/rep1-stream0-regime1-d20/6,1,0,1,20,1.0,1.0,0.0,staggered-cycle,quadratic-ac,4.419388384243421e-05,
main,main/rep1-stream0-regime1-d20/7,1,0,1,20,1.0,1.0,0.0,staggered-cycle,quadratic-ac,0.00010537278996790581,
main,main/rep1-stream0-regime1-d20/0,1,0,1,20,1.0,1.0,0.0,staggered-cycle,quadratic-vc,7.759143804281438e-05,
main,main/rep1-stream0-regime1-d20/1,1,0,1,20,1.0,1.0,0.0,staggered-cycle,quadratic-vc,6.948886103030222e-05,
main,main/rep1-stream0-regime1-d20/2,1,0,1,20,1.0,1.0,0.0,staggered-cycle,quadratic-vc,6.878203940168702e-05,
main,main/rep1-stream0-regime1-d20/3,1,0,1,20,1.0,1.0,0.0,staggered-cycle,quadratic-vc,7.400847442083239e-05,
main,main/rep1-stream0-regime1-d20/4,1,0,1,20,1.0,1.0,0.0,staggered-cycle,quadratic-vc,3.4379941967006956e-05,
main,main/rep1-stream0-regime1-d20/5,1,0,1,20,1.0,1.0,0.0,staggered-cycle,quadratic-vc,0.00012504643263124197,
main,main/rep1-stream0-regime1-d20/6,1,0,1,20,1.0,1.0,0.0,staggered-cycle,quadratic-vc,4.4282558752279424e-05,
main,main/rep1-stream0-regime1-d20/7,1,0,1,20,1.0,1.0,0.0,staggered-cycle,quadratic-vc,8.392889948530984e-05,
main,main/rep1-stream0-regime1-d20/0,1,0,1,20,1.0,1.0,0.0,frames,quadratic-ac,5.9289883483857674e-05,
main,main/rep1-stream0-regime1-d20/1,1,0,1,20,1.0,1.0,0.0,frames,quadratic-ac,0.0001278288140656802,
main,main/rep1-stream0-regime1-d20/2,1,0,1,20,1.0,1.0,0.0,frames,quadratic-ac,7.698830139043492e-05,
main,main/rep1-stream0-regime1-d20/3,1,0,1,20,1.0,1.0,0.0,frames,quadratic-ac,4.835125738615829e-05,
main,main/rep1-stream0-regime1-d20/4,1,0,1,20,1.0,1.0,0.0,frames,quadratic-ac,9.474484083582713e-05,
main,main/rep1-stream0-regime1-d20/5,1,0,1,20,1.0,1.0,0.0,frames,quadratic-ac,0.00017494913601726156,
main,main/rep1-stream0-regime1-d20/6,1,0,1,20,1.0,1.0,0.0,frames,quadratic-ac,0.00012996718669272076,
main,main/rep1-stream0-regime1-d20/7,1,0,1,20,1.0,1.0,0.0,frames,quadratic-ac,0.0002151082541375158,
main,main/rep1-stream0-regime1-d20/0,1,0,1,20,1.0,1.0,0.0,frames,quadratic-vc,6.511113848614059e-05,
main,main/rep1-stream0-regime1-d20/1,1,0,1,20,1.0,1.0,0.0,frames,quadratic-vc,0.00011887809284225545,
main,main/rep1-stream0-regime1-d20/2,1,0,1,20,1.0,1.0,0.0,frames,quadratic-vc,7.46033342471599e-05,
main,main/rep1-stream0-regime1-d20/3,1,0,1,20,1.0,1.0,0.0,frames,quadratic-vc,5.275074865520154e-05,
main,main/rep1-stream0-regime1-d20/4,1,0,1,20,1.0,1.0,0.0,frames,quadratic-vc,8.45254868893384e-05,
main,main/rep1-stream0-regime1-d20/5,1,0,1,20,1.0,1.0,0.0,frames,quadratic-vc,0.0001704863649890356,
main,main/rep1-stream0-regime1-d20/6,1,0,1,20,1.0,1.0,0.0,frames,quadratic-vc,0.00012916723247317162,
main,main/rep1-stream0-regime1-d20/7,1,0,1,20,1.0,1.0,0.0,frames,quadratic-vc,0.00019178314354074486,
main,main/rep1-stream0-regime1-d20/0,1,0,1,20,1.0,1.0,0.0,staggered-cycle,rank,0.009790507010378303,
main,main/rep1-stream0-regime1-d20/1,1,0,1,20,1.0,1.0,0.0,staggered-cycle,rank,0.009480307910754316,
main,main/rep1-stream0-regime1-d20/2,1,0,1,20,1.0,1.0,0.0,staggered-cycle,rank,0.02762381531266935,
main,main/rep1-stream0-regime1-d20/3,1,0,1,20,1.0,1.0,0.0,staggered-cycle,rank,0.010196695752941017,
main,main/rep1-stream0-regime1-d20/4,1,0,1,20,1.0,1.0,0.0,staggered-cycle,rank,0.02071103898542591,
main,main/rep1-stream0-regime1-d20/5,1,0,1,20,1.0,1.0,0.0,staggered-cycle,rank,0.0137900192403663,
main,main/rep1-stream0-regime1-d20/6,1,0,1,20,1.0,1.0,0.0,staggered-cycle,rank,0.008333321826183704,
main,main/rep1-stream0-regime1-d20/7,1,0,1,20,1.0,1.0,0.0,staggered-cycle,rank,0.1222986079291307,
main,main/rep1-stream0-regime1-d20/0,1,0,1,20,1.0,10.0,0.0,staggered-cycle,quadratic-ac,0.0003408963765321937,
main,main/rep1-stream0-regime1-d20/1,1,0,1,20,1.0,10.0,0.0,staggered-cycle,quadratic-ac,0.0002405235865269458,
main,main/rep1-stream0-regime1-d20/2,1,0,1,20,1.0,10.0,0.0,staggered-cycle,quadratic-ac,0.0003342060659786005,
main,main/rep1-stream0-regime1-d20/3,1,0,1,20,1.0,10.0,0.0,staggered-cycle,quadratic-ac,0.0006390457581958317,
main,main/rep1-stream0-regime1-d20/4,1,0,1,20,1.0,10.0,0.0,staggered-cycle,quadratic-ac,0.00035340934213298205,
main,main/rep1-stream0-regime1-d20/5,1,0,1,20,1.0,10.0,0.0,staggered-cycle,quadratic-ac,0.0002858770311217547,
main,main/rep1-stream0-regime1-d20/6,1,0,1,20,1.0,10.0,0.0,staggered-cycle,quadratic-ac,0.0004584931037220593,
main,main/rep1-stream0-regime1-d20/7,1,0,1,20,1.0,10.0,0.0,staggered-cycle,quadratic-ac,0.0003742639800297621,
main,main/rep1-stream0-regime1-d20/0,1,0,1,20,1.0,10.0,0.0,staggered-cycle,quadratic-vc,0.0003756552294781647,
main,main/rep1-stream0-regime1-d20/1,1,0,1,20,1.0,10.0,0.0,staggered-cycle,quadratic-vc,0.00024366099044734283,
main,main/rep1-stream0-regime1-d20/2,1,0,1,20,1.0,10.0,0.0,staggered-cycle,quadratic-vc,0.0003355036107888239,
main,main/rep1-stream0-regime1-d20/3,1,0,1,20,1.0,10.0,0.0,staggered-cycle,quadratic-vc,0.0005357785104219642,
main,main/rep1-stream0-regime1-d20/4,1,0,1,20,1.0,10.0,0.0,staggered-cycle,quadratic-vc,0.0003297694073118342,
main,main/rep1-stream0-regime1-d20/5,1,0,1,20,1.0,10.0,0.0,staggered-cycle,quadratic-vc,0.0002723605571835391,
main,main/rep1-stream0-regime1-d20/6,1,0,1,20,1.0,10.0,0.0,staggered-cycle,quadratic-vc,0.0004323988013335994,
main,main/rep1-stream0-regime1-d20/7,1,0,1,20,1.0,10.0,0.0,staggered-cycle,quadratic-vc,0.0004114194952907725,
main,main/rep1-stream0-regime1-d20/0,1,0,1,20,1.0,10.0,0.0,frames,quadratic-ac,0.0005611322303350389,
main,main/rep1-stream0-regime1-d20/1,1,0,1,20,1.0,10.0,0.0,frames,quadratic-ac,0.0005946730070099322,
main,main/rep1-stream0-regime1-d20/2,1,0,1,20,1.0,10.0,0.0,frames,quadratic-ac,0.00047048938775848525,
main,main/rep1-stream0-regime1-d20/3,1,0,1,20,1.0,10.0,0.0,frames,quadratic-ac,0.0010558042618274317,
main,main/rep1-stream0-regime1-d20/4,1,0,1,20,1.0,10.0,0.0,frames,quadratic-ac,0.0007691413122809743,
main,main/rep1-stream0-regime1-d20/5,1,0,1,20,1.0,10.0,0.0,frames,quadratic-ac,0.0006067297749498868,
main,main/rep1-stream0-regime1-d20/6,1,0,1,20,1.0,10.0,0.0,frames,quadratic-ac,0.0005048200005795221,
main,main/rep1-stream0-regime1-d20/7,1,0,1,20,1.0,10.0,0.0,frames,quadratic-ac,0.0007156023965990658,
main,main/rep1-stream0-regime1-d20/0,1,0,1,20,1.0,10.0,0.0,frames,quadratic-vc,0.0005945427971300888,
main,main/rep1-stream0-regime1-d20/1,1,0,1,20,1.0,10.0,0.0,frames,quadratic-vc,0.0005738460051446042,
main,main/rep1-stream0-regime1-d20/2,1,0,1,20,1.0,10.0,0.0,frames,quadratic-vc,0.0004684080188827221,
main,main/rep1-stream0-regime1-d20/3,1,0,1,20,1.0,10.0,0.0,frames,quadratic-vc,0.0011855151535768165,
main,main/rep1-stream0-regime1-d20/4,1,0,1,20,1.0,10.0,0.0,frames,quadratic-vc,0.0007939428708275793,
main,main/rep1-stream0-regime1-d20/5,1,0,1,20,1.0,10.0,0.0,frames,quadratic-vc,0.0004998979333032158,
main,main/rep1-stream0-regime1-d20/6,1,0,1,20,1.0,10.0,0.0,frames,quadratic-vc,0.0005105942995317335,
main,main/rep1-stream0-regime1-d20/7,1,0,1,20,1.0,10.0,0.0,frames,quadratic-vc,0.0006826740537923034,
main,main/rep1-stream0-regime1-d20/0,1,0,1,20,1.0,10.0,0.0,staggered-cycle,rank,0.017123272347781528,
main,main/rep1-stream0-regime1-d20/1,1,0,1,20,1.0,10.0,0.0,staggered-cycle,rank,0.036250425997569544,
main,main/rep1-stream0-regime1-d20/2,1,0,1,20,1.0,10.0,0.0,staggered-cycle,rank,0.06848103162354087,
main,main/rep1-stream0-regime1-d20/3,1,0,1,20,1.0,10.0,0.0,staggered-cycle,rank,0.029356747541735458,
main,main/rep1-stream0-regime1-d20/4,1,0,1,20,1.0,10.0,0.0,staggered-cycle,rank,0.03399761150671173,
main,main/rep1-stream0-regime1-d20/5,1,0,1,20,1.0,10.0,0.0,staggered-cycle,rank,0.03682039619200025,
main,main/rep1-stream0-regime1-d20/6,1,0,1,20,1.0,10.0,0.0,staggered-cycle,rank,0.05596998942915098,
main,main/rep1-stream0-regime1-d20/7,1,0,1,20,1.0,10.0,0.0,staggered-cycle,rank,0.020247020163223415,
main,main/rep1-stream1-regime0-d10/0,1,1,0,10,1.0,0.0,0.0,staggered-cycle,quadratic-ac,0.00023813114454824736,
main,main/rep1-stream1-regime0-d10/1,1,1,0,10,1.0,0.0,0.0,staggered-cycle,quadratic-ac,4.0156852146633143e-05,
main,main/rep1-stream1-regime0-d10/2,1,1,0,10,1.0,0.0,0.0,staggered-cycle,quadratic-ac,0.00030108124726424307,
main,main/rep1-stream1-regime0-d10/3,1,1,0,10,1.0,0.0,0.0,staggered-cycle,quadratic-ac,0.0007564495561421141,
main,main/rep1-stream1-regime0-d10/4,1,1,0,10,1.0,0.0,0.0,staggered-cycle,quadratic-ac,0.0002030411616385963,
main,main/rep1-stream1-regime0-d10/5,1,1,0,10,1.0,0.0,0.0,staggered-cycle,quadratic-ac,0.00030582685834423703,
main,main/rep1-stream1-regime0-d10/6,1,1,0,10,1.0,0.0,0.0,staggered-cycle,quadratic-ac,0.00015728342031908702,
main,main/rep1-stream1-regime0-d10/7,1,1,0,10,1.0,0.0,0.0,staggered-cycle,quadratic-ac,0.0014173326917800136,
main,main/rep1-stream1-regime0-d10/0,1,1,0,10,1.0,0.0,0.0,staggered-cycle,quadratic-vc,0.0002165282860754417,
main,main/rep1-stream1-regime0-d10/1,1,1,0,10,1.0,0.0,0.0,staggered-cycle,quadratic-vc,3.6031725249092784e-05,
main,main/rep1-stream1-regime0-d10/2,1,1,0,10,1.0,0.0,0.0,staggered-cycle,quadratic-vc,0.0002783721671771997,
main,main/rep1-stream1-regime0-d10/3,1,1,0,10,1.0,0.0,0.0,staggered-cycle,quadratic-vc,0.0007096743923351377,
main,main/rep1-stream1-regime0-d10/4,1,1,0,10,1.0,0.0,0.0,staggered-cycle,quadratic-vc,0.0001993305443864037,
main,main/rep1-stream1-regime0-d10/5,1,1,0,10,1.0,0.0,0.0,staggered-cycle,quadratic-vc,0.00023860851131235342,
main,main/rep1-stream1-regime0-d10/6,1,1,0,10,1.0,0.0,0.0,staggered-cycle,quadratic-vc,0.00013710492516362757,
main,main/rep1-stream1-regime0-d10/7,1,1,0,10,1.0,0.0,0.0,staggered-cycle,quadratic-vc,0.0012429555683788785,
main,main/rep1-stream1-regime0-d10/0,1,1,0,10,1.0,0.0,0.0,frames,quadratic-ac,0.0003203319074383788,
main,main/rep1-stream1-regime0-d10/1,1,1,0,10,1.0,0.0,0.0,frames,quadratic-ac,0.0005844916331687044,
main,main/rep1-stream1-regime0-d10/2,1,1,0,10,1.0,0.0,0.0,frames,quadratic-ac,0.00022180648573432967,
main,main/rep1-stream1-regime0-d10/3,1,1,0,10,1.0,0.0,0.0,frames,quadratic-ac,0.00012812683979549738,
main,main/rep1-stream1-regime0-d10/4,1,1,0,10,1.0,0.0,0.0,frames,quadratic-ac,0.00017413502244143612,
main,main/rep1-stream1-regime0-d10/5,1,1,0,10,1.0,0.0,0.0,frames,quadratic-ac,0.0002590357811258789,
main,main/rep1-stream1-regime0-d10/6,1,1,0,10,1.0,0.0,0.0,frames,quadratic-ac,0.00037067787651863445,
main,main/rep1-stream1-regime0-d10/7,1,1,0,10,1.0,0.0,0.0,frames,quadratic-ac,0.0002455286061105847,
main,main/rep1-stream1-regime0-d10/0,1,1,0,10,1.0,0.0,0.0,frames,quadratic-vc,0.00033013944208516076,
main,main/rep1-stream1-regime0-d10/1,1,1,0,10,1.0,0.0,0.0,frames,quadratic-vc,0.000621639471793745,
main,main/rep1-stream1-regime0-d10/2,1,1,0,10,1.0,0.0,0.0,frames,quadratic-vc,0.00017819127863711361,
main,main/rep1-stream1-regime0-d10/3,1,1,0,10,1.0,0.0,0.0,frames,quadratic-vc,0.00011083414819809137,
main,main/rep1-stream1-regime0-d10/4,1,1,0,10,1.0,0.0,0.0,frames,quadratic-vc,0.00015966701945258315,
main,main/rep1-stream1-regime0-d10/5,1,1,0,10,1.0,0.0,0.0,frames,quadratic-vc,0.00021701639323360195,
main,main/rep1-stream1-regime0-d10/6,1,1,0,10,1.0,0.0,0.0,frames,quadratic-vc,0.00038366117559986677,
main,main/rep1-stream1-regime0-d10/7,1,1,0,10,1.0,0.0,0.0,frames,quadratic-vc,0.000247554685038566,
main,main/rep1-stream1-regime0-d10/0,1,1,0,10,1.0,0.0,0.0,staggered-cycle,rank,0.008542208444788611,
main,main/rep1-stream1-regime0-d10/1,1,1,0,10,1.0,0.0,0.0,staggered-cycle,rank,0.004182985472880082,
main,main/rep1-stream1-regime0-d10/2,1,1,0,10,1.0,0.0,0.0,staggered-cycle,rank,0.009038842109308855,
main,main/rep1-stream1-regime0-d10/3,1,1,0,10,1.0,0.0,0.0,staggered-cycle,rank,0.023096833919433114,
main,main/rep1-stream1-regime0-d10/4,1,1,0,10,1.0,0.0,0.0,staggered-cycle,rank,0.0021383888645638443,
main,main/rep1-stream1-regime0-d10/5,1,1,0,10,1.0,0.0,0.0,staggered-cycle,rank,0.010070192400997682,
main,main/rep1-stream1-regime0-d10/6,1,1,0,10,1.0,0.0,0.0,staggered-cycle,rank,0.00211595285063318,
main,main/rep1-stream1-regime0-d10/7,1,1,0,10,1.0,0.0,0.0,staggered-cycle,rank,0.0035180923191410504,
main,main/rep1-stream1-regime0-d10/0,1,1,0,10,1.0,0.1,0.0,staggered-cycle,quadratic-ac,4.983401017793875e-05,
main,main/rep1-stream1-regime0-d10/1,1,1,0,10,1.0,0.1,0.0,staggered-cycle,quadratic-ac,0.00015587568998974297,
main,main/rep1-stream1-regime0-d10/2,1,1,0,10,1.0,0.1,0.0,staggered-cycle,quadratic-ac,0.00017874283934897822,
main,main/rep1-stream1-regime0-d10/3,1,1,0,10,1.0,0.1,0.0,staggered-cycle,quadratic-ac,0.0008455374113735787,
main,main/rep1-stream1-regime0-d10/4,1,1,0,10,1.0,0.1,0.0,staggered-cycle,quadratic-ac,0.00029005058360188386,
main,main/rep1-stream1-regime0-d10/5,1,1,0,10,1.0,0.1,0.0,staggered-cycle,quadratic-ac,0.00022720460535360183,
main,main/rep1-stream1-regime0-d10/6,1,1,0,10,1.0,0.1,0.0,staggered-cycle,quadratic-ac,0.000303278979061466,
main,main/rep1-stream1-regime0-d10/7,1,1,0,10,1.0,0.1,0.0,staggered-cycle,quadratic-ac,0.0005334668050564241,
main,main/rep1-stream1-regime0-d10/0,1,1,0,10,1.0,0.1,0.0,staggered-cycle,quadratic-vc,2.745741402347649e-05,
main,main/rep1-stream1-regime0-d10/1,1,1,0,10,1.0,0.1,0.0,staggered-cycle,quadratic-vc,0.00014064188413341925,
main,main/rep1-stream1-regime0-d10/2,1,1,0,10,1.0,0.1,0.0,staggered-cycle,quadratic-vc,0.00015548104908975533,
main,main/rep1-stream1-regime0-d10/3,1,1,0,10,1.0,0.1,0.0,staggered-cycle,quadratic-vc,0.0008606618113129826,
main,main/rep1-stream1-regime0-d10/4,1,1,0,10,1.0,0.1,0.0,staggered-cycle,quadratic-vc,0.00025072448294862957,
main,main/rep1-stream1-regime0-d10/5,1,1,0,10,1.0,0.1,0.0,staggered-cycle,quadratic-vc,0.00017214649790356506,
main,main/rep1-stream1-regime0-d10/6,1,1,0,10,1.0,0.1,0.0,staggered-cycle,quadratic-vc,0.00030642512777946635,
main,main/rep1-stream1-regime0-d10/7,1,1,0,10,1.0,0.1,0.0,staggered-cycle,quadratic-vc,0.0004101774674638027,
main,main/rep1-stream1-regime0-d10/0,1,1,0,10,1.0,0.1,0.0,frames,quadratic-ac,0.00017380757537064406,
main,main/rep1-stream1-regime0-d10/1,1,1,0,10,1.0,0.1,0.0,frames,quadratic-ac,0.0002544442965383874,
main,main/rep1-stream1-regime0-d10/2,1,1,0,10,1.0,0.1,0.0,frames,quadratic-ac,0.00036218792715989766,
main,main/rep1-stream1-regime0-d10/3,1,1,0,10,1.0,0.1,0.0,frames,quadratic-ac,9.234982544236551e-05,
main,main/rep1-stream1-regime0-d10/4,1,1,0,10,1.0,0.1,0.0,frames,quadratic-ac,0.000203504118249792,
main,main/rep1-stream1-regime0-d10/5,1,1,0,10,1.0,0.1,0.0,frames,quadratic-ac,0.00012600088308791288,
main,main/rep1-stream1-regime0-d10/6,1,1,0,10,1.0,0.1,0.0,frames,quadratic-ac,0.00014693149009184202,
main,main/rep1-stream1-regime0-d10/7,1,1,0,10,1.0,0.1,0.0,frames,quadratic-ac,3.6450481324150795e-05,
main,main/rep1-stream1-regime0-d10/0,1,1,0,10,1.0,0.1,0.0,frames,quadratic-vc,0.00020188294154809412,
main,main/rep1-stream1-regime0-d10/1,1,1,0,10,1.0,0.1,0.0,frames,quadratic-vc,0.00023322382736632344,
main,main/rep1-stream1-regime0-d10/2,1,1,0,10,1.0,0.1,0.0,frames,quadratic-vc,0.00028592603606777923,
main,main/rep1-stream1-regime0-d10/3,1,1,0,10,1.0,0.1,0.0,frames,quadratic-vc,5.953254405500831e-05,
main,main/rep1-stream1-regime0-d10/4,1,1,0,10,1.0,0.1,0.0,frames,quadratic-vc,0.0001691078301211231,
main,main/rep1-stream1-regime0-d10/5,1,1,0,10,1.0,0.1,0.0,frames,quadratic-vc,0.0001015693258252166,
main,main/rep1-stream1-regime0-d10/6,1,1,0,10,1.0,0.1,0.0,frames,quadratic-vc,0.0001374581227908873,
main,main/rep1-stream1-regime0-d10/7,1,1,0,10,1.0,0.1,0.0,frames,quadratic-vc,2.864669088133081e-05,
main,main/rep1-stream1-regime0-d10/0,1,1,0,10,1.0,0.1,0.0,staggered-cycle,rank,0.007891812516299597,
main,main/rep1-stream1-regime0-d10/1,1,1,0,10,1.0,0.1,0.0,staggered-cycle,rank,0.003910122999710418,
main,main/rep1-stream1-regime0-d10/2,1,1,0,10,1.0,0.1,0.0,staggered-cycle,rank,0.00878897646808246,
main,main/rep1-stream1-regime0-d10/3,1,1,0,10,1.0,0.1,0.0,staggered-cycle,rank,0.023493142476453403,
main,main/rep1-stream1-regime0-d10/4,1,1,0,10,1.0,0.1,0.0,staggered-cycle,rank,0.0018635723602187166,
main,main/rep1-stream1-regime0-d10/5,1,1,0,10,1.0,0.1,0.0,staggered-cycle,rank,0.009645424043722308,
main,main/rep1-stream1-regime0-d10/6,1,1,0,10,1.0,0.1,0.0,staggered-cycle,rank,0.0023139431173204144,
main,main/rep1-stream1-regime0-d10/7,1,1,0,10,1.0,0.1,0.0,staggered-cycle,rank,0.0027233484343734144,
main,main/rep1-stream1-regime0-d10/0,1,1,0,10,1.0,1.0,0.0,staggered-cycle,quadratic-ac,8.505730871758719e-05,
main,main/rep1-stream1-regime0-d10/1,1,1,0,10,1.0,1.0,0.0,staggered-cycle,quadratic-ac,0.0006197738179453854,
main,main/rep1-stream1-regime0-d10/2,1,1,0,10,1.0,1.0,0.0,staggered-cycle,quadratic-ac,0.0005102081599312241,
main,main/rep1-stream1-regime0-d10/3,1,1,0,10,1.0,1.0,0.0,staggered-cycle,quadratic-ac,0.00034487888512513797,
main,main/rep1-stream1-regime0-d10/4,1,1,0,10,1.0,1.0,0.0,staggered-cycle,quadratic-ac,0.0001753589972979144,
main,main/rep1-stream1-regime0-d10/5,1,1,0,10,1.0,1.0,0.0,staggered-cycle,quadratic-ac,0.001103079966529093,
main,main/rep1-stream1-regime0-d10/6,1,1,0,10,1.0,1.0,0.0,staggered-cycle,quadratic-ac,0.00034844262316160215,
main,main/rep1-stream1-regime0-d10/7,1,1,0,10,1.0,1.0,0.0,staggered-cycle,quadratic-ac,0.00041228547017948164,
main,main/rep1-stream1-regime0-d10/0,1,1,0,10,1.0,1.0,0.0,staggered-cycle,quadratic-vc,6.43723684012542e-05,
main,main/rep1-stream1-regime0-d10/1,1,1,0,10,1.0,1.0,0.0,staggered-cycle,quadratic-vc,0.0006475781957293987,
main,main/rep1-stream1-regime0-d10/2,1,1,0,10,1.0,1.0,0.0,staggered-cycle,quadratic-vc,0.0005183515737871951,
main,main/rep1-stream1-regime0-d10/3,1,1,0,10,1.0,1.0,0.0,staggered-cycle,quadratic-vc,0.00032272309353685076,
main,main/rep1-stream1-regime0-d10/4,1,1,0,10,1.0,1.0,0.0,staggered-cycle,quadratic-vc,0.0001506792685457522,
main,main/rep1-stream1-regime0-d10/5,1,1,0,10,1.0,1.0,0.0,staggered-cycle,quadratic-vc,0.0010467815313189549,
main,main/rep1-stream1-regime0-d10/6,1,1,0,10,1.0,1.0,0.0,staggered-cycle,quadratic-vc,0.00034210528208299617,
main,main/rep1-stream1-regime0-d10/7,1,1,0,10,1.0,1.0,0.0,staggered-cycle,quadratic-vc,0.00031675941502740085,
main,main/rep1-stream1-regime0-d10/0,1,1,0,10,1.0,1.0,0.0,frames,quadratic-ac,0.00034462655349973796,
main,main/rep1-stream1-regime0-d10/1,1,1,0,10,1.0,1.0,0.0,frames,quadratic-ac,0.00017387448900880878,
main,main/rep1-stream1-regime0-d10/2,1,1,0,10,1.0,1.0,0.0,frames,quadratic-ac,0.00024210483385252526,
main,main/rep1-stream1-regime0-d10/3,1,1,0,10,1.0,1.0,0.0,frames,quadratic-ac,5.9400228443919625e-05,
main,main/rep1-stream1-regime0-d10/4,1,1,0,10,1.0,1.0,0.0,frames,quadratic-ac,0.00026443405225065587,
main,main/rep1-stream1-regime0-d10/5,1,1,0,10,1.0,1.0,0.0,frames,quadratic-ac,0.0002485533529686971,
main,main/rep1-stream1-regime0-d10/6,1,1,0,10,1.0,1.0,0.0,frames,quadratic-ac,0.0003203305984274189,
main,main/rep1-stream1-regime0-d10/7,1,1,0,10,1.0,1.0,0.0,frames,quadratic-ac,0.0004171045733549347,
main,main/rep1-stream1-regime0-d10/0,1,1,0,10,1.0,1.0,0.0,frames,quadratic-vc,0.00030488938758049664,
main,main/rep1-stream1-regime0-d10/1,1,1,0,10,1.0,1.0,0.0,frames,quadratic-vc,0.00016026014805640526,
main,main/rep1-stream1-regime0-d10/2,1,1,0,10,1.0,1.0,0.0,frames,quadratic-vc,0.00020663098572154,
main,main/rep1-stream1-regime0-d10/3,1,1,0,10,1.0,1.0,0.0,frames,quadratic-vc,5.134151156048932e-05,
main,main/rep1-stream1-regime0-d10/4,1,1,0,10,1.0,1.0,0.0,frames,quadratic-vc,0.0003027894323077482,
main,main/rep1-stream1-regime0-d10/5,1,1,0,10,1.0,1.0,0.0,frames,quadratic-vc,0.00028082064974926924,
main,main/rep1-stream1-regime0-d10/6,1,1,0,10,1.0,1.0,0.0,frames,quadratic-vc,0.00032480020294798533,
main,main/rep1-stream1-regime0-d10/7,1,1,0,10,1.0,1.0,0.0,frames,quadratic-vc,0.00043143065989037136,
main,main/rep1-stream1-regime0-d10/0,1,1,0,10,1.0,1.0,0.0,staggered-cycle,rank,0.007953763411818221,
main,main/rep1-stream1-regime0-d10/1,1,1,0,10,1.0,1.0,0.0,staggered-cycle,rank,0.0008682733463952487,
main,main/rep1-stream1-regime0-d10/2,1,1,0,10,1.0,1.0,0.0,staggered-cycle,rank,0.008232361249211208,
main,main/rep1-stream1-regime0-d10/3,1,1,0,10,1.0,1.0,0.0,staggered-cycle,rank,0.023631245021515913,
main,main/rep1-stream1-regime0-d10/4,1,1,0,10,1.0,1.0,0.0,staggered-cycle,rank,0.0025036535331867515,
main,main/rep1-stream1-regime0-d10/5,1,1,0,10,1.0,1.0,0.0,staggered-cycle,rank,0.013362603336598616,
main,main/rep1-stream1-regime0-d10/6,1,1,0,10,1.0,1.0,0.0,staggered-cycle,rank,0.002531075474152746,
main,main/rep1-stream1-regime0-d10/7,1,1,0,10,1.0,1.0,0.0,staggered-cycle,rank,0.0027247044342361693,
main,main/rep1-stream1-regime0-d10/0,1,1,0,10,1.0,10.0,0.0,staggered-cycle,quadratic-ac,0.0004659107201827198,
main,main/rep1-stream1-regime0-d10/1,1,1,0,10,1.0,10.0,0.0,staggered-cycle,quadratic-ac,0.0006937618631691835,
main,main/rep1-stream1-regime0-d10/2,1,1,0,10,1.0,10.0,0.0,staggered-cycle,quadratic-ac,0.0006970172736265028,
main,main/rep1-stream1-regime0-d10/3,1,1,0,10,1.0,10.0,0.0,staggered-cycle,quadratic-ac,0.003844750774451287,
main,main/rep1-stream1-regime0-d10/4,1,1,0,10,1.0,10.0,0.0,staggered-cycle,quadratic-ac,0.0007592359769408728,
main,main/rep1-stream1-regime0-d10/5,1,1,0,10,1.0,10.0,0.0,staggered-cycle,quadratic-ac,0.0013175837743361327,
main,main/rep1-stream1-regime0-d10/6,1,1,0,10,1.0,10.0,0.0,staggered-cycle,quadratic-ac,0.0008834645949860714,
main,main/rep1-stream1-regime0-d10/7,1,1,0,10,1.0,10.0,0.0,staggered-cycle,quadratic-ac,0.001724609539616358,
main,main/rep1-stream1-regime0-d10/0,1,1,0,10,1.0,10.0,0.0,staggered-cycle,quadratic-vc,0.0004073684009370513,
main,main/rep1-stream1-regime0-d10/1,1,1,0,10,1.0,10.0,0.0,staggered-cycle,quadratic-vc,0.0005826588007663637,
main,main/rep1-stream1-regime0-d10/2,1,1,0,10,1.0,10.0,0.0,staggered-cycle,quadratic-vc,0.0006303488688492911,
main,main/rep1-stream1-regime0-d10/3,1,1,0,10,1.0,10.0,0.0,staggered-cycle,quadratic-vc,0.0034849013849913035,
main,main/rep1-stream1-regime0-d10/4,1,1,0,10,1.0,10.0,0.0,staggered-cycle,quadratic-vc,0.0006810394458698933,
main,main/rep1-stream1-regime0-d10/5,1,1,0,10,1.0,10.0,0.0,staggered-cycle,quadratic-vc,0.0011092167261106758,
main,main/rep1-stream1-regime0-d10/6,1,1,0,10,1.0,10.0,0.0,staggered-cycle,quadratic-vc,0.0011296861088580894,
main,main/rep1-stream1-regime0-d10/7,1,1,0,10,1.0,10.0,0.0,staggered-cycle,quadratic-vc,0.0015805680331933923,
main,main/rep1-stream1-regime0-d10/0,1,1,0,10,1.0,10.0,0.0,frames,quadratic-ac,0.0012837899107989023,
main,main/rep1-stream1-regime0-d10/1,1,1,0,10,1.0,10.0,0.0,frames,quadratic-ac,0.0007907253982538898,
main,main/rep1-stream1-regime0-d10/2,1,1,0,10,1.0,10.0,0.0,frames,quadratic-ac,0.0026515438824263916,
main,main/rep1-stream1-regime0-d10/3,1,1,0,10,1.0,10.0,0.0,frames,quadratic-ac,0.0006649880320096816,
main,main/rep1-stream1-regime0-d10/4,1,1,0,10,1.0,10.0,0.0,frames,quadratic-ac,0.0009891133138023103,
main,main/rep1-stream1-regime0-d10/5,1,1,0,10,1.0,10.0,0.0,frames,quadratic-ac,0.0016804690796179717,
main,main/rep1-stream1-regime0-d10/6,1,1,0,10,1.0,10.0,0.0,frames,quadratic-ac,0.000596194096900335,
main,main/rep1-stream1-regime0-d10/7,1,1,0,10,1.0,10.0,0.0,frames,quadratic-ac,0.000615767172739665,
main,main/rep1-stream1-regime0-d10/0,1,1,0,10,1.0,10.0,0.0,frames,quadratic-vc,0.0012135536019208615,
main,main/rep1-stream1-regime0-d10/1,1,1,0,10,1.0,10.0,0.0,frames,quadratic-vc,0.000816882700079545,
main,main/rep1-stream1-regime0-d10/2,1,1,0,10,1.0,10.0,0.0,frames,quadratic-vc,0.0024606545601954756,
main,main/rep1-stream1-regime0-d10/3,1,1,0,10,1.0,10.0,0.0,frames,quadratic-vc,0.0007735648635834861,
main,main/rep1-stream1-regime0-d10/4,1,1,0,10,1.0,10.0,0.0,frames,quadratic-vc,0.0007834631151213005,
main,main/rep1-stream1-regime0-d10/5,1,1,0,10,1.0,10.0,0.0,frames,quadratic-vc,0.001339585527342631,
main,main/rep1-stream1-regime0-d10/6,1,1,0,10,1.0,10.0,0.0,frames,quadratic-vc,0.0005835694750627845,
main,main/rep1-stream1-regime0-d10/7,1,1,0,10,1.0,10.0,0.0,frames,quadratic-vc,0.0004364671788549663,
main,main/rep1-stream1-regime0-d10/0,1,1,0,10,1.0,10.0,0.0,staggered-cycle,rank,0.014099125945613815,
main,main/rep1-stream1-regime0-d10/1,1,1,0,10,1.0,10.0,0.0,staggered-cycle,rank,0.05375423749343473,
main,main/rep1-stream1-regime0-d10/2,1,1,0,10,1.0,10.0,0.0,staggered-cycle,rank,0.148963328658138,
main,main/rep1-stream1-regime0-d10/3,1,1,0,10,1.0,10.0,0.0,staggered-cycle,rank,0.01045708190433817,
main,main/rep1-stream1-regime0-d10/4,1,1,0,10,1.0,10.0,0.0,staggered-cycle,rank,0.009354943382998004,
main,main/rep1-stream1-regime0-d10/5,1,1,0,10,1.0,10.0,0.0,staggered-cycle,rank,0.02228056222441429,
main,main/rep1-stream1-regime0-d10/6,1,1,0,10,1.0,10.0,0.0,staggered-cycle,rank,0.01931752960597205,
main,main/rep1-stream1-regime0-d10/7,1,1,0,10,1.0,10.0,0.0,staggered-cycle,rank,0.074080601639366,
main,main/rep1-stream1-regime0-d50/0,1,1,0,50,1.0,0.0,0.0,staggered-cycle,quadratic-ac,2.687366172442923e-05,
main,main/rep1-stream1-regime0-d50/1,1,1,0,50,1.0,0.0,0.0,staggered-cycle,quadratic-ac,2.030200836156652e-05,
main,main/rep1-stream1-regime0-d50/2,1,1,0,50,1.0,0.0,0.0,staggered-cycle,quadratic-ac,1.3877023738384476e-05,
main,main/rep1-stream1-regime0-d50/3,1,1,0,50,1.0,0.0,0.0,staggered-cycle,quadratic-ac,1.4815545968542067e-05,
main,main/rep1-stream1-regime0-d50/4,1,1,0,50,1.0,0.0,0.0,staggered-cycle,quadratic-ac,1.555414279921274e-05,
main,main/rep1-stream1-regime0-d50/5,1,1,0,50,1.0,0.0,0.0,staggered-cycle,quadratic-ac,1.9736655670174654e-05,
main,main/rep1-stream1-regime0-d50/6,1,1,0,50,1.0,0.0,0.0,staggered-cycle,quadratic-ac,3.454344416326661e-05,
main,main/rep1-stream1-regime0-d50/7,1,1,0,50,1.0,0.0,0.0,staggered-cycle,quadratic-ac,1.2079532565801667e-05,
main,main/rep1-stream1-regime0-d50/0,1,1,0,50,1.0,0.0,0.0,staggered-cycle,quadratic-vc,2.6327938630985718e-05,
main,main/rep1-stream1-regime0-d50/1,1,1,0,50,1.0,0.0,0.0,staggered-cycle,quadratic-vc,1.7935867309451383e-05,
main,main/rep1-stream1-regime0-d50/2,1,1,0,50,1.0,0.0,0.0,staggered-cycle,quadratic-vc,1.4661886362215601e-05,
main,main/rep1-stream1-regime0-d50/3,1,1,0,50,1.0,0.0,0.0,staggered-cycle,quadratic-vc,1.4751435373513306e-05,
main,main/rep1-stream1-regime0-d50/4,1,1,0,50,1.0,0.0,0.0,staggered-cycle,quadratic-vc,1.4682821095526423e-05,
main,main/rep1-stream1-regime0-d50/5,1,1,0,50,1.0,0.0,0.0,staggered-cycle,quadratic-vc,1.8888680419997105e-05,
main,main/rep1-stream1-regime0-d50/6,1,1,0,50,1.0,0.0,0.0,staggered-cycle,quadratic-vc,3.6386851344884245e-05,
main,main/rep1-stream1-regime0-d50/7,1,1,0,50,1.0,0.0,0.0,staggered-cycle,quadratic-vc,1.1986261223045021e-05,
main,main/rep1-stream1-regime0-d50/0,1,1,0,50,1.0,0.0,0.0,frames,quadratic-ac,1.1676097179767983e-05,
main,main/rep1-stream1-regime0-d50/1,1,1,0,50,1.0,0.0,0.0,frames,quadratic-ac,8.950667851331684e-06,
main,main/rep1-stream1-regime0-d50/2,1,1,0,50,1.0,0.0,0.0,frames,quadratic-ac,1.3513331683235423e-05,
main,main/rep1-stream1-regime0-d50/3,1,1,0,50,1.0,0.0,0.0,frames,quadratic-ac,7.918944175865155e-06,
main,main/rep1-stream1-regime0-d50/4,1,1,0,50,1.0,0.0,0.0,frames,quadratic-ac,1.286506736088324e-05,
main,main/rep1-stream1-regime0-d50/5,1,1,0,50,1.0,0.0,0.0,frames,quadratic-ac,1.3931728435046819e-05,
main,main/rep1-stream1-regime0-d50/6,1,1,0,50,1.0,0.0,0.0,frames,quadratic-ac,1.0492894640488423e-05,
main,main/rep1-stream1-regime0-d50/7,1,1,0,50,1.0,0.0,0.0,frames,quadratic-ac,1.1497433749810092e-05,
main,main/rep1-stream1-regime0-d50/0,1,1,0,50,1.0,0.0,0.0,frames,quadratic-vc,1.1677299473037001e-05,
main,main/rep1-stream1-regime0-d50/1,1,1,0,50,1.0,0.0,0.0,frames,quadratic-vc,9.055400789200114e-06,
main,main/rep1-stream1-regime0-d50/2,1,1,0,50,1.0,0.0,0.0,frames,quadratic-vc,1.3452099153455712e-05,
main,main/rep1-stream1-regime0-d50/3,1,1,0,50,1.0,0.0,0.0,frames,quadratic-vc,8.020332777862706e-06,
main,main/rep1-stream1-regime0-d50/4,1,1,0,50,1.0,0.0,0.0,frames,quadratic-vc,1.2380805392710533e-05,
main,main/rep1-stream1-regime0-d50/5,1,1,0,50,1.0,0.0,0.0,frames,quadratic-vc,1.399062816813712e-05,
main,main/rep1-stream1-regime0-d50/6,1,1,0,50,1.0,0.0,0.0,frames,quadratic-vc,1.04344686712976e-05,
main,main/rep1-stream1-regime0-d50/7,1,1,0,50,1.0,0.0,0.0,frames,quadratic-vc,1.188840374500082e-05,
main,main/rep1-stream1-regime0-d50/0,1,1,0,50,1.0,0.0,0.0,staggered-cycle,rank,0.008674938890302096,
main,main/rep1-stream1-regime0-d50/1,1,1,0,50,1.0,0.0,0.0,staggered-cycle,rank,0.024528902431358534,
main,main/rep1-stream1-regime0-d50/2,1,1,0,50,1.0,0.0,0.0,staggered-cycle,rank,0.021550105731007727,
main,main/rep1-stream1-regime0-d50/3,1,1,0,50,1.0,0.0,0.0,staggered-cycle,rank,0.053775102878105975,
main,main/rep1-stream1-regime0-d50/4,1,1,0,50,1.0,0.0,0.0,staggered-cycle,rank,0.01778163762543827,
main,main/rep1-stream1-regime0-d50/5,1,1,0,50,1.0,0.0,0.0,staggered-cycle,rank,0.05838303759128026,
main,main/rep1-stream1-regime0-d50/6,1,1,0,50,1.0,0.0,0.0,staggered-cycle,rank,0.015184116524321447,
main,main/rep1-stream1-regime0-d50/7,1,1,0,50,1.0,0.0,0.0,staggered-cycle,rank,0.02266167495987365,
main,main/rep1-stream1-regime0-d50/0,1,1,0,50,1.0,0.1,0.0,staggered-cycle,quadratic-ac,1.2773642729532477e-05,
main,main/rep1-stream1-regime0-d50/1,1,1,0,50,1.0,0.1,0.0,staggered-cycle,quadratic-ac,1.0414413846565211e-05,
main,main/rep1-stream1-regime0-d50/2,1,1,0,50,1.0,0.1,0.0,staggered-cycle,quadratic-ac,8.591345873404557e-06,
main,main/rep1-stream1-regime0-d50/3,1,1,0,50,1.0,0.1,0.0,staggered-cycle,quadratic-ac,1.1821163296132112e-05,
main,main/rep1-stream1-regime0-d50/4,1,1,0,50,1.0,0.1,0.0,staggered-cycle,quadratic-ac,1.4127310145901103e-05,
main,main/rep1-stream1-regime0-d50/5,1,1,0,50,1.0,0.1,0.0,staggered-cycle,quadratic-ac,3.2706834744400604e-05,
main,main/rep1-stream1-regime0-d50/6,1,1,0,50,1.0,0.1,0.0,staggered-cycle,quadratic-ac,1.3950436911717687e-05,
main,main/rep1-stream1-regime0-d50/7,1,1,0,50,1.0,0.1,0.0,staggered-cycle,quadratic-ac,2.3098368108434916e-05,
main,main/rep1-stream1-regime0-d50/0,1,1,0,50,1.0,0.1,0.0,staggered-cycle,quadratic-vc,1.1282093632385472e-05,
main,main/rep1-stream1-regime0-d50/1,1,1,0,50,1.0,0.1,0.0,staggered-cycle,quadratic-vc,1.0630313822596127e-05,
main,main/rep1-stream1-regime0-d50/2,1,1,0,50,1.0,0.1,0.0,staggered-cycle,quadratic-vc,9.118806053401852e-06,
main,main/rep1-stream1-regime0-d50/3,1,1,0,50,1.0,0.1,0.0,staggered-cycle,quadratic-vc,1.0613624735489462e-05,
main,main/rep1-stream1-regime0-d50/4,1,1,0,50,1.0,0.1,0.0,staggered-cycle,quadratic-vc,1.3125197069782297e-05,
main,main/rep1-stream1-regime0-d50/5,1,1,0,50,1.0,0.1,0.0,staggered-cycle,quadratic-vc,3.456396057935324e-05,
main,main/rep1-stream1-regime0-d50/6,1,1,0,50,1.0,0.1,0.0,staggered-cycle,quadratic-vc,1.3222552942768107e-05,
main,main/rep1-stream1-regime0-d50/7,1,1,0,50,1.0,0.1,0.0,staggered-cycle,quadratic-vc,2.3059525137650775e-05,
main,main/rep1-stream1-regime0-d50/0,1,1,0,50,1.0,0.1,0.0,frames,quadratic-ac,1.7693754917542627e-05,
main,main/rep1-stream1-regime0-d50/1,1,1,0,50,1.0,0.1,0.0,frames,quadratic-ac,1.305493544816871e-05,
main,main/rep1-stream1-regime0-d50/2,1,1,0,50,1.0,0.1,0.0,frames,quadratic-ac,1.241139569608957e-05,
main,main/rep1-stream1-regime0-d50/3,1,1,0,50,1.0,0.1,0.0,frames,quadratic-ac,1.106642922609532e-05,
main,main/rep1-stream1-regime0-d50/4,1,1,0,50,1.0,0.1,0.0,frames,quadratic-ac,1.3544982668549838e-05,
main,main/rep1-stream1-regime0-d50/5,1,1,0,50,1.0,0.1,0.0,frames,quadratic-ac,1.801578959475312e-05,
main,main/rep1-stream1-regime0-d50/6,1,1,0,50,1.0,0.1,0.0,frames,quadratic-ac,1.2198624895653481e-05,
main,main/rep1-stream1-regime0-d50/7,1,1,0,50,1.0,0.1,0.0,frames,quadratic-ac,1.1771964844837672e-05,
main,main/rep1-stream1-regime0-d50/0,1,1,0,50,1.0,0.1,0.0,frames,quadratic-vc,1.8327155697683186e-05,
main,main/rep1-stream1-regime0-d50/1,1,1,0,50,1.0,0.1,0.0,frames,quadratic-vc,1.2780225915316695e-05,
main,main/rep1-stream1-regime0-d50/2,1,1,0,50,1.0,0.1,0.0,frames,quadratic-vc,1.2768835539277478e-05,
main,main/rep1-stream1-regime0-d50/3,1,1,0,50,1.0,0.1,0.0,frames,quadratic-vc,1.1184235678205082e-05,
main,main/rep1-stream1-regime0-d50/4,1,1,0,50,1.0,0.1,0.0,frames,quadratic-vc,1.297975227872334e-05,
main,main/rep1-stream1-regime0-d50/5,1,1,0,50,1.0,0.1,0.0,frames,quadratic-vc,1.733687886052357e-05,
main,main/rep1-stream1-regime0-d50/6,1,1,0,50,1.0,0.1,0.0,frames,quadratic-vc,1.2337886298594365e-05,
main,main/rep1-stream1-regime0-d50/7,1,1,0,50,1.0,0.1,0.0,frames,quadratic-vc,1.1858980164128696e-05,
main,main/rep1-stream1-regime0-d50/0,1,1,0,50,1.0,0.1,0.0,staggered-cycle,rank,0.008702826489168404,
main,main/rep1-stream1-regime0-d50/1,1,1,0,50,1.0,0.1,0.0,staggered-cycle,rank,0.024329764485823222,
main,main/rep1-stream1-regime0-d50/2,1,1,0,50,1.0,0.1,0.0,staggered-cycle,rank,0.021434461361366383,
main,main/rep1-stream1-regime0-d50/3,1,1,0,50,1.0,0.1,0.0,staggered-cycle,rank,0.05364363241518171,
main,main/rep1-stream1-regime0-d50/4,1,1,0,50,1.0,0.1,0.0,staggered-cycle,rank,0.01782839569894854,
main,main/rep1-stream1-regime0-d50/5,1,1,0,50,1.0,0.1,0.0,staggered-cycle,rank,0.05866286836893754,
main,main/rep1-stream1-regime0-d50/6,1,1,0,50,1.0,0.1,0.0,staggered-cycle,rank,0.015134949074373351,
main,main/rep1-stream1-regime0-d50/7,1,1,0,50,1.0,0.1,0.0,staggered-cycle,rank,0.022782371418597378,
main,main/rep1-stream1-regime0-d50/0,1,1,0,50,1.0,1.0,0.0,staggered-cycle,quadratic-ac,1.8563776979199517e-05,
main,main/rep1-stream1-regime0-d50/1,1,1,0,50,1.0,1.0,0.0,staggered-cycle,quadratic-ac,1.0829738581749157e-05,
main,main/rep1-stream1-regime0-d50/2,1,1,0,50,1.0,1.0,0.0,staggered-cycle,quadratic-ac,2.2389380662113374e-05,
main,main/rep1-stream1-regime0-d50/3,1,1,0,50,1.0,1.0,0.0,staggered-cycle,quadratic-ac,1.83882408916262e-05,
main,main/rep1-stream1-regime0-d50/4,1,1,0,50,1.0,1.0,0.0,staggered-cycle,quadratic-ac,1.4591401366493484e-05,
main,main/rep1-stream1-regime0-d50/5,1,1,0,50,1.0,1.0,0.0,staggered-cycle,quadratic-ac,2.1492689367485473e-05,
main,main/rep1-stream1-regime0-d50/6,1,1,0,50,1.0,1.0,0.0,staggered-cycle,quadratic-ac,1.211654737746489e-05,
main,main/rep1-stream1-regime0-d50/7,1,1,0,50,1.0,1.0,0.0,staggered-cycle,quadratic-ac,1.274251160657693e-05,
main,main/rep1-stream1-regime0-d50/0,1,1,0,50,1.0,1.0,0.0,staggered-cycle,quadratic-vc,1.92202167927242e-05,
main,main/rep1-stream1-regime0-d50/1,1,1,0,50,1.0,1.0,0.0,staggered-cycle,quadratic-vc,1.1496978767298326e-05,
main,main/rep1-stream1-regime0-d50/2,1,1,0,50,1.0,1.0,0.0,staggered-cycle,quadratic-vc,2.4027596059664763e-05,
main,main/rep1-stream1-regime0-d50/3,1,1,0,50,1.0,1.0,0.0,staggered-cycle,quadratic-vc,1.6633392846167924e-05,
main,main/rep1-stream1-regime0-d50/4,1,1,0,50,1.0,1.0,0.0,staggered-cycle,quadratic-vc,1.500414926751237e-05,
main,main/rep1-stream1-regime0-d50/5,1,1,0,50,1.0,1.0,0.0,staggered-cycle,quadratic-vc,2.094193972126269e-05,
main,main/rep1-stream1-regime0-d50/6,1,1,0,50,1.0,1.0,0.0,staggered-cycle,quadratic-vc,1.3498072389958777e-05,
main,main/rep1-stream1-regime0-d50/7,1,1,0,50,1.0,1.0,0.0,staggered-cycle,quadratic-vc,1.1576443746155639e-05,
main,main/rep1-stream1-regime0-d50/0,1,1,0,50,1.0,1.0,0.0,frames,quadratic-ac,1.5716759468620507e-05,
main,main/rep1-stream1-regime0-d50/1,1,1,0,50,1.0,1.0,0.0,frames,quadratic-ac,2.081481197832106e-05,
main,main/rep1-stream1-regime0-d50/2,1,1,0,50,1.0,1.0,0.0,frames,quadratic-ac,1.9437971856644267e-05,
main,main/rep1-stream1-regime0-d50/3,1,1,0,50,1.0,1.0,0.0,frames,quadratic-ac,1.8778823909024036e-05,
main,main/rep1-stream1-regime0-d50/4,1,1,0,50,1.0,1.0,0.0,frames,quadratic-ac,2.541601134182183e-05,
main,main/rep1-stream1-regime0-d50/5,1,1,0,50,1.0,1.0,0.0,frames,quadratic-ac,1.675133844207908e-05,
main,main/rep1-stream1-regime0-d50/6,1,1,0,50,1.0,1.0,0.0,frames,quadratic-ac,1.902836189723849e-05,
main,main/rep1-stream1-regime0-d50/7,1,1,0,50,1.0,1.0,0.0,frames,quadratic-ac,2.729878375693523e-05,
main,main/rep1-stream1-regime0-d50/0,1,1,0,50,1.0,1.0,0.0,frames,quadratic-vc,1.5506846185437892e-05,
main,main/rep1-stream1-regime0-d50/1,1,1,0,50,1.0,1.0,0.0,frames,quadratic-vc,2.0496639327800656e-05,
main,main/rep1-stream1-regime0-d50/2,1,1,0,50,1.0,1.0,0.0,frames,quadratic-vc,1.944319479642208e-05,
main,main/rep1-stream1-regime0-d50/3,1,1,0,50,1.0,1.0,0.0,frames,quadratic-vc,1.8363742683205415e-05,
main,main/rep1-stream1-regime0-d50/4,1,1,0,50,1.0,1.0,0.0,frames,quadratic-vc,2.4112527924299005e-05,
main,main/rep1-stream1-regime0-d50/5,1,1,0,50,1.0,1.0,0.0,frames,quadratic-vc,1.724685980395082e-05,
main,main/rep1-stream1-regime0-d50/6,1,1,0,50,1.0,1.0,0.0,frames,quadratic-vc,1.8112182880657702e-05,
main,main/rep1-stream1-regime0-d50/7,1,1,0,50,1.0,1.0,0.0,frames,quadratic-vc,2.750276597961407e-05,
main,main/rep1-stream1-regime0-d50/0,1,1,0,50,1.0,1.0,0.0,staggered-cycle,rank,0.008093909729830097,
main,main/rep1-stream1-regime0-d50/1,1,1,0,50,1.0,1.0,0.0,staggered-cycle,rank,0.02174748895550547,
main,main/rep1-stream1-regime0-d50/2,1,1,0,50,1.0,1.0,0.0,staggered-cycle,rank,0.019806846237895984,
main,main/rep1-stream1-regime0-d50/3,1,1,0,50,1.0,1.0,0.0,staggered-cycle,rank,0.05094094408901443,
main,main/rep1-stream1-regime0-d50/4,1,1,0,50,1.0,1.0,0.0,staggered-cycle,rank,0.016769358817377584,
main,main/rep1-stream1-regime0-d50/5,1,1,0,50,1.0,1.0,0.0,staggered-cycle,rank,0.05586950535625752,
main,main/rep1-stream1-regime0-d50/6,1,1,0,50,1.0,1.0,0.0,staggered-cycle,rank,0.013242011186088998,
main,main/rep1-stream1-regime0-d50/7,1,1,0,50,1.0,1.0,0.0,staggered-cycle,rank,0.021456550822068342,
main,main/rep1-stream1-regime0-d50/0,1,1,0,50,1.0,10.0,0.0,staggered-cycle,quadratic-ac,8.104501618059244e-05,
main,main/rep1-stream1-regime0-d50/1,1,1,0,50,1.0,10.0,0.0,staggered-cycle,quadratic-ac,5.397808909663255e-05,
main,main/rep1-stream1-regime0-d50/2,1,1,0,50,1.0,10.0,0.0,staggered-cycle,quadratic-ac,6.598630433603039e-05,
main,main/rep1-stream1-regime0-d50/3,1,1,0,50,1.0,10.0,0.0,staggered-cycle,quadratic-ac,4.735370548174582e-05,
main,main/rep1-stream1-regime0-d50/4,1,1,0,50,1.0,10.0,0.0,staggered-cycle,quadratic-ac,8.789435036886804e-05,
main,main/rep1-stream1-regime0-d50/5,1,1,0,50,1.0,10.0,0.0,staggered-cycle,quadratic-ac,4.870692009914472e-05,
main,main/rep1-stream1-regime0-d50/6,1,1,0,50,1.0,10.0,0.0,staggered-cycle,quadratic-ac,4.3789437619960123e-05,
main,main/rep1-stream1-regime0-d50/7,1,1,0,50,1.0,10.0,0.0,staggered-cycle,quadratic-ac,5.998135679416842e-05,
main,main/rep1-stream1-regime0-d50/0,1,1,0,50,1.0,10.0,0.0,staggered-cycle,quadratic-vc,7.323751763040869e-05,
main,main/rep1-stream1-regime0-d50/1,1,1,0,50,1.0,10.0,0.0,staggered-cycle,quadratic-vc,5.304174462797886e-05,
main,main/rep1-stream1-regime0-d50/2,1,1,0,50,1.0,10.0,0.0,staggered-cycle,quadratic-vc,7.163239404669513e-05,
main,main/rep1-stream1-regime0-d50/3,1,1,0,50,1.0,10.0,0.0,staggered-cycle,quadratic-vc,5.145009718975722e-05,
main,main/rep1-stream1-regime0-d50/4,1,1,0,50,1.0,10.0,0.0,staggered-cycle,quadratic-vc,7.99411651023205e-05,
main,main/rep1-stream1-regime0-d50/5,1,1,0,50,1.0,10.0,0.0,staggered-cycle,quadratic-vc,5.026189674764913e-05,
main,main/rep1-stream1-regime0-d50/6,1,1,0,50,1.0,10.0,0.0,staggered-cycle,quadratic-vc,4.375459225868653e-05,
main,main/rep1-stream1-regime0-d50/7,1,1,0,50,1.0,10.0,0.0,staggered-cycle,quadratic-vc,5.464959589648678e-05,
main,main/rep1-stream1-regime0-d50/0,1,1,0,50,1.0,10.0,0.0,frames,quadratic-ac,9.063769438188079e-05,
main,main/rep1-stream1-regime0-d50/1,1,1,0,50,1.0,10.0,0.0,frames,quadratic-ac,0.00011105697601951545,
main,main/rep1-stream1-regime0-d50/2,1,1,0,50,1.0,10.0,0.0,frames,quadratic-ac,0.00010036227530775234,
main,main/rep1-stream1-regime0-d50/3,1,1,0,50,1.0,10.0,0.0,frames,quadratic-ac,0.0001318237757906523,
main,main/rep1-stream1-regime0-d50/4,1,1,0,50,1.0,10.0,0.0,frames,quadratic-ac,6.331649163711233e-05,
main,main/rep1-stream1-regime0-d50/5,1,1,0,50,1.0,10.0,0.0,frames,quadratic-ac,0.0001091752366734849,
main,main/rep1-stream1-regime0-d50/6,1,1,0,50,1.0,10.0,0.0,frames,quadratic-ac,8.303146642809584e-05,
main,main/rep1-stream1-regime0-d50/7,1,1,0,50,1.0,10.0,0.0,frames,quadratic-ac,8.257010626658753e-05,
main,main/rep1-stream1-regime0-d50/0,1,1,0,50,1.0,10.0,0.0,frames,quadratic-vc,8.555306193528421e-05,
main,main/rep1-stream1-regime0-d50/1,1,1,0,50,1.0,10.0,0.0,frames,quadratic-vc,9.948741030035728e-05,
main,main/rep1-stream1-regime0-d50/2,1,1,0,50,1.0,10.0,0.0,frames,quadratic-vc,9.982566255256091e-05,
main,main/rep1-stream1-regime0-d50/3,1,1,0,50,1.0,10.0,0.0,frames,quadratic-vc,0.00013181591941097162,
main,main/rep1-stream1-regime0-d50/4,1,1,0,50,1.0,10.0,0.0,frames,quadratic-vc,5.757968793031811e-05,
main,main/rep1-stream1-regime0-d50/5,1,1,0,50,1.0,10.0,0.0,frames,quadratic-vc,0.0001007934809076286,
main,main/rep1-stream1-regime0-d50/6,1,1,0,50,1.0,10.0,0.0,frames,quadratic-vc,8.387086583557505e-05,
main,main/rep1-stream1-regime0-d50/7,1,1,0,50,1.0,10.0,0.0,frames,quadratic-vc,7.810297222399806e-05,
main,main/rep1-stream1-regime0-d50/0,1,1,0,50,1.0,10.0,0.0,staggered-cycle,rank,0.03261775383598203,
main,main/rep1-stream1-regime0-d50/1,1,1,0,50,1.0,10.0,0.0,staggered-cycle,rank,0.05178867011996604,
main,main/rep1-stream1-regime0-d50/2,1,1,0,50,1.0,10.0,0.0,staggered-cycle,rank,0.05186746541427746,
main,main/rep1-stream1-regime0-d50/3,1,1,0,50,1.0,10.0,0.0,staggered-cycle,rank,0.024684107391596963,
main,main/rep1-stream1-regime0-d50/4,1,1,0,50,1.0,10.0,0.0,staggered-cycle,rank,0.06427206272156072,
main,main/rep1-stream1-regime0-d50/5,1,1,0,50,1.0,10.0,0.0,staggered-cycle,rank,0.03496462502661608,
main,main/rep1-stream1-regime0-d50/6,1,1,0,50,1.0,10.0,0.0,staggered-cycle,rank,0.03491646697877584,
main,main/rep1-stream1-regime0-d50/7,1,1,0,50,1.0,10.0,0.0,staggered-cycle,rank,0.0198467908192987,
main,main/rep1-stream1-regime1-d20/0,1,1,1,20,1.0,0.0,0.0,staggered-cycle,quadratic-ac,4.173267319024353e-05,
main,main/rep1-stream1-regime1-d20/1,1,1,1,20,1.0,0.0,0.0,staggered-cycle,quadratic-ac,0.00013817028026483409,
main,main/rep1-stream1-regime1-d20/2,1,1,1,20,1.0,0.0,0.0,staggered-cycle,quadratic-ac,0.0001281622308721209,
main,main/rep1-stream1-regime1-d20/3,1,1,1,20,1.0,0.0,0.0,staggered-cycle,quadratic-ac,0.0002201180390266635,
main,main/rep1-stream1-regime1-d20/4,1,1,1,20,1.0,0.0,0.0,staggered-cycle,quadratic-ac,7.686344233510165e-05,
main,main/rep1-stream1-regime1-d20/5,1,1,1,20,1.0,0.0,0.0,staggered-cycle,quadratic-ac,9.198832783015027e-05,
main,main/rep1-stream1-regime1-d20/6,1,1,1,20,1.0,0.0,0.0,staggered-cycle,quadratic-ac,8.799054875359632e-05,
main,main/rep1-stream1-regime1-d20/7,1,1,1,20,1.0,0.0,0.0,staggered-cycle,quadratic-ac,7.119833729947979e-05,
main,main/rep1-stream1-regime1-d20/0,1,1,1,20,1.0,0.0,0.0,staggered-cycle,quadratic-vc,3.6124161760460585e-05,
main,main/rep1-stream1-regime1-d20/1,1,1,1,20,1.0,0.0,0.0,staggered-cycle,quadratic-vc,0.00012834350574650612,
main,main/rep1-stream1-regime1-d20/2,1,1,1,20,1.0,0.0,0.0,staggered-cycle,quadratic-vc,0.00012025678507667463,
main,main/rep1-stream1-regime1-d20/3,1,1,1,20,1.0,0.0,0.0,staggered-cycle,quadratic-vc,0.00023084447583985007,
main,main/rep1-stream1-regime1-d20/4,1,1,1,20,1.0,0.0,0.0,staggered-cycle,quadratic-vc,7.964749485958407e-05,
main,main/rep1-stream1-regime1-d20/5,1,1,1,20,1.0,0.0,0.0,staggered-cycle,quadratic-vc,9.043183861757237e-05,
main,main/rep1-stream1-regime1-d20/6,1,1,1,20,1.0,0.0,0.0,staggered-cycle,quadratic-vc,8.160779897406519e-05,
main,main/rep1-stream1-regime1-d20/7,1,1,1,20,1.0,0.0,0.0,staggered-cycle,quadratic-vc,6.649298651985776e-05,
main,main/rep1-stream1-regime1-d20/0,1,1,1,20,1.0,0.0,0.0,frames,quadratic-ac,6.763707226287119e-05,
main,main/rep1-stream1-regime1-d20/1,1,1,1,20,1.0,0.0,0.0,frames,quadratic-ac,0.0001708835477181077,
main,main/rep1-stream1-regime1-d20/2,1,1,1,20,1.0,0.0,0.0,frames,quadratic-ac,4.6768183190998846e-05,
main,main/rep1-stream1-regime1-d20/3,1,1,1,20,1.0,0.0,0.0,frames,quadratic-ac,0.00011584377381513254,
main,main/rep1-stream1-regime1-d20/4,1,1,1,20,1.0,0.0,0.0,frames,quadratic-ac,0.0001982923953529997,
main,main/rep1-stream1-regime1-d20/5,1,1,1,20,1.0,0.0,0.0,frames,quadratic-ac,9.042397128748383e-05,
main,main/rep1-stream1-regime1-d20/6,1,1,1,20,1.0,0.0,0.0,frames,quadratic-ac,0.00011222168941772275,
main,main/rep1-stream1-regime1-d20/7,1,1,1,20,1.0,0.0,0.0,frames,quadratic-ac,8.283335498615948e-05,
main,main/rep1-stream1-regime1-d20/0,1,1,1,20,1.0,0.0,0.0,frames,quadratic-vc,6.352749588084544e-05,
main,main/rep1-stream1-regime1-d20/1,1,1,1,20,1.0,0.0,0.0,frames,quadratic-vc,0.00017779809755789696,
main,main/rep1-stream1-regime1-d20/2,1,1,1,20,1.0,0.0,0.0,frames,quadratic-vc,4.6996554298204316e-05,
main,main/rep1-stream1-regime1-d20/3,1,1,1,20,1.0,0.0,0.0,frames,quadratic-vc,0.00011718173844201774,
main,main/rep1-stream1-regime1-d20/4,1,1,1,20,1.0,0.0,0.0,frames,quadratic-vc,0.00018489410905984471,
main,main/rep1-stream1-regime1-d20/5,1,1,1,20,1.0,0.0,0.0,frames,quadratic-vc,9.489469497781483e-05,
main,main/rep1-stream1-regime1-d20/6,1,1,1,20,1.0,0.0,0.0,frames,quadratic-vc,0.00011302655190319395,
main,main/rep1-stream1-regime1-d20/7,1,1,1,20,1.0,0.0,0.0,frames,quadratic-vc,8.497380736839973e-05,
main,main/rep1-stream1-regime1-d20/0,1,1,1,20,1.0,0.0,0.0,staggered-cycle,rank,0.013104678022264404,
main,main/rep1-stream1-regime1-d20/1,1,1,1,20,1.0,0.0,0.0,staggered-cycle,rank,0.04946384374405376,
main,main/rep1-stream1-regime1-d20/2,1,1,1,20,1.0,0.0,0.0,staggered-cycle,rank,0.015283260426038735,
main,main/rep1-stream1-regime1-d20/3,1,1,1,20,1.0,0.0,0.0,staggered-cycle,rank,0.007822291379966876,
main,main/rep1-stream1-regime1-d20/4,1,1,1,20,1.0,0.0,0.0,staggered-cycle,rank,0.022441992512672346,
main,main/rep1-stream1-regime1-d20/5,1,1,1,20,1.0,0.0,0.0,staggered-cycle,rank,0.00444014397068233,
main,main/rep1-stream1-regime1-d20/6,1,1,1,20,1.0,0.0,0.0,staggered-cycle,rank,0.017357888422685618,
main,main/rep1-stream1-regime1-d20/7,1,1,1,20,1.0,0.0,0.0,staggered-cycle,rank,0.012462969231129998,
main,main/rep1-stream1-regime1-d20/0,1,1,1,20,1.0,0.1,0.0,staggered-cycle,quadratic-ac,6.600158512464635e-05,
main,main/rep1-stream1-regime1-d20/1,1,1,1,20,1.0,0.1,0.0,staggered-cycle,quadratic-ac,4.1528876921656444e-05,
main,main/rep1-stream1-regime1-d20/2,1,1,1,20,1.0,0.1,0.0,staggered-cycle,quadratic-ac,3.6858040261641e-05,
main,main/rep1-stream1-regime1-d20/3,1,1,1,20,1.0,0.1,0.0,staggered-cycle,quadratic-ac,8.872304344562502e-05,
main,main/rep1-stream1-regime1-d20/4,1,1,1,20,1.0,0.1,0.0,staggered-cycle,quadratic-ac,8.852143569196852e-05,
main,main/rep1-stream1-regime1-d20/5,1,1,1,20,1.0,0.1,0.0,staggered-cycle,quadratic-ac,9.573373653736808e-05,
main,main/rep1-stream1-regime1-d20/6,1,1,1,20,1.0,0.1,0.0,staggered-cycle,quadratic-ac,8.257668209601246e-05,
main,main/rep1-stream1-regime1-d20/7,1,1,1,20,1.0,0.1,0.0,staggered-cycle,quadratic-ac,5.584980039655972e-05,
main,main/rep1-stream1-regime1-d20/0,1,1,1,20,1.0,0.1,0.0,staggered-cycle,quadratic-vc,6.0857968717656815e-05,
main,main/rep1-stream1-regime1-d20/1,1,1,1,20,1.0,0.1,0.0,staggered-cycle,quadratic-vc,4.544812304051677e-05,
main,main/rep1-stream1-regime1-d20/2,1,1,1,20,1.0,0.1,0.0,staggered-cycle,quadratic-vc,3.823922190897625e-05,
main,main/rep1-stream1-regime1-d20/3,1,1,1,20,1.0,0.1,0.0,staggered-cycle,quadratic-vc,8.719469684077186e-05,
main,main/rep1-stream1-regime1-d20/4,1,1,1,20,1.0,0.1,0.0,staggered-cycle,quadratic-vc,8.17132172845128e-05,
main,main/rep1-stream1-regime1-d20/5,1,1,1,20,1.0,0.1,0.0,staggered-cycle,quadratic-vc,9.062638248393418e-05,
main,main/rep1-stream1-regime1-d20/6,1,1,1,20,1.0,0.1,0.0,staggered-cycle,quadratic-vc,8.066913809002062e-05,
main,main/rep1-stream1-regime1-d20/7,1,1,1,20,1.0,0.1,0.0,staggered-cycle,quadratic-vc,5.245165323485211e-05,
main,main/rep1-stream1-regime1-d20/0,1,1,1,20,1.0,0.1,0.0,frames,quadratic-ac,6.694426809050459e-05,
main,main/rep1-stream1-regime1-d20/1,1,1,1,20,1.0,0.1,0.0,frames,quadratic-ac,9.656170439228675e-05,
main,main/rep1-stream1-regime1-d20/2,1,1,1,20,1.0,0.1,0.0,frames,quadratic-ac,7.256378817338477e-05,
main,main/rep1-stream1-regime1-d20/3,1,1,1,20,1.0,0.1,0.0,frames,quadratic-ac,0.00010696793205232344,
main,main/rep1-stream1-regime1-d20/4,1,1,1,20,1.0,0.1,0.0,frames,quadratic-ac,0.00019290478632959698,
main,main/rep1-stream1-regime1-d20/5,1,1,1,20,1.0,0.1,0.0,frames,quadratic-ac,0.0001417378680425759,
main,main/rep1-stream1-regime1-d20/6,1,1,1,20,1.0,0.1,0.0,frames,quadratic-ac,9.19138647385864e-05,
main,main/rep1-stream1-regime1-d20/7,1,1,1,20,1.0,0.1,0.0,frames,quadratic-ac,3.839950555509868e-05,
main,main/rep1-stream1-regime1-d20/0,1,1,1,20,1.0,0.1,0.0,frames,quadratic-vc,5.7948607027150044e-05,
main,main/rep1-stream1-regime1-d20/1,1,1,1,20,1.0,0.1,0.0,frames,quadratic-vc,9.158771519445939e-05,
main,main/rep1-stream1-regime1-d20/2,1,1,1,20,1.0,0.1,0.0,frames,quadratic-vc,7.218156907220106e-05,
main,main/rep1-stream1-regime1-d20/3,1,1,1,20,1.0,0.1,0.0,frames,quadratic-vc,0.00010245149199676216,
main,main/rep1-stream1-regime1-d20/4,1,1,1,20,1.0,0.1,0.0,frames,quadratic-vc,0.0001915221752483844,
main,main/rep1-stream1-regime1-d20/5,1,1,1,20,1.0,0.1,0.0,frames,quadratic-vc,0.0001301744896245034,
main,main/rep1-stream1-regime1-d20/6,1,1,1,20,1.0,0.1,0.0,frames,quadratic-vc,8.359103913725292e-05,
main,main/rep1-stream1-regime1-d20/7,1,1,1,20,1.0,0.1,0.0,frames,quadratic-vc,3.780700696066212e-05,
main,main/rep1-stream1-regime1-d20/0,1,1,1,20,1.0,0.1,0.0,staggered-cycle,rank,0.012341671140406636,
main,main/rep1-stream1-regime1-d20/1,1,1,1,20,1.0,0.1,0.0,staggered-cycle,rank,0.048349711823877387,
main,main/rep1-stream1-regime1-d20/2,1,1,1,20,1.0,0.1,0.0,staggered-cycle,rank,0.01611023451227802,
main,main/rep1-stream1-regime1-d20/3,1,1,1,20,1.0,0.1,0.0,staggered-cycle,rank,0.007648767529255245,
main,main/rep1-stream1-regime1-d20/4,1,1,1,20,1.0,0.1,0.0,staggered-cycle,rank,0.022220104391419374,
main,main/rep1-stream1-regime1-d20/5,1,1,1,20,1.0,0.1,0.0,staggered-cycle,rank,0.004506717291317529,
main,main/rep1-stream1-regime1-d20/6,1,1,1,20,1.0,0.1,0.0,staggered-cycle,rank,0.01681528956106442,
main,main/rep1-stream1-regime1-d20/7,1,1,1,20,1.0,0.1,0.0,staggered-cycle,rank,0.012505020938416357,
main,main/rep1-stream1-regime1-d20/0,1,1,1,20,1.0,1.0,0.0,staggered-cycle,quadratic-ac,6.74124034316532e-05,
main,main/rep1-stream1-regime1-d20/1,1,1,1,20,1.0,1.0,0.0,staggered-cycle,quadratic-ac,0.00024863262261287796,
main,main/rep1-stream1-regime1-d20/2,1,1,1,20,1.0,1.0,0.0,staggered-cycle,quadratic-ac,5.721957470358214e-05,
main,main/rep1-stream1-regime1-d20/3,1,1,1,20,1.0,1.0,0.0,staggered-cycle,quadratic-ac,5.792231529794873e-05,
main,main/rep1-stream1-regime1-d20/4,1,1,1,20,1.0,1.0,0.0,staggered-cycle,quadratic-ac,7.289869031920723e-05,
main,main/rep1-stream1-regime1-d20/5,1,1,1,20,1.0,1.0,0.0,staggered-cycle,quadratic-ac,7.043525618339321e-05,
main,main/rep1-stream1-regime1-d20/6,1,1,1,20,1.0,1.0,0.0,staggered-cycle,quadratic-ac,7.730278095440027e-05,
main,main/rep1-stream1-regime1-d20/7,1,1,1,20,1.0,1.0,0.0,staggered-cycle,quadratic-ac,6.949815004662037e-05,
main,main/rep1-stream1-regime1-d20/0,1,1,1,20,1.0,1.0,0.0,staggered-cycle,quadratic-vc,6.612760780498357e-05,
main,main/rep1-stream1-regime1-d20/1,1,1,1,20,1.0,1.0,0.0,staggered-cycle,quadratic-vc,0.00022516924725961494,
main,main/rep1-stream1-regime1-d20/2,1,1,1,20,1.0,1.0,0.0,staggered-cycle,quadratic-vc,5.435874527269427e-05,
main,main/rep1-stream1-regime1-d20/3,1,1,1,20,1.0,1.0,0.0,staggered-cycle,quadratic-vc,5.8601673060062975e-05,
main,main/rep1-stream1-regime1-d20/4,1,1,1,20,1.0,1.0,0.0,staggered-cycle,quadratic-vc,6.884940764826953e-05,
main,main/rep1-stream1-regime1-d20/5,1,1,1,20,1.0,1.0,0.0,staggered-cycle,quadratic-vc,8.062350516529412e-05,
main,main/rep1-stream1-regime1-d20/6,1,1,1,20,1.0,1.0,0.0,staggered-cycle,quadratic-vc,6.436491339236333e-05,
main,main/rep1-stream1-regime1-d20/7,1,1,1,20,1.0,1.0,0.0,staggered-cycle,quadratic-vc,6.825550406842626e-05,
main,main/rep1-stream1-regime1-d20/0,1,1,1,20,1.0,1.0,0.0,frames,quadratic-ac,0.0002006576583443795,
main,main/rep1-stream1-regime1-d20/1,1,1,1,20,1.0,1.0,0.0,frames,quadratic-ac,0.00012589123397536398,
main,main/rep1-stream1-regime1-d20/2,1,1,1,20,1.0,1.0,0.0,frames,quadratic-ac,0.00010882581831092269,
main,main/rep1-stream1-regime1-d20/3,1,1,1,20,1.0,1.0,0.0,frames,quadratic-ac,0.00010286823482790572,
main,main/rep1-stream1-regime1-d20/4,1,1,1,20,1.0,1.0,0.0,frames,quadratic-ac,0.00019562670722706504,
main,main/rep1-stream1-regime1-d20/5,1,1,1,20,1.0,1.0,0.0,frames,quadratic-ac,0.00014094724427734352,
main,main/rep1-stream1-regime1-d20/6,1,1,1,20,1.0,1.0,0.0,frames,quadratic-ac,8.427425968883813e-05,
main,main/rep1-stream1-regime1-d20/7,1,1,1,20,1.0,1.0,0.0,frames,quadratic-ac,0.00019028072490909483,
main,main/rep1-stream1-regime1-d20/0,1,1,1,20,1.0,1.0,0.0,frames,quadratic-vc,0.00018928122701895948,
main,main/rep1-stream1-regime1-d20/1,1,1,1,20,1.0,1.0,0.0,frames,quadratic-vc,0.0001345192565545151,
main,main/rep1-stream1-regime1-d20/2,1,1,1,20,1.0,1.0,0.0,frames,quadratic-vc,0.00010147078508157324,
main,main/rep1-stream1-regime1-d20/3,1,1,1,20,1.0,1.0,0.0,frames,quadratic-vc,0.00010750359979599793,
main,main/rep1-stream1-regime1-d20/4,1,1,1,20,1.0,1.0,0.0,frames,quadratic-vc,0.00019433455369189396,
main,main/rep1-stream1-regime1-d20/5,1,1,1,20,1.0,1.0,0.0,frames,quadratic-vc,0.00014092395816786657,
main,main/rep1-stream1-regime1-d20/6,1,1,1,20,1.0,1.0,0.0,frames,quadratic-vc,7.783043407700812e-05,
main,main/rep1-stream1-regime1-d20/7,1,1,1,20,1.0,1.0,0.0,frames,quadratic-vc,0.0001920095439663128,
main,main/rep1-stream1-regime1-d20/0,1,1,1,20,1.0,1.0,0.0,staggered-cycle,rank,0.00607724927371512,
main,main/rep1-stream1-regime1-d20/1,1,1,1,20,1.0,1.0,0.0,staggered-cycle,rank,0.04161524352971381,
main,main/rep1-stream1-regime1-d20/2,1,1,1,20,1.0,1.0,0.0,staggered-cycle,rank,0.01755616510999478,
main,main/rep1-stream1-regime1-d20/3,1,1,1,20,1.0,1.0,0.0,staggered-cycle,rank,0.00719192004451466,
main,main/rep1-stream1-regime1-d20/4,1,1,1,20,1.0,1.0,0.0,staggered-cycle,rank,0.019306045477107032,
main,main/rep1-stream1-regime1-d20/5,1,1,1,20,1.0,1.0,0.0,staggered-cycle,rank,0.0041846202388697165,
main,main/rep1-stream1-regime1-d20/6,1,1,1,20,1.0,1.0,0.0,staggered-cycle,rank,0.014612816425787205,
main,main/rep1-stream1-regime1-d20/7,1,1,1,20,1.0,1.0,0.0,staggered-cycle,rank,0.010021654359517967,
main,main/rep1-stream1-regime1-d20/0,1,1,1,20,1.0,10.0,0.0,staggered-cycle,quadratic-ac,0.000569673049700059,
main,main/rep1-stream1-regime1-d20/1,1,1,1,20,1.0,10.0,0.0,staggered-cycle,quadratic-ac,0.00047255709741488147,
main,main/rep1-stream1-regime1-d20/2,1,1,1,20,1.0,10.0,0.0,staggered-cycle,quadratic-ac,0.0005863291804198199,
main,main/rep1-stream1-regime1-d20/3,1,1,1,20,1.0,10.0,0.0,staggered-cycle,quadratic-ac,0.0006846062937012566,
main,main/rep1-stream1-regime1-d20/4,1,1,1,20,1.0,10.0,0.0,staggered-cycle,quadratic-ac,0.0005194450609304501,
main,main/rep1-stream1-regime1-d20/5,1,1,1,20,1.0,10.0,0.0,staggered-cycle,quadratic-ac,0.00018098771179278188,
main,main/rep1-stream1-regime1-d20/6,1,1,1,20,1.0,10.0,0.0,staggered-cycle,quadratic-ac,0.00021932317402980906,
main,main/rep1-stream1-regime1-d20/7,1,1,1,20,1.0,10.0,0.0,staggered-cycle,quadratic-ac,0.0004061028481974134,
main,main/rep1-stream1-regime1-d20/0,1,1,1,20,1.0,10.0,0.0,staggered-cycle,quadratic-vc,0.0005362937319928479,
main,main/rep1-stream1-regime1-d20/1,1,1,1,20,1.0,10.0,0.0,staggered-cycle,quadratic-vc,0.0004575753730138277,
main,main/rep1-stream1-regime1-d20/2,1,1,1,20,1.0,10.0,0.0,staggered-cycle,quadratic-vc,0.0005623610517677913,
main,main/rep1-stream1-regime1-d20/3,1,1,1,20,1.0,10.0,0.0,staggered-cycle,quadratic-vc,0.0006714141254069454,
main,main/rep1-stream1-regime1-d20/4,1,1,1,20,1.0,10.0,0.0,staggered-cycle,quadratic-vc,0.0005096793805057117,
main,main/rep1-stream1-regime1-d20/5,1,1,1,20,1.0,10.0,0.0,staggered-cycle,quadratic-vc,0.00021136313515271248,
main,main/rep1-stream1-regime1-d20/6,1,1,1,20,1.0,10.0,0.0,staggered-cycle,quadratic-vc,0.00029547385138530875,
main,main/rep1-stream1-regime1-d20/7,1,1,1,20,1.0,10.0,0.0,staggered-cycle,quadratic-vc,0.00037836468288578363,
main,main/rep1-stream1-regime1-d20/0,1,1,1,20,1.0,10.0,0.0,frames,quadratic-ac,0.0010389573085654925,
main,main/rep1-stream1-regime1-d20/1,1,1,1,20,1.0,10.0,0.0,frames,quadratic-ac,0.0008244720952180486,
main,main/rep1-stream1-regime1-d20/2,1,1,1,20,1.0,10.0,0.0,frames,quadratic-ac,0.0012134176927512525,
main,main/rep1-stream1-regime1-d20/3,1,1,1,20,1.0,10.0,0.0,frames,quadratic-ac,0.000427201889801861,
main,main/rep1-stream1-regime1-d20/4,1,1,1,20,1.0,10.0,0.0,frames,quadratic-ac,0.0009742344276040073,
main,main/rep1-stream1-regime1-d20/5,1,1,1,20,1.0,10.0,0.0,frames,quadratic-ac,0.0003379472074136779,
main,main/rep1-stream1-regime1-d20/6,1,1,1,20,1.0,10.0,0.0,frames,quadratic-ac,0.000289710284160177,
main,main/rep1-stream1-regime1-d20/7,1,1,1,20,1.0,10.0,0.0,frames,quadratic-ac,0.000576088081234626,
main,main/rep1-stream1-regime1-d20/0,1,1,1,20,1.0,10.0,0.0,frames,quadratic-vc,0.0009846239821123797,
main,main/rep1-stream1-regime1-d20/1,1,1,1,20,1.0,10.0,0.0,frames,quadratic-vc,0.0007772658479423665,
main,main/rep1-stream1-regime1-d20/2,1,1,1,20,1.0,10.0,0.0,frames,quadratic-vc,0.0012822788334788957,
main,main/rep1-stream1-regime1-d20/3,1,1,1,20,1.0,10.0,0.0,frames,quadratic-vc,0.00031925092324520894,
main,main/rep1-stream1-regime1-d20/4,1,1,1,20,1.0,10.0,0.0,frames,quadratic-vc,0.0009303715892531036,
main,main/rep1-stream1-regime1-d20/5,1,1,1,20,1.0,10.0,0.0,frames,quadratic-vc,0.0003372119380372838,
main,main/rep1-stream1-regime1-d20/6,1,1,1,20,1.0,10.0,0.0,frames,quadratic-vc,0.00029736742490414376,
main,main/rep1-stream1-regime1-d20/7,1,1,1,20,1.0,10.0,0.0,frames,quadratic-vc,0.0005739291575815438,
main,main/rep1-stream1-regime1-d20/0,1,1,1,20,1.0,10.0,0.0,staggered-cycle,rank,0.03934276902714567,
main,main/rep1-stream1-regime1-d20/1,1,1,1,20,1.0,10.0,0.0,staggered-cycle,rank,0.07325925363548359,
main,main/rep1-stream1-regime1-d20/2,1,1,1,20,1.0,10.0,0.0,staggered-cycle,rank,0.07712670066653494,
main,main/rep1-stream1-regime1-d20/3,1,1,1,20,1.0,10.0,0.0,staggered-cycle,rank,0.028725205059961477,
main,main/rep1-stream1-regime1-d20/4,1,1,1,20,1.0,10.0,0.0,staggered-cycle,rank,0.08257746361425157,
main,main/rep1-stream1-regime1-d20/5,1,1,1,20,1.0,10.0,0.0,staggered-cycle,rank,0.015667339571594132,
main,main/rep1-stream1-regime1-d20/6,1,1,1,20,1.0,10.0,0.0,staggered-cycle,rank,0.034457214870524035,
main,main/rep1-stream1-regime1-d20/7,1,1,1,20,1.0,10.0,0.0,staggered-cycle,rank,0.05219955760755868,
main,main/rep0-stream0-regime0-d20/0,0,0,0,20,1.0,0.0,0.0,staggered-cycle,quadratic-ac,6.451375930370266e-05,
main,main/rep0-stream0-regime0-d20/1,0,0,0,20,1.0,0.0,0.0,staggered-cycle,quadratic-ac,5.5402844089737806e-05,
main,main/rep0-stream0-regime0-d20/2,0,0,0,20,1.0,0.0,0.0,staggered-cycle,quadratic-ac,8.465661647822891e-05,
main,main/rep0-stream0-regime0-d20/3,0,0,0,20,1.0,0.0,0.0,staggered-cycle,quadratic-ac,4.315978254098573e-05,
main,main/rep0-stream0-regime0-d20/4,0,0,0,20,1.0,0.0,0.0,staggered-cycle,quadratic-ac,5.3642764665089866e-05,
main,main/rep0-stream0-regime0-d20/5,0,0,0,20,1.0,0.0,0.0,staggered-cycle,quadratic-ac,0.00029616112874893976,
main,main/rep0-stream0-regime0-d20/6,0,0,0,20,1.0,0.0,0.0,staggered-cycle,quadratic-ac,0.00018571155713647392,
main,main/rep0-stream0-regime0-d20/7,0,0,0,20,1.0,0.0,0.0,staggered-cycle,quadratic-ac,3.639971593219072e-05,
main,main/rep0-stream0-regime0-d20/0,0,0,0,20,1.0,0.0,0.0,staggered-cycle,quadratic-vc,6.811114167781115e-05,
main,main/rep0-stream0-regime0-d20/1,0,0,0,20,1.0,0.0,0.0,staggered-cycle,quadratic-vc,5.2687559979134317e-05,
main,main/rep0-stream0-regime0-d20/2,0,0,0,20,1.0,0.0,0.0,staggered-cycle,quadratic-vc,9.261477402962836e-05,
main,main/rep0-stream0-regime0-d20/3,0,0,0,20,1.0,0.0,0.0,staggered-cycle,quadratic-vc,4.1097450580839055e-05,
main,main/rep0-stream0-regime0-d20/4,0,0,0,20,1.0,0.0,0.0,staggered-cycle,quadratic-vc,5.242971836391108e-05,
main,main/rep0-stream0-regime0-d20/5,0,0,0,20,1.0,0.0,0.0,staggered-cycle,quadratic-vc,0.00026416894440058926,
main,main/rep0-stream0-regime0-d20/6,0,0,0,20,1.0,0.0,0.0,staggered-cycle,quadratic-vc,0.0001902398206024913,
main,main/rep0-stream0-regime0-d20/7,0,0,0,20,1.0,0.0,0.0,staggered-cycle,quadratic-vc,4.1092396134059954e-05,
main,main/rep0-stream0-regime0-d20/0,0,0,0,20,1.0,0.0,0.0,frames,quadratic-ac,0.00011946923978625166,
main,main/rep0-stream0-regime0-d20/1,0,0,0,20,1.0,0.0,0.0,frames,quadratic-ac,3.3547584922155615e-05,
main,main/rep0-stream0-regime0-d20/2,0,0,0,20,1.0,0.0,0.0,frames,quadratic-ac,6.461192087502345e-05,
main,main/rep0-stream0-regime0-d20/3,0,0,0,20,1.0,0.0,0.0,frames,quadratic-ac,8.689574762984464e-05,
main,main/rep0-stream0-regime0-d20/4,0,0,0,20,1.0,0.0,0.0,frames,quadratic-ac,0.00016067013464396519,
main,main/rep0-stream0-regime0-d20/5,0,0,0,20,1.0,0.0,0.0,frames,quadratic-ac,4.027567457327791e-05,
main,main/rep0-stream0-regime0-d20/6,0,0,0,20,1.0,0.0,0.0,frames,quadratic-ac,9.972037836443896e-05,
main,main/rep0-stream0-regime0-d20/7,0,0,0,20,1.0,0.0,0.0,frames,quadratic-ac,5.3310265509444335e-05,
main,main/rep0-stream0-regime0-d20/0,0,0,0,20,1.0,0.0,0.0,frames,quadratic-vc,0.00011582200267639039,
main,main/rep0-stream0-regime0-d20/1,0,0,0,20,1.0,0.0,0.0,frames,quadratic-vc,3.0008191045346048e-05,
main,main/rep0-stream0-regime0-d20/2,0,0,0,20,1.0,0.0,0.0,frames,quadratic-vc,6.666008142251486e-05,
main,main/rep0-stream0-regime0-d20/3,0,0,0,20,1.0,0.0,0.0,frames,quadratic-vc,8.544654044425574e-05,
main,main/rep0-stream0-regime0-d20/4,0,0,0,20,1.0,0.0,0.0,frames,quadratic-vc,0.00015957367166617928,
main,main/rep0-stream0-regime0-d20/5,0,0,0,20,1.0,0.0,0.0,frames,quadratic-vc,3.7005867760119534e-05,
main,main/rep0-stream0-regime0-d20/6,0,0,0,20,1.0,0.0,0.0,frames,quadratic-vc,0.00010013528852167541,
main,main/rep0-stream0-regime0-d20/7,0,0,0,20,1.0,0.0,0.0,frames,quadratic-vc,5.3682400235538605e-05,
main,main/rep0-stream0-regime0-d20/0,0,0,0,20,1.0,0.0,0.0,staggered-cycle,rank,0.012088767341705494,
main,main/rep0-stream0-regime0-d20/1,0,0,0,20,1.0,0.0,0.0,staggered-cycle,rank,0.001676100526261241,
main,main/rep0-stream0-regime0-d20/2,0,0,0,20,1.0,0.0,0.0,staggered-cycle,rank,0.0167091523100553,
main,main/rep0-stream0-regime0-d20/3,0,0,0,20,1.0,0.0,0.0,staggered-cycle,rank,0.03282451150513987,
main,main/rep0-stream0-regime0-d20/4,0,0,0,20,1.0,0.0,0.0,staggered-cycle,rank,0.02239714807696834,
main,main/rep0-stream0-regime0-d20/5,0,0,0,20,1.0,0.0,0.0,staggered-cycle,rank,0.028127428152283945,
main,main/rep0-stream0-regime0-d20/6,0,0,0,20,1.0,0.0,0.0,staggered-cycle,rank,0.028893349193275165,
main,main/rep0-stream0-regime0-d20/7,0,0,0,20,1.0,0.0,0.0,staggered-cycle,rank,0.010716132151413763,
main,main/rep0-stream0-regime0-d20/0,0,0,0,20,1.0,0.1,0.0,staggered-cycle,quadratic-ac,8.361090800357807e-05,
main,main/rep0-stream0-regime0-d20/1,0,0,0,20,1.0,0.1,0.0,staggered-cycle,quadratic-ac,6.448344370153034e-05,
main,main/rep0-stream0-regime0-d20/2,0,0,0,20,1.0,0.1,0.0,staggered-cycle,quadratic-ac,3.4177135728094814e-05,
main,main/rep0-stream0-regime0-d20/3,0,0,0,20,1.0,0.1,0.0,staggered-cycle,quadratic-ac,7.161468433564179e-05,
main,main/rep0-stream0-regime0-d20/4,0,0,0,20,1.0,0.1,0.0,staggered-cycle,quadratic-ac,5.8173242668163443e-05,
main,main/rep0-stream0-regime0-d20/5,0,0,0,20,1.0,0.1,0.0,staggered-cycle,quadratic-ac,2.7098419900941197e-05,
main,main/rep0-stream0-regime0-d20/6,0,0,0,20,1.0,0.1,0.0,staggered-cycle,quadratic-ac,6.103313011401264e-05,
main,main/rep0-stream0-regime0-d20/7,0,0,0,20,1.0,0.1,0.0,staggered-cycle,quadratic-ac,9.941957993096078e-05,
main,main/rep0-stream0-regime0-d20/0,0,0,0,20,1.0,0.1,0.0,staggered-cycle,quadratic-vc,7.187383444302101e-05,
main,main/rep0-stream0-regime0-d20/1,0,0,0,20,1.0,0.1,0.0,staggered-cycle,quadratic-vc,6.712051380490851e-05,
main,main/rep0-stream0-regime0-d20/2,0,0,0,20,1.0,0.1,0.0,staggered-cycle,quadratic-vc,4.145615818607973e-05,
main,main/rep0-stream0-regime0-d20/3,0,0,0,20,1.0,0.1,0.0,staggered-cycle,quadratic-vc,6.725274441922186e-05,
main,main/rep0-stream0-regime0-d20/4,0,0,0,20,1.0,0.1,0.0,staggered-cycle,quadratic-vc,5.362915114563558e-05,
main,main/rep0-stream0-regime0-d20/5,0,0,0,20,1.0,0.1,0.0,staggered-cycle,quadratic-vc,2.6390619396049194e-05,
main,main/rep0-stream0-regime0-d20/6,0,0,0,20,1.0,0.1,0.0,staggered-cycle,quadratic-vc,7.094525785684175e-05,
main,main/rep0-stream0-regime0-d20/7,0,0,0,20,1.0,0.1,0.0,staggered-cycle,quadratic-vc,0.00010228822183812546,
main,main/rep0-stream0-regime0-d20/0,0,0,0,20,1.0,0.1,0.0,frames,quadratic-ac,9.096353267741279e-05,
main,main/rep0-stream0-regime0-d20/1,0,0,0,20,1.0,0.1,0.0,frames,quadratic-ac,3.767097570446801e-05,
main,main/rep0-stream0-regime0-d20/2,0,0,0,20,1.0,0.1,0.0,frames,quadratic-ac,7.264561933115854e-05,
main,main/rep0-stream0-regime0-d20/3,0,0,0,20,1.0,0.1,0.0,frames,quadratic-ac,7.60925798867655e-05,
main,main/rep0-stream0-regime0-d20/4,0,0,0,20,1.0,0.1,0.0,frames,quadratic-ac,6.42439603967455e-05,
main,main/rep0-stream0-regime0-d20/5,0,0,0,20,1.0,0.1,0.0,frames,quadratic-ac,0.00010427572296280646,
main,main/rep0-stream0-regime0-d20/6,0,0,0,20,1.0,0.1,0.0,frames,quadratic-ac,4.924022751074284e-05,
main,main/rep0-stream0-regime0-d20/7,0,0,0,20,1.0,0.1,0.0,frames,quadratic-ac,7.219492933099728e-05,
main,main/rep0-stream0-regime0-d20/0,0,0,0,20,1.0,0.1,0.0,frames,quadratic-vc,8.650520368835233e-05,
main,main/rep0-stream0-regime0-d20/1,0,0,0,20,1.0,0.1,0.0,frames,quadratic-vc,3.286262540166292e-05,
main,main/rep0-stream0-regime0-d20/2,0,0,0,20,1.0,0.1,0.0,frames,quadratic-vc,6.544923191020677e-05,
main,main/rep0-stream0-regime0-d20/3,0,0,0,20,1.0,0.1,0.0,frames,quadratic-vc,6.608263232922302e-05,
main,main/rep0-stream0-regime0-d20/4,0,0,0,20,1.0,0.1,0.0,frames,quadratic-vc,5.8625901532301525e-05,
main,main/rep0-stream0-regime0-d20/5,0,0,0,20,1.0,0.1,0.0,frames,quadratic-vc,9.563443063063125e-05,
main,main/rep0-stream0-regime0-d20/6,0,0,0,20,1.0,0.1,0.0,frames,quadratic-vc,4.918718302552285e-05,
main,main/rep0-stream0-regime0-d20/7,0,0,0,20,1.0,0.1,0.0,frames,quadratic-vc,7.363585441074183e-05,
main,main/rep0-stream0-regime0-d20/0,0,0,0,20,1.0,0.1,0.0,staggered-cycle,rank,0.012092843838650986,
main,main/rep0-stream0-regime0-d20/1,0,0,0,20,1.0,0.1,0.0,staggered-cycle,rank,0.0016640833441989174,
main,main/rep0-stream0-regime0-d20/2,0,0,0,20,1.0,0.1,0.0,staggered-cycle,rank,0.016358785527735027,
main,main/rep0-stream0-regime0-d20/3,0,0,0,20,1.0,0.1,0.0,staggered-cycle,rank,0.033022033433933264,
main,main/rep0-stream0-regime0-d20/4,0,0,0,20,1.0,0.1,0.0,staggered-cycle,rank,0.022197359797547084,
main,main/rep0-stream0-regime0-d20/5,0,0,0,20,1.0,0.1,0.0,staggered-cycle,rank,0.028052995214533465,
main,main/rep0-stream0-regime0-d20/6,0,0,0,20,1.0,0.1,0.0,staggered-cycle,rank,0.029983601266254715,
main,main/rep0-stream0-regime0-d20/7,0,0,0,20,1.0,0.1,0.0,staggered-cycle,rank,0.010250738443590278,
main,main/rep0-stream0-regime0-d20/0,0,0,0,20,1.0,1.0,0.0,staggered-cycle,quadratic-ac,4.582968405550056e-05,
main,main/rep0-stream0-regime0-d20/1,0,0,0,20,1.0,1.0,0.0,staggered-cycle,quadratic-ac,5.941253448296464e-05,
main,main/rep0-stream0-regime0-d20/2,0,0,0,20,1.0,1.0,0.0,staggered-cycle,quadratic-ac,7.348450059123498e-05,
main,main/rep0-stream0-regime0-d20/3,0,0,0,20,1.0,1.0,0.0,staggered-cycle,quadratic-ac,8.036505587146016e-05,
main,main/rep0-stream0-regime0-d20/4,0,0,0,20,1.0,1.0,0.0,staggered-cycle,quadratic-ac,9.34722603035736e-05,
main,main/rep0-stream0-regime0-d20/5,0,0,0,20,1.0,1.0,0.0,staggered-cycle,quadratic-ac,0.00017067179322632523,
main,main/rep0-stream0-regime0-d20/6,0,0,0,20,1.0,1.0,0.0,staggered-cycle,quadratic-ac,0.00011840524639298055,
main,main/rep0-stream0-regime0-d20/7,0,0,0,20,1.0,1.0,0.0,staggered-cycle,quadratic-ac,9.722496022977653e-05,
main,main/rep0-stream0-regime0-d20/0,0,0,0,20,1.0,1.0,0.0,staggered-cycle,quadratic-vc,5.095055772794464e-05,
main,main/rep0-stream0-regime0-d20/1,0,0,0,20,1.0,1.0,0.0,staggered-cycle,quadratic-vc,5.858000342804318e-05,
main,main/rep0-stream0-regime0-d20/2,0,0,0,20,1.0,1.0,0.0,staggered-cycle,quadratic-vc,7.021995347808426e-05,
main,main/rep0-stream0-regime0-d20/3,0,0,0,20,1.0,1.0,0.0,staggered-cycle,quadratic-vc,7.517397060989769e-05,
main,main/rep0-stream0-regime0-d20/4,0,0,0,20,1.0,1.0,0.0,staggered-cycle,quadratic-vc,0.00010553861117368418,
main,main/rep0-stream0-regime0-d20/5,0,0,0,20,1.0,1.0,0.0,staggered-cycle,quadratic-vc,0.00015415159224541584,
main,main/rep0-stream0-regime0-d20/6,0,0,0,20,1.0,1.0,0.0,staggered-cycle,quadratic-vc,0.00011794529143666555,
main,main/rep0-stream0-regime0-d20/7,0,0,0,20,1.0,1.0,0.0,staggered-cycle,quadratic-vc,0.00013334419050526947,
main,main/rep0-stream0-regime0-d20/0,0,0,0,20,1.0,1.0,0.0,frames,quadratic-ac,0.000110740009700296,
main,main/rep0-stream0-regime0-d20/1,0,0,0,20,1.0,1.0,0.0,frames,quadratic-ac,0.00013831315396111018,
main,main/rep0-stream0-regime0-d20/2,0,0,0,20,1.0,1.0,0.0,frames,quadratic-ac,7.355235041361908e-05,
main,main/rep0-stream0-regime0-d20/3,0,0,0,20,1.0,1.0,0.0,frames,quadratic-ac,0.00010045022615666363,
main,main/rep0-stream0-regime0-d20/4,0,0,0,20,1.0,1.0,0.0,frames,quadratic-ac,0.00010170281015745216,
main,main/rep0-stream0-regime0-d20/5,0,0,0,20,1.0,1.0,0.0,frames,quadratic-ac,8.297221379374022e-05,
main,main/rep0-stream0-regime0-d20/6,0,0,0,20,1.0,1.0,0.0,frames,quadratic-ac,0.00010611887736170891,
main,main/rep0-stream0-regime0-d20/7,0,0,0,20,1.0,1.0,0.0,frames,quadratic-ac,8.33017065872834e-05,
main,main/rep0-stream0-regime0-d20/0,0,0,0,20,1.0,1.0,0.0,frames,quadratic-vc,0.00012208807877350084,
main,main/rep0-stream0-regime0-d20/1,0,0,0,20,1.0,1.0,0.0,frames,quadratic-vc,0.00015199768550283022,
main,main/rep0-stream0-regime0-d20/2,0,0,0,20,1.0,1.0,0.0,frames,quadratic-vc,6.67299061274069e-05,
main,main/rep0-stream0-regime0-d20/3,0,0,0,20,1.0,1.0,0.0,frames,quadratic-vc,0.00010527736393356434,
main,main/rep0-stream0-regime0-d20/4,0,0,0,20,1.0,1.0,0.0,frames,quadratic-vc,9.134921597310094e-05,
main,main/rep0-stream0-regime0-d20/5,0,0,0,20,1.0,1.0,0.0,frames,quadratic-vc,7.014718960328887e-05,
main,main/rep0-stream0-regime0-d20/6,0,0,0,20,1.0,1.0,0.0,frames,quadratic-vc,0.00010365330325164566,
main,main/rep0-stream0-regime0-d20/7,0,0,0,20,1.0,1.0,0.0,frames,quadratic-vc,9.146631182551641e-05,
main,main/rep0-stream0-regime0-d20/0,0,0,0,20,1.0,1.0,0.0,staggered-cycle,rank,0.011098498475955579,
main,main/rep0-stream0-regime0-d20/1,0,0,0,20,1.0,1.0,0.0,staggered-cycle,rank,0.0018786853171273098,
main,main/rep0-stream0-regime0-d20/2,0,0,0,20,1.0,1.0,0.0,staggered-cycle,rank,0.013863192591101385,
main,main/rep0-stream0-regime0-d20/3,0,0,0,20,1.0,1.0,0.0,staggered-cycle,rank,0.03192181250432673,
main,main/rep0-stream0-regime0-d20/4,0,0,0,20,1.0,1.0,0.0,staggered-cycle,rank,0.019388961121775718,
main,main/rep0-stream0-regime0-d20/5,0,0,0,20,1.0,1.0,0.0,staggered-cycle,rank,0.028833556371077172,
main,main/rep0-stream0-regime0-d20/6,0,0,0,20,1.0,1.0,0.0,staggered-cycle,rank,0.02721681028179191,
main,main/rep0-stream0-regime0-d20/7,0,0,0,20,1.0,1.0,0.0,staggered-cycle,rank,0.009260880313989332,
main,main/rep0-stream0-regime0-d20/0,0,0,0,20,1.0,10.0,0.0,staggered-cycle,quadratic-ac,0.00041519616672403676,
main,main/rep0-stream0-regime0-d20/1,0,0,0,20,1.0,10.0,0.0,staggered-cycle,quadratic-ac,0.0002878202934073475,
main,main/rep0-stream0-regime0-d20/2,0,0,0,20,1.0,10.0,0.0,staggered-cycle,quadratic-ac,0.0006679230553152063,
main,main/rep0-stream0-regime0-d20/3,0,0,0,20,1.0,10.0,0.0,staggered-cycle,quadratic-ac,0.0002804545216686509,
main,main/rep0-stream0-regime0-d20/4,0,0,0,20,1.0,10.0,0.0,staggered-cycle,quadratic-ac,0.00036672005801382835,
main,main/rep0-stream0-regime0-d20/5,0,0,0,20,1.0,10.0,0.0,staggered-cycle,quadratic-ac,0.0002138975901298609,
main,main/rep0-stream0-regime0-d20/6,0,0,0,20,1.0,10.0,0.0,staggered-cycle,quadratic-ac,0.0005303965154576386,
main,main/rep0-stream0-regime0-d20/7,0,0,0,20,1.0,10.0,0.0,staggered-cycle,quadratic-ac,0.0002519562206882147,
main,main/rep0-stream0-regime0-d20/0,0,0,0,20,1.0,10.0,0.0,staggered-cycle,quadratic-vc,0.00045931032542376415,
main,main/rep0-stream0-regime0-d20/1,0,0,0,20,1.0,10.0,0.0,staggered-cycle,quadratic-vc,0.00025019078633665255,
main,main/rep0-stream0-regime0-d20/2,0,0,0,20,1.0,10.0,0.0,staggered-cycle,quadratic-vc,0.0006393063577901826,
main,main/rep0-stream0-regime0-d20/3,0,0,0,20,1.0,10.0,0.0,staggered-cycle,quadratic-vc,0.0002698637670255106,
main,main/rep0-stream0-regime0-d20/4,0,0,0,20,1.0,10.0,0.0,staggered-cycle,quadratic-vc,0.00036633926380805,
main,main/rep0-stream0-regime0-d20/5,0,0,0,20,1.0,10.0,0.0,staggered-cycle,quadratic-vc,0.00022995788331633672,
main,main/rep0-stream0-regime0-d20/6,0,0,0,20,1.0,10.0,0.0,staggered-cycle,quadratic-vc,0.0005725093121634747,
main,main/rep0-stream0-regime0-d20/7,0,0,0,20,1.0,10.0,0.0,staggered-cycle,quadratic-vc,0.00024738575788836245,
main,main/rep0-stream0-regime0-d20/0,0,0,0,20,1.0,10.0,0.0,frames,quadratic-ac,0.0008667829238895181,
main,main/rep0-stream0-regime0-d20/1,0,0,0,20,1.0,10.0,0.0,frames,quadratic-ac,0.0002969009710982493,
main,main/rep0-stream0-regime0-d20/2,0,0,0,20,1.0,10.0,0.0,frames,quadratic-ac,0.0006335812767629893,
main,main/rep0-stream0-regime0-d20/3,0,0,0,20,1.0,10.0,0.0,frames,quadratic-ac,0.00039839524995141515,
main,main/rep0-stream0-regime0-d20/4,0,0,0,20,1.0,10.0,0.0,frames,quadratic-ac,0.00028902213785858425,
main,main/rep0-stream0-regime0-d20/5,0,0,0,20,1.0,10.0,0.0,frames,quadratic-ac,0.0006574329834795959,
main,main/rep0-stream0-regime0-d20/6,0,0,0,20,1.0,10.0,0.0,frames,quadratic-ac,0.00040787941717166835,
main,main/rep0-stream0-regime0-d20/7,0,0,0,20,1.0,10.0,0.0,frames,quadratic-ac,0.0008566169993109976,
main,main/rep0-stream0-regime0-d20/0,0,0,0,20,1.0,10.0,0.0,frames,quadratic-vc,0.0008176767096816529,
main,main/rep0-stream0-regime0-d20/1,0,0,0,20,1.0,10.0,0.0,frames,quadratic-vc,0.00028173528807667555,
main,main/rep0-stream0-regime0-d20/2,0,0,0,20,1.0,10.0,0.0,frames,quadratic-vc,0.0006141218814094359,
main,main/rep0-stream0-regime0-d20/3,0,0,0,20,1.0,10.0,0.0,frames,quadratic-vc,0.00041815312309128206,
main,main/rep0-stream0-regime0-d20/4,0,0,0,20,1.0,10.0,0.0,frames,quadratic-vc,0.00029809070286367507,
main,main/rep0-stream0-regime0-d20/5,0,0,0,20,1.0,10.0,0.0,frames,quadratic-vc,0.0006937768737632525,
main,main/rep0-stream0-regime0-d20/6,0,0,0,20,1.0,10.0,0.0,frames,quadratic-vc,0.00038109483273975807,
main,main/rep0-stream0-regime0-d20/7,0,0,0,20,1.0,10.0,0.0,frames,quadratic-vc,0.0009113114791841335,
main,main/rep0-stream0-regime0-d20/0,0,0,0,20,1.0,10.0,0.0,staggered-cycle,rank,0.028115307102249097,
main,main/rep0-stream0-regime0-d20/1,0,0,0,20,1.0,10.0,0.0,staggered-cycle,rank,0.013366249893560077,
main,main/rep0-stream0-regime0-d20/2,0,0,0,20,1.0,10.0,0.0,staggered-cycle,rank,0.04264638951802449,
main,main/rep0-stream0-regime0-d20/3,0,0,0,20,1.0,10.0,0.0,staggered-cycle,rank,0.009107187850056113,
main,main/rep0-stream0-regime0-d20/4,0,0,0,20,1.0,10.0,0.0,staggered-cycle,rank,0.02532158411162453,
main,main/rep0-stream0-regime0-d20/5,0,0,0,20,1.0,10.0,0.0,staggered-cycle,rank,0.03980933909413109,
main,main/rep0-stream0-regime0-d20/6,0,0,0,20,1.0,10.0,0.0,staggered-cycle,rank,0.04658672606435131,
main,main/rep0-stream0-regime0-d20/7,0,0,0,20,1.0,10.0,0.0,staggered-cycle,rank,0.034282347143273995,
main,main/rep0-stream0-regime1-d10/0,0,0,1,10,1.0,0.0,0.0,staggered-cycle,quadratic-ac,0.0001992498146750772,
main,main/rep0-stream0-regime1-d10/1,0,0,1,10,1.0,0.0,0.0,staggered-cycle,quadratic-ac,0.0003866622163896202,
main,main/rep0-stream0-regime1-d10/2,0,0,1,10,1.0,0.0,0.0,staggered-cycle,quadratic-ac,0.00017538042059210573,
main,main/rep0-stream0-regime1-d10/3,0,0,1,10,1.0,0.0,0.0,staggered-cycle,quadratic-ac,0.0004428741652797148,
main,main/rep0-stream0-regime1-d10/4,0,0,1,10,1.0,0.0,0.0,staggered-cycle,quadratic-ac,0.0002351893331486649,
main,main/rep0-stream0-regime1-d10/5,0,0,1,10,1.0,0.0,0.0,staggered-cycle,quadratic-ac,0.0004204003400995157,
main,main/rep0-stream0-regime1-d10/6,0,0,1,10,1.0,0.0,0.0,staggered-cycle,quadratic-ac,0.00012014736213166366,
main,main/rep0-stream0-regime1-d10/7,0,0,1,10,1.0,0.0,0.0,staggered-cycle,quadratic-ac,0.00010044333296780512,
main,main/rep0-stream0-regime1-d10/0,0,0,1,10,1.0,0.0,0.0,staggered-cycle,quadratic-vc,0.00014265471248098825,
main,main/rep0-stream0-regime1-d10/1,0,0,1,10,1.0,0.0,0.0,staggered-cycle,quadratic-vc,0.00032959166592821574,
main,main/rep0-stream0-regime1-d10/2,0,0,1,10,1.0,0.0,0.0,staggered-cycle,quadratic-vc,0.00020008108721586575,
main,main/rep0-stream0-regime1-d10/3,0,0,1,10,1.0,0.0,0.0,staggered-cycle,quadratic-vc,0.0003918192095861925,
main,main/rep0-stream0-regime1-d10/4,0,0,1,10,1.0,0.0,0.0,staggered-cycle,quadratic-vc,0.00016745689350748937,
main,main/rep0-stream0-regime1-d10/5,0,0,1,10,1.0,0.0,0.0,staggered-cycle,quadratic-vc,0.0004001755418509435,
main,main/rep0-stream0-regime1-d10/6,0,0,1,10,1.0,0.0,0.0,staggered-cycle,quadratic-vc,0.00012784276644937535,
main,main/rep0-stream0-regime1-d10/7,0,0,1,10,1.0,0.0,0.0,staggered-cycle,quadratic-vc,0.00010677761964178767,
main,main/rep0-stream0-regime1-d10/0,0,0,1,10,1.0,0.0,0.0,frames,quadratic-ac,0.0010825075132470396,
main,main/rep0-stream0-regime1-d10/1,0,0,1,10,1.0,0.0,0.0,frames,quadratic-ac,0.0001340376298130615,
main,main/rep0-stream0-regime1-d10/2,0,0,1,10,1.0,0.0,0.0,frames,quadratic-ac,0.00019638592905198038,
main,main/rep0-stream0-regime1-d10/3,0,0,1,10,1.0,0.0,0.0,frames,quadratic-ac,0.0002129867260930778,
main,main/rep0-stream0-regime1-d10/4,0,0,1,10,1.0,0.0,0.0,frames,quadratic-ac,0.00025463349245681154,
main,main/rep0-stream0-regime1-d10/5,0,0,1,10,1.0,0.0,0.0,frames,quadratic-ac,0.0002621450492529018,
main,main/rep0-stream0-regime1-d10/6,0,0,1,10,1.0,0.0,0.0,frames,quadratic-ac,0.0003050387034315398,
main,main/rep0-stream0-regime1-d10/7,0,0,1,10,1.0,0.0,0.0,frames,quadratic-ac,0.00031783652745311016,
main,main/rep0-stream0-regime1-d10/0,0,0,1,10,1.0,0.0,0.0,frames,quadratic-vc,0.0010561275748801023,
main,main/rep0-stream0-regime1-d10/1,0,0,1,10,1.0,0.0,0.0,frames,quadratic-vc,0.000129067620663972,
main,main/rep0-stream0-regime1-d10/2,0,0,1,10,1.0,0.0,0.0,frames,quadratic-vc,0.00016005700117896338,
main,main/rep0-stream0-regime1-d10/3,0,0,1,10,1.0,0.0,0.0,frames,quadratic-vc,0.00021572357461210388,
main,main/rep0-stream0-regime1-d10/4,0,0,1,10,1.0,0.0,0.0,frames,quadratic-vc,0.0002458131432746756,
main,main/rep0-stream0-regime1-d10/5,0,0,1,10,1.0,0.0,0.0,frames,quadratic-vc,0.0002248446647565755,
main,main/rep0-stream0-regime1-d10/6,0,0,1,10,1.0,0.0,0.0,frames,quadratic-vc,0.00032108977861363596,
main,main/rep0-stream0-regime1-d10/7,0,0,1,10,1.0,0.0,0.0,frames,quadratic-vc,0.00027014376549448896,
main,main/rep0-stream0-regime1-d10/0,0,0,1,10,1.0,0.0,0.0,staggered-cycle,rank,0.014040676429459257,
main,main/rep0-stream0-regime1-d10/1,0,0,1,10,1.0,0.0,0.0,staggered-cycle,rank,0.014252797877992074,
main,main/rep0-stream0-regime1-d10/2,0,0,1,10,1.0,0.0,0.0,staggered-cycle,rank,0.0003990752027836568,
main,main/rep0-stream0-regime1-d10/3,0,0,1,10,1.0,0.0,0.0,staggered-cycle,rank,0.004665479436424963,
main,main/rep0-stream0-regime1-d10/4,0,0,1,10,1.0,0.0,0.0,staggered-cycle,rank,0.08716341008823648,
main,main/rep0-stream0-regime1-d10/5,0,0,1,10,1.0,0.0,0.0,staggered-cycle,rank,0.000895540161975236,
main,main/rep0-stream0-regime1-d10/6,0,0,1,10,1.0,0.0,0.0,staggered-cycle,rank,0.006158366197377043,
main,main/rep0-stream0-regime1-d10/7,0,0,1,10,1.0,0.0,0.0,staggered-cycle,rank,0.01521253468174595,
main,main/rep0-stream0-regime1-d10/0,0,0,1,10,1.0,0.1,0.0,staggered-cycle,quadratic-ac,0.00020259524422565892,
main,main/rep0-stream0-regime1-d10/1,0,0,1,10,1.0,0.1,0.0,staggered-cycle,quadratic-ac,0.00037221662118239245,
main,main/rep0-stream0-regime1-d10/2,0,0,1,10,1.0,0.1,0.0,staggered-cycle,quadratic-ac,0.00018253612346548858,
main,main/rep0-stream0-regime1-d10/3,0,0,1,10,1.0,0.1,0.0,staggered-cycle,quadratic-ac,0.00043250504138849037,
main,main/rep0-stream0-regime1-d10/4,0,0,1,10,1.0,0.1,0.0,staggered-cycle,quadratic-ac,0.00014191364737747497,
main,main/rep0-stream0-regime1-d10/5,0,0,1,10,1.0,0.1,0.0,staggered-cycle,quadratic-ac,0.00012034144196368363,
main,main/rep0-stream0-regime1-d10/6,0,0,1,10,1.0,0.1,0.0,staggered-cycle,quadratic-ac,0.00016094985096658495,
main,main/rep0-stream0-regime1-d10/7,0,0,1,10,1.0,0.1,0.0,staggered-cycle,quadratic-ac,9.265719720692675e-05,
main,main/rep0-stream0-regime1-d10/0,0,0,1,10,1.0,0.1,0.0,staggered-cycle,quadratic-vc,0.00014656221670382983,
main,main/rep0-stream0-regime1-d10/1,0,0,1,10,1.0,0.1,0.0,staggered-cycle,quadratic-vc,0.0003284695150050149,
main,main/rep0-stream0-regime1-d10/2,0,0,1,10,1.0,0.1,0.0,staggered-cycle,quadratic-vc,0.00018274507504463156,
main,main/rep0-stream0-regime1-d10/3,0,0,1,10,1.0,0.1,0.0,staggered-cycle,quadratic-vc,0.0003812614112147975,
main,main/rep0-stream0-regime1-d10/4,0,0,1,10,1.0,0.1,0.0,staggered-cycle,quadratic-vc,0.0001385443558683942,
main,main/rep0-stream0-regime1-d10/5,0,0,1,10,1.0,0.1,0.0,staggered-cycle,quadratic-vc,0.00010099721288561026,
main,main/rep0-stream0-regime1-d10/6,0,0,1,10,1.0,0.1,0.0,staggered-cycle,quadratic-vc,0.00016470191669776366,
main,main/rep0-stream0-regime1-d10/7,0,0,1,10,1.0,0.1,0.0,staggered-cycle,quadratic-vc,8.064379430830974e-05,
main,main/rep0-stream0-regime1-d10/0,0,0,1,10,1.0,0.1,0.0,frames,quadratic-ac,0.0005256023866682576,
main,main/rep0-stream0-regime1-d10/1,0,0,1,10,1.0,0.1,0.0,frames,quadratic-ac,0.0004783510930288015,
main,main/rep0-stream0-regime1-d10/2,0,0,1,10,1.0,0.1,0.0,frames,quadratic-ac,0.00016877274643526007,
main,main/rep0-stream0-regime1-d10/3,0,0,1,10,1.0,0.1,0.0,frames,quadratic-ac,0.00034111188836287405,
main,main/rep0-stream0-regime1-d10/4,0,0,1,10,1.0,0.1,0.0,frames,quadratic-ac,0.00019374960100235767,
main,main/rep0-stream0-regime1-d10/5,0,0,1,10,1.0,0.1,0.0,frames,quadratic-ac,0.00015288458194075152,
main,main/rep0-stream0-regime1-d10/6,0,0,1,10,1.0,0.1,0.0,frames,quadratic-ac,8.624902867273134e-05,
main,main/rep0-stream0-regime1-d10/7,0,0,1,10,1.0,0.1,0.0,frames,quadratic-ac,0.00021611865064415854,
main,main/rep0-stream0-regime1-d10/0,0,0,1,10,1.0,0.1,0.0,frames,quadratic-vc,0.00041524728444042276,
main,main/rep0-stream0-regime1-d10/1,0,0,1,10,1.0,0.1,0.0,frames,quadratic-vc,0.00043213995814402696,
main,main/rep0-stream0-regime1-d10/2,0,0,1,10,1.0,0.1,0.0,frames,quadratic-vc,0.0001617479068488321,
main,main/rep0-stream0-regime1-d10/3,0,0,1,10,1.0,0.1,0.0,frames,quadratic-vc,0.00031916107292472674,
main,main/rep0-stream0-regime1-d10/4,0,0,1,10,1.0,0.1,0.0,frames,quadratic-vc,0.00015604152139014505,
main,main/rep0-stream0-regime1-d10/5,0,0,1,10,1.0,0.1,0.0,frames,quadratic-vc,0.00014586100359819832,
main,main/rep0-stream0-regime1-d10/6,0,0,1,10,1.0,0.1,0.0,frames,quadratic-vc,8.644225132175164e-05,
main,main/rep0-stream0-regime1-d10/7,0,0,1,10,1.0,0.1,0.0,frames,quadratic-vc,0.00015262983567195554,
main,main/rep0-stream0-regime1-d10/0,0,0,1,10,1.0,0.1,0.0,staggered-cycle,rank,0.014174433676541354,
main,main/rep0-stream0-regime1-d10/1,0,0,1,10,1.0,0.1,0.0,staggered-cycle,rank,0.014455274508285109,
main,main/rep0-stream0-regime1-d10/2,0,0,1,10,1.0,0.1,0.0,staggered-cycle,rank,0.0006632227437043653,
main,main/rep0-stream0-regime1-d10/3,0,0,1,10,1.0,0.1,0.0,staggered-cycle,rank,0.0034738985196445323,
main,main/rep0-stream0-regime1-d10/4,0,0,1,10,1.0,0.1,0.0,staggered-cycle,rank,0.08508661105374676,
main,main/rep0-stream0-regime1-d10/5,0,0,1,10,1.0,0.1,0.0,staggered-cycle,rank,0.0013261407519477369,
main,main/rep0-stream0-regime1-d10/6,0,0,1,10,1.0,0.1,0.0,staggered-cycle,rank,0.006512846161733793,
main,main/rep0-stream0-regime1-d10/7,0,0,1,10,1.0,0.1,0.0,staggered-cycle,rank,0.014789696802916356,
main,main/rep0-stream0-regime1-d10/0,0,0,1,10,1.0,1.0,0.0,staggered-cycle,quadratic-ac,0.00020827951596478388,
main,main/rep0-stream0-regime1-d10/1,0,0,1,10,1.0,1.0,0.0,staggered-cycle,quadratic-ac,0.00018247105397779792,
main,main/rep0-stream0-regime1-d10/2,0,0,1,10,1.0,1.0,0.0,staggered-cycle,quadratic-ac,0.00038032315440708153,
main,main/rep0-stream0-regime1-d10/3,0,0,1,10,1.0,1.0,0.0,staggered-cycle,quadratic-ac,0.0002661962967650919,
main,main/rep0-stream0-regime1-d10/4,0,0,1,10,1.0,1.0,0.0,staggered-cycle,quadratic-ac,0.001044449942345322,
main,main/rep0-stream0-regime1-d10/5,0,0,1,10,1.0,1.0,0.0,staggered-cycle,quadratic-ac,0.00014360880184344018,
main,main/rep0-stream0-regime1-d10/6,0,0,1,10,1.0,1.0,0.0,staggered-cycle,quadratic-ac,0.0004061874316992691,
main,main/rep0-stream0-regime1-d10/7,0,0,1,10,1.0,1.0,0.0,staggered-cycle,quadratic-ac,0.00036918006314507975,
main,main/rep0-stream0-regime1-d10/0,0,0,1,10,1.0,1.0,0.0,staggered-cycle,quadratic-vc,0.0002103452851899535,
main,main/rep0-stream0-regime1-d10/1,0,0,1,10,1.0,1.0,0.0,staggered-cycle,quadratic-vc,0.00023580360346237768,
main,main/rep0-stream0-regime1-d10/2,0,0,1,10,1.0,1.0,0.0,staggered-cycle,quadratic-vc,0.00034791071943397067,
main,main/rep0-stream0-regime1-d10/3,0,0,1,10,1.0,1.0,0.0,staggered-cycle,quadratic-vc,0.00027102536202429443,
main,main/rep0-stream0-regime1-d10/4,0,0,1,10,1.0,1.0,0.0,staggered-cycle,quadratic-vc,0.0007536412232104615,
main,main/rep0-stream0-regime1-d10/5,0,0,1,10,1.0,1.0,0.0,staggered-cycle,quadratic-vc,0.00017457907347128592,
main,main/rep0-stream0-regime1-d10/6,0,0,1,10,1.0,1.0,0.0,staggered-cycle,quadratic-vc,0.00043482585605286484,
main,main/rep0-stream0-regime1-d10/7,0,0,1,10,1.0,1.0,0.0,staggered-cycle,quadratic-vc,0.00038273166089613223,
main,main/rep0-stream0-regime1-d10/0,0,0,1,10,1.0,1.0,0.0,frames,quadratic-ac,0.00013606124203037871,
main,main/rep0-stream0-regime1-d10/1,0,0,1,10,1.0,1.0,0.0,frames,quadratic-ac,0.00037018776405737906,
main,main/rep0-stream0-regime1-d10/2,0,0,1,10,1.0,1.0,0.0,frames,quadratic-ac,0.0006193430026879946,
main,main/rep0-stream0-regime1-d10/3,0,0,1,10,1.0,1.0,0.0,frames,quadratic-ac,0.0010673647723764732,
main,main/rep0-stream0-regime1-d10/4,0,0,1,10,1.0,1.0,0.0,frames,quadratic-ac,0.0003639518432477908,
main,main/rep0-stream0-regime1-d10/5,0,0,1,10,1.0,1.0,0.0,frames,quadratic-ac,0.0011211376208131395,
main,main/rep0-stream0-regime1-d10/6,0,0,1,10,1.0,1.0,0.0,frames,quadratic-ac,0.0004887528070281936,
main,main/rep0-stream0-regime1-d10/7,0,0,1,10,1.0,1.0,0.0,frames,quadratic-ac,0.0003680905328171159,
main,main/rep0-stream0-regime1-d10/0,0,0,1,10,1.0,1.0,0.0,frames,quadratic-vc,0.0001127481376381576,
main,main/rep0-stream0-regime1-d10/1,0,0,1,10,1.0,1.0,0.0,frames,quadratic-vc,0.00035965425850580237,
main,main/rep0-stream0-regime1-d10/2,0,0,1,10,1.0,1.0,0.0,frames,quadratic-vc,0.0006069815016471428,
main,main/rep0-stream0-regime1-d10/3,0,0,1,10,1.0,1.0,0.0,frames,quadratic-vc,0.0010301383497444186,
main,main/rep0-stream0-regime1-d10/4,0,0,1,10,1.0,1.0,0.0,frames,quadratic-vc,0.00034858814322745864,
main,main/rep0-stream0-regime1-d10/5,0,0,1,10,1.0,1.0,0.0,frames,quadratic-vc,0.001007092493505499,
main,main/rep0-stream0-regime1-d10/6,0,0,1,10,1.0,1.0,0.0,frames,quadratic-vc,0.0004917345530909711,
main,main/rep0-stream0-regime1-d10/7,0,0,1,10,1.0,1.0,0.0,frames,quadratic-vc,0.0003791865952177421,
main,main/rep0-stream0-regime1-d10/0,0,0,1,10,1.0,1.0,0.0,staggered-cycle,rank,0.013266517257373612,
main,main/rep0-stream0-regime1-d10/1,0,0,1,10,1.0,1.0,0.0,staggered-cycle,rank,0.01325631201469781,
main,main/rep0-stream0-regime1-d10/2,0,0,1,10,1.0,1.0,0.0,staggered-cycle,rank,0.0009198271385440644,
main,main/rep0-stream0-regime1-d10/3,0,0,1,10,1.0,1.0,0.0,staggered-cycle,rank,0.0019179698344410558,
main,main/rep0-stream0-regime1-d10/4,0,0,1,10,1.0,1.0,0.0,staggered-cycle,rank,0.04400978346974887,
main,main/rep0-stream0-regime1-d10/5,0,0,1,10,1.0,1.0,0.0,staggered-cycle,rank,0.0007259422051876928,
main,main/rep0-stream0-regime1-d10/6,0,0,1,10,1.0,1.0,0.0,staggered-cycle,rank,0.0048830305133812,
main,main/rep0-stream0-regime1-d10/7,0,0,1,10,1.0,1.0,0.0,staggered-cycle,rank,0.011075565928507787,
main,main/rep0-stream0-regime1-d10/0,0,0,1,10,1.0,10.0,0.0,staggered-cycle,quadratic-ac,0.0014612759085980245,
main,main/rep0-stream0-regime1-d10/1,0,0,1,10,1.0,10.0,0.0,staggered-cycle,quadratic-ac,0.0018862362819799807,
main,main/rep0-stream0-regime1-d10/2,0,0,1,10,1.0,10.0,0.0,staggered-cycle,quadratic-ac,0.0010598722676432085,
main,main/rep0-stream0-regime1-d10/3,0,0,1,10,1.0,10.0,0.0,staggered-cycle,quadratic-ac,0.0011661659194645943,
main,main/rep0-stream0-regime1-d10/4,0,0,1,10,1.0,10.0,0.0,staggered-cycle,quadratic-ac,0.0017959463210766443,
main,main/rep0-stream0-regime1-d10/5,0,0,1,10,1.0,10.0,0.0,staggered-cycle,quadratic-ac,0.0015953863374807314,
main,main/rep0-stream0-regime1-d10/6,0,0,1,10,1.0,10.0,0.0,staggered-cycle,quadratic-ac,0.003051650793565554,
main,main/rep0-stream0-regime1-d10/7,0,0,1,10,1.0,10.0,0.0,staggered-cycle,quadratic-ac,0.0023874173400767274,
main,main/rep0-stream0-regime1-d10/0,0,0,1,10,1.0,10.0,0.0,staggered-cycle,quadratic-vc,0.0012770416506022084,
main,main/rep0-stream0-regime1-d10/1,0,0,1,10,1.0,10.0,0.0,staggered-cycle,quadratic-vc,0.002017854139862065,
main,main/rep0-stream0-regime1-d10/2,0,0,1,10,1.0,10.0,0.0,staggered-cycle,quadratic-vc,0.0009588530299028052,
main,main/rep0-stream0-regime1-d10/3,0,0,1,10,1.0,10.0,0.0,staggered-cycle,quadratic-vc,0.001200056186517778,
main,main/rep0-stream0-regime1-d10/4,0,0,1,10,1.0,10.0,0.0,staggered-cycle,quadratic-vc,0.0014133057489027032,
main,main/rep0-stream0-regime1-d10/5,0,0,1,10,1.0,10.0,0.0,staggered-cycle,quadratic-vc,0.0014312846452953635,
main,main/rep0-stream0-regime1-d10/6,0,0,1,10,1.0,10.0,0.0,staggered-cycle,quadratic-vc,0.002876698718974534,
main,main/rep0-stream0-regime1-d10/7,0,0,1,10,1.0,10.0,0.0,staggered-cycle,quadratic-vc,0.0021203133658147817,
main,main/rep0-stream0-regime1-d10/0,0,0,1,10,1.0,10.0,0.0,frames,quadratic-ac,0.0011309690168280926,
main,main/rep0-stream0-regime1-d10/1,0,0,1,10,1.0,10.0,0.0,frames,quadratic-ac,0.0017928721574680844,
main,main/rep0-stream0-regime1-d10/2,0,0,1,10,1.0,10.0,0.0,frames,quadratic-ac,0.0045610710716236635,
main,main/rep0-stream0-regime1-d10/3,0,0,1,10,1.0,10.0,0.0,frames,quadratic-ac,0.002918666868715163,
main,main/rep0-stream0-regime1-d10/4,0,0,1,10,1.0,10.0,0.0,frames,quadratic-ac,0.0008911841466945683,
main,main/rep0-stream0-regime1-d10/5,0,0,1,10,1.0,10.0,0.0,frames,quadratic-ac,0.0034542297602381264,
main,main/rep0-stream0-regime1-d10/6,0,0,1,10,1.0,10.0,0.0,frames,quadratic-ac,0.0038700757338253513,
main,main/rep0-stream0-regime1-d10/7,0,0,1,10,1.0,10.0,0.0,frames,quadratic-ac,0.0012921985019580054,
main,main/rep0-stream0-regime1-d10/0,0,0,1,10,1.0,10.0,0.0,frames,quadratic-vc,0.001317105932047445,
main,main/rep0-stream0-regime1-d10/1,0,0,1,10,1.0,10.0,0.0,frames,quadratic-vc,0.0019294643999608811,
main,main/rep0-stream0-regime1-d10/2,0,0,1,10,1.0,10.0,0.0,frames,quadratic-vc,0.005286392593866459,
main,main/rep0-stream0-regime1-d10/3,0,0,1,10,1.0,10.0,0.0,frames,quadratic-vc,0.0029464134291097774,
main,main/rep0-stream0-regime1-d10/4,0,0,1,10,1.0,10.0,0.0,frames,quadratic-vc,0.0007655926262041726,
main,main/rep0-stream0-regime1-d10/5,0,0,1,10,1.0,10.0,0.0,frames,quadratic-vc,0.003696678202769846,
main,main/rep0-stream0-regime1-d10/6,0,0,1,10,1.0,10.0,0.0,frames,quadratic-vc,0.0035669744109321218,
main,main/rep0-stream0-regime1-d10/7,0,0,1,10,1.0,10.0,0.0,frames,quadratic-vc,0.0009835303856520832,
main,main/rep0-stream0-regime1-d10/0,0,0,1,10,1.0,10.0,0.0,staggered-cycle,rank,0.013017240427330634,
main,main/rep0-stream0-regime1-d10/1,0,0,1,10,1.0,10.0,0.0,staggered-cycle,rank,0.05890287791799919,
main,main/rep0-stream0-regime1-d10/2,0,0,1,10,1.0,10.0,0.0,staggered-cycle,rank,0.027087154819677897,
main,main/rep0-stream0-regime1-d10/3,0,0,1,10,1.0,10.0,0.0,staggered-cycle,rank,0.02805150903415236,
main,main/rep0-stream0-regime1-d10/4,0,0,1,10,1.0,10.0,0.0,staggered-cycle,rank,0.07103746634738574,
main,main/rep0-stream0-regime1-d10/5,0,0,1,10,1.0,10.0,0.0,staggered-cycle,rank,0.046147035303325055,
main,main/rep0-stream0-regime1-d10/6,0,0,1,10,1.0,10.0,0.0,staggered-cycle,rank,0.03762920676803714,
main,main/rep0-stream0-regime1-d10/7,0,0,1,10,1.0,10.0,0.0,staggered-cycle,rank,0.04208969168110376,
main,main/rep0-stream0-regime1-d50/0,0,0,1,50,1.0,0.0,0.0,staggered-cycle,quadratic-ac,1.37486565451947e-05,
main,main/rep0-stream0-regime1-d50/1,0,0,1,50,1.0,0.0,0.0,staggered-cycle,quadratic-ac,1.7736080683683876e-05,
main,main/rep0-stream0-regime1-d50/2,0,0,1,50,1.0,0.0,0.0,staggered-cycle,quadratic-ac,1.7889735539820892e-05,
main,main/rep0-stream0-regime1-d50/3,0,0,1,50,1.0,0.0,0.0,staggered-cycle,quadratic-ac,1.1301483144347749e-05,
main,main/rep0-stream0-regime1-d50/4,0,0,1,50,1.0,0.0,0.0,staggered-cycle,quadratic-ac,8.45995323491671e-06,
main,main/rep0-stream0-regime1-d50/5,0,0,1,50,1.0,0.0,0.0,staggered-cycle,quadratic-ac,1.703733445551986e-05,
main,main/rep0-stream0-regime1-d50/6,0,0,1,50,1.0,0.0,0.0,staggered-cycle,quadratic-ac,1.5459554676853523e-05,
main,main/rep0-stream0-regime1-d50/7,0,0,1,50,1.0,0.0,0.0,staggered-cycle,quadratic-ac,1.1900993424147128e-05,
main,main/rep0-stream0-regime1-d50/0,0,0,1,50,1.0,0.0,0.0,staggered-cycle,quadratic-vc,1.282009902316515e-05,
main,main/rep0-stream0-regime1-d50/1,0,0,1,50,1.0,0.0,0.0,staggered-cycle,quadratic-vc,1.6592682395545764e-05,
main,main/rep0-stream0-regime1-d50/2,0,0,1,50,1.0,0.0,0.0,staggered-cycle,quadratic-vc,1.6974038122340673e-05,
main,main/rep0-stream0-regime1-d50/3,0,0,1,50,1.0,0.0,0.0,staggered-cycle,quadratic-vc,1.0457081186039902e-05,
main,main/rep0-stream0-regime1-d50/4,0,0,1,50,1.0,0.0,0.0,staggered-cycle,quadratic-vc,8.244288422012686e-06,
main,main/rep0-stream0-regime1-d50/5,0,0,1,50,1.0,0.0,0.0,staggered-cycle,quadratic-vc,1.7184476857437015e-05,
main,main/rep0-stream0-regime1-d50/6,0,0,1,50,1.0,0.0,0.0,staggered-cycle,quadratic-vc,1.4645512267576648e-05,
main,main/rep0-stream0-regime1-d50/7,0,0,1,50,1.0,0.0,0.0,staggered-cycle,quadratic-vc,1.085283436315918e-05,
main,main/rep0-stream0-regime1-d50/0,0,0,1,50,1.0,0.0,0.0,frames,quadratic-ac,1.157544562096838e-05,
main,main/rep0-stream0-regime1-d50/1,0,0,1,50,1.0,0.0,0.0,frames,quadratic-ac,1.2902551513829422e-05,
main,main/rep0-stream0-regime1-d50/2,0,0,1,50,1.0,0.0,0.0,frames,quadratic-ac,8.70746150719288e-06,
main,main/rep0-stream0-regime1-d50/3,0,0,1,50,1.0,0.0,0.0,frames,quadratic-ac,1.4076103448912004e-05,
main,main/rep0-stream0-regime1-d50/4,0,0,1,50,1.0,0.0,0.0,frames,quadratic-ac,1.3595310241763438e-05,
main,main/rep0-stream0-regime1-d50/5,0,0,1,50,1.0,0.0,0.0,frames,quadratic-ac,1.3229994266392955e-05,
main,main/rep0-stream0-regime1-d50/6,0,0,1,50,1.0,0.0,0.0,frames,quadratic-ac,9.30863659914046e-06,
main,main/rep0-stream0-regime1-d50/7,0,0,1,50,1.0,0.0,0.0,frames,quadratic-ac,1.2273067824204556e-05,
main,main/rep0-stream0-regime1-d50/0,0,0,1,50,1.0,0.0,0.0,frames,quadratic-vc,1.0799026817590897e-05,
main,main/rep0-stream0-regime1-d50/1,0,0,1,50,1.0,0.0,0.0,frames,quadratic-vc,1.2548877608937839e-05,
main,main/rep0-stream0-regime1-d50/2,0,0,1,50,1.0,0.0,0.0,frames,quadratic-vc,8.496335916919218e-06,
main,main/rep0-stream0-regime1-d50/3,0,0,1,50,1.0,0.0,0.0,frames,quadratic-vc,1.2913855750985627e-05,
main,main/rep0-stream0-regime1-d50/4,0,0,1,50,1.0,0.0,0.0,frames,quadratic-vc,1.3737035901033144e-05,
main,main/rep0-stream0-regime1-d50/5,0,0,1,50,1.0,0.0,0.0,frames,quadratic-vc,1.2174845907974232e-05,
main,main/rep0-stream0-regime1-d50/6,0,0,1,50,1.0,0.0,0.0,frames,quadratic-vc,8.957940441688406e-06,
main,main/rep0-stream0-regime1-d50/7,0,0,1,50,1.0,0.0,0.0,frames,quadratic-vc,1.2398116604635114e-05,
main,main/rep0-stream0-regime1-d50/0,0,0,1,50,1.0,0.0,0.0,staggered-cycle,rank,0.009265760071308688,
main,main/rep0-stream0-regime1-d50/1,0,0,1,50,1.0,0.0,0.0,staggered-cycle,rank,0.018711073621659604,
main,main/rep0-stream0-regime1-d50/2,0,0,1,50,1.0,0.0,0.0,staggered-cycle,rank,0.03379359993006008,
main,main/rep0-stream0-regime1-d50/3,0,0,1,50,1.0,0.0,0.0,staggered-cycle,rank,0.025963441817933,
main,main/rep0-stream0-regime1-d50/4,0,0,1,50,1.0,0.0,0.0,staggered-cycle,rank,0.005405084941525556,
main,main/rep0-stream0-regime1-d50/5,0,0,1,50,1.0,0.0,0.0,staggered-cycle,rank,0.03848393435020989,
main,main/rep0-stream0-regime1-d50/6,0,0,1,50,1.0,0.0,0.0,staggered-cycle,rank,0.009558862140206422,
main,main/rep0-stream0-regime1-d50/7,0,0,1,50,1.0,0.0,0.0,staggered-cycle,rank,0.014497380449776229,
main,main/rep0-stream0-regime1-d50/0,0,0,1,50,1.0,0.1,0.0,staggered-cycle,quadratic-ac,8.630492204380686e-06,
main,main/rep0-stream0-regime1-d50/1,0,0,1,50,1.0,0.1,0.0,staggered-cycle,quadratic-ac,1.401908063199717e-05,
main,main/rep0-stream0-regime1-d50/2,0,0,1,50,1.0,0.1,0.0,staggered-cycle,quadratic-ac,2.079228130022137e-05,
main,main/rep0-stream0-regime1-d50/3,0,0,1,50,1.0,0.1,0.0,staggered-cycle,quadratic-ac,1.4016852895885754e-05,
main,main/rep0-stream0-regime1-d50/4,0,0,1,50,1.0,0.1,0.0,staggered-cycle,quadratic-ac,1.1874681299278373e-05,
main,main/rep0-stream0-regime1-d50/5,0,0,1,50,1.0,0.1,0.0,staggered-cycle,quadratic-ac,9.206464978862398e-06,
main,main/rep0-stream0-regime1-d50/6,0,0,1,50,1.0,0.1,0.0,staggered-cycle,quadratic-ac,1.3214828651089064e-05,
main,main/rep0-stream0-regime1-d50/7,0,0,1,50,1.0,0.1,0.0,staggered-cycle,quadratic-ac,1.1006242061206207e-05,
main,main/rep0-stream0-regime1-d50/0,0,0,1,50,1.0,0.1,0.0,staggered-cycle,quadratic-vc,9.591233886981729e-06,
main,main/rep0-stream0-regime1-d50/1,0,0,1,50,1.0,0.1,0.0,staggered-cycle,quadratic-vc,1.213877747197143e-05,
main,main/rep0-stream0-regime1-d50/2,0,0,1,50,1.0,0.1,0.0,staggered-cycle,quadratic-vc,1.8760328520277957e-05,
main,main/rep0-stream0-regime1-d50/3,0,0,1,50,1.0,0.1,0.0,staggered-cycle,quadratic-vc,1.3961655864004037e-05,
main,main/rep0-stream0-regime1-d50/4,0,0,1,50,1.0,0.1,0.0,staggered-cycle,quadratic-vc,1.195942841072898e-05,
main,main/rep0-stream0-regime1-d50/5,0,0,1,50,1.0,0.1,0.0,staggered-cycle,quadratic-vc,9.259688848794809e-06,
main,main/rep0-stream0-regime1-d50/6,0,0,1,50,1.0,0.1,0.0,staggered-cycle,quadratic-vc,1.3559639317155774e-05,
main,main/rep0-stream0-regime1-d50/7,0,0,1,50,1.0,0.1,0.0,staggered-cycle,quadratic-vc,9.80684032366775e-06,
main,main/rep0-stream0-regime1-d50/0,0,0,1,50,1.0,0.1,0.0,frames,quadratic-ac,1.4134085574217668e-05,
main,main/rep0-stream0-regime1-d50/1,0,0,1,50,1.0,0.1,0.0,frames,quadratic-ac,8.753326375303464e-06,
main,main/rep0-stream0-regime1-d50/2,0,0,1,50,1.0,0.1,0.0,frames,quadratic-ac,1.1244248349326812e-05,
main,main/rep0-stream0-regime1-d50/3,0,0,1,50,1.0,0.1,0.0,frames,quadratic-ac,1.6463792324279088e-05,
main,main/rep0-stream0-regime1-d50/4,0,0,1,50,1.0,0.1,0.0,frames,quadratic-ac,1.469652382155963e-05,
main,main/rep0-stream0-regime1-d50/5,0,0,1,50,1.0,0.1,0.0,frames,quadratic-ac,1.2402365507561377e-05,
main,main/rep0-stream0-regime1-d50/6,0,0,1,50,1.0,0.1,0.0,frames,quadratic-ac,2.238493337631888e-05,
main,main/rep0-stream0-regime1-d50/7,0,0,1,50,1.0,0.1,0.0,frames,quadratic-ac,2.0966943084731137e-05,
main,main/rep0-stream0-regime1-d50/0,0,0,1,50,1.0,0.1,0.0,frames,quadratic-vc,1.2676987520909569e-05,
main,main/rep0-stream0-regime1-d50/1,0,0,1,50,1.0,0.1,0.0,frames,quadratic-vc,8.250525043181957e-06,
main,main/rep0-stream0-regime1-d50/2,0,0,1,50,1.0,0.1,0.0,frames,quadratic-vc,1.0320692083679185e-05,
main,main/rep0-stream0-regime1-d50/3,0,0,1,50,1.0,0.1,0.0,frames,quadratic-vc,1.5288969429140522e-05,
main,main/rep0-stream0-regime1-d50/4,0,0,1,50,1.0,0.1,0.0,frames,quadratic-vc,1.49574611608754e-05,
main,main/rep0-stream0-regime1-d50/5,0,0,1,50,1.0,0.1,0.0,frames,quadratic-vc,1.2425236549882062e-05,
main,main/rep0-stream0-regime1-d50/6,0,0,1,50,1.0,0.1,0.0,frames,quadratic-vc,2.102867035275588e-05,
main,main/rep0-stream0-regime1-d50/7,0,0,1,50,1.0,0.1,0.0,frames,quadratic-vc,2.0149612134511404e-05,
main,main/rep0-stream0-regime1-d50/0,0,0,1,50,1.0,0.1,0.0,staggered-cycle,rank,0.009036544609802175,
main,main/rep0-stream0-regime1-d50/1,0,0,1,50,1.0,0.1,0.0,staggered-cycle,rank,0.018837562080989596,
main,main/rep0-stream0-regime1-d50/2,0,0,1,50,1.0,0.1,0.0,staggered-cycle,rank,0.03368628811203609,
main,main/rep0-stream0-regime1-d50/3,0,0,1,50,1.0,0.1,0.0,staggered-cycle,rank,0.02605524476833968,
main,main/rep0-stream0-regime1-d50/4,0,0,1,50,1.0,0.1,0.0,staggered-cycle,rank,0.005330546078011262,
main,main/rep0-stream0-regime1-d50/5,0,0,1,50,1.0,0.1,0.0,staggered-cycle,rank,0.03871819825273841,
main,main/rep0-stream0-regime1-d50/6,0,0,1,50,1.0,0.1,0.0,staggered-cycle,rank,0.00942930121006283,
main,main/rep0-stream0-regime1-d50/7,0,0,1,50,1.0,0.1,0.0,staggered-cycle,rank,0.014571502923741519,
main,main/rep0-stream0-regime1-d50/0,0,0,1,50,1.0,1.0,0.0,staggered-cycle,quadratic-ac,1.311947990643348e-05,
main,main/rep0-stream0-regime1-d50/1,0,0,1,50,1.0,1.0,0.0,staggered-cycle,quadratic-ac,1.529377272848154e-05,
main,main/rep0-stream0-regime1-d50/2,0,0,1,50,1.0,1.0,0.0,staggered-cycle,quadratic-ac,2.0301380677325346e-05,
main,main/rep0-stream0-regime1-d50/3,0,0,1,50,1.0,1.0,0.0,staggered-cycle,quadratic-ac,2.015209562071313e-05,
main,main/rep0-stream0-regime1-d50/4,0,0,1,50,1.0,1.0,0.0,staggered-cycle,quadratic-ac,1.4062713932622735e-05,
main,main/rep0-stream0-regime1-d50/5,0,0,1,50,1.0,1.0,0.0,staggered-cycle,quadratic-ac,3.1692188086585925e-05,
main,main/rep0-stream0-regime1-d50/6,0,0,1,50,1.0,1.0,0.0,staggered-cycle,quadratic-ac,1.3976923354283371e-05,
main,main/rep0-stream0-regime1-d50/7,0,0,1,50,1.0,1.0,0.0,staggered-cycle,quadratic-ac,1.2560918782734088e-05,
main,main/rep0-stream0-regime1-d50/0,0,0,1,50,1.0,1.0,0.0,staggered-cycle,quadratic-vc,1.3112219640588534e-05,
main,main/rep0-stream0-regime1-d50/1,0,0,1,50,1.0,1.0,0.0,staggered-cycle,quadratic-vc,1.4779549189066094e-05,
main,main/rep0-stream0-regime1-d50/2,0,0,1,50,1.0,1.0,0.0,staggered-cycle,quadratic-vc,1.9162070308784294e-05,
main,main/rep0-stream0-regime1-d50/3,0,0,1,50,1.0,1.0,0.0,staggered-cycle,quadratic-vc,2.0261543734516546e-05,
main,main/rep0-stream0-regime1-d50/4,0,0,1,50,1.0,1.0,0.0,staggered-cycle,quadratic-vc,1.5332462036388626e-05,
main,main/rep0-stream0-regime1-d50/5,0,0,1,50,1.0,1.0,0.0,staggered-cycle,quadratic-vc,2.5655462093130074e-05,
main,main/rep0-stream0-regime1-d50/6,0,0,1,50,1.0,1.0,0.0,staggered-cycle,quadratic-vc,1.31286340563632e-05,
main,main/rep0-stream0-regime1-d50/7,0,0,1,50,1.0,1.0,0.0,staggered-cycle,quadratic-vc,1.175293379843429e-05,
main,main/rep0-stream0-regime1-d50/0,0,0,1,50,1.0,1.0,0.0,frames,quadratic-ac,2.679400277813736e-05,
main,main/rep0-stream0-regime1-d50/1,0,0,1,50,1.0,1.0,0.0,frames,quadratic-ac,1.6952376120812575e-05,
main,main/rep0-stream0-regime1-d50/2,0,0,1,50,1.0,1.0,0.0,frames,quadratic-ac,1.3258278961499338e-05,
main,main/rep0-stream0-regime1-d50/3,0,0,1,50,1.0,1.0,0.0,frames,quadratic-ac,1.8680215183864387e-05,
main,main/rep0-stream0-regime1-d50/4,0,0,1,50,1.0,1.0,0.0,frames,quadratic-ac,1.7200546221831632e-05,
main,main/rep0-stream0-regime1-d50/5,0,0,1,50,1.0,1.0,0.0,frames,quadratic-ac,1.6508657823111086e-05,
main,main/rep0-stream0-regime1-d50/6,0,0,1,50,1.0,1.0,0.0,frames,quadratic-ac,1.6276485378726213e-05,
main,main/rep0-stream0-regime1-d50/7,0,0,1,50,1.0,1.0,0.0,frames,quadratic-ac,1.5554586154725533e-05,
main,main/rep0-stream0-regime1-d50/0,0,0,1,50,1.0,1.0,0.0,frames,quadratic-vc,2.5927605162962714e-05,
main,main/rep0-stream0-regime1-d50/1,0,0,1,50,1.0,1.0,0.0,frames,quadratic-vc,1.7352662637152054e-05,
main,main/rep0-stream0-regime1-d50/2,0,0,1,50,1.0,1.0,0.0,frames,quadratic-vc,1.3306787134526839e-05,
main,main/rep0-stream0-regime1-d50/3,0,0,1,50,1.0,1.0,0.0,frames,quadratic-vc,1.7819602146782045e-05,
main,main/rep0-stream0-regime1-d50/4,0,0,1,50,1.0,1.0,0.0,frames,quadratic-vc,1.6599946239622998e-05,
main,main/rep0-stream0-regime1-d50/5,0,0,1,50,1.0,1.0,0.0,frames,quadratic-vc,1.6460341944439803e-05,
main,main/rep0-stream0-regime1-d50/6,0,0,1,50,1.0,1.0,0.0,frames,quadratic-vc,1.706227157599023e-05,
main,main/rep0-stream0-regime1-d50/7,0,0,1,50,1.0,1.0,0.0,frames,quadratic-vc,1.476183043966868e-05,
main,main/rep0-stream0-regime1-d50/0,0,0,1,50,1.0,1.0,0.0,staggered-cycle,rank,0.008813750889813402,
main,main/rep0-stream0-regime1-d50/1,0,0,1,50,1.0,1.0,0.0,staggered-cycle,rank,0.015686264274642564,
main,main/rep0-stream0-regime1-d50/2,0,0,1,50,1.0,1.0,0.0,staggered-cycle,rank,0.02839175471954505,
main,main/rep0-stream0-regime1-d50/3,0,0,1,50,1.0,1.0,0.0,staggered-cycle,rank,0.023640451940835097,
main,main/rep0-stream0-regime1-d50/4,0,0,1,50,1.0,1.0,0.0,staggered-cycle,rank,0.004833314901327825,
main,main/rep0-stream0-regime1-d50/5,0,0,1,50,1.0,1.0,0.0,staggered-cycle,rank,0.03355170880267091,
main,main/rep0-stream0-regime1-d50/6,0,0,1,50,1.0,1.0,0.0,staggered-cycle,rank,0.008141033445421062,
main,main/rep0-stream0-regime1-d50/7,0,0,1,50,1.0,1.0,0.0,staggered-cycle,rank,0.016362619340255753,
main,main/rep0-stream0-regime1-d50/0,0,0,1,50,1.0,10.0,0.0,staggered-cycle,quadratic-ac,0.00011683281692457124,
main,main/rep0-stream0-regime1-d50/1,0,0,1,50,1.0,10.0,0.0,staggered-cycle,quadratic-ac,0.00012686771244799913,
main,main/rep0-stream0-regime1-d50/2,0,0,1,50,1.0,10.0,0.0,staggered-cycle,quadratic-ac,9.744296654365419e-05,
main,main/rep0-stream0-regime1-d50/3,0,0,1,50,1.0,10.0,0.0,staggered-cycle,quadratic-ac,0.0001158644623971789,
main,main/rep0-stream0-regime1-d50/4,0,0,1,50,1.0,10.0,0.0,staggered-cycle,quadratic-ac,6.35406060482376e-05,
main,main/rep0-stream0-regime1-d50/5,0,0,1,50,1.0,10.0,0.0,staggered-cycle,quadratic-ac,0.00016032996178627504,
main,main/rep0-stream0-regime1-d50/6,0,0,1,50,1.0,10.0,0.0,staggered-cycle,quadratic-ac,8.438940118805948e-05,
main,main/rep0-stream0-regime1-d50/7,0,0,1,50,1.0,10.0,0.0,staggered-cycle,quadratic-ac,8.055964329715562e-05,
main,main/rep0-stream0-regime1-d50/0,0,0,1,50,1.0,10.0,0.0,staggered-cycle,quadratic-vc,0.00010824657154233505,
main,main/rep0-stream0-regime1-d50/1,0,0,1,50,1.0,10.0,0.0,staggered-cycle,quadratic-vc,0.0001171177737224174,
main,main/rep0-stream0-regime1-d50/2,0,0,1,50,1.0,10.0,0.0,staggered-cycle,quadratic-vc,9.188355749687688e-05,
main,main/rep0-stream0-regime1-d50/3,0,0,1,50,1.0,10.0,0.0,staggered-cycle,quadratic-vc,0.000106459997799262,
main,main/rep0-stream0-regime1-d50/4,0,0,1,50,1.0,10.0,0.0,staggered-cycle,quadratic-vc,6.116974422089759e-05,
main,main/rep0-stream0-regime1-d50/5,0,0,1,50,1.0,10.0,0.0,staggered-cycle,quadratic-vc,0.00015506922633830788,
main,main/rep0-stream0-regime1-d50/6,0,0,1,50,1.0,10.0,0.0,staggered-cycle,quadratic-vc,7.874037299587306e-05,
main,main/rep0-stream0-regime1-d50/7,0,0,1,50,1.0,10.0,0.0,staggered-cycle,quadratic-vc,7.560724173055765e-05,
main,main/rep0-stream0-regime1-d50/0,0,0,1,50,1.0,10.0,0.0,frames,quadratic-ac,0.0001903636889982315,
main,main/rep0-stream0-regime1-d50/1,0,0,1,50,1.0,10.0,0.0,frames,quadratic-ac,8.137343945865642e-05,
main,main/rep0-stream0-regime1-d50/2,0,0,1,50,1.0,10.0,0.0,frames,quadratic-ac,8.41457361758319e-05,
main,main/rep0-stream0-regime1-d50/3,0,0,1,50,1.0,10.0,0.0,frames,quadratic-ac,0.00012348970730384186,
main,main/rep0-stream0-regime1-d50/4,0,0,1,50,1.0,10.0,0.0,frames,quadratic-ac,0.0002024281728284666,
main,main/rep0-stream0-regime1-d50/5,0,0,1,50,1.0,10.0,0.0,frames,quadratic-ac,0.0001248978134035862,
main,main/rep0-stream0-regime1-d50/6,0,0,1,50,1.0,10.0,0.0,frames,quadratic-ac,0.0001440762413774081,
main,main/rep0-stream0-regime1-d50/7,0,0,1,50,1.0,10.0,0.0,frames,quadratic-ac,0.00017157451065531238,
main,main/rep0-stream0-regime1-d50/0,0,0,1,50,1.0,10.0,0.0,frames,quadratic-vc,0.00018773333150821252,
main,main/rep0-stream0-regime1-d50/1,0,0,1,50,1.0,10.0,0.0,frames,quadratic-vc,7.890604163511347e-05,
main,main/rep0-stream0-regime1-d50/2,0,0,1,50,1.0,10.0,0.0,frames,quadratic-vc,6.88730974927786e-05,
main,main/rep0-stream0-regime1-d50/3,0,0,1,50,1.0,10.0,0.0,frames,quadratic-vc,0.0001183196140041216,
main,main/rep0-stream0-regime1-d50/4,0,0,1,50,1.0,10.0,0.0,frames,quadratic-vc,0.00020083470813087566,
main,main/rep0-stream0-regime1-d50/5,0,0,1,50,1.0,10.0,0.0,frames,quadratic-vc,0.00012261759935653114,
main,main/rep0-stream0-regime1-d50/6,0,0,1,50,1.0,10.0,0.0,frames,quadratic-vc,0.00014879346158566808,
main,main/rep0-stream0-regime1-d50/7,0,0,1,50,1.0,10.0,0.0,frames,quadratic-vc,0.00018171384941381827,
main,main/rep0-stream0-regime1-d50/0,0,0,1,50,1.0,10.0,0.0,staggered-cycle,rank,0.05055315069012082,
main,main/rep0-stream0-regime1-d50/1,0,0,1,50,1.0,10.0,0.0,staggered-cycle,rank,0.04902336514738405,
main,main/rep0-stream0-regime1-d50/2,0,0,1,50,1.0,10.0,0.0,staggered-cycle,rank,0.03331178771187167,
main,main/rep0-stream0-regime1-d50/3,0,0,1,50,1.0,10.0,0.0,staggered-cycle,rank,0.05074023604888918,
main,main/rep0-stream0-regime1-d50/4,0,0,1,50,1.0,10.0,0.0,staggered-cycle,rank,0.044630785216214,
main,main/rep0-stream0-regime1-d50/5,0,0,1,50,1.0,10.0,0.0,staggered-cycle,rank,0.025283488821638014,
main,main/rep0-stream0-regime1-d50/6,0,0,1,50,1.0,10.0,0.0,staggered-cycle,rank,0.030908248853475876,
main,main/rep0-stream0-regime1-d50/7,0,0,1,50,1.0,10.0,0.0,staggered-cycle,rank,0.1146475843231834,
main,main/rep0-stream1-regime0-d20/0,0,1,0,20,1.0,0.0,0.0,staggered-cycle,quadratic-ac,5.128417655499314e-05,
main,main/rep0-stream1-regime0-d20/1,0,1,0,20,1.0,0.0,0.0,staggered-cycle,quadratic-ac,0.00017262116428773508,
main,main/rep0-stream1-regime0-d20/2,0,1,0,20,1.0,0.0,0.0,staggered-cycle,quadratic-ac,0.00016158514170804914,
main,main/rep0-stream1-regime0-d20/3,0,1,0,20,1.0,0.0,0.0,staggered-cycle,quadratic-ac,0.00015614844314328687,
main,main/rep0-stream1-regime0-d20/4,0,1,0,20,1.0,0.0,0.0,staggered-cycle,quadratic-ac,4.706923884112722e-05,
main,main/rep0-stream1-regime0-d20/5,0,1,0,20,1.0,0.0,0.0,staggered-cycle,quadratic-ac,5.2786205711633524e-05,
main,main/rep0-stream1-regime0-d20/6,0,1,0,20,1.0,0.0,0.0,staggered-cycle,quadratic-ac,8.715924188518777e-05,
main,main/rep0-stream1-regime0-d20/7,0,1,0,20,1.0,0.0,0.0,staggered-cycle,quadratic-ac,9.093612029835453e-05,
main,main/rep0-stream1-regime0-d20/0,0,1,0,20,1.0,0.0,0.0,staggered-cycle,quadratic-vc,5.496643627942505e-05,
main,main/rep0-stream1-regime0-d20/1,0,1,0,20,1.0,0.0,0.0,staggered-cycle,quadratic-vc,0.00017576883571771202,
main,main/rep0-stream1-regime0-d20/2,0,1,0,20,1.0,0.0,0.0,staggered-cycle,quadratic-vc,0.00017132144905692814,
main,main/rep0-stream1-regime0-d20/3,0,1,0,20,1.0,0.0,0.0,staggered-cycle,quadratic-vc,0.00014993258384227287,
main,main/rep0-stream1-regime0-d20/4,0,1,0,20,1.0,0.0,0.0,staggered-cycle,quadratic-vc,5.071396792364881e-05,
main,main/rep0-stream1-regime0-d20/5,0,1,0,20,1.0,0.0,0.0,staggered-cycle,quadratic-vc,5.04318883907149e-05,
main,main/rep0-stream1-regime0-d20/6,0,1,0,20,1.0,0.0,0.0,staggered-cycle,quadratic-vc,7.655649160347695e-05,
main,main/rep0-stream1-regime0-d20/7,0,1,0,20,1.0,0.0,0.0,staggered-cycle,quadratic-vc,9.553767702101528e-05,
main,main/rep0-stream1-regime0-d20/0,0,1,0,20,1.0,0.0,0.0,frames,quadratic-ac,0.00010304784601060393,
main,main/rep0-stream1-regime0-d20/1,0,1,0,20,1.0,0.0,0.0,frames,quadratic-ac,7.777370825269742e-05,
main,main/rep0-stream1-regime0-d20/2,0,1,0,20,1.0,0.0,0.0,frames,quadratic-ac,9.456666743451734e-05,
main,main/rep0-stream1-regime0-d20/3,0,1,0,20,1.0,0.0,0.0,frames,quadratic-ac,4.650454364805452e-05,
main,main/rep0-stream1-regime0-d20/4,0,1,0,20,1.0,0.0,0.0,frames,quadratic-ac,6.0643239467568776e-05,
main,main/rep0-stream1-regime0-d20/5,0,1,0,20,1.0,0.0,0.0,frames,quadratic-ac,7.160376264014995e-05,
main,main/rep0-stream1-regime0-d20/6,0,1,0,20,1.0,0.0,0.0,frames,quadratic-ac,7.518945384269628e-05,
main,main/rep0-stream1-regime0-d20/7,0,1,0,20,1.0,0.0,0.0,frames,quadratic-ac,9.59092333953506e-05,
main,main/rep0-stream1-regime0-d20/0,0,1,0,20,1.0,0.0,0.0,frames,quadratic-vc,9.811363013089741e-05,
main,main/rep0-stream1-regime0-d20/1,0,1,0,20,1.0,0.0,0.0,frames,quadratic-vc,7.47273859786837e-05,
main,main/rep0-stream1-regime0-d20/2,0,1,0,20,1.0,0.0,0.0,frames,quadratic-vc,9.447984298643948e-05,
main,main/rep0-stream1-regime0-d20/3,0,1,0,20,1.0,0.0,0.0,frames,quadratic-vc,4.61710111662215e-05,
main,main/rep0-stream1-regime0-d20/4,0,1,0,20,1.0,0.0,0.0,frames,quadratic-vc,6.078047835403578e-05,
main,main/rep0-stream1-regime0-d20/5,0,1,0,20,1.0,0.0,0.0,frames,quadratic-vc,6.894427409289773e-05,
main,main/rep0-stream1-regime0-d20/6,0,1,0,20,1.0,0.0,0.0,frames,quadratic-vc,7.840282835498678e-05,
main,main/rep0-stream1-regime0-d20/7,0,1,0,20,1.0,0.0,0.0,frames,quadratic-vc,0.00010022498957828356,
main,main/rep0-stream1-regime0-d20/0,0,1,0,20,1.0,0.0,0.0,staggered-cycle,rank,0.00488669086104735,
main,main/rep0-stream1-regime0-d20/1,0,1,0,20,1.0,0.0,0.0,staggered-cycle,rank,0.01283572190823383,
main,main/rep0-stream1-regime0-d20/2,0,1,0,20,1.0,0.0,0.0,staggered-cycle,rank,0.006009341472587891,
main,main/rep0-stream1-regime0-d20/3,0,1,0,20,1.0,0.0,0.0,staggered-cycle,rank,0.029810929425735596,
main,main/rep0-stream1-regime0-d20/4,0,1,0,20,1.0,0.0,0.0,staggered-cycle,rank,0.03190809100566363,
main,main/rep0-stream1-regime0-d20/5,0,1,0,20,1.0,0.0,0.0,staggered-cycle,rank,0.012261136119611033,
main,main/rep0-stream1-regime0-d20/6,0,1,0,20,1.0,0.0,0.0,staggered-cycle,rank,0.007777940753926855,
main,main/rep0-stream1-regime0-d20/7,0,1,0,20,1.0,0.0,0.0,staggered-cycle,rank,0.012973357793320813,
main,main/rep0-stream1-regime0-d20/0,0,1,0,20,1.0,0.1,0.0,staggered-cycle,quadratic-ac,5.653790387588344e-05,
main,main/rep0-stream1-regime0-d20/1,0,1,0,20,1.0,0.1,0.0,staggered-cycle,quadratic-ac,6.516625937377534e-05,
main,main/rep0-stream1-regime0-d20/2,0,1,0,20,1.0,0.1,0.0,staggered-cycle,quadratic-ac,8.247789800784559e-05,
main,main/rep0-stream1-regime0-d20/3,0,1,0,20,1.0,0.1,0.0,staggered-cycle,quadratic-ac,0.00011048698525201607,
main,main/rep0-stream1-regime0-d20/4,0,1,0,20,1.0,0.1,0.0,staggered-cycle,quadratic-ac,9.883519837213842e-05,
main,main/rep0-stream1-regime0-d20/5,0,1,0,20,1.0,0.1,0.0,staggered-cycle,quadratic-ac,6.626108967865591e-05,
main,main/rep0-stream1-regime0-d20/6,0,1,0,20,1.0,0.1,0.0,staggered-cycle,quadratic-ac,2.925886439325565e-05,
main,main/rep0-stream1-regime0-d20/7,0,1,0,20,1.0,0.1,0.0,staggered-cycle,quadratic-ac,3.81365913495801e-05,
main,main/rep0-stream1-regime0-d20/0,0,1,0,20,1.0,0.1,0.0,staggered-cycle,quadratic-vc,5.920275472462863e-05,
main,main/rep0-stream1-regime0-d20/1,0,1,0,20,1.0,0.1,0.0,staggered-cycle,quadratic-vc,6.0712317601049095e-05,
main,main/rep0-stream1-regime0-d20/2,0,1,0,20,1.0,0.1,0.0,staggered-cycle,quadratic-vc,8.489143239154897e-05,
main,main/rep0-stream1-regime0-d20/3,0,1,0,20,1.0,0.1,0.0,staggered-cycle,quadratic-vc,9.716842571683134e-05,
main,main/rep0-stream1-regime0-d20/4,0,1,0,20,1.0,0.1,0.0,staggered-cycle,quadratic-vc,9.54876814163063e-05,
main,main/rep0-stream1-regime0-d20/5,0,1,0,20,1.0,0.1,0.0,staggered-cycle,quadratic-vc,6.49438166500717e-05,
main,main/rep0-stream1-regime0-d20/6,0,1,0,20,1.0,0.1,0.0,staggered-cycle,quadratic-vc,2.471497125180526e-05,
main,main/rep0-stream1-regime0-d20/7,0,1,0,20,1.0,0.1,0.0,staggered-cycle,quadratic-vc,3.392393582154671e-05,
main,main/rep0-stream1-regime0-d20/0,0,1,0,20,1.0,0.1,0.0,frames,quadratic-ac,9.002263142982074e-05,
main,main/rep0-stream1-regime0-d20/1,0,1,0,20,1.0,0.1,0.0,frames,quadratic-ac,7.268300827295732e-05,
main,main/rep0-stream1-regime0-d20/2,0,1,0,20,1.0,0.1,0.0,frames,quadratic-ac,6.885612521426783e-05,
main,main/rep0-stream1-regime0-d20/3,0,1,0,20,1.0,0.1,0.0,frames,quadratic-ac,7.352424175291037e-05,
main,main/rep0-stream1-regime0-d20/4,0,1,0,20,1.0,0.1,0.0,frames,quadratic-ac,8.174239189415983e-05,
main,main/rep0-stream1-regime0-d20/5,0,1,0,20,1.0,0.1,0.0,frames,quadratic-ac,0.000155043750238604,
main,main/rep0-stream1-regime0-d20/6,0,1,0,20,1.0,0.1,0.0,frames,quadratic-ac,8.18318260945947e-05,
main,main/rep0-stream1-regime0-d20/7,0,1,0,20,1.0,0.1,0.0,frames,quadratic-ac,4.090843249372129e-05,
main,main/rep0-stream1-regime0-d20/0,0,1,0,20,1.0,0.1,0.0,frames,quadratic-vc,8.06331640554227e-05,
main,main/rep0-stream1-regime0-d20/1,0,1,0,20,1.0,0.1,0.0,frames,quadratic-vc,6.876410585594503e-05,
main,main/rep0-stream1-regime0-d20/2,0,1,0,20,1.0,0.1,0.0,frames,quadratic-vc,5.297045825211852e-05,
main,main/rep0-stream1-regime0-d20/3,0,1,0,20,1.0,0.1,0.0,frames,quadratic-vc,7.075226052702604e-05,
main,main/rep0-stream1-regime0-d20/4,0,1,0,20,1.0,0.1,0.0,frames,quadratic-vc,7.357347597985787e-05,
main,main/rep0-stream1-regime0-d20/5,0,1,0,20,1.0,0.1,0.0,frames,quadratic-vc,0.00015476336311199296,
main,main/rep0-stream1-regime0-d20/6,0,1,0,20,1.0,0.1,0.0,frames,quadratic-vc,8.068820818986197e-05,
main,main/rep0-stream1-regime0-d20/7,0,1,0,20,1.0,0.1,0.0,frames,quadratic-vc,3.742901779788045e-05,
main,main/rep0-stream1-regime0-d20/0,0,1,0,20,1.0,0.1,0.0,staggered-cycle,rank,0.004988333879936034,
main,main/rep0-stream1-regime0-d20/1,0,1,0,20,1.0,0.1,0.0,staggered-cycle,rank,0.012322417504131962,
main,main/rep0-stream1-regime0-d20/2,0,1,0,20,1.0,0.1,0.0,staggered-cycle,rank,0.005999480236175406,
main,main/rep0-stream1-regime0-d20/3,0,1,0,20,1.0,0.1,0.0,staggered-cycle,rank,0.02968998624075513,
main,main/rep0-stream1-regime0-d20/4,0,1,0,20,1.0,0.1,0.0,staggered-cycle,rank,0.03188370198649521,
main,main/rep0-stream1-regime0-d20/5,0,1,0,20,1.0,0.1,0.0,staggered-cycle,rank,0.012453909101849469,
main,main/rep0-stream1-regime0-d20/6,0,1,0,20,1.0,0.1,0.0,staggered-cycle,rank,0.007454107426912028,
main,main/rep0-stream1-regime0-d20/7,0,1,0,20,1.0,0.1,0.0,staggered-cycle,rank,0.013203258142326995,
main,main/rep0-stream1-regime0-d20/0,0,1,0,20,1.0,1.0,0.0,staggered-cycle,quadratic-ac,6.271365684957257e-05,
main,main/rep0-stream1-regime0-d20/1,0,1,0,20,1.0,1.0,0.0,staggered-cycle,quadratic-ac,6.867693192491189e-05,
main,main/rep0-stream1-regime0-d20/2,0,1,0,20,1.0,1.0,0.0,staggered-cycle,quadratic-ac,6.385745392776377e-05,
main,main/rep0-stream1-regime0-d20/3,0,1,0,20,1.0,1.0,0.0,staggered-cycle,quadratic-ac,0.00013444725918071703,
main,main/rep0-stream1-regime0-d20/4,0,1,0,20,1.0,1.0,0.0,staggered-cycle,quadratic-ac,5.699668008197303e-05,
main,main/rep0-stream1-regime0-d20/5,0,1,0,20,1.0,1.0,0.0,staggered-cycle,quadratic-ac,5.223691673638521e-05,
main,main/rep0-stream1-regime0-d20/6,0,1,0,20,1.0,1.0,0.0,staggered-cycle,quadratic-ac,0.0001518175158237109,
main,main/rep0-stream1-regime0-d20/7,0,1,0,20,1.0,1.0,0.0,staggered-cycle,quadratic-ac,2.723373908891346e-05,
main,main/rep0-stream1-regime0-d20/0,0,1,0,20,1.0,1.0,0.0,staggered-cycle,quadratic-vc,6.31245388558324e-05,
main,main/rep0-stream1-regime0-d20/1,0,1,0,20,1.0,1.0,0.0,staggered-cycle,quadratic-vc,6.633851954346125e-05,
main,main/rep0-stream1-regime0-d20/2,0,1,0,20,1.0,1.0,0.0,staggered-cycle,quadratic-vc,6.723141486049675e-05,
main,main/rep0-stream1-regime0-d20/3,0,1,0,20,1.0,1.0,0.0,staggered-cycle,quadratic-vc,0.000150859475327474,
main,main/rep0-stream1-regime0-d20/4,0,1,0,20,1.0,1.0,0.0,staggered-cycle,quadratic-vc,6.000175461541331e-05,
main,main/rep0-stream1-regime0-d20/5,0,1,0,20,1.0,1.0,0.0,staggered-cycle,quadratic-vc,5.250160236254825e-05,
main,main/rep0-stream1-regime0-d20/6,0,1,0,20,1.0,1.0,0.0,staggered-cycle,quadratic-vc,0.00014907114319675794,
main,main/rep0-stream1-regime0-d20/7,0,1,0,20,1.0,1.0,0.0,staggered-cycle,quadratic-vc,2.8073682676661797e-05,
main,main/rep0-stream1-regime0-d20/0,0,1,0,20,1.0,1.0,0.0,frames,quadratic-ac,0.00010355654171420444,
main,main/rep0-stream1-regime0-d20/1,0,1,0,20,1.0,1.0,0.0,frames,quadratic-ac,0.0001162876464665274,
main,main/rep0-stream1-regime0-d20/2,0,1,0,20,1.0,1.0,0.0,frames,quadratic-ac,8.333297769699869e-05,
main,main/rep0-stream1-regime0-d20/3,0,1,0,20,1.0,1.0,0.0,frames,quadratic-ac,6.220141285411957e-05,
main,main/rep0-stream1-regime0-d20/4,0,1,0,20,1.0,1.0,0.0,frames,quadratic-ac,0.00011915308730676336,
main,main/rep0-stream1-regime0-d20/5,0,1,0,20,1.0,1.0,0.0,frames,quadratic-ac,0.00011019854246928843,
main,main/rep0-stream1-regime0-d20/6,0,1,0,20,1.0,1.0,0.0,frames,quadratic-ac,0.00010283618141939718,
main,main/rep0-stream1-regime0-d20/7,0,1,0,20,1.0,1.0,0.0,frames,quadratic-ac,0.0001603790086983543,
main,main/rep0-stream1-regime0-d20/0,0,1,0,20,1.0,1.0,0.0,frames,quadratic-vc,0.00010524595796318135,
main,main/rep0-stream1-regime0-d20/1,0,1,0,20,1.0,1.0,0.0,frames,quadratic-vc,0.00011442468528847355,
main,main/rep0-stream1-regime0-d20/2,0,1,0,20,1.0,1.0,0.0,frames,quadratic-vc,8.294576130777703e-05,
main,main/rep0-stream1-regime0-d20/3,0,1,0,20,1.0,1.0,0.0,frames,quadratic-vc,6.228247825115875e-05,
main,main/rep0-stream1-regime0-d20/4,0,1,0,20,1.0,1.0,0.0,frames,quadratic-vc,0.00011670144284632949,
main,main/rep0-stream1-regime0-d20/5,0,1,0,20,1.0,1.0,0.0,frames,quadratic-vc,0.00011228864359435025,
main,main/rep0-stream1-regime0-d20/6,0,1,0,20,1.0,1.0,0.0,frames,quadratic-vc,0.00010935629095713977,
main,main/rep0-stream1-regime0-d20/7,0,1,0,20,1.0,1.0,0.0,frames,quadratic-vc,0.00015637242742869902,
main,main/rep0-stream1-regime0-d20/0,0,1,0,20,1.0,1.0,0.0,staggered-cycle,rank,0.004578059229694813,
main,main/rep0-stream1-regime0-d20/1,0,1,0,20,1.0,1.0,0.0,staggered-cycle,rank,0.01319175105111506,
main,main/rep0-stream1-regime0-d20/2,0,1,0,20,1.0,1.0,0.0,staggered-cycle,rank,0.008509811784494071,
main,main/rep0-stream1-regime0-d20/3,0,1,0,20,1.0,1.0,0.0,staggered-cycle,rank,0.02939101575186876,
main,main/rep0-stream1-regime0-d20/4,0,1,0,20,1.0,1.0,0.0,staggered-cycle,rank,0.025725037477008692,
main,main/rep0-stream1-regime0-d20/5,0,1,0,20,1.0,1.0,0.0,staggered-cycle,rank,0.013789070995825051,
main,main/rep0-stream1-regime0-d20/6,0,1,0,20,1.0,1.0,0.0,staggered-cycle,rank,0.0066018261176376625,
main,main/rep0-stream1-regime0-d20/7,0,1,0,20,1.0,1.0,0.0,staggered-cycle,rank,0.01006880789593208,
main,main/rep0-stream1-regime0-d20/0,0,1,0,20,1.0,10.0,0.0,staggered-cycle,quadratic-ac,0.0006255626273020899,
main,main/rep0-stream1-regime0-d20/1,0,1,0,20,1.0,10.0,0.0,staggered-cycle,quadratic-ac,0.0003002603340053413,
main,main/rep0-stream1-regime0-d20/2,0,1,0,20,1.0,10.0,0.0,staggered-cycle,quadratic-ac,0.0004570190492818812,
main,main/rep0-stream1-regime0-d20/3,0,1,0,20,1.0,10.0,0.0,staggered-cycle,quadratic-ac,0.00013014244757234038,
main,main/rep0-stream1-regime0-d20/4,0,1,0,20,1.0,10.0,0.0,staggered-cycle,quadratic-ac,0.0002815482422200102,
main,main/rep0-stream1-regime0-d20/5,0,1,0,20,1.0,10.0,0.0,staggered-cycle,quadratic-ac,0.000413365489839989,
main,main/rep0-stream1-regime0-d20/6,0,1,0,20,1.0,10.0,0.0,staggered-cycle,quadratic-ac,0.0003849978921010006,
main,main/rep0-stream1-regime0-d20/7,0,1,0,20,1.0,10.0,0.0,staggered-cycle,quadratic-ac,0.00019968175422699407,
main,main/rep0-stream1-regime0-d20/0,0,1,0,20,1.0,10.0,0.0,staggered-cycle,quadratic-vc,0.0005523982115699288,
main,main/rep0-stream1-regime0-d20/1,0,1,0,20,1.0,10.0,0.0,staggered-cycle,quadratic-vc,0.00028887668858730033,
main,main/rep0-stream1-regime0-d20/2,0,1,0,20,1.0,10.0,0.0,staggered-cycle,quadratic-vc,0.0004392517196925488,
main,main/rep0-stream1-regime0-d20/3,0,1,0,20,1.0,10.0,0.0,staggered-cycle,quadratic-vc,0.0001386857383536202,
main,main/rep0-stream1-regime0-d20/4,0,1,0,20,1.0,10.0,0.0,staggered-cycle,quadratic-vc,0.0002811301718686001,
main,main/rep0-stream1-regime0-d20/5,0,1,0,20,1.0,10.0,0.0,staggered-cycle,quadratic-vc,0.00041233868849522974,
main,main/rep0-stream1-regime0-d20/6,0,1,0,20,1.0,10.0,0.0,staggered-cycle,quadratic-vc,0.00040466542294098314,
main,main/rep0-stream1-regime0-d20/7,0,1,0,20,1.0,10.0,0.0,staggered-cycle,quadratic-vc,0.00018849165471949308,
main,main/rep0-stream1-regime0-d20/0,0,1,0,20,1.0,10.0,0.0,frames,quadratic-ac,0.0008372371764019911,
main,main/rep0-stream1-regime0-d20/1,0,1,0,20,1.0,10.0,0.0,frames,quadratic-ac,0.0005121052990173069,
main,main/rep0-stream1-regime0-d20/2,0,1,0,20,1.0,10.0,0.0,frames,quadratic-ac,0.0004262238040880862,
main,main/rep0-stream1-regime0-d20/3,0,1,0,20,1.0,10.0,0.0,frames,quadratic-ac,0.0004464698055689104,
main,main/rep0-stream1-regime0-d20/4,0,1,0,20,1.0,10.0,0.0,frames,quadratic-ac,0.0006354984627219344,
main,main/rep0-stream1-regime0-d20/5,0,1,0,20,1.0,10.0,0.0,frames,quadratic-ac,0.00035612328281010034,
main,main/rep0-stream1-regime0-d20/6,0,1,0,20,1.0,10.0,0.0,frames,quadratic-ac,0.00030273347247653496,
main,main/rep0-stream1-regime0-d20/7,0,1,0,20,1.0,10.0,0.0,frames,quadratic-ac,0.00021100920216247793,
main,main/rep0-stream1-regime0-d20/0,0,1,0,20,1.0,10.0,0.0,frames,quadratic-vc,0.0008556414381456649,
main,main/rep0-stream1-regime0-d20/1,0,1,0,20,1.0,10.0,0.0,frames,quadratic-vc,0.00046447454743979725,
main,main/rep0-stream1-regime0-d20/2,0,1,0,20,1.0,10.0,0.0,frames,quadratic-vc,0.0003511499528273628,
main,main/rep0-stream1-regime0-d20/3,0,1,0,20,1.0,10.0,0.0,frames,quadratic-vc,0.0004485251657703723,
main,main/rep0-stream1-regime0-d20/4,0,1,0,20,1.0,10.0,0.0,frames,quadratic-vc,0.0006958046391299902,
main,main/rep0-stream1-regime0-d20/5,0,1,0,20,1.0,10.0,0.0,frames,quadratic-vc,0.0003823032370967897,
main,main/rep0-stream1-regime0-d20/6,0,1,0,20,1.0,10.0,0.0,frames,quadratic-vc,0.00033077679011543924,
main,main/rep0-stream1-regime0-d20/7,0,1,0,20,1.0,10.0,0.0,frames,quadratic-vc,0.0002387737105831693,
main,main/rep0-stream1-regime0-d20/0,0,1,0,20,1.0,10.0,0.0,staggered-cycle,rank,0.02568729190447309,
main,main/rep0-stream1-regime0-d20/1,0,1,0,20,1.0,10.0,0.0,staggered-cycle,rank,0.024538555425992294,
main,main/rep0-stream1-regime0-d20/2,0,1,0,20,1.0,10.0,0.0,staggered-cycle,rank,0.07931642685142906,
main,main/rep0-stream1-regime0-d20/3,0,1,0,20,1.0,10.0,0.0,staggered-cycle,rank,0.049294307574725686,
main,main/rep0-stream1-regime0-d20/4,0,1,0,20,1.0,10.0,0.0,staggered-cycle,rank,0.04023162705615634,
main,main/rep0-stream1-regime0-d20/5,0,1,0,20,1.0,10.0,0.0,staggered-cycle,rank,0.08524605171616689,
main,main/rep0-stream1-regime0-d20/6,0,1,0,20,1.0,10.0,0.0,staggered-cycle,rank,0.04827790137905522,
main,main/rep0-stream1-regime0-d20/7,0,1,0,20,1.0,10.0,0.0,staggered-cycle,rank,0.02320952241858976,
main,main/rep0-stream1-regime1-d10/0,0,1,1,10,1.0,0.0,0.0,staggered-cycle,quadratic-ac,0.0002604738147301438,
main,main/rep0-stream1-regime1-d10/1,0,1,1,10,1.0,0.0,0.0,staggered-cycle,quadratic-ac,0.00010326618093484666,
main,main/rep0-stream1-regime1-d10/2,0,1,1,10,1.0,0.0,0.0,staggered-cycle,quadratic-ac,0.00018832405186183345,
main,main/rep0-stream1-regime1-d10/3,0,1,1,10,1.0,0.0,0.0,staggered-cycle,quadratic-ac,0.00048392129484623164,
main,main/rep0-stream1-regime1-d10/4,0,1,1,10,1.0,0.0,0.0,staggered-cycle,quadratic-ac,0.0002476633559013003,
main,main/rep0-stream1-regime1-d10/5,0,1,1,10,1.0,0.0,0.0,staggered-cycle,quadratic-ac,0.0011555751469630156,
main,main/rep0-stream1-regime1-d10/6,0,1,1,10,1.0,0.0,0.0,staggered-cycle,quadratic-ac,0.00010051622682150548,
main,main/rep0-stream1-regime1-d10/7,0,1,1,10,1.0,0.0,0.0,staggered-cycle,quadratic-ac,0.0003577584127240309,
main,main/rep0-stream1-regime1-d10/0,0,1,1,10,1.0,0.0,0.0,staggered-cycle,quadratic-vc,0.0002474532626551615,
main,main/rep0-stream1-regime1-d10/1,0,1,1,10,1.0,0.0,0.0,staggered-cycle,quadratic-vc,9.698129105279012e-05,
main,main/rep0-stream1-regime1-d10/2,0,1,1,10,1.0,0.0,0.0,staggered-cycle,quadratic-vc,0.00024546659873123013,
main,main/rep0-stream1-regime1-d10/3,0,1,1,10,1.0,0.0,0.0,staggered-cycle,quadratic-vc,0.00043958232964880716,
main,main/rep0-stream1-regime1-d10/4,0,1,1,10,1.0,0.0,0.0,staggered-cycle,quadratic-vc,0.00017162344123259864,
main,main/rep0-stream1-regime1-d10/5,0,1,1,10,1.0,0.0,0.0,staggered-cycle,quadratic-vc,0.0009693372261861996,
main,main/rep0-stream1-regime1-d10/6,0,1,1,10,1.0,0.0,0.0,staggered-cycle,quadratic-vc,0.00010252257065962099,
main,main/rep0-stream1-regime1-d10/7,0,1,1,10,1.0,0.0,0.0,staggered-cycle,quadratic-vc,0.00033919104531171496,
main,main/rep0-stream1-regime1-d10/0,0,1,1,10,1.0,0.0,0.0,frames,quadratic-ac,8.268128184832695e-05,
main,main/rep0-stream1-regime1-d10/1,0,1,1,10,1.0,0.0,0.0,frames,quadratic-ac,0.000514550506121259,
main,main/rep0-stream1-regime1-d10/2,0,1,1,10,1.0,0.0,0.0,frames,quadratic-ac,0.0005141029767356665,
main,main/rep0-stream1-regime1-d10/3,0,1,1,10,1.0,0.0,0.0,frames,quadratic-ac,0.0002261929404203934,
main,main/rep0-stream1-regime1-d10/4,0,1,1,10,1.0,0.0,0.0,frames,quadratic-ac,0.0002482904699565796,
main,main/rep0-stream1-regime1-d10/5,0,1,1,10,1.0,0.0,0.0,frames,quadratic-ac,0.00030237089619465055,
main,main/rep0-stream1-regime1-d10/6,0,1,1,10,1.0,0.0,0.0,frames,quadratic-ac,0.0003535951313136724,
main,main/rep0-stream1-regime1-d10/7,0,1,1,10,1.0,0.0,0.0,frames,quadratic-ac,0.0005302761284740546,
main,main/rep0-stream1-regime1-d10/0,0,1,1,10,1.0,0.0,0.0,frames,quadratic-vc,8.704321885754221e-05,
main,main/rep0-stream1-regime1-d10/1,0,1,1,10,1.0,0.0,0.0,frames,quadratic-vc,0.0005204067077277227,
main,main/rep0-stream1-regime1-d10/2,0,1,1,10,1.0,0.0,0.0,frames,quadratic-vc,0.0005010961599984619,
main,main/rep0-stream1-regime1-d10/3,0,1,1,10,1.0,0.0,0.0,frames,quadratic-vc,0.00022478195992165672,
main,main/rep0-stream1-regime1-d10/4,0,1,1,10,1.0,0.0,0.0,frames,quadratic-vc,0.0002108103809603662,
main,main/rep0-stream1-regime1-d10/5,0,1,1,10,1.0,0.0,0.0,frames,quadratic-vc,0.00028429283785445477,
main,main/rep0-stream1-regime1-d10/6,0,1,1,10,1.0,0.0,0.0,frames,quadratic-vc,0.0003435822315048611,
main,main/rep0-stream1-regime1-d10/7,0,1,1,10,1.0,0.0,0.0,frames,quadratic-vc,0.000485545164748534,
main,main/rep0-stream1-regime1-d10/0,0,1,1,10,1.0,0.0,0.0,staggered-cycle,rank,0.010142070578078775,
main,main/rep0-stream1-regime1-d10/1,0,1,1,10,1.0,0.0,0.0,staggered-cycle,rank,0.006031366952682196,
main,main/rep0-stream1-regime1-d10/2,0,1,1,10,1.0,0.0,0.0,staggered-cycle,rank,0.013761452985379893,
main,main/rep0-stream1-regime1-d10/3,0,1,1,10,1.0,0.0,0.0,staggered-cycle,rank,0.007103648333512813,
main,main/rep0-stream1-regime1-d10/4,0,1,1,10,1.0,0.0,0.0,staggered-cycle,rank,0.0016584219914357581,
main,main/rep0-stream1-regime1-d10/5,0,1,1,10,1.0,0.0,0.0,staggered-cycle,rank,0.03375997206250378,
main,main/rep0-stream1-regime1-d10/6,0,1,1,10,1.0,0.0,0.0,staggered-cycle,rank,0.0024843993746968365,
main,main/rep0-stream1-regime1-d10/7,0,1,1,10,1.0,0.0,0.0,staggered-cycle,rank,0.005719772559109547,
main,main/rep0-stream1-regime1-d10/0,0,1,1,10,1.0,0.1,0.0,staggered-cycle,quadratic-ac,0.00019025875152691536,
main,main/rep0-stream1-regime1-d10/1,0,1,1,10,1.0,0.1,0.0,staggered-cycle,quadratic-ac,0.00020912207707823017,
main,main/rep0-stream1-regime1-d10/2,0,1,1,10,1.0,0.1,0.0,staggered-cycle,quadratic-ac,0.0002315424666822995,
main,main/rep0-stream1-regime1-d10/3,0,1,1,10,1.0,0.1,0.0,staggered-cycle,quadratic-ac,0.0002449009625310962,
main,main/rep0-stream1-regime1-d10/4,0,1,1,10,1.0,0.1,0.0,staggered-cycle,quadratic-ac,0.00019139626976478525,
main,main/rep0-stream1-regime1-d10/5,0,1,1,10,1.0,0.1,0.0,staggered-cycle,quadratic-ac,0.0005494171634841269,
main,main/rep0-stream1-regime1-d10/6,0,1,1,10,1.0,0.1,0.0,staggered-cycle,quadratic-ac,9.690876410708613e-05,
main,main/rep0-stream1-regime1-d10/7,0,1,1,10,1.0,0.1,0.0,staggered-cycle,quadratic-ac,0.00036053776977716483,
main,main/rep0-stream1-regime1-d10/0,0,1,1,10,1.0,0.1,0.0,staggered-cycle,quadratic-vc,0.00016527156220404792,
main,main/rep0-stream1-regime1-d10/1,0,1,1,10,1.0,0.1,0.0,staggered-cycle,quadratic-vc,0.00017533684052030958,
main,main/rep0-stream1-regime1-d10/2,0,1,1,10,1.0,0.1,0.0,staggered-cycle,quadratic-vc,0.00023457428770274152,
main,main/rep0-stream1-regime1-d10/3,0,1,1,10,1.0,0.1,0.0,staggered-cycle,quadratic-vc,0.00017413027072820013,
main,main/rep0-stream1-regime1-d10/4,0,1,1,10,1.0,0.1,0.0,staggered-cycle,quadratic-vc,0.00014155840280395798,
main,main/rep0-stream1-regime1-d10/5,0,1,1,10,1.0,0.1,0.0,staggered-cycle,quadratic-vc,0.00042697184023569293,
main,main/rep0-stream1-regime1-d10/6,0,1,1,10,1.0,0.1,0.0,staggered-cycle,quadratic-vc,8.663288423097726e-05,
main,main/rep0-stream1-regime1-d10/7,0,1,1,10,1.0,0.1,0.0,staggered-cycle,quadratic-vc,0.0003150437979702608,
main,main/rep0-stream1-regime1-d10/0,0,1,1,10,1.0,0.1,0.0,frames,quadratic-ac,0.00030425997548059525,
main,main/rep0-stream1-regime1-d10/1,0,1,1,10,1.0,0.1,0.0,frames,quadratic-ac,0.00018178032854679715,
main,main/rep0-stream1-regime1-d10/2,0,1,1,10,1.0,0.1,0.0,frames,quadratic-ac,0.00030010140588923286,
main,main/rep0-stream1-regime1-d10/3,0,1,1,10,1.0,0.1,0.0,frames,quadratic-ac,0.00020815097020278453,
main,main/rep0-stream1-regime1-d10/4,0,1,1,10,1.0,0.1,0.0,frames,quadratic-ac,0.00011783883734117389,
main,main/rep0-stream1-regime1-d10/5,0,1,1,10,1.0,0.1,0.0,frames,quadratic-ac,0.00021692000656519755,
main,main/rep0-stream1-regime1-d10/6,0,1,1,10,1.0,0.1,0.0,frames,quadratic-ac,0.0001453573570684196,
main,main/rep0-stream1-regime1-d10/7,0,1,1,10,1.0,0.1,0.0,frames,quadratic-ac,0.00014548724464951042,
main,main/rep0-stream1-regime1-d10/0,0,1,1,10,1.0,0.1,0.0,frames,quadratic-vc,0.00021625994032981266,
main,main/rep0-stream1-regime1-d10/1,0,1,1,10,1.0,0.1,0.0,frames,quadratic-vc,0.00018406884298453421,
main,main/rep0-stream1-regime1-d10/2,0,1,1,10,1.0,0.1,0.0,frames,quadratic-vc,0.00034316115415327405,
main,main/rep0-stream1-regime1-d10/3,0,1,1,10,1.0,0.1,0.0,frames,quadratic-vc,0.0001866846083787575,
main,main/rep0-stream1-regime1-d10/4,0,1,1,10,1.0,0.1,0.0,frames,quadratic-vc,0.00011455937901200388,
main,main/rep0-stream1-regime1-d10/5,0,1,1,10,1.0,0.1,0.0,frames,quadratic-vc,0.00019472461406033084,
main,main/rep0-stream1-regime1-d10/6,0,1,1,10,1.0,0.1,0.0,frames,quadratic-vc,0.00013519718541968545,
main,main/rep0-stream1-regime1-d10/7,0,1,1,10,1.0,0.1,0.0,frames,quadratic-vc,0.00010130882072001446,
main,main/rep0-stream1-regime1-d10/0,0,1,1,10,1.0,0.1,0.0,staggered-cycle,rank,0.009945860171325307,
main,main/rep0-stream1-regime1-d10/1,0,1,1,10,1.0,0.1,0.0,staggered-cycle,rank,0.004714540936690222,
main,main/rep0-stream1-regime1-d10/2,0,1,1,10,1.0,0.1,0.0,staggered-cycle,rank,0.01409344413047629,
main,main/rep0-stream1-regime1-d10/3,0,1,1,10,1.0,0.1,0.0,staggered-cycle,rank,0.005938731012206499,
main,main/rep0-stream1-regime1-d10/4,0,1,1,10,1.0,0.1,0.0,staggered-cycle,rank,0.0012161090968445928,
main,main/rep0-stream1-regime1-d10/5,0,1,1,10,1.0,0.1,0.0,staggered-cycle,rank,0.03211965142715688,
main,main/rep0-stream1-regime1-d10/6,0,1,1,10,1.0,0.1,0.0,staggered-cycle,rank,0.0016631781539187492,
main,main/rep0-stream1-regime1-d10/7,0,1,1,10,1.0,0.1,0.0,staggered-cycle,rank,0.005349146944547657,
main,main/rep0-stream1-regime1-d10/0,0,1,1,10,1.0,1.0,0.0,staggered-cycle,quadratic-ac,0.00041813088680072786,
main,main/rep0-stream1-regime1-d10/1,0,1,1,10,1.0,1.0,0.0,staggered-cycle,quadratic-ac,8.360069372247917e-05,
main,main/rep0-stream1-regime1-d10/2,0,1,1,10,1.0,1.0,0.0,staggered-cycle,quadratic-ac,0.0002633166238020417,
main,main/rep0-stream1-regime1-d10/3,0,1,1,10,1.0,1.0,0.0,staggered-cycle,quadratic-ac,0.0002938182235342158,
main,main/rep0-stream1-regime1-d10/4,0,1,1,10,1.0,1.0,0.0,staggered-cycle,quadratic-ac,0.0002317953546964922,
main,main/rep0-stream1-regime1-d10/5,0,1,1,10,1.0,1.0,0.0,staggered-cycle,quadratic-ac,0.0004006994971886302,
main,main/rep0-stream1-regime1-d10/6,0,1,1,10,1.0,1.0,0.0,staggered-cycle,quadratic-ac,0.0003724988993185848,
main,main/rep0-stream1-regime1-d10/7,0,1,1,10,1.0,1.0,0.0,staggered-cycle,quadratic-ac,0.00023399728205199613,
main,main/rep0-stream1-regime1-d10/0,0,1,1,10,1.0,1.0,0.0,staggered-cycle,quadratic-vc,0.0003785124575667593,
main,main/rep0-stream1-regime1-d10/1,0,1,1,10,1.0,1.0,0.0,staggered-cycle,quadratic-vc,0.00010066570370212871,
main,main/rep0-stream1-regime1-d10/2,0,1,1,10,1.0,1.0,0.0,staggered-cycle,quadratic-vc,0.0002450638731241154,
main,main/rep0-stream1-regime1-d10/3,0,1,1,10,1.0,1.0,0.0,staggered-cycle,quadratic-vc,0.0002874883933738303,
main,main/rep0-stream1-regime1-d10/4,0,1,1,10,1.0,1.0,0.0,staggered-cycle,quadratic-vc,0.00020028708704499326,
main,main/rep0-stream1-regime1-d10/5,0,1,1,10,1.0,1.0,0.0,staggered-cycle,quadratic-vc,0.0003609556847775423,
main,main/rep0-stream1-regime1-d10/6,0,1,1,10,1.0,1.0,0.0,staggered-cycle,quadratic-vc,0.00040662718719286793,
main,main/rep0-stream1-regime1-d10/7,0,1,1,10,1.0,1.0,0.0,staggered-cycle,quadratic-vc,0.0002704799686416491,
main,main/rep0-stream1-regime1-d10/0,0,1,1,10,1.0,1.0,0.0,frames,quadratic-ac,0.0002546040143891541,
main,main/rep0-stream1-regime1-d10/1,0,1,1,10,1.0,1.0,0.0,frames,quadratic-ac,0.00017168730736750028,
main,main/rep0-stream1-regime1-d10/2,0,1,1,10,1.0,1.0,0.0,frames,quadratic-ac,0.0008158861353692069,
main,main/rep0-stream1-regime1-d10/3,0,1,1,10,1.0,1.0,0.0,frames,quadratic-ac,0.0007993867471634534,
main,main/rep0-stream1-regime1-d10/4,0,1,1,10,1.0,1.0,0.0,frames,quadratic-ac,0.00033586438735375314,
main,main/rep0-stream1-regime1-d10/5,0,1,1,10,1.0,1.0,0.0,frames,quadratic-ac,0.0005098948599090527,
main,main/rep0-stream1-regime1-d10/6,0,1,1,10,1.0,1.0,0.0,frames,quadratic-ac,0.00011419983633785789,
main,main/rep0-stream1-regime1-d10/7,0,1,1,10,1.0,1.0,0.0,frames,quadratic-ac,0.0007343812983427027,
main,main/rep0-stream1-regime1-d10/0,0,1,1,10,1.0,1.0,0.0,frames,quadratic-vc,0.00023843292775502283,
main,main/rep0-stream1-regime1-d10/1,0,1,1,10,1.0,1.0,0.0,frames,quadratic-vc,0.00019252571752185327,
main,main/rep0-stream1-regime1-d10/2,0,1,1,10,1.0,1.0,0.0,frames,quadratic-vc,0.0008633388465428403,
main,main/rep0-stream1-regime1-d10/3,0,1,1,10,1.0,1.0,0.0,frames,quadratic-vc,0.0008001570096085928,
main,main/rep0-stream1-regime1-d10/4,0,1,1,10,1.0,1.0,0.0,frames,quadratic-vc,0.0003374817578482317,
main,main/rep0-stream1-regime1-d10/5,0,1,1,10,1.0,1.0,0.0,frames,quadratic-vc,0.00041682336405403836,
main,main/rep0-stream1-regime1-d10/6,0,1,1,10,1.0,1.0,0.0,frames,quadratic-vc,0.00011764405546042206,
main,main/rep0-stream1-regime1-d10/7,0,1,1,10,1.0,1.0,0.0,frames,quadratic-vc,0.000774502160920317,
main,main/rep0-stream1-regime1-d10/0,0,1,1,10,1.0,1.0,0.0,staggered-cycle,rank,0.0127153884628527,
main,main/rep0-stream1-regime1-d10/1,0,1,1,10,1.0,1.0,0.0,staggered-cycle,rank,0.004441477834819159,
main,main/rep0-stream1-regime1-d10/2,0,1,1,10,1.0,1.0,0.0,staggered-cycle,rank,0.014555212415892308,
main,main/rep0-stream1-regime1-d10/3,0,1,1,10,1.0,1.0,0.0,staggered-cycle,rank,0.0018175882377458577,
main,main/rep0-stream1-regime1-d10/4,0,1,1,10,1.0,1.0,0.0,staggered-cycle,rank,0.0006619476012722633,
main,main/rep0-stream1-regime1-d10/5,0,1,1,10,1.0,1.0,0.0,staggered-cycle,rank,0.03642135127813108,
main,main/rep0-stream1-regime1-d10/6,0,1,1,10,1.0,1.0,0.0,staggered-cycle,rank,0.0012784553138118074,
main,main/rep0-stream1-regime1-d10/7,0,1,1,10,1.0,1.0,0.0,staggered-cycle,rank,0.006775063066836522,
main,main/rep0-stream1-regime1-d10/0,0,1,1,10,1.0,10.0,0.0,staggered-cycle,quadratic-ac,0.0038675858540248836,
main,main/rep0-stream1-regime1-d10/1,0,1,1,10,1.0,10.0,0.0,staggered-cycle,quadratic-ac,0.0033938887230408,
main,main/rep0-stream1-regime1-d10/2,0,1,1,10,1.0,10.0,0.0,staggered-cycle,quadratic-ac,0.0013400242397801584,
main,main/rep0-stream1-regime1-d10/3,0,1,1,10,1.0,10.0,0.0,staggered-cycle,quadratic-ac,0.004449444920484338,
main,main/rep0-stream1-regime1-d10/4,0,1,1,10,1.0,10.0,0.0,staggered-cycle,quadratic-ac,0.0027532701832558566,
main,main/rep0-stream1-regime1-d10/5,0,1,1,10,1.0,10.0,0.0,staggered-cycle,quadratic-ac,0.0019589831156178656,
main,main/rep0-stream1-regime1-d10/6,0,1,1,10,1.0,10.0,0.0,staggered-cycle,quadratic-ac,0.003775525499691093,
main,main/rep0-stream1-regime1-d10/7,0,1,1,10,1.0,10.0,0.0,staggered-cycle,quadratic-ac,0.0026838766898543646,
main,main/rep0-stream1-regime1-d10/0,0,1,1,10,1.0,10.0,0.0,staggered-cycle,quadratic-vc,0.0031982419848101667,
main,main/rep0-stream1-regime1-d10/1,0,1,1,10,1.0,10.0,0.0,staggered-cycle,quadratic-vc,0.0032200816236102763,
main,main/rep0-stream1-regime1-d10/2,0,1,1,10,1.0,10.0,0.0,staggered-cycle,quadratic-vc,0.001254995902429823,
main,main/rep0-stream1-regime1-d10/3,0,1,1,10,1.0,10.0,0.0,staggered-cycle,quadratic-vc,0.004180225126707031,
main,main/rep0-stream1-regime1-d10/4,0,1,1,10,1.0,10.0,0.0,staggered-cycle,quadratic-vc,0.0020647477451301325,
main,main/rep0-stream1-regime1-d10/5,0,1,1,10,1.0,10.0,0.0,staggered-cycle,quadratic-vc,0.0017811379458427079,
main,main/rep0-stream1-regime1-d10/6,0,1,1,10,1.0,10.0,0.0,staggered-cycle,quadratic-vc,0.0032348256538340804,
main,main/rep0-stream1-regime1-d10/7,0,1,1,10,1.0,10.0,0.0,staggered-cycle,quadratic-vc,0.00277549611605204,
main,main/rep0-stream1-regime1-d10/0,0,1,1,10,1.0,10.0,0.0,frames,quadratic-ac,0.002142930756556669,
main,main/rep0-stream1-regime1-d10/1,0,1,1,10,1.0,10.0,0.0,frames,quadratic-ac,0.001358193336224991,
main,main/rep0-stream1-regime1-d10/2,0,1,1,10,1.0,10.0,0.0,frames,quadratic-ac,0.0009373368143058048,
main,main/rep0-stream1-regime1-d10/3,0,1,1,10,1.0,10.0,0.0,frames,quadratic-ac,0.001434762378410965,
main,main/rep0-stream1-regime1-d10/4,0,1,1,10,1.0,10.0,0.0,frames,quadratic-ac,0.002757665558120791,
main,main/rep0-stream1-regime1-d10/5,0,1,1,10,1.0,10.0,0.0,frames,quadratic-ac,0.001036199527286231,
main,main/rep0-stream1-regime1-d10/6,0,1,1,10,1.0,10.0,0.0,frames,quadratic-ac,0.008360219644975402,
main,main/rep0-stream1-regime1-d10/7,0,1,1,10,1.0,10.0,0.0,frames,quadratic-ac,0.0032925639695504656,
main,main/rep0-stream1-regime1-d10/0,0,1,1,10,1.0,10.0,0.0,frames,quadratic-vc,0.0016415757362243562,
main,main/rep0-stream1-regime1-d10/1,0,1,1,10,1.0,10.0,0.0,frames,quadratic-vc,0.0013702668740802118,
main,main/rep0-stream1-regime1-d10/2,0,1,1,10,1.0,10.0,0.0,frames,quadratic-vc,0.0010359996380943921,
main,main/rep0-stream1-regime1-d10/3,0,1,1,10,1.0,10.0,0.0,frames,quadratic-vc,0.0017048167738582202,
main,main/rep0-stream1-regime1-d10/4,0,1,1,10,1.0,10.0,0.0,frames,quadratic-vc,0.002318341457279028,
main,main/rep0-stream1-regime1-d10/5,0,1,1,10,1.0,10.0,0.0,frames,quadratic-vc,0.0011455379272662014,
main,main/rep0-stream1-regime1-d10/6,0,1,1,10,1.0,10.0,0.0,frames,quadratic-vc,0.008787657613535655,
main,main/rep0-stream1-regime1-d10/7,0,1,1,10,1.0,10.0,0.0,frames,quadratic-vc,0.002471783047530481,
main,main/rep0-stream1-regime1-d10/0,0,1,1,10,1.0,10.0,0.0,staggered-cycle,rank,0.04967347991279652,
main,main/rep0-stream1-regime1-d10/1,0,1,1,10,1.0,10.0,0.0,staggered-cycle,rank,0.035643465727502044,
main,main/rep0-stream1-regime1-d10/2,0,1,1,10,1.0,10.0,0.0,staggered-cycle,rank,0.07770088651884377,
main,main/rep0-stream1-regime1-d10/3,0,1,1,10,1.0,10.0,0.0,staggered-cycle,rank,0.11981198350244929,
main,main/rep0-stream1-regime1-d10/4,0,1,1,10,1.0,10.0,0.0,staggered-cycle,rank,0.03540415187849744,
main,main/rep0-stream1-regime1-d10/5,0,1,1,10,1.0,10.0,0.0,staggered-cycle,rank,0.15713275322924453,
main,main/rep0-stream1-regime1-d10/6,0,1,1,10,1.0,10.0,0.0,staggered-cycle,rank,0.047901000875032934,
main,main/rep0-stream1-regime1-d10/7,0,1,1,10,1.0,10.0,0.0,staggered-cycle,rank,0.04739252418368438,
main,main/rep0-stream1-regime1-d50/0,0,1,1,50,1.0,0.0,0.0,staggered-cycle,quadratic-ac,2.2652868175943035e-05,
main,main/rep0-stream1-regime1-d50/1,0,1,1,50,1.0,0.0,0.0,staggered-cycle,quadratic-ac,2.417924240955027e-05,
main,main/rep0-stream1-regime1-d50/2,0,1,1,50,1.0,0.0,0.0,staggered-cycle,quadratic-ac,8.948946505807414e-06,
main,main/rep0-stream1-regime1-d50/3,0,1,1,50,1.0,0.0,0.0,staggered-cycle,quadratic-ac,2.831127659506997e-05,
main,main/rep0-stream1-regime1-d50/4,0,1,1,50,1.0,0.0,0.0,staggered-cycle,quadratic-ac,1.1343289470323494e-05,
main,main/rep0-stream1-regime1-d50/5,0,1,1,50,1.0,0.0,0.0,staggered-cycle,quadratic-ac,1.3322191559361825e-05,
main,main/rep0-stream1-regime1-d50/6,0,1,1,50,1.0,0.0,0.0,staggered-cycle,quadratic-ac,2.418838256059964e-05,
main,main/rep0-stream1-regime1-d50/7,0,1,1,50,1.0,0.0,0.0,staggered-cycle,quadratic-ac,1.5845935637999693e-05,
main,main/rep0-stream1-regime1-d50/0,0,1,1,50,1.0,0.0,0.0,staggered-cycle,quadratic-vc,2.1728199116547333e-05,
main,main/rep0-stream1-regime1-d50/1,0,1,1,50,1.0,0.0,0.0,staggered-cycle,quadratic-vc,2.2410082567944805e-05,
main,main/rep0-stream1-regime1-d50/2,0,1,1,50,1.0,0.0,0.0,staggered-cycle,quadratic-vc,9.200540027507e-06,
main,main/rep0-stream1-regime1-d50/3,0,1,1,50,1.0,0.0,0.0,staggered-cycle,quadratic-vc,2.5748669984644473e-05,
main,main/rep0-stream1-regime1-d50/4,0,1,1,50,1.0,0.0,0.0,staggered-cycle,quadratic-vc,1.122762188994977e-05,
main,main/rep0-stream1-regime1-d50/5,0,1,1,50,1.0,0.0,0.0,staggered-cycle,quadratic-vc,1.2853730627542456e-05,
main,main/rep0-stream1-regime1-d50/6,0,1,1,50,1.0,0.0,0.0,staggered-cycle,quadratic-vc,2.3154872612958876e-05,
main,main/rep0-stream1-regime1-d50/7,0,1,1,50,1.0,0.0,0.0,staggered-cycle,quadratic-vc,1.62161459893881e-05,
main,main/rep0-stream1-regime1-d50/0,0,1,1,50,1.0,0.0,0.0,frames,quadratic-ac,1.0054241034160312e-05,
main,main/rep0-stream1-regime1-d50/1,0,1,1,50,1.0,0.0,0.0,frames,quadratic-ac,2.0865952270819488e-05,
main,main/rep0-stream1-regime1-d50/2,0,1,1,50,1.0,0.0,0.0,frames,quadratic-ac,3.1190022593726624e-05,
main,main/rep0-stream1-regime1-d50/3,0,1,1,50,1.0,0.0,0.0,frames,quadratic-ac,2.0099769963957543e-05,
main,main/rep0-stream1-regime1-d50/4,0,1,1,50,1.0,0.0,0.0,frames,quadratic-ac,1.5673091837507245e-05,
main,main/rep0-stream1-regime1-d50/5,0,1,1,50,1.0,0.0,0.0,frames,quadratic-ac,1.2285507958004284e-05,
main,main/rep0-stream1-regime1-d50/6,0,1,1,50,1.0,0.0,0.0,frames,quadratic-ac,1.906741429802359e-05,
main,main/rep0-stream1-regime1-d50/7,0,1,1,50,1.0,0.0,0.0,frames,quadratic-ac,2.0212189806310452e-05,
main,main/rep0-stream1-regime1-d50/0,0,1,1,50,1.0,0.0,0.0,frames,quadratic-vc,9.411888322185676e-06,
main,main/rep0-stream1-regime1-d50/1,0,1,1,50,1.0,0.0,0.0,frames,quadratic-vc,2.1135170598917124e-05,
main,main/rep0-stream1-regime1-d50/2,0,1,1,50,1.0,0.0,0.0,frames,quadratic-vc,3.072482420141157e-05,
main,main/rep0-stream1-regime1-d50/3,0,1,1,50,1.0,0.0,0.0,frames,quadratic-vc,1.937429128278534e-05,
main,main/rep0-stream1-regime1-d50/4,0,1,1,50,1.0,0.0,0.0,frames,quadratic-vc,1.5114122693041078e-05,
main,main/rep0-stream1-regime1-d50/5,0,1,1,50,1.0,0.0,0.0,frames,quadratic-vc,1.187849936007585e-05,
main,main/rep0-stream1-regime1-d50/6,0,1,1,50,1.0,0.0,0.0,frames,quadratic-vc,1.835485350294713e-05,
main,main/rep0-stream1-regime1-d50/7,0,1,1,50,1.0,0.0,0.0,frames,quadratic-vc,1.931322545975794e-05,
main,main/rep0-stream1-regime1-d50/0,0,1,1,50,1.0,0.0,0.0,staggered-cycle,rank,0.011953897452208347,
main,main/rep0-stream1-regime1-d50/1,0,1,1,50,1.0,0.0,0.0,staggered-cycle,rank,0.02177124847834064,
main,main/rep0-stream1-regime1-d50/2,0,1,1,50,1.0,0.0,0.0,staggered-cycle,rank,0.014917172443423356,
main,main/rep0-stream1-regime1-d50/3,0,1,1,50,1.0,0.0,0.0,staggered-cycle,rank,0.022630769336729094,
main,main/rep0-stream1-regime1-d50/4,0,1,1,50,1.0,0.0,0.0,staggered-cycle,rank,0.010979400806759973,
main,main/rep0-stream1-regime1-d50/5,0,1,1,50,1.0,0.0,0.0,staggered-cycle,rank,0.021484426644669718,
main,main/rep0-stream1-regime1-d50/6,0,1,1,50,1.0,0.0,0.0,staggered-cycle,rank,0.00969674452757268,
main,main/rep0-stream1-regime1-d50/7,0,1,1,50,1.0,0.0,0.0,staggered-cycle,rank,0.017995743067570718,
main,main/rep0-stream1-regime1-d50/0,0,1,1,50,1.0,0.1,0.0,staggered-cycle,quadratic-ac,1.3850168024258035e-05,
main,main/rep0-stream1-regime1-d50/1,0,1,1,50,1.0,0.1,0.0,staggered-cycle,quadratic-ac,1.0472624982590892e-05,
main,main/rep0-stream1-regime1-d50/2,0,1,1,50,1.0,0.1,0.0,staggered-cycle,quadratic-ac,1.2161270907554916e-05,
main,main/rep0-stream1-regime1-d50/3,0,1,1,50,1.0,0.1,0.0,staggered-cycle,quadratic-ac,1.3150359359718552e-05,
main,main/rep0-stream1-regime1-d50/4,0,1,1,50,1.0,0.1,0.0,staggered-cycle,quadratic-ac,8.910235976306403e-06,
main,main/rep0-stream1-regime1-d50/5,0,1,1,50,1.0,0.1,0.0,staggered-cycle,quadratic-ac,1.2079109545811338e-05,
main,main/rep0-stream1-regime1-d50/6,0,1,1,50,1.0,0.1,0.0,staggered-cycle,quadratic-ac,7.363043597372755e-06,
main,main/rep0-stream1-regime1-d50/7,0,1,1,50,1.0,0.1,0.0,staggered-cycle,quadratic-ac,2.3502731710036233e-05,
main,main/rep0-stream1-regime1-d50/0,0,1,1,50,1.0,0.1,0.0,staggered-cycle,quadratic-vc,1.4122448073852884e-05,
main,main/rep0-stream1-regime1-d50/1,0,1,1,50,1.0,0.1,0.0,staggered-cycle,quadratic-vc,9.941420619970125e-06,
main,main/rep0-stream1-regime1-d50/2,0,1,1,50,1.0,0.1,0.0,staggered-cycle,quadratic-vc,1.1557816649293841e-05,
main,main/rep0-stream1-regime1-d50/3,0,1,1,50,1.0,0.1,0.0,staggered-cycle,quadratic-vc,1.0052466857523255e-05,
main,main/rep0-stream1-regime1-d50/4,0,1,1,50,1.0,0.1,0.0,staggered-cycle,quadratic-vc,8.793078218058546e-06,
main,main/rep0-stream1-regime1-d50/5,0,1,1,50,1.0,0.1,0.0,staggered-cycle,quadratic-vc,1.1312452012498936e-05,
main,main/rep0-stream1-regime1-d50/6,0,1,1,50,1.0,0.1,0.0,staggered-cycle,quadratic-vc,7.962963171859021e-06,
main,main/rep0-stream1-regime1-d50/7,0,1,1,50,1.0,0.1,0.0,staggered-cycle,quadratic-vc,2.3691520864261753e-05,
main,main/rep0-stream1-regime1-d50/0,0,1,1,50,1.0,0.1,0.0,frames,quadratic-ac,1.1924283266010743e-05,
main,main/rep0-stream1-regime1-d50/1,0,1,1,50,1.0,0.1,0.0,frames,quadratic-ac,1.8198213349550335e-05,
main,main/rep0-stream1-regime1-d50/2,0,1,1,50,1.0,0.1,0.0,frames,quadratic-ac,1.6742359522188435e-05,
main,main/rep0-stream1-regime1-d50/3,0,1,1,50,1.0,0.1,0.0,frames,quadratic-ac,2.0200588731773533e-05,
main,main/rep0-stream1-regime1-d50/4,0,1,1,50,1.0,0.1,0.0,frames,quadratic-ac,1.5228472568723642e-05,
main,main/rep0-stream1-regime1-d50/5,0,1,1,50,1.0,0.1,0.0,frames,quadratic-ac,1.6647848616736678e-05,
main,main/rep0-stream1-regime1-d50/6,0,1,1,50,1.0,0.1,0.0,frames,quadratic-ac,1.199778607218901e-05,
main,main/rep0-stream1-regime1-d50/7,0,1,1,50,1.0,0.1,0.0,frames,quadratic-ac,1.466255074026171e-05,
main,main/rep0-stream1-regime1-d50/0,0,1,1,50,1.0,0.1,0.0,frames,quadratic-vc,1.1564876485083522e-05,
main,main/rep0-stream1-regime1-d50/1,0,1,1,50,1.0,0.1,0.0,frames,quadratic-vc,1.6273530305086554e-05,
main,main/rep0-stream1-regime1-d50/2,0,1,1,50,1.0,0.1,0.0,frames,quadratic-vc,1.683304783759378e-05,
main,main/rep0-stream1-regime1-d50/3,0,1,1,50,1.0,0.1,0.0,frames,quadratic-vc,1.9486694450185202e-05,
main,main/rep0-stream1-regime1-d50/4,0,1,1,50,1.0,0.1,0.0,frames,quadratic-vc,1.4490686849476912e-05,
main,main/rep0-stream1-regime1-d50/5,0,1,1,50,1.0,0.1,0.0,frames,quadratic-vc,1.6464646204280217e-05,
main,main/rep0-stream1-regime1-d50/6,0,1,1,50,1.0,0.1,0.0,frames,quadratic-vc,1.2166542292447311e-05,
main,main/rep0-stream1-regime1-d50/7,0,1,1,50,1.0,0.1,0.0,frames,quadratic-vc,1.4952226119682879e-05,
main,main/rep0-stream1-regime1-d50/0,0,1,1,50,1.0,0.1,0.0,staggered-cycle,rank,0.01206940706810701,
main,main/rep0-stream1-regime1-d50/1,0,1,1,50,1.0,0.1,0.0,staggered-cycle,rank,0.0215306778547684,
main,main/rep0-stream1-regime1-d50/2,0,1,1,50,1.0,0.1,0.0,staggered-cycle,rank,0.014790243403038276,
main,main/rep0-stream1-regime1-d50/3,0,1,1,50,1.0,0.1,0.0,staggered-cycle,rank,0.02254424500915154,
main,main/rep0-stream1-regime1-d50/4,0,1,1,50,1.0,0.1,0.0,staggered-cycle,rank,0.011134480193526157,
main,main/rep0-stream1-regime1-d50/5,0,1,1,50,1.0,0.1,0.0,staggered-cycle,rank,0.021362672852092177,
main,main/rep0-stream1-regime1-d50/6,0,1,1,50,1.0,0.1,0.0,staggered-cycle,rank,0.009631023007468244,
main,main/rep0-stream1-regime1-d50/7,0,1,1,50,1.0,0.1,0.0,staggered-cycle,rank,0.01809379470365571,
main,main/rep0-stream1-regime1-d50/0,0,1,1,50,1.0,1.0,0.0,staggered-cycle,quadratic-ac,1.0915982301616799e-05,
main,main/rep0-stream1-regime1-d50/1,0,1,1,50,1.0,1.0,0.0,staggered-cycle,quadratic-ac,1.1986129588855988e-05,
main,main/rep0-stream1-regime1-d50/2,0,1,1,50,1.0,1.0,0.0,staggered-cycle,quadratic-ac,1.1664585771504382e-05,
main,main/rep0-stream1-regime1-d50/3,0,1,1,50,1.0,1.0,0.0,staggered-cycle,quadratic-ac,9.808502245623281e-06,
main,main/rep0-stream1-regime1-d50/4,0,1,1,50,1.0,1.0,0.0,staggered-cycle,quadratic-ac,1.7056713667187183e-05,
main,main/rep0-stream1-regime1-d50/5,0,1,1,50,1.0,1.0,0.0,staggered-cycle,quadratic-ac,1.0175450378907178e-05,
main,main/rep0-stream1-regime1-d50/6,0,1,1,50,1.0,1.0,0.0,staggered-cycle,quadratic-ac,1.4651367482473577e-05,
main,main/rep0-stream1-regime1-d50/7,0,1,1,50,1.0,1.0,0.0,staggered-cycle,quadratic-ac,1.340920992632229e-05,
main,main/rep0-stream1-regime1-d50/0,0,1,1,50,1.0,1.0,0.0,staggered-cycle,quadratic-vc,1.025387232127176e-05,
main,main/rep0-stream1-regime1-d50/1,0,1,1,50,1.0,1.0,0.0,staggered-cycle,quadratic-vc,1.224178197929646e-05,
main,main/rep0-stream1-regime1-d50/2,0,1,1,50,1.0,1.0,0.0,staggered-cycle,quadratic-vc,1.1293278810411023e-05,
main,main/rep0-stream1-regime1-d50/3,0,1,1,50,1.0,1.0,0.0,staggered-cycle,quadratic-vc,9.9637665119132e-06,
main,main/rep0-stream1-regime1-d50/4,0,1,1,50,1.0,1.0,0.0,staggered-cycle,quadratic-vc,1.6055183747405012e-05,
main,main/rep0-stream1-regime1-d50/5,0,1,1,50,1.0,1.0,0.0,staggered-cycle,quadratic-vc,1.0541743819190827e-05,
main,main/rep0-stream1-regime1-d50/6,0,1,1,50,1.0,1.0,0.0,staggered-cycle,quadratic-vc,1.1987553194172259e-05,
main,main/rep0-stream1-regime1-d50/7,0,1,1,50,1.0,1.0,0.0,staggered-cycle,quadratic-vc,1.2624803319261896e-05,
main,main/rep0-stream1-regime1-d50/0,0,1,1,50,1.0,1.0,0.0,frames,quadratic-ac,2.5709393457070365e-05,
main,main/rep0-stream1-regime1-d50/1,0,1,1,50,1.0,1.0,0.0,frames,quadratic-ac,1.857788137930679e-05,
main,main/rep0-stream1-regime1-d50/2,0,1,1,50,1.0,1.0,0.0,frames,quadratic-ac,2.6845229389878415e-05,
main,main/rep0-stream1-regime1-d50/3,0,1,1,50,1.0,1.0,0.0,frames,quadratic-ac,2.7836628030890272e-05,
main,main/rep0-stream1-regime1-d50/4,0,1,1,50,1.0,1.0,0.0,frames,quadratic-ac,1.486842813047572e-05,
main,main/rep0-stream1-regime1-d50/5,0,1,1,50,1.0,1.0,0.0,frames,quadratic-ac,1.8355999567802125e-05,
main,main/rep0-stream1-regime1-d50/6,0,1,1,50,1.0,1.0,0.0,frames,quadratic-ac,2.0831207645333227e-05,
main,main/rep0-stream1-regime1-d50/7,0,1,1,50,1.0,1.0,0.0,frames,quadratic-ac,3.625114530907743e-05,
main,main/rep0-stream1-regime1-d50/0,0,1,1,50,1.0,1.0,0.0,frames,quadratic-vc,2.5587570236804537e-05,
main,main/rep0-stream1-regime1-d50/1,0,1,1,50,1.0,1.0,0.0,frames,quadratic-vc,1.7913843245608884e-05,
main,main/rep0-stream1-regime1-d50/2,0,1,1,50,1.0,1.0,0.0,frames,quadratic-vc,2.5184879367561534e-05,
main,main/rep0-stream1-regime1-d50/3,0,1,1,50,1.0,1.0,0.0,frames,quadratic-vc,2.7621953281412303e-05,
main,main/rep0-stream1-regime1-d50/4,0,1,1,50,1.0,1.0,0.0,frames,quadratic-vc,1.4359284681997017e-05,
main,main/rep0-stream1-regime1-d50/5,0,1,1,50,1.0,1.0,0.0,frames,quadratic-vc,1.840455473638119e-05,
main,main/rep0-stream1-regime1-d50/6,0,1,1,50,1.0,1.0,0.0,frames,quadratic-vc,2.1087146958182538e-05,
main,main/rep0-stream1-regime1-d50/7,0,1,1,50,1.0,1.0,0.0,frames,quadratic-vc,3.589942666053477e-05,
main,main/rep0-stream1-regime1-d50/0,0,1,1,50,1.0,1.0,0.0,staggered-cycle,rank,0.01231896085240482,
main,main/rep0-stream1-regime1-d50/1,0,1,1,50,1.0,1.0,0.0,staggered-cycle,rank,0.01965073734479598,
main,main/rep0-stream1-regime1-d50/2,0,1,1,50,1.0,1.0,0.0,staggered-cycle,rank,0.01315606397305158,
main,main/rep0-stream1-regime1-d50/3,0,1,1,50,1.0,1.0,0.0,staggered-cycle,rank,0.019066033408406277,
main,main/rep0-stream1-regime1-d50/4,0,1,1,50,1.0,1.0,0.0,staggered-cycle,rank,0.011047247972315962,
main,main/rep0-stream1-regime1-d50/5,0,1,1,50,1.0,1.0,0.0,staggered-cycle,rank,0.020089365823726692,
main,main/rep0-stream1-regime1-d50/6,0,1,1,50,1.0,1.0,0.0,staggered-cycle,rank,0.0063923470700491996,
main,main/rep0-stream1-regime1-d50/7,0,1,1,50,1.0,1.0,0.0,staggered-cycle,rank,0.016061348195645326,
main,main/rep0-stream1-regime1-d50/0,0,1,1,50,1.0,10.0,0.0,staggered-cycle,quadratic-ac,0.00011265497274187962,
main,main/rep0-stream1-regime1-d50/1,0,1,1,50,1.0,10.0,0.0,staggered-cycle,quadratic-ac,8.408835716496617e-05,
main,main/rep0-stream1-regime1-d50/2,0,1,1,50,1.0,10.0,0.0,staggered-cycle,quadratic-ac,8.283538646493774e-05,
main,main/rep0-stream1-regime1-d50/3,0,1,1,50,1.0,10.0,0.0,staggered-cycle,quadratic-ac,9.7087538658466e-05,
main,main/rep0-stream1-regime1-d50/4,0,1,1,50,1.0,10.0,0.0,staggered-cycle,quadratic-ac,6.12775756137082e-05,
main,main/rep0-stream1-regime1-d50/5,0,1,1,50,1.0,10.0,0.0,staggered-cycle,quadratic-ac,9.944896462564222e-05,
main,main/rep0-stream1-regime1-d50/6,0,1,1,50,1.0,10.0,0.0,staggered-cycle,quadratic-ac,4.9866638810464385e-05,
main,main/rep0-stream1-regime1-d50/7,0,1,1,50,1.0,10.0,0.0,staggered-cycle,quadratic-ac,4.759650537169477e-05,
main,main/rep0-stream1-regime1-d50/0,0,1,1,50,1.0,10.0,0.0,staggered-cycle,quadratic-vc,0.00011892225531166306,
main,main/rep0-stream1-regime1-d50/1,0,1,1,50,1.0,10.0,0.0,staggered-cycle,quadratic-vc,8.201957097436733e-05,
main,main/rep0-stream1-regime1-d50/2,0,1,1,50,1.0,10.0,0.0,staggered-cycle,quadratic-vc,7.71990367100834e-05,
main,main/rep0-stream1-regime1-d50/3,0,1,1,50,1.0,10.0,0.0,staggered-cycle,quadratic-vc,9.01367097880845e-05,
main,main/rep0-stream1-regime1-d50/4,0,1,1,50,1.0,10.0,0.0,staggered-cycle,quadratic-vc,5.923657739006459e-05,
main,main/rep0-stream1-regime1-d50/5,0,1,1,50,1.0,10.0,0.0,staggered-cycle,quadratic-vc,9.772749427786651e-05,
main,main/rep0-stream1-regime1-d50/6,0,1,1,50,1.0,10.0,0.0,staggered-cycle,quadratic-vc,4.737964060700405e-05,
main,main/rep0-stream1-regime1-d50/7,0,1,1,50,1.0,10.0,0.0,staggered-cycle,quadratic-vc,5.505455827346391e-05,
main,main/rep0-stream1-regime1-d50/0,0,1,1,50,1.0,10.0,0.0,frames,quadratic-ac,0.00014565961736042054,
main,main/rep0-stream1-regime1-d50/1,0,1,1,50,1.0,10.0,0.0,frames,quadratic-ac,0.00011906793188552569,
main,main/rep0-stream1-regime1-d50/2,0,1,1,50,1.0,10.0,0.0,frames,quadratic-ac,0.00016514143256422757,
main,main/rep0-stream1-regime1-d50/3,0,1,1,50,1.0,10.0,0.0,frames,quadratic-ac,0.000207916998276686,
main,main/rep0-stream1-regime1-d50/4,0,1,1,50,1.0,10.0,0.0,frames,quadratic-ac,0.00019059114885622503,
main,main/rep0-stream1-regime1-d50/5,0,1,1,50,1.0,10.0,0.0,frames,quadratic-ac,7.903400366306332e-05,
main,main/rep0-stream1-regime1-d50/6,0,1,1,50,1.0,10.0,0.0,frames,quadratic-ac,0.00011070978213306536,
main,main/rep0-stream1-regime1-d50/7,0,1,1,50,1.0,10.0,0.0,frames,quadratic-ac,8.647850816047397e-05,
main,main/rep0-stream1-regime1-d50/0,0,1,1,50,1.0,10.0,0.0,frames,quadratic-vc,0.00012903896673497516,
main,main/rep0-stream1-regime1-d50/1,0,1,1,50,1.0,10.0,0.0,frames,quadratic-vc,0.00011598551372059617,
main,main/rep0-stream1-regime1-d50/2,0,1,1,50,1.0,10.0,0.0,frames,quadratic-vc,0.00017507474999354364,
main,main/rep0-stream1-regime1-d50/3,0,1,1,50,1.0,10.0,0.0,frames,quadratic-vc,0.00022416451933805523,
main,main/rep0-stream1-regime1-d50/4,0,1,1,50,1.0,10.0,0.0,frames,quadratic-vc,0.0001903271548441004,
main,main/rep0-stream1-regime1-d50/5,0,1,1,50,1.0,10.0,0.0,frames,quadratic-vc,8.096926935203822e-05,
main,main/rep0-stream1-regime1-d50/6,0,1,1,50,1.0,10.0,0.0,frames,quadratic-vc,0.0001083405623821873,
main,main/rep0-stream1-regime1-d50/7,0,1,1,50,1.0,10.0,0.0,frames,quadratic-vc,9.095298863279651e-05,
main,main/rep0-stream1-regime1-d50/0,0,1,1,50,1.0,10.0,0.0,staggered-cycle,rank,0.051051113914273395,
main,main/rep0-stream1-regime1-d50/1,0,1,1,50,1.0,10.0,0.0,staggered-cycle,rank,0.03338229444849174,
main,main/rep0-stream1-regime1-d50/2,0,1,1,50,1.0,10.0,0.0,staggered-cycle,rank,0.05302412366768176,
main,main/rep0-stream1-regime1-d50/3,0,1,1,50,1.0,10.0,0.0,staggered-cycle,rank,0.04109236556171742,
main,main/rep0-stream1-regime1-d50/4,0,1,1,50,1.0,10.0,0.0,staggered-cycle,rank,0.09108320776588757,
main,main/rep0-stream1-regime1-d50/5,0,1,1,50,1.0,10.0,0.0,staggered-cycle,rank,0.062392342808217545,
main,main/rep0-stream1-regime1-d50/6,0,1,1,50,1.0,10.0,0.0,staggered-cycle,rank,0.036985359696322974,
main,main/rep0-stream1-regime1-d50/7,0,1,1,50,1.0,10.0,0.0,staggered-cycle,rank,0.04717420445782711,
main,main/rep1-stream0-regime0-d20/0,1,0,0,20,1.0,0.0,0.0,staggered-cycle,quadratic-ac,6.370929558785063e-05,
main,main/rep1-stream0-regime0-d20/1,1,0,0,20,1.0,0.0,0.0,staggered-cycle,quadratic-ac,0.00018341046931015696,
main,main/rep1-stream0-regime0-d20/2,1,0,0,20,1.0,0.0,0.0,staggered-cycle,quadratic-ac,5.554366480931767e-05,
main,main/rep1-stream0-regime0-d20/3,1,0,0,20,1.0,0.0,0.0,staggered-cycle,quadratic-ac,0.00019828609144870965,
main,main/rep1-stream0-regime0-d20/4,1,0,0,20,1.0,0.0,0.0,staggered-cycle,quadratic-ac,0.00012844145568310887,
main,main/rep1-stream0-regime0-d20/5,1,0,0,20,1.0,0.0,0.0,staggered-cycle,quadratic-ac,9.717679466350433e-05,
main,main/rep1-stream0-regime0-d20/6,1,0,0,20,1.0,0.0,0.0,staggered-cycle,quadratic-ac,6.558872894061868e-05,
main,main/rep1-stream0-regime0-d20/7,1,0,0,20,1.0,0.0,0.0,staggered-cycle,quadratic-ac,0.00010484686001912013,
main,main/rep1-stream0-regime0-d20/0,1,0,0,20,1.0,0.0,0.0,staggered-cycle,quadratic-vc,6.270244339136208e-05,
main,main/rep1-stream0-regime0-d20/1,1,0,0,20,1.0,0.0,0.0,staggered-cycle,quadratic-vc,0.00020056734830260274,
main,main/rep1-stream0-regime0-d20/2,1,0,0,20,1.0,0.0,0.0,staggered-cycle,quadratic-vc,5.873669184104391e-05,
main,main/rep1-stream0-regime0-d20/3,1,0,0,20,1.0,0.0,0.0,staggered-cycle,quadratic-vc,0.0001816213546357485,
main,main/rep1-stream0-regime0-d20/4,1,0,0,20,1.0,0.0,0.0,staggered-cycle,quadratic-vc,0.00010652761466563228,
main,main/rep1-stream0-regime0-d20/5,1,0,0,20,1.0,0.0,0.0,staggered-cycle,quadratic-vc,0.00010205748616939552,
main,main/rep1-stream0-regime0-d20/6,1,0,0,20,1.0,0.0,0.0,staggered-cycle,quadratic-vc,6.4587383064121e-05,
main,main/rep1-stream0-regime0-d20/7,1,0,0,20,1.0,0.0,0.0,staggered-cycle,quadratic-vc,0.00010623243354194567,
main,main/rep1-stream0-regime0-d20/0,1,0,0,20,1.0,0.0,0.0,frames,quadratic-ac,7.451779635621236e-05,
main,main/rep1-stream0-regime0-d20/1,1,0,0,20,1.0,0.0,0.0,frames,quadratic-ac,4.034653049899023e-05,
main,main/rep1-stream0-regime0-d20/2,1,0,0,20,1.0,0.0,0.0,frames,quadratic-ac,0.00012667809561380528,
main,main/rep1-stream0-regime0-d20/3,1,0,0,20,1.0,0.0,0.0,frames,quadratic-ac,8.622850288943825e-05,
main,main/rep1-stream0-regime0-d20/4,1,0,0,20,1.0,0.0,0.0,frames,quadratic-ac,0.00012361946079950172,
main,main/rep1-stream0-regime0-d20/5,1,0,0,20,1.0,0.0,0.0,frames,quadratic-ac,8.56648776235506e-05,
main,main/rep1-stream0-regime0-d20/6,1,0,0,20,1.0,0.0,0.0,frames,quadratic-ac,3.7874615866860436e-05,
main,main/rep1-stream0-regime0-d20/7,1,0,0,20,1.0,0.0,0.0,frames,quadratic-ac,3.898728945791124e-05,
main,main/rep1-stream0-regime0-d20/0,1,0,0,20,1.0,0.0,0.0,frames,quadratic-vc,6.827309610372852e-05,
main,main/rep1-stream0-regime0-d20/1,1,0,0,20,1.0,0.0,0.0,frames,quadratic-vc,3.757711915502227e-05,
main,main/rep1-stream0-regime0-d20/2,1,0,0,20,1.0,0.0,0.0,frames,quadratic-vc,0.0001270618573929901,
main,main/rep1-stream0-regime0-d20/3,1,0,0,20,1.0,0.0,0.0,frames,quadratic-vc,8.467863554401365e-05,
main,main/rep1-stream0-regime0-d20/4,1,0,0,20,1.0,0.0,0.0,frames,quadratic-vc,0.00011040533721564551,
main,main/rep1-stream0-regime0-d20/5,1,0,0,20,1.0,0.0,0.0,frames,quadratic-vc,7.814471037923892e-05,
main,main/rep1-stream0-regime0-d20/6,1,0,0,20,1.0,0.0,0.0,frames,quadratic-vc,3.811021064407251e-05,
main,main/rep1-stream0-regime0-d20/7,1,0,0,20,1.0,0.0,0.0,frames,quadratic-vc,3.982094094699579e-05,
main,main/rep1-stream0-regime0-d20/0,1,0,0,20,1.0,0.0,0.0,staggered-cycle,rank,0.02808506959880409,
main,main/rep1-stream0-regime0-d20/1,1,0,0,20,1.0,0.0,0.0,staggered-cycle,rank,0.05914881288908073,
main,main/rep1-stream0-regime0-d20/2,1,0,0,20,1.0,0.0,0.0,staggered-cycle,rank,0.01895972102427441,
main,main/rep1-stream0-regime0-d20/3,1,0,0,20,1.0,0.0,0.0,staggered-cycle,rank,0.007951432301666363,
main,main/rep1-stream0-regime0-d20/4,1,0,0,20,1.0,0.0,0.0,staggered-cycle,rank,0.024921973730087272,
main,main/rep1-stream0-regime0-d20/5,1,0,0,20,1.0,0.0,0.0,staggered-cycle,rank,0.0612139315440372,
main,main/rep1-stream0-regime0-d20/6,1,0,0,20,1.0,0.0,0.0,staggered-cycle,rank,0.025663360839693512,
main,main/rep1-stream0-regime0-d20/7,1,0,0,20,1.0,0.0,0.0,staggered-cycle,rank,0.005146458775533843,
main,main/rep1-stream0-regime0-d20/0,1,0,0,20,1.0,0.1,0.0,staggered-cycle,quadratic-ac,4.671389518093946e-05,
main,main/rep1-stream0-regime0-d20/1,1,0,0,20,1.0,0.1,0.0,staggered-cycle,quadratic-ac,7.561174073034691e-05,
main,main/rep1-stream0-regime0-d20/2,1,0,0,20,1.0,0.1,0.0,staggered-cycle,quadratic-ac,7.433116688853515e-05,
main,main/rep1-stream0-regime0-d20/3,1,0,0,20,1.0,0.1,0.0,staggered-cycle,quadratic-ac,7.904815326427858e-05,
main,main/rep1-stream0-regime0-d20/4,1,0,0,20,1.0,0.1,0.0,staggered-cycle,quadratic-ac,7.359209878099739e-05,
main,main/rep1-stream0-regime0-d20/5,1,0,0,20,1.0,0.1,0.0,staggered-cycle,quadratic-ac,0.00013580673170135495,
main,main/rep1-stream0-regime0-d20/6,1,0,0,20,1.0,0.1,0.0,staggered-cycle,quadratic-ac,4.749654619574862e-05,
main,main/rep1-stream0-regime0-d20/7,1,0,0,20,1.0,0.1,0.0,staggered-cycle,quadratic-ac,4.403986174190826e-05,
main,main/rep1-stream0-regime0-d20/0,1,0,0,20,1.0,0.1,0.0,staggered-cycle,quadratic-vc,4.494880133606214e-05,
main,main/rep1-stream0-regime0-d20/1,1,0,0,20,1.0,0.1,0.0,staggered-cycle,quadratic-vc,8.231979691522009e-05,
main,main/rep1-stream0-regime0-d20/2,1,0,0,20,1.0,0.1,0.0,staggered-cycle,quadratic-vc,6.316156917921548e-05,
main,main/rep1-stream0-regime0-d20/3,1,0,0,20,1.0,0.1,0.0,staggered-cycle,quadratic-vc,7.586187325651969e-05,
main,main/rep1-stream0-regime0-d20/4,1,0,0,20,1.0,0.1,0.0,staggered-cycle,quadratic-vc,5.8694889531419034e-05,
main,main/rep1-stream0-regime0-d20/5,1,0,0,20,1.0,0.1,0.0,staggered-cycle,quadratic-vc,0.0001334017961857845,
main,main/rep1-stream0-regime0-d20/6,1,0,0,20,1.0,0.1,0.0,staggered-cycle,quadratic-vc,4.562251018998362e-05,
main,main/rep1-stream0-regime0-d20/7,1,0,0,20,1.0,0.1,0.0,staggered-cycle,quadratic-vc,4.7765945036160954e-05,
main,main/rep1-stream0-regime0-d20/0,1,0,0,20,1.0,0.1,0.0,frames,quadratic-ac,0.0002443394869363262,
main,main/rep1-stream0-regime0-d20/1,1,0,0,20,1.0,0.1,0.0,frames,quadratic-ac,8.001603606091048e-05,
main,main/rep1-stream0-regime0-d20/2,1,0,0,20,1.0,0.1,0.0,frames,quadratic-ac,4.566453126253277e-05,
main,main/rep1-stream0-regime0-d20/3,1,0,0,20,1.0,0.1,0.0,frames,quadratic-ac,0.00014008804974066015,
main,main/rep1-stream0-regime0-d20/4,1,0,0,20,1.0,0.1,0.0,frames,quadratic-ac,7.02758745256659e-05,
main,main/rep1-stream0-regime0-d20/5,1,0,0,20,1.0,0.1,0.0,frames,quadratic-ac,0.00012108398455231914,
main,main/rep1-stream0-regime0-d20/6,1,0,0,20,1.0,0.1,0.0,frames,quadratic-ac,6.582240136122e-05,
main,main/rep1-stream0-regime0-d20/7,1,0,0,20,1.0,0.1,0.0,frames,quadratic-ac,5.1833262193835785e-05,
main,main/rep1-stream0-regime0-d20/0,1,0,0,20,1.0,0.1,0.0,frames,quadratic-vc,0.00023435618002061573,
main,main/rep1-stream0-regime0-d20/1,1,0,0,20,1.0,0.1,0.0,frames,quadratic-vc,6.983396301422771e-05,
main,main/rep1-stream0-regime0-d20/2,1,0,0,20,1.0,0.1,0.0,frames,quadratic-vc,4.326673829076029e-05,
main,main/rep1-stream0-regime0-d20/3,1,0,0,20,1.0,0.1,0.0,frames,quadratic-vc,0.0001359205274985951,
main,main/rep1-stream0-regime0-d20/4,1,0,0,20,1.0,0.1,0.0,frames,quadratic-vc,6.196216179506716e-05,
main,main/rep1-stream0-regime0-d20/5,1,0,0,20,1.0,0.1,0.0,frames,quadratic-vc,9.757829049902077e-05,
main,main/rep1-stream0-regime0-d20/6,1,0,0,20,1.0,0.1,0.0,frames,quadratic-vc,6.745493279237167e-05,
main,main/rep1-stream0-regime0-d20/7,1,0,0,20,1.0,0.1,0.0,frames,quadratic-vc,4.7787838387344325e-05,
main,main/rep1-stream0-regime0-d20/0,1,0,0,20,1.0,0.1,0.0,staggered-cycle,rank,0.027975736897470647,
main,main/rep1-stream0-regime0-d20/1,1,0,0,20,1.0,0.1,0.0,staggered-cycle,rank,0.05957373796715112,
main,main/rep1-stream0-regime0-d20/2,1,0,0,20,1.0,0.1,0.0,staggered-cycle,rank,0.01890555837764781,
main,main/rep1-stream0-regime0-d20/3,1,0,0,20,1.0,0.1,0.0,staggered-cycle,rank,0.00783542682016813,
main,main/rep1-stream0-regime0-d20/4,1,0,0,20,1.0,0.1,0.0,staggered-cycle,rank,0.024775928842091795,
main,main/rep1-stream0-regime0-d20/5,1,0,0,20,1.0,0.1,0.0,staggered-cycle,rank,0.06111699985854394,
main,main/rep1-stream0-regime0-d20/6,1,0,0,20,1.0,0.1,0.0,staggered-cycle,rank,0.02559769175511853,
main,main/rep1-stream0-regime0-d20/7,1,0,0,20,1.0,0.1,0.0,staggered-cycle,rank,0.0054012360350085544,
main,main/rep1-stream0-regime0-d20/0,1,0,0,20,1.0,1.0,0.0,staggered-cycle,quadratic-ac,6.623558521146577e-05,
main,main/rep1-stream0-regime0-d20/1,1,0,0,20,1.0,1.0,0.0,staggered-cycle,quadratic-ac,0.00012852557643674948,
main,main/rep1-stream0-regime0-d20/2,1,0,0,20,1.0,1.0,0.0,staggered-cycle,quadratic-ac,0.00010374845984410638,
main,main/rep1-stream0-regime0-d20/3,1,0,0,20,1.0,1.0,0.0,staggered-cycle,quadratic-ac,4.8176499199580044e-05,
main,main/rep1-stream0-regime0-d20/4,1,0,0,20,1.0,1.0,0.0,staggered-cycle,quadratic-ac,4.040730547161148e-05,
main,main/rep1-stream0-regime0-d20/5,1,0,0,20,1.0,1.0,0.0,staggered-cycle,quadratic-ac,0.0001408460390967009,
main,main/rep1-stream0-regime0-d20/6,1,0,0,20,1.0,1.0,0.0,staggered-cycle,quadratic-ac,7.525972672326728e-05,
main,main/rep1-stream0-regime0-d20/7,1,0,0,20,1.0,1.0,0.0,staggered-cycle,quadratic-ac,8.394484715061483e-05,
main,main/rep1-stream0-regime0-d20/0,1,0,0,20,1.0,1.0,0.0,staggered-cycle,quadratic-vc,5.816892875440504e-05,
main,main/rep1-stream0-regime0-d20/1,1,0,0,20,1.0,1.0,0.0,staggered-cycle,quadratic-vc,0.00012110711622180484,
main,main/rep1-stream0-regime0-d20/2,1,0,0,20,1.0,1.0,0.0,staggered-cycle,quadratic-vc,0.00010432988794963972,
main,main/rep1-stream0-regime0-d20/3,1,0,0,20,1.0,1.0,0.0,staggered-cycle,quadratic-vc,4.670218584886494e-05,
main,main/rep1-stream0-regime0-d20/4,1,0,0,20,1.0,1.0,0.0,staggered-cycle,quadratic-vc,3.721809862414831e-05,
main,main/rep1-stream0-regime0-d20/5,1,0,0,20,1.0,1.0,0.0,staggered-cycle,quadratic-vc,0.00013251381030330428,
main,main/rep1-stream0-regime0-d20/6,1,0,0,20,1.0,1.0,0.0,staggered-cycle,quadratic-vc,7.296846527839696e-05,
main,main/rep1-stream0-regime0-d20/7,1,0,0,20,1.0,1.0,0.0,staggered-cycle,quadratic-vc,8.718633368264834e-05,
main,main/rep1-stream0-regime0-d20/0,1,0,0,20,1.0,1.0,0.0,frames,quadratic-ac,0.00010066038348253457,
main,main/rep1-stream0-regime0-d20/1,1,0,0,20,1.0,1.0,0.0,frames,quadratic-ac,0.00019618622650716483,
main,main/rep1-stream0-regime0-d20/2,1,0,0,20,1.0,1.0,0.0,frames,quadratic-ac,6.075978318142434e-05,
main,main/rep1-stream0-regime0-d20/3,1,0,0,20,1.0,1.0,0.0,frames,quadratic-ac,0.00012756333276863063,
main,main/rep1-stream0-regime0-d20/4,1,0,0,20,1.0,1.0,0.0,frames,quadratic-ac,6.623054812621235e-05,
main,main/rep1-stream0-regime0-d20/5,1,0,0,20,1.0,1.0,0.0,frames,quadratic-ac,6.138698879676393e-05,
main,main/rep1-stream0-regime0-d20/6,1,0,0,20,1.0,1.0,0.0,frames,quadratic-ac,0.00011553689286317223,
main,main/rep1-stream0-regime0-d20/7,1,0,0,20,1.0,1.0,0.0,frames,quadratic-ac,0.00013541952096805777,
main,main/rep1-stream0-regime0-d20/0,1,0,0,20,1.0,1.0,0.0,frames,quadratic-vc,9.536208986703264e-05,
main,main/rep1-stream0-regime0-d20/1,1,0,0,20,1.0,1.0,0.0,frames,quadratic-vc,0.00017180289120541408,
main,main/rep1-stream0-regime0-d20/2,1,0,0,20,1.0,1.0,0.0,frames,quadratic-vc,6.088507683557559e-05,
main,main/rep1-stream0-regime0-d20/3,1,0,0,20,1.0,1.0,0.0,frames,quadratic-vc,0.00012431596964145695,
main,main/rep1-stream0-regime0-d20/4,1,0,0,20,1.0,1.0,0.0,frames,quadratic-vc,6.835864190745088e-05,
main,main/rep1-stream0-regime0-d20/5,1,0,0,20,1.0,1.0,0.0,frames,quadratic-vc,6.304204265703463e-05,
main,main/rep1-stream0-regime0-d20/6,1,0,0,20,1.0,1.0,0.0,frames,quadratic-vc,0.00010414791467416791,
main,main/rep1-stream0-regime0-d20/7,1,0,0,20,1.0,1.0,0.0,frames,quadratic-vc,0.00014766370076691967,
main,main/rep1-stream0-regime0-d20/0,1,0,0,20,1.0,1.0,0.0,staggered-cycle,rank,0.02531958545365093,
main,main/rep1-stream0-regime0-d20/1,1,0,0,20,1.0,1.0,0.0,staggered-cycle,rank,0.05854219448435382,
main,main/rep1-stream0-regime0-d20/2,1,0,0,20,1.0,1.0,0.0,staggered-cycle,rank,0.018218948398013968,
main,main/rep1-stream0-regime0-d20/3,1,0,0,20,1.0,1.0,0.0,staggered-cycle,rank,0.006090989584172431,
main,main/rep1-stream0-regime0-d20/4,1,0,0,20,1.0,1.0,0.0,staggered-cycle,rank,0.02101071560913194,
main,main/rep1-stream0-regime0-d20/5,1,0,0,20,1.0,1.0,0.0,staggered-cycle,rank,0.05551568024261468,
main,main/rep1-stream0-regime0-d20/6,1,0,0,20,1.0,1.0,0.0,staggered-cycle,rank,0.02781544121193819,
main,main/rep1-stream0-regime0-d20/7,1,0,0,20,1.0,1.0,0.0,staggered-cycle,rank,0.006984655819516058,
main,main/rep1-stream0-regime0-d20/0,1,0,0,20,1.0,10.0,0.0,staggered-cycle,quadratic-ac,0.000213440790440954,
main,main/rep1-stream0-regime0-d20/1,1,0,0,20,1.0,10.0,0.0,staggered-cycle,quadratic-ac,0.0008895908344812483,
main,main/rep1-stream0-regime0-d20/2,1,0,0,20,1.0,10.0,0.0,staggered-cycle,quadratic-ac,0.0013034487640845892,
main,main/rep1-stream0-regime0-d20/3,1,0,0,20,1.0,10.0,0.0,staggered-cycle,quadratic-ac,0.0001844309692289081,
main,main/rep1-stream0-regime0-d20/4,1,0,0,20,1.0,10.0,0.0,staggered-cycle,quadratic-ac,0.0004408042076947633,
main,main/rep1-stream0-regime0-d20/5,1,0,0,20,1.0,10.0,0.0,staggered-cycle,quadratic-ac,0.0002925341289495314,
main,main/rep1-stream0-regime0-d20/6,1,0,0,20,1.0,10.0,0.0,staggered-cycle,quadratic-ac,0.0010338195242973775,
main,main/rep1-stream0-regime0-d20/7,1,0,0,20,1.0,10.0,0.0,staggered-cycle,quadratic-ac,0.00011631104780815681,
main,main/rep1-stream0-regime0-d20/0,1,0,0,20,1.0,10.0,0.0,staggered-cycle,quadratic-vc,0.00021970279890923565,
main,main/rep1-stream0-regime0-d20/1,1,0,0,20,1.0,10.0,0.0,staggered-cycle,quadratic-vc,0.0010658846440441908,
main,main/rep1-stream0-regime0-d20/2,1,0,0,20,1.0,10.0,0.0,staggered-cycle,quadratic-vc,0.0011122262462549561,
main,main/rep1-stream0-regime0-d20/3,1,0,0,20,1.0,10.0,0.0,staggered-cycle,quadratic-vc,0.00017426588050743075,
main,main/rep1-stream0-regime0-d20/4,1,0,0,20,1.0,10.0,0.0,staggered-cycle,quadratic-vc,0.00044071637007711464,
main,main/rep1-stream0-regime0-d20/5,1,0,0,20,1.0,10.0,0.0,staggered-cycle,quadratic-vc,0.0002632757462691912,
main,main/rep1-stream0-regime0-d20/6,1,0,0,20,1.0,10.0,0.0,staggered-cycle,quadratic-vc,0.000982776061424886,
main,main/rep1-stream0-regime0-d20/7,1,0,0,20,1.0,10.0,0.0,staggered-cycle,quadratic-vc,0.00012881913830493883,
main,main/rep1-stream0-regime0-d20/0,1,0,0,20,1.0,10.0,0.0,frames,quadratic-ac,0.00028707671727106723,
main,main/rep1-stream0-regime0-d20/1,1,0,0,20,1.0,10.0,0.0,frames,quadratic-ac,0.000532013583453822,
main,main/rep1-stream0-regime0-d20/2,1,0,0,20,1.0,10.0,0.0,frames,quadratic-ac,0.0007191894337491677,
main,main/rep1-stream0-regime0-d20/3,1,0,0,20,1.0,10.0,0.0,frames,quadratic-ac,0.00033640419738088307,
main,main/rep1-stream0-regime0-d20/4,1,0,0,20,1.0,10.0,0.0,frames,quadratic-ac,0.0004351288764162712,
main,main/rep1-stream0-regime0-d20/5,1,0,0,20,1.0,10.0,0.0,frames,quadratic-ac,0.0004593638481336169,
main,main/rep1-stream0-regime0-d20/6,1,0,0,20,1.0,10.0,0.0,frames,quadratic-ac,0.0009899533352664203,
main,main/rep1-stream0-regime0-d20/7,1,0,0,20,1.0,10.0,0.0,frames,quadratic-ac,0.0005054341490097357,
main,main/rep1-stream0-regime0-d20/0,1,0,0,20,1.0,10.0,0.0,frames,quadratic-vc,0.00027376460044404644,
main,main/rep1-stream0-regime0-d20/1,1,0,0,20,1.0,10.0,0.0,frames,quadratic-vc,0.0004809934098472319,
main,main/rep1-stream0-regime0-d20/2,1,0,0,20,1.0,10.0,0.0,frames,quadratic-vc,0.0007064523588976977,
main,main/rep1-stream0-regime0-d20/3,1,0,0,20,1.0,10.0,0.0,frames,quadratic-vc,0.0003248558560315675,
main,main/rep1-stream0-regime0-d20/4,1,0,0,20,1.0,10.0,0.0,frames,quadratic-vc,0.00041662894747561565,
main,main/rep1-stream0-regime0-d20/5,1,0,0,20,1.0,10.0,0.0,frames,quadratic-vc,0.00044879873331891664,
main,main/rep1-stream0-regime0-d20/6,1,0,0,20,1.0,10.0,0.0,frames,quadratic-vc,0.0009730149301274192,
main,main/rep1-stream0-regime0-d20/7,1,0,0,20,1.0,10.0,0.0,frames,quadratic-vc,0.00041001562978243894,
main,main/rep1-stream0-regime0-d20/0,1,0,0,20,1.0,10.0,0.0,staggered-cycle,rank,0.02058106109049927,
main,main/rep1-stream0-regime0-d20/1,1,0,0,20,1.0,10.0,0.0,staggered-cycle,rank,0.045452642451928316,
main,main/rep1-stream0-regime0-d20/2,1,0,0,20,1.0,10.0,0.0,staggered-cycle,rank,0.1337502388948282,
main,main/rep1-stream0-regime0-d20/3,1,0,0,20,1.0,10.0,0.0,staggered-cycle,rank,0.028786369650830486,
main,main/rep1-stream0-regime0-d20/4,1,0,0,20,1.0,10.0,0.0,staggered-cycle,rank,0.019510927401865136,
main,main/rep1-stream0-regime0-d20/5,1,0,0,20,1.0,10.0,0.0,staggered-cycle,rank,0.03831233628312444,
main,main/rep1-stream0-regime0-d20/6,1,0,0,20,1.0,10.0,0.0,staggered-cycle,rank,0.14223606169568248,
main,main/rep1-stream0-regime0-d20/7,1,0,0,20,1.0,10.0,0.0,staggered-cycle,rank,0.10793885795832871,
main,main/rep1-stream0-regime1-d10/0,1,0,1,10,1.0,0.0,0.0,staggered-cycle,quadratic-ac,0.00046807821457840954,
main,main/rep1-stream0-regime1-d10/1,1,0,1,10,1.0,0.0,0.0,staggered-cycle,quadratic-ac,0.00036545971579912754,
main,main/rep1-stream0-regime1-d10/2,1,0,1,10,1.0,0.0,0.0,staggered-cycle,quadratic-ac,0.00023048540918983382,
main,main/rep1-stream0-regime1-d10/3,1,0,1,10,1.0,0.0,0.0,staggered-cycle,quadratic-ac,0.00037265692964078993,
main,main/rep1-stream0-regime1-d10/4,1,0,1,10,1.0,0.0,0.0,staggered-cycle,quadratic-ac,0.0001286961433874066,
main,main/rep1-stream0-regime1-d10/5,1,0,1,10,1.0,0.0,0.0,staggered-cycle,quadratic-ac,0.0005745731814889999,
main,main/rep1-stream0-regime1-d10/6,1,0,1,10,1.0,0.0,0.0,staggered-cycle,quadratic-ac,9.091209175965144e-05,
main,main/rep1-stream0-regime1-d10/7,1,0,1,10,1.0,0.0,0.0,staggered-cycle,quadratic-ac,0.0001836771460678888,
main,main/rep1-stream0-regime1-d10/0,1,0,1,10,1.0,0.0,0.0,staggered-cycle,quadratic-vc,0.00044730356521541784,
main,main/rep1-stream0-regime1-d10/1,1,0,1,10,1.0,0.0,0.0,staggered-cycle,quadratic-vc,0.0003734223213674192,
main,main/rep1-stream0-regime1-d10/2,1,0,1,10,1.0,0.0,0.0,staggered-cycle,quadratic-vc,0.00022948932472993563,
main,main/rep1-stream0-regime1-d10/3,1,0,1,10,1.0,0.0,0.0,staggered-cycle,quadratic-vc,0.00032859790069122736,
main,main/rep1-stream0-regime1-d10/4,1,0,1,10,1.0,0.0,0.0,staggered-cycle,quadratic-vc,0.00011417772848140836,
main,main/rep1-stream0-regime1-d10/5,1,0,1,10,1.0,0.0,0.0,staggered-cycle,quadratic-vc,0.0005708842535455932,
main,main/rep1-stream0-regime1-d10/6,1,0,1,10,1.0,0.0,0.0,staggered-cycle,quadratic-vc,0.00011427404520491147,
main,main/rep1-stream0-regime1-d10/7,1,0,1,10,1.0,0.0,0.0,staggered-cycle,quadratic-vc,0.00016193409028198913,
main,main/rep1-stream0-regime1-d10/0,1,0,1,10,1.0,0.0,0.0,frames,quadratic-ac,0.00031337544702815653,
main,main/rep1-stream0-regime1-d10/1,1,0,1,10,1.0,0.0,0.0,frames,quadratic-ac,0.0005036349669479051,
main,main/rep1-stream0-regime1-d10/2,1,0,1,10,1.0,0.0,0.0,frames,quadratic-ac,0.0006121664605393935,
main,main/rep1-stream0-regime1-d10/3,1,0,1,10,1.0,0.0,0.0,frames,quadratic-ac,0.00024827752694899836,
main,main/rep1-stream0-regime1-d10/4,1,0,1,10,1.0,0.0,0.0,frames,quadratic-ac,9.859832393281878e-05,
main,main/rep1-stream0-regime1-d10/5,1,0,1,10,1.0,0.0,0.0,frames,quadratic-ac,0.00036127300370687493,
main,main/rep1-stream0-regime1-d10/6,1,0,1,10,1.0,0.0,0.0,frames,quadratic-ac,8.815001625453449e-05,
main,main/rep1-stream0-regime1-d10/7,1,0,1,10,1.0,0.0,0.0,frames,quadratic-ac,0.0006398718737404684,
main,main/rep1-stream0-regime1-d10/0,1,0,1,10,1.0,0.0,0.0,frames,quadratic-vc,0.0002946593761831728,
main,main/rep1-stream0-regime1-d10/1,1,0,1,10,1.0,0.0,0.0,frames,quadratic-vc,0.0005045131011172196,
main,main/rep1-stream0-regime1-d10/2,1,0,1,10,1.0,0.0,0.0,frames,quadratic-vc,0.0006036896474513974,
main,main/rep1-stream0-regime1-d10/3,1,0,1,10,1.0,0.0,0.0,frames,quadratic-vc,0.00023723305691821498,
main,main/rep1-stream0-regime1-d10/4,1,0,1,10,1.0,0.0,0.0,frames,quadratic-vc,8.43180521726445e-05,
main,main/rep1-stream0-regime1-d10/5,1,0,1,10,1.0,0.0,0.0,frames,quadratic-vc,0.0002984925334105576,
main,main/rep1-stream0-regime1-d10/6,1,0,1,10,1.0,0.0,0.0,frames,quadratic-vc,7.575816698015776e-05,
main,main/rep1-stream0-regime1-d10/7,1,0,1,10,1.0,0.0,0.0,frames,quadratic-vc,0.0006390178857092534,
main,main/rep1-stream0-regime1-d10/0,1,0,1,10,1.0,0.0,0.0,staggered-cycle,rank,0.007664429802042753,
main,main/rep1-stream0-regime1-d10/1,1,0,1,10,1.0,0.0,0.0,staggered-cycle,rank,0.002916648843908535,
main,main/rep1-stream0-regime1-d10/2,1,0,1,10,1.0,0.0,0.0,staggered-cycle,rank,0.021065003616037557,
main,main/rep1-stream0-regime1-d10/3,1,0,1,10,1.0,0.0,0.0,staggered-cycle,rank,0.009511105278454833,
main,main/rep1-stream0-regime1-d10/4,1,0,1,10,1.0,0.0,0.0,staggered-cycle,rank,0.06653874183450294,
main,main/rep1-stream0-regime1-d10/5,1,0,1,10,1.0,0.0,0.0,staggered-cycle,rank,0.06955054553723182,
main,main/rep1-stream0-regime1-d10/6,1,0,1,10,1.0,0.0,0.0,staggered-cycle,rank,0.03630511366019231,
main,main/rep1-stream0-regime1-d10/7,1,0,1,10,1.0,0.0,0.0,staggered-cycle,rank,0.0018942335061375984,
main,main/rep1-stream0-regime1-d10/0,1,0,1,10,1.0,0.1,0.0,staggered-cycle,quadratic-ac,0.0008122495512496262,
main,main/rep1-stream0-regime1-d10/1,1,0,1,10,1.0,0.1,0.0,staggered-cycle,quadratic-ac,8.153046388940539e-05,
main,main/rep1-stream0-regime1-d10/2,1,0,1,10,1.0,0.1,0.0,staggered-cycle,quadratic-ac,0.0002693583102797479,
main,main/rep1-stream0-regime1-d10/3,1,0,1,10,1.0,0.1,0.0,staggered-cycle,quadratic-ac,9.902256272187203e-05,
main,main/rep1-stream0-regime1-d10/4,1,0,1,10,1.0,0.1,0.0,staggered-cycle,quadratic-ac,6.212029014808268e-05,
main,main/rep1-stream0-regime1-d10/5,1,0,1,10,1.0,0.1,0.0,staggered-cycle,quadratic-ac,0.00043143671758780856,
main,main/rep1-stream0-regime1-d10/6,1,0,1,10,1.0,0.1,0.0,staggered-cycle,quadratic-ac,0.00014818414806186522,
main,main/rep1-stream0-regime1-d10/7,1,0,1,10,1.0,0.1,0.0,staggered-cycle,quadratic-ac,0.00018709764466500402,
main,main/rep1-stream0-regime1-d10/0,1,0,1,10,1.0,0.1,0.0,staggered-cycle,quadratic-vc,0.000660768659726369,
main,main/rep1-stream0-regime1-d10/1,1,0,1,10,1.0,0.1,0.0,staggered-cycle,quadratic-vc,6.836049846168754e-05,
main,main/rep1-stream0-regime1-d10/2,1,0,1,10,1.0,0.1,0.0,staggered-cycle,quadratic-vc,0.0003387336818520267,
main,main/rep1-stream0-regime1-d10/3,1,0,1,10,1.0,0.1,0.0,staggered-cycle,quadratic-vc,9.171781948500227e-05,
main,main/rep1-stream0-regime1-d10/4,1,0,1,10,1.0,0.1,0.0,staggered-cycle,quadratic-vc,6.02001516405775e-05,
main,main/rep1-stream0-regime1-d10/5,1,0,1,10,1.0,0.1,0.0,staggered-cycle,quadratic-vc,0.0004706808580833664,
main,main/rep1-stream0-regime1-d10/6,1,0,1,10,1.0,0.1,0.0,staggered-cycle,quadratic-vc,0.0002255738447208861,
main,main/rep1-stream0-regime1-d10/7,1,0,1,10,1.0,0.1,0.0,staggered-cycle,quadratic-vc,0.0001393145534191488,
main,main/rep1-stream0-regime1-d10/0,1,0,1,10,1.0,0.1,0.0,frames,quadratic-ac,5.5371473155360394e-05,
main,main/rep1-stream0-regime1-d10/1,1,0,1,10,1.0,0.1,0.0,frames,quadratic-ac,0.00016432881678244278,
main,main/rep1-stream0-regime1-d10/2,1,0,1,10,1.0,0.1,0.0,frames,quadratic-ac,0.00023582762991071848,
main,main/rep1-stream0-regime1-d10/3,1,0,1,10,1.0,0.1,0.0,frames,quadratic-ac,5.7215498732904184e-05,
main,main/rep1-stream0-regime1-d10/4,1,0,1,10,1.0,0.1,0.0,frames,quadratic-ac,0.00021277801000530884,
main,main/rep1-stream0-regime1-d10/5,1,0,1,10,1.0,0.1,0.0,frames,quadratic-ac,0.0004021639899955163,
main,main/rep1-stream0-regime1-d10/6,1,0,1,10,1.0,0.1,0.0,frames,quadratic-ac,0.00021792013854281521,
main,main/rep1-stream0-regime1-d10/7,1,0,1,10,1.0,0.1,0.0,frames,quadratic-ac,0.00020098494206692073,
main,main/rep1-stream0-regime1-d10/0,1,0,1,10,1.0,0.1,0.0,frames,quadratic-vc,4.44557994547479e-05,
main,main/rep1-stream0-regime1-d10/1,1,0,1,10,1.0,0.1,0.0,frames,quadratic-vc,0.00014511753793727196,
main,main/rep1-stream0-regime1-d10/2,1,0,1,10,1.0,0.1,0.0,frames,quadratic-vc,0.0002018386133033483,
main,main/rep1-stream0-regime1-d10/3,1,0,1,10,1.0,0.1,0.0,frames,quadratic-vc,4.854469331222185e-05,
main,main/rep1-stream0-regime1-d10/4,1,0,1,10,1.0,0.1,0.0,frames,quadratic-vc,0.00020642515070276135,
main,main/rep1-stream0-regime1-d10/5,1,0,1,10,1.0,0.1,0.0,frames,quadratic-vc,0.00021751182291419738,
main,main/rep1-stream0-regime1-d10/6,1,0,1,10,1.0,0.1,0.0,frames,quadratic-vc,0.00019405290019210904,
main,main/rep1-stream0-regime1-d10/7,1,0,1,10,1.0,0.1,0.0,frames,quadratic-vc,0.00016887431197728213,
main,main/rep1-stream0-regime1-d10/0,1,0,1,10,1.0,0.1,0.0,staggered-cycle,rank,0.006580057368742365,
main,main/rep1-stream0-regime1-d10/1,1,0,1,10,1.0,0.1,0.0,staggered-cycle,rank,0.0027375369939726074,
main,main/rep1-stream0-regime1-d10/2,1,0,1,10,1.0,0.1,0.0,staggered-cycle,rank,0.021516404443943333,
main,main/rep1-stream0-regime1-d10/3,1,0,1,10,1.0,0.1,0.0,staggered-cycle,rank,0.009085604623858906,
main,main/rep1-stream0-regime1-d10/4,1,0,1,10,1.0,0.1,0.0,staggered-cycle,rank,0.06756701477280704,
main,main/rep1-stream0-regime1-d10/5,1,0,1,10,1.0,0.1,0.0,staggered-cycle,rank,0.07040015349142716,
main,main/rep1-stream0-regime1-d10/6,1,0,1,10,1.0,0.1,0.0,staggered-cycle,rank,0.03621054527708987,
main,main/rep1-stream0-regime1-d10/7,1,0,1,10,1.0,0.1,0.0,staggered-cycle,rank,0.002297099132970512,
main,main/rep1-stream0-regime1-d10/0,1,0,1,10,1.0,1.0,0.0,staggered-cycle,quadratic-ac,0.0002857975965270536,
main,main/rep1-stream0-regime1-d10/1,1,0,1,10,1.0,1.0,0.0,staggered-cycle,quadratic-ac,0.00027882582752385094,
main,main/rep1-stream0-regime1-d10/2,1,0,1,10,1.0,1.0,0.0,staggered-cycle,quadratic-ac,0.00026126186945494103,
main,main/rep1-stream0-regime1-d10/3,1,0,1,10,1.0,1.0,0.0,staggered-cycle,quadratic-ac,0.00012698101802240298,
main,main/rep1-stream0-regime1-d10/4,1,0,1,10,1.0,1.0,0.0,staggered-cycle,quadratic-ac,0.0002502006137864223,
main,main/rep1-stream0-regime1-d10/5,1,0,1,10,1.0,1.0,0.0,staggered-cycle,quadratic-ac,5.212008019266913e-05,
main,main/rep1-stream0-regime1-d10/6,1,0,1,10,1.0,1.0,0.0,staggered-cycle,quadratic-ac,9.744488875444109e-05,
main,main/rep1-stream0-regime1-d10/7,1,0,1,10,1.0,1.0,0.0,staggered-cycle,quadratic-ac,0.0001209884493873087,
main,main/rep1-stream0-regime1-d10/0,1,0,1,10,1.0,1.0,0.0,staggered-cycle,quadratic-vc,0.00030250053699363145,
main,main/rep1-stream0-regime1-d10/1,1,0,1,10,1.0,1.0,0.0,staggered-cycle,quadratic-vc,0.00027485966862395266,
main,main/rep1-stream0-regime1-d10/2,1,0,1,10,1.0,1.0,0.0,staggered-cycle,quadratic-vc,0.00023404063642532022,
main,main/rep1-stream0-regime1-d10/3,1,0,1,10,1.0,1.0,0.0,staggered-cycle,quadratic-vc,0.0001587325037389329,
main,main/rep1-stream0-regime1-d10/4,1,0,1,10,1.0,1.0,0.0,staggered-cycle,quadratic-vc,0.0002738149471337418,
main,main/rep1-stream0-regime1-d10/5,1,0,1,10,1.0,1.0,0.0,staggered-cycle,quadratic-vc,4.835981871814262e-05,
main,main/rep1-stream0-regime1-d10/6,1,0,1,10,1.0,1.0,0.0,staggered-cycle,quadratic-vc,0.00010390772581375348,
main,main/rep1-stream0-regime1-d10/7,1,0,1,10,1.0,1.0,0.0,staggered-cycle,quadratic-vc,0.00015067379661180247,
main,main/rep1-stream0-regime1-d10/0,1,0,1,10,1.0,1.0,0.0,frames,quadratic-ac,0.00015562598996428793,
main,main/rep1-stream0-regime1-d10/1,1,0,1,10,1.0,1.0,0.0,frames,quadratic-ac,0.00015711381034781656,
main,main/rep1-stream0-regime1-d10/2,1,0,1,10,1.0,1.0,0.0,frames,quadratic-ac,0.00022767551332052093,
main,main/rep1-stream0-regime1-d10/3,1,0,1,10,1.0,1.0,0.0,frames,quadratic-ac,0.0003062113336853631,
main,main/rep1-stream0-regime1-d10/4,1,0,1,10,1.0,1.0,0.0,frames,quadratic-ac,0.00014295442253179548,
main,main/rep1-stream0-regime1-d10/5,1,0,1,10,1.0,1.0,0.0,frames,quadratic-ac,0.0002993358982756006,
main,main/rep1-stream0-regime1-d10/6,1,0,1,10,1.0,1.0,0.0,frames,quadratic-ac,0.0003774913803380939,
main,main/rep1-stream0-regime1-d10/7,1,0,1,10,1.0,1.0,0.0,frames,quadratic-ac,0.0001411976549170826,
main,main/rep1-stream0-regime1-d10/0,1,0,1,10,1.0,1.0,0.0,frames,quadratic-vc,0.00010492606881425187,
main,main/rep1-stream0-regime1-d10/1,1,0,1,10,1.0,1.0,0.0,frames,quadratic-vc,0.00015347893596541538,
main,main/rep1-stream0-regime1-d10/2,1,0,1,10,1.0,1.0,0.0,frames,quadratic-vc,0.0002385420058547857,
main,main/rep1-stream0-regime1-d10/3,1,0,1,10,1.0,1.0,0.0,frames,quadratic-vc,0.00033366599287375047,
main,main/rep1-stream0-regime1-d10/4,1,0,1,10,1.0,1.0,0.0,frames,quadratic-vc,0.00012650544533990846,
main,main/rep1-stream0-regime1-d10/5,1,0,1,10,1.0,1.0,0.0,frames,quadratic-vc,0.00025452553886141916,
main,main/rep1-stream0-regime1-d10/6,1,0,1,10,1.0,1.0,0.0,frames,quadratic-vc,0.0004092554937689491,
main,main/rep1-stream0-regime1-d10/7,1,0,1,10,1.0,1.0,0.0,frames,quadratic-vc,0.00012742968623914087,
main,main/rep1-stream0-regime1-d10/0,1,0,1,10,1.0,1.0,0.0,staggered-cycle,rank,0.005629434573226454,
main,main/rep1-stream0-regime1-d10/1,1,0,1,10,1.0,1.0,0.0,staggered-cycle,rank,0.0032485297718420087,
main,main/rep1-stream0-regime1-d10/2,1,0,1,10,1.0,1.0,0.0,staggered-cycle,rank,0.02447535661390192,
main,main/rep1-stream0-regime1-d10/3,1,0,1,10,1.0,1.0,0.0,staggered-cycle,rank,0.008418176557802628,
main,main/rep1-stream0-regime1-d10/4,1,0,1,10,1.0,1.0,0.0,staggered-cycle,rank,0.057219796021524695,
main,main/rep1-stream0-regime1-d10/5,1,0,1,10,1.0,1.0,0.0,staggered-cycle,rank,0.07736170164404371,
main,main/rep1-stream0-regime1-d10/6,1,0,1,10,1.0,1.0,0.0,staggered-cycle,rank,0.03081410887585594,
main,main/rep1-stream0-regime1-d10/7,1,0,1,10,1.0,1.0,0.0,staggered-cycle,rank,0.0010769754884477753,
main,main/rep1-stream0-regime1-d10/0,1,0,1,10,1.0,10.0,0.0,staggered-cycle,quadratic-ac,0.0008766363720059567,
main,main/rep1-stream0-regime1-d10/1,1,0,1,10,1.0,10.0,0.0,staggered-cycle,quadratic-ac,0.0009765705475349904,
main,main/rep1-stream0-regime1-d10/2,1,0,1,10,1.0,10.0,0.0,staggered-cycle,quadratic-ac,0.003161090418359885,
main,main/rep1-stream0-regime1-d10/3,1,0,1,10,1.0,10.0,0.0,staggered-cycle,quadratic-ac,0.0011381292851332721,
main,main/rep1-stream0-regime1-d10/4,1,0,1,10,1.0,10.0,0.0,staggered-cycle,quadratic-ac,0.0006091418778401156,
main,main/rep1-stream0-regime1-d10/5,1,0,1,10,1.0,10.0,0.0,staggered-cycle,quadratic-ac,0.00219111195055035,
main,main/rep1-stream0-regime1-d10/6,1,0,1,10,1.0,10.0,0.0,staggered-cycle,quadratic-ac,0.0011070328022623522,
main,main/rep1-stream0-regime1-d10/7,1,0,1,10,1.0,10.0,0.0,staggered-cycle,quadratic-ac,0.0009353993918965663,
main,main/rep1-stream0-regime1-d10/0,1,0,1,10,1.0,10.0,0.0,staggered-cycle,quadratic-vc,0.0006318257793815916,
main,main/rep1-stream0-regime1-d10/1,1,0,1,10,1.0,10.0,0.0,staggered-cycle,quadratic-vc,0.0011352161107536466,
main,main/rep1-stream0-regime1-d10/2,1,0,1,10,1.0,10.0,0.0,staggered-cycle,quadratic-vc,0.001903808312562673,
main,main/rep1-stream0-regime1-d10/3,1,0,1,10,1.0,10.0,0.0,staggered-cycle,quadratic-vc,0.0008920532988268328,
main,main/rep1-stream0-regime1-d10/4,1,0,1,10,1.0,10.0,0.0,staggered-cycle,quadratic-vc,0.0006142602450217923,
main,main/rep1-stream0-regime1-d10/5,1,0,1,10,1.0,10.0,0.0,staggered-cycle,quadratic-vc,0.0016720862308162838,
main,main/rep1-stream0-regime1-d10/6,1,0,1,10,1.0,10.0,0.0,staggered-cycle,quadratic-vc,0.0008372212680440297,
main,main/rep1-stream0-regime1-d10/7,1,0,1,10,1.0,10.0,0.0,staggered-cycle,quadratic-vc,0.0013226447408299865,
main,main/rep1-stream0-regime1-d10/0,1,0,1,10,1.0,10.0,0.0,frames,quadratic-ac,0.0012066620050372766,
main,main/rep1-stream0-regime1-d10/1,1,0,1,10,1.0,10.0,0.0,frames,quadratic-ac,0.003815496880123897,
main,main/rep1-stream0-regime1-d10/2,1,0,1,10,1.0,10.0,0.0,frames,quadratic-ac,0.003124832238072804,
main,main/rep1-stream0-regime1-d10/3,1,0,1,10,1.0,10.0,0.0,frames,quadratic-ac,0.005239959759401456,
main,main/rep1-stream0-regime1-d10/4,1,0,1,10,1.0,10.0,0.0,frames,quadratic-ac,0.0013733985786469076,
main,main/rep1-stream0-regime1-d10/5,1,0,1,10,1.0,10.0,0.0,frames,quadratic-ac,0.004364331658715801,
main,main/rep1-stream0-regime1-d10/6,1,0,1,10,1.0,10.0,0.0,frames,quadratic-ac,0.002379868035131448,
main,main/rep1-stream0-regime1-d10/7,1,0,1,10,1.0,10.0,0.0,frames,quadratic-ac,0.00325183716804573,
main,main/rep1-stream0-regime1-d10/0,1,0,1,10,1.0,10.0,0.0,frames,quadratic-vc,0.001151234534886847,
main,main/rep1-stream0-regime1-d10/1,1,0,1,10,1.0,10.0,0.0,frames,quadratic-vc,0.003419539915325924,
main,main/rep1-stream0-regime1-d10/2,1,0,1,10,1.0,10.0,0.0,frames,quadratic-vc,0.0027041888465050828,
main,main/rep1-stream0-regime1-d10/3,1,0,1,10,1.0,10.0,0.0,frames,quadratic-vc,0.007223784525703771,
main,main/rep1-stream0-regime1-d10/4,1,0,1,10,1.0,10.0,0.0,frames,quadratic-vc,0.0013834758230224446,
main,main/rep1-stream0-regime1-d10/5,1,0,1,10,1.0,10.0,0.0,frames,quadratic-vc,0.003726324623007231,
main,main/rep1-stream0-regime1-d10/6,1,0,1,10,1.0,10.0,0.0,frames,quadratic-vc,0.0028727824936297915,
main,main/rep1-stream0-regime1-d10/7,1,0,1,10,1.0,10.0,0.0,frames,quadratic-vc,0.002253065659135807,
main,main/rep1-stream0-regime1-d10/0,1,0,1,10,1.0,10.0,0.0,staggered-cycle,rank,0.02643527111624548,
main,main/rep1-stream0-regime1-d10/1,1,0,1,10,1.0,10.0,0.0,staggered-cycle,rank,0.05315977396088688,
main,main/rep1-stream0-regime1-d10/2,1,0,1,10,1.0,10.0,0.0,staggered-cycle,rank,0.21766388531718645,
main,main/rep1-stream0-regime1-d10/3,1,0,1,10,1.0,10.0,0.0,staggered-cycle,rank,0.054691767087716864,
main,main/rep1-stream0-regime1-d10/4,1,0,1,10,1.0,10.0,0.0,staggered-cycle,rank,0.12919503123162082,
main,main/rep1-stream0-regime1-d10/5,1,0,1,10,1.0,10.0,0.0,staggered-cycle,rank,0.27672495904114347,
main,main/rep1-stream0-regime1-d10/6,1,0,1,10,1.0,10.0,0.0,staggered-cycle,rank,0.006873474781863223,
main,main/rep1-stream0-regime1-d10/7,1,0,1,10,1.0,10.0,0.0,staggered-cycle,rank,0.018884053283378603,
main,main/rep1-stream0-regime1-d50/0,1,0,1,50,1.0,0.0,0.0,staggered-cycle,quadratic-ac,9.296219900470461e-06,
main,main/rep1-stream0-regime1-d50/1,1,0,1,50,1.0,0.0,0.0,staggered-cycle,quadratic-ac,1.007460381143738e-05,
main,main/rep1-stream0-regime1-d50/2,1,0,1,50,1.0,0.0,0.0,staggered-cycle,quadratic-ac,1.1810720495535282e-05,
main,main/rep1-stream0-regime1-d50/3,1,0,1,50,1.0,0.0,0.0,staggered-cycle,quadratic-ac,1.3940784192888125e-05,
main,main/rep1-stream0-regime1-d50/4,1,0,1,50,1.0,0.0,0.0,staggered-cycle,quadratic-ac,1.940648096682041e-05,
main,main/rep1-stream0-regime1-d50/5,1,0,1,50,1.0,0.0,0.0,staggered-cycle,quadratic-ac,1.779089192658875e-05,
main,main/rep1-stream0-regime1-d50/6,1,0,1,50,1.0,0.0,0.0,staggered-cycle,quadratic-ac,6.389835154978704e-06,
main,main/rep1-stream0-regime1-d50/7,1,0,1,50,1.0,0.0,0.0,staggered-cycle,quadratic-ac,1.655569292113002e-05,
main,main/rep1-stream0-regime1-d50/0,1,0,1,50,1.0,0.0,0.0,staggered-cycle,quadratic-vc,1.2298098333901426e-05,
main,main/rep1-stream0-regime1-d50/1,1,0,1,50,1.0,0.0,0.0,staggered-cycle,quadratic-vc,9.391897290903056e-06,
main,main/rep1-stream0-regime1-d50/2,1,0,1,50,1.0,0.0,0.0,staggered-cycle,quadratic-vc,1.1661394090998745e-05,
main,main/rep1-stream0-regime1-d50/3,1,0,1,50,1.0,0.0,0.0,staggered-cycle,quadratic-vc,1.3379148552350378e-05,
main,main/rep1-stream0-regime1-d50/4,1,0,1,50,1.0,0.0,0.0,staggered-cycle,quadratic-vc,1.971955028523746e-05,
main,main/rep1-stream0-regime1-d50/5,1,0,1,50,1.0,0.0,0.0,staggered-cycle,quadratic-vc,1.77596169868446e-05,
main,main/rep1-stream0-regime1-d50/6,1,0,1,50,1.0,0.0,0.0,staggered-cycle,quadratic-vc,7.053775785443374e-06,
main,main/rep1-stream0-regime1-d50/7,1,0,1,50,1.0,0.0,0.0,staggered-cycle,quadratic-vc,1.5255223040932968e-05,
main,main/rep1-stream0-regime1-d50/0,1,0,1,50,1.0,0.0,0.0,frames,quadratic-ac,1.134964378846441e-05,
main,main/rep1-stream0-regime1-d50/1,1,0,1,50,1.0,0.0,0.0,frames,quadratic-ac,1.3514443312348473e-05,
main,main/rep1-stream0-regime1-d50/2,1,0,1,50,1.0,0.0,0.0,frames,quadratic-ac,8.854752344402335e-06,
main,main/rep1-stream0-regime1-d50/3,1,0,1,50,1.0,0.0,0.0,frames,quadratic-ac,1.1106357095674726e-05,
main,main/rep1-stream0-regime1-d50/4,1,0,1,50,1.0,0.0,0.0,frames,quadratic-ac,1.2977666498457005e-05,
main,main/rep1-stream0-regime1-d50/5,1,0,1,50,1.0,0.0,0.0,frames,quadratic-ac,1.6472869621588106e-05,
main,main/rep1-stream0-regime1-d50/6,1,0,1,50,1.0,0.0,0.0,frames,quadratic-ac,1.5435968103432316e-05,
main,main/rep1-stream0-regime1-d50/7,1,0,1,50,1.0,0.0,0.0,frames,quadratic-ac,7.85401161897038e-06,
main,main/rep1-stream0-regime1-d50/0,1,0,1,50,1.0,0.0,0.0,frames,quadratic-vc,1.1290886764213022e-05,
main,main/rep1-stream0-regime1-d50/1,1,0,1,50,1.0,0.0,0.0,frames,quadratic-vc,1.3467934843871358e-05,
main,main/rep1-stream0-regime1-d50/2,1,0,1,50,1.0,0.0,0.0,frames,quadratic-vc,8.78738462220926e-06,
main,main/rep1-stream0-regime1-d50/3,1,0,1,50,1.0,0.0,0.0,frames,quadratic-vc,1.0643977377371754e-05,
main,main/rep1-stream0-regime1-d50/4,1,0,1,50,1.0,0.0,0.0,frames,quadratic-vc,1.2541623918100917e-05,
main,main/rep1-stream0-regime1-d50/5,1,0,1,50,1.0,0.0,0.0,frames,quadratic-vc,1.4732962287640614e-05,
main,main/rep1-stream0-regime1-d50/6,1,0,1,50,1.0,0.0,0.0,frames,quadratic-vc,1.5798338111856008e-05,
main,main/rep1-stream0-regime1-d50/7,1,0,1,50,1.0,0.0,0.0,frames,quadratic-vc,7.508405364823182e-06,
main,main/rep1-stream0-regime1-d50/0,1,0,1,50,1.0,0.0,0.0,staggered-cycle,rank,0.09693689179898338,
main,main/rep1-stream0-regime1-d50/1,1,0,1,50,1.0,0.0,0.0,staggered-cycle,rank,0.04193872399013566,
main,main/rep1-stream0-regime1-d50/2,1,0,1,50,1.0,0.0,0.0,staggered-cycle,rank,0.0305740213704498,
main,main/rep1-stream0-regime1-d50/3,1,0,1,50,1.0,0.0,0.0,staggered-cycle,rank,0.03246074466471472,
main,main/rep1-stream0-regime1-d50/4,1,0,1,50,1.0,0.0,0.0,staggered-cycle,rank,0.01742278231773883,
main,main/rep1-stream0-regime1-d50/5,1,0,1,50,1.0,0.0,0.0,staggered-cycle,rank,0.016987240782466766,
main,main/rep1-stream0-regime1-d50/6,1,0,1,50,1.0,0.0,0.0,staggered-cycle,rank,0.0223053812044656,
main,main/rep1-stream0-regime1-d50/7,1,0,1,50,1.0,0.0,0.0,staggered-cycle,rank,0.01570154469884595,
main,main/rep1-stream0-regime1-d50/0,1,0,1,50,1.0,0.1,0.0,staggered-cycle,quadratic-ac,3.4347222854135666e-05,
main,main/rep1-stream0-regime1-d50/1,1,0,1,50,1.0,0.1,0.0,staggered-cycle,quadratic-ac,3.1646368225997425e-05,
main,main/rep1-stream0-regime1-d50/2,1,0,1,50,1.0,0.1,0.0,staggered-cycle,quadratic-ac,9.754108077854746e-06,
main,main/rep1-stream0-regime1-d50/3,1,0,1,50,1.0,0.1,0.0,staggered-cycle,quadratic-ac,1.3853771316856494e-05,
main,main/rep1-stream0-regime1-d50/4,1,0,1,50,1.0,0.1,0.0,staggered-cycle,quadratic-ac,1.4800335057046924e-05,
main,main/rep1-stream0-regime1-d50/5,1,0,1,50,1.0,0.1,0.0,staggered-cycle,quadratic-ac,1.2835709597020078e-05,
main,main/rep1-stream0-regime1-d50/6,1,0,1,50,1.0,0.1,0.0,staggered-cycle,quadratic-ac,1.6031533737649333e-05,
main,main/rep1-stream0-regime1-d50/7,1,0,1,50,1.0,0.1,0.0,staggered-cycle,quadratic-ac,1.2686178209768172e-05,
main,main/rep1-stream0-regime1-d50/0,1,0,1,50,1.0,0.1,0.0,staggered-cycle,quadratic-vc,3.0110390325581347e-05,
main,main/rep1-stream0-regime1-d50/1,1,0,1,50,1.0,0.1,0.0,staggered-cycle,quadratic-vc,3.0492970334517074e-05,
main,main/rep1-stream0-regime1-d50/2,1,0,1,50,1.0,0.1,0.0,staggered-cycle,quadratic-vc,9.445475713408085e-06,
main,main/rep1-stream0-regime1-d50/3,1,0,1,50,1.0,0.1,0.0,staggered-cycle,quadratic-vc,1.4742569278529241e-05,
main,main/rep1-stream0-regime1-d50/4,1,0,1,50,1.0,0.1,0.0,staggered-cycle,quadratic-vc,1.4981182215778727e-05,
main,main/rep1-stream0-regime1-d50/5,1,0,1,50,1.0,0.1,0.0,staggered-cycle,quadratic-vc,1.3040567146845159e-05,
main,main/rep1-stream0-regime1-d50/6,1,0,1,50,1.0,0.1,0.0,staggered-cycle,quadratic-vc,1.5366155882215666e-05,
main,main/rep1-stream0-regime1-d50/7,1,0,1,50,1.0,0.1,0.0,staggered-cycle,quadratic-vc,1.3311587713175095e-05,
main,main/rep1-stream0-regime1-d50/0,1,0,1,50,1.0,0.1,0.0,frames,quadratic-ac,2.194189500949609e-05,
main,main/rep1-stream0-regime1-d50/1,1,0,1,50,1.0,0.1,0.0,frames,quadratic-ac,2.122035734622069e-05,
main,main/rep1-stream0-regime1-d50/2,1,0,1,50,1.0,0.1,0.0,frames,quadratic-ac,1.1513060359358426e-05,
main,main/rep1-stream0-regime1-d50/3,1,0,1,50,1.0,0.1,0.0,frames,quadratic-ac,1.389876311945911e-05,
main,main/rep1-stream0-regime1-d50/4,1,0,1,50,1.0,0.1,0.0,frames,quadratic-ac,9.261582648007264e-06,
main,main/rep1-stream0-regime1-d50/5,1,0,1,50,1.0,0.1,0.0,frames,quadratic-ac,9.737274002634235e-06,
main,main/rep1-stream0-regime1-d50/6,1,0,1,50,1.0,0.1,0.0,frames,quadratic-ac,1.631998003188861e-05,
main,main/rep1-stream0-regime1-d50/7,1,0,1,50,1.0,0.1,0.0,frames,quadratic-ac,1.3777330993707834e-05,
main,main/rep1-stream0-regime1-d50/0,1,0,1,50,1.0,0.1,0.0,frames,quadratic-vc,2.157594415140248e-05,
main,main/rep1-stream0-regime1-d50/1,1,0,1,50,1.0,0.1,0.0,frames,quadratic-vc,2.106484759523841e-05,
main,main/rep1-stream0-regime1-d50/2,1,0,1,50,1.0,0.1,0.0,frames,quadratic-vc,1.1303449322496053e-05,
main,main/rep1-stream0-regime1-d50/3,1,0,1,50,1.0,0.1,0.0,frames,quadratic-vc,1.3386909750977131e-05,
main,main/rep1-stream0-regime1-d50/4,1,0,1,50,1.0,0.1,0.0,frames,quadratic-vc,8.747928892889388e-06,
main,main/rep1-stream0-regime1-d50/5,1,0,1,50,1.0,0.1,0.0,frames,quadratic-vc,9.562540838121171e-06,
main,main/rep1-stream0-regime1-d50/6,1,0,1,50,1.0,0.1,0.0,frames,quadratic-vc,1.6462648676643388e-05,
main,main/rep1-stream0-regime1-d50/7,1,0,1,50,1.0,0.1,0.0,frames,quadratic-vc,1.2634356382164496e-05,
main,main/rep1-stream0-regime1-d50/0,1,0,1,50,1.0,0.1,0.0,staggered-cycle,rank,0.09666312749158722,
main,main/rep1-stream0-regime1-d50/1,1,0,1,50,1.0,0.1,0.0,staggered-cycle,rank,0.04204859533134622,
main,main/rep1-stream0-regime1-d50/2,1,0,1,50,1.0,0.1,0.0,staggered-cycle,rank,0.030651501218382587,
main,main/rep1-stream0-regime1-d50/3,1,0,1,50,1.0,0.1,0.0,staggered-cycle,rank,0.032670509168028106,
main,main/rep1-stream0-regime1-d50/4,1,0,1,50,1.0,0.1,0.0,staggered-cycle,rank,0.01736758410769417,
main,main/rep1-stream0-regime1-d50/5,1,0,1,50,1.0,0.1,0.0,staggered-cycle,rank,0.017243799462821587,
main,main/rep1-stream0-regime1-d50/6,1,0,1,50,1.0,0.1,0.0,staggered-cycle,rank,0.02232473996949828,
main,main/rep1-stream0-regime1-d50/7,1,0,1,50,1.0,0.1,0.0,staggered-cycle,rank,0.015722439772762654,
main,main/rep1-stream0-regime1-d50/0,1,0,1,50,1.0,1.0,0.0,staggered-cycle,quadratic-ac,8.062536906116234e-05,
main,main/rep1-stream0-regime1-d50/1,1,0,1,50,1.0,1.0,0.0,staggered-cycle,quadratic-ac,3.589097152822544e-05,
main,main/rep1-stream0-regime1-d50/2,1,0,1,50,1.0,1.0,0.0,staggered-cycle,quadratic-ac,4.0159062626783736e-05,
main,main/rep1-stream0-regime1-d50/3,1,0,1,50,1.0,1.0,0.0,staggered-cycle,quadratic-ac,1.544728840055109e-05,
main,main/rep1-stream0-regime1-d50/4,1,0,1,50,1.0,1.0,0.0,staggered-cycle,quadratic-ac,1.5661921634429376e-05,
main,main/rep1-stream0-regime1-d50/5,1,0,1,50,1.0,1.0,0.0,staggered-cycle,quadratic-ac,1.2595522414830132e-05,
main,main/rep1-stream0-regime1-d50/6,1,0,1,50,1.0,1.0,0.0,staggered-cycle,quadratic-ac,1.4600626600004533e-05,
main,main/rep1-stream0-regime1-d50/7,1,0,1,50,1.0,1.0,0.0,staggered-cycle,quadratic-ac,1.5628660451223926e-05,
main,main/rep1-stream0-regime1-d50/0,1,0,1,50,1.0,1.0,0.0,staggered-cycle,quadratic-vc,6.879385576739346e-05,
main,main/rep1-stream0-regime1-d50/1,1,0,1,50,1.0,1.0,0.0,staggered-cycle,quadratic-vc,3.458208858024479e-05,
main,main/rep1-stream0-regime1-d50/2,1,0,1,50,1.0,1.0,0.0,staggered-cycle,quadratic-vc,3.416883026415534e-05,
main,main/rep1-stream0-regime1-d50/3,1,0,1,50,1.0,1.0,0.0,staggered-cycle,quadratic-vc,1.6851316735664147e-05,
main,main/rep1-stream0-regime1-d50/4,1,0,1,50,1.0,1.0,0.0,staggered-cycle,quadratic-vc,1.679961075815307e-05,
main,main/rep1-stream0-regime1-d50/5,1,0,1,50,1.0,1.0,0.0,staggered-cycle,quadratic-vc,1.2102528981569726e-05,
main,main/rep1-stream0-regime1-d50/6,1,0,1,50,1.0,1.0,0.0,staggered-cycle,quadratic-vc,1.484841235374106e-05,
main,main/rep1-stream0-regime1-d50/7,1,0,1,50,1.0,1.0,0.0,staggered-cycle,quadratic-vc,1.5779417783213602e-05,
main,main/rep1-stream0-regime1-d50/0,1,0,1,50,1.0,1.0,0.0,frames,quadratic-ac,1.5530637028416174e-05,
main,main/rep1-stream0-regime1-d50/1,1,0,1,50,1.0,1.0,0.0,frames,quadratic-ac,1.7646600268704423e-05,
main,main/rep1-stream0-regime1-d50/2,1,0,1,50,1.0,1.0,0.0,frames,quadratic-ac,2.0167170960969213e-05,
main,main/rep1-stream0-regime1-d50/3,1,0,1,50,1.0,1.0,0.0,frames,quadratic-ac,1.1656532511434618e-05,
main,main/rep1-stream0-regime1-d50/4,1,0,1,50,1.0,1.0,0.0,frames,quadratic-ac,2.1883072936973637e-05,
main,main/rep1-stream0-regime1-d50/5,1,0,1,50,1.0,1.0,0.0,frames,quadratic-ac,1.4919417953809754e-05,
main,main/rep1-stream0-regime1-d50/6,1,0,1,50,1.0,1.0,0.0,frames,quadratic-ac,2.0557976628493496e-05,
main,main/rep1-stream0-regime1-d50/7,1,0,1,50,1.0,1.0,0.0,frames,quadratic-ac,2.048450889383539e-05,
main,main/rep1-stream0-regime1-d50/0,1,0,1,50,1.0,1.0,0.0,frames,quadratic-vc,1.5696501327481532e-05,
main,main/rep1-stream0-regime1-d50/1,1,0,1,50,1.0,1.0,0.0,frames,quadratic-vc,1.666511483758245e-05,
main,main/rep1-stream0-regime1-d50/2,1,0,1,50,1.0,1.0,0.0,frames,quadratic-vc,2.0826319132898862e-05,
main,main/rep1-stream0-regime1-d50/3,1,0,1,50,1.0,1.0,0.0,frames,quadratic-vc,1.1939084964725341e-05,
main,main/rep1-stream0-regime1-d50/4,1,0,1,50,1.0,1.0,0.0,frames,quadratic-vc,2.169750646893647e-05,
main,main/rep1-stream0-regime1-d50/5,1,0,1,50,1.0,1.0,0.0,frames,quadratic-vc,1.5373165487005538e-05,
main,main/rep1-stream0-regime1-d50/6,1,0,1,50,1.0,1.0,0.0,frames,quadratic-vc,2.230224151461237e-05,
main,main/rep1-stream0-regime1-d50/7,1,0,1,50,1.0,1.0,0.0,frames,quadratic-vc,2.04698543900902e-05,
main,main/rep1-stream0-regime1-d50/0,1,0,1,50,1.0,1.0,0.0,staggered-cycle,rank,0.07718547108733942,
main,main/rep1-stream0-regime1-d50/1,1,0,1,50,1.0,1.0,0.0,staggered-cycle,rank,0.03804811484329188,
main,main/rep1-stream0-regime1-d50/2,1,0,1,50,1.0,1.0,0.0,staggered-cycle,rank,0.028154547861645732,
main,main/rep1-stream0-regime1-d50/3,1,0,1,50,1.0,1.0,0.0,staggered-cycle,rank,0.028285027485897802,
main,main/rep1-stream0-regime1-d50/4,1,0,1,50,1.0,1.0,0.0,staggered-cycle,rank,0.01642910194708715,
main,main/rep1-stream0-regime1-d50/5,1,0,1,50,1.0,1.0,0.0,staggered-cycle,rank,0.01483978748815001,
main,main/rep1-stream0-regime1-d50/6,1,0,1,50,1.0,1.0,0.0,staggered-cycle,rank,0.019900533600666286,
main,main/rep1-stream0-regime1-d50/7,1,0,1,50,1.0,1.0,0.0,staggered-cycle,rank,0.013503308041874107,
main,main/rep1-stream0-regime1-d50/0,1,0,1,50,1.0,10.0,0.0,staggered-cycle,quadratic-ac,0.00010182940113973673,
main,main/rep1-stream0-regime1-d50/1,1,0,1,50,1.0,10.0,0.0,staggered-cycle,quadratic-ac,6.841836764232883e-05,
main,main/rep1-stream0-regime1-d50/2,1,0,1,50,1.0,10.0,0.0,staggered-cycle,quadratic-ac,7.33043871909861e-05,
main,main/rep1-stream0-regime1-d50/3,1,0,1,50,1.0,10.0,0.0,staggered-cycle,quadratic-ac,9.046108456682383e-05,
main,main/rep1-stream0-regime1-d50/4,1,0,1,50,1.0,10.0,0.0,staggered-cycle,quadratic-ac,0.00010669063070532505,
main,main/rep1-stream0-regime1-d50/5,1,0,1,50,1.0,10.0,0.0,staggered-cycle,quadratic-ac,9.649470962143201e-05,
main,main/rep1-stream0-regime1-d50/6,1,0,1,50,1.0,10.0,0.0,staggered-cycle,quadratic-ac,9.649500663774834e-05,
main,main/rep1-stream0-regime1-d50/7,1,0,1,50,1.0,10.0,0.0,staggered-cycle,quadratic-ac,6.737542412814833e-05,
main,main/rep1-stream0-regime1-d50/0,1,0,1,50,1.0,10.0,0.0,staggered-cycle,quadratic-vc,0.00010241549269688764,
main,main/rep1-stream0-regime1-d50/1,1,0,1,50,1.0,10.0,0.0,staggered-cycle,quadratic-vc,6.312580841404201e-05,
main,main/rep1-stream0-regime1-d50/2,1,0,1,50,1.0,10.0,0.0,staggered-cycle,quadratic-vc,7.283671932944187e-05,
main,main/rep1-stream0-regime1-d50/3,1,0,1,50,1.0,10.0,0.0,staggered-cycle,quadratic-vc,0.00010931006313582503,
main,main/rep1-stream0-regime1-d50/4,1,0,1,50,1.0,10.0,0.0,staggered-cycle,quadratic-vc,0.00010536743892504796,
main,main/rep1-stream0-regime1-d50/5,1,0,1,50,1.0,10.0,0.0,staggered-cycle,quadratic-vc,9.468387379849094e-05,
main,main/rep1-stream0-regime1-d50/6,1,0,1,50,1.0,10.0,0.0,staggered-cycle,quadratic-vc,9.822111434111043e-05,
main,main/rep1-stream0-regime1-d50/7,1,0,1,50,1.0,10.0,0.0,staggered-cycle,quadratic-vc,6.598542575919111e-05,
main,main/rep1-stream0-regime1-d50/0,1,0,1,50,1.0,10.0,0.0,frames,quadratic-ac,9.931885047038575e-05,
main,main/rep1-stream0-regime1-d50/1,1,0,1,50,1.0,10.0,0.0,frames,quadratic-ac,0.00014287919879138393,
main,main/rep1-stream0-regime1-d50/2,1,0,1,50,1.0,10.0,0.0,frames,quadratic-ac,0.00015745280439164795,
main,main/rep1-stream0-regime1-d50/3,1,0,1,50,1.0,10.0,0.0,frames,quadratic-ac,0.00010345865554068442,
main,main/rep1-stream0-regime1-d50/4,1,0,1,50,1.0,10.0,0.0,frames,quadratic-ac,0.00012012217359346081,
main,main/rep1-stream0-regime1-d50/5,1,0,1,50,1.0,10.0,0.0,frames,quadratic-ac,0.00011502351731207679,
main,main/rep1-stream0-regime1-d50/6,1,0,1,50,1.0,10.0,0.0,frames,quadratic-ac,0.00010466672986211507,
main,main/rep1-stream0-regime1-d50/7,1,0,1,50,1.0,10.0,0.0,frames,quadratic-ac,0.00015534920344740326,
main,main/rep1-stream0-regime1-d50/0,1,0,1,50,1.0,10.0,0.0,frames,quadratic-vc,0.0001029284451608614,
main,main/rep1-stream0-regime1-d50/1,1,0,1,50,1.0,10.0,0.0,frames,quadratic-vc,0.00014582052544037321,
main,main/rep1-stream0-regime1-d50/2,1,0,1,50,1.0,10.0,0.0,frames,quadratic-vc,0.00015573062507197907,
main,main/rep1-stream0-regime1-d50/3,1,0,1,50,1.0,10.0,0.0,frames,quadratic-vc,9.760528020674797e-05,
main,main/rep1-stream0-regime1-d50/4,1,0,1,50,1.0,10.0,0.0,frames,quadratic-vc,0.00011504669005726744,
main,main/rep1-stream0-regime1-d50/5,1,0,1,50,1.0,10.0,0.0,frames,quadratic-vc,0.00011347466062854927,
main,main/rep1-stream0-regime1-d50/6,1,0,1,50,1.0,10.0,0.0,frames,quadratic-vc,0.00010015374863368699,
main,main/rep1-stream0-regime1-d50/7,1,0,1,50,1.0,10.0,0.0,frames,quadratic-vc,0.0001434160838852055,
main,main/rep1-stream0-regime1-d50/0,1,0,1,50,1.0,10.0,0.0,staggered-cycle,rank,0.05178758813351261,
main,main/rep1-stream0-regime1-d50/1,1,0,1,50,1.0,10.0,0.0,staggered-cycle,rank,0.024805006325546976,
main,main/rep1-stream0-regime1-d50/2,1,0,1,50,1.0,10.0,0.0,staggered-cycle,rank,0.09796727496205639,
main,main/rep1-stream0-regime1-d50/3,1,0,1,50,1.0,10.0,0.0,staggered-cycle,rank,0.06383308356605082,
main,main/rep1-stream0-regime1-d50/4,1,0,1,50,1.0,10.0,0.0,staggered-cycle,rank,0.036964637094207914,
main,main/rep1-stream0-regime1-d50/5,1,0,1,50,1.0,10.0,0.0,staggered-cycle,rank,0.052027400800224465,
main,main/rep1-stream0-regime1-d50/6,1,0,1,50,1.0,10.0,0.0,staggered-cycle,rank,0.051685978603193794,
main,main/rep1-stream0-regime1-d50/7,1,0,1,50,1.0,10.0,0.0,staggered-cycle,rank,0.02872919537678034,
main,main/rep1-stream1-regime0-d20/0,1,1,0,20,1.0,0.0,0.0,staggered-cycle,quadratic-ac,3.909354848842604e-05,
main,main/rep1-stream1-regime0-d20/1,1,1,0,20,1.0,0.0,0.0,staggered-cycle,quadratic-ac,4.911635407876837e-05,
main,main/rep1-stream1-regime0-d20/2,1,1,0,20,1.0,0.0,0.0,staggered-cycle,quadratic-ac,0.00013484890396498535,
main,main/rep1-stream1-regime0-d20/3,1,1,0,20,1.0,0.0,0.0,staggered-cycle,quadratic-ac,5.43123400141906e-05,
main,main/rep1-stream1-regime0-d20/4,1,1,0,20,1.0,0.0,0.0,staggered-cycle,quadratic-ac,3.3870592050116384e-05,
main,main/rep1-stream1-regime0-d20/5,1,1,0,20,1.0,0.0,0.0,staggered-cycle,quadratic-ac,0.0002441774757542643,
main,main/rep1-stream1-regime0-d20/6,1,1,0,20,1.0,0.0,0.0,staggered-cycle,quadratic-ac,8.382834843320064e-05,
main,main/rep1-stream1-regime0-d20/7,1,1,0,20,1.0,0.0,0.0,staggered-cycle,quadratic-ac,4.8376449587986935e-05,
main,main/rep1-stream1-regime0-d20/0,1,1,0,20,1.0,0.0,0.0,staggered-cycle,quadratic-vc,2.925297572856944e-05,
main,main/rep1-stream1-regime0-d20/1,1,1,0,20,1.0,0.0,0.0,staggered-cycle,quadratic-vc,4.273486398802466e-05,
main,main/rep1-stream1-regime0-d20/2,1,1,0,20,1.0,0.0,0.0,staggered-cycle,quadratic-vc,0.000127648801591167,
main,main/rep1-stream1-regime0-d20/3,1,1,0,20,1.0,0.0,0.0,staggered-cycle,quadratic-vc,5.571776786915222e-05,
main,main/rep1-stream1-regime0-d20/4,1,1,0,20,1.0,0.0,0.0,staggered-cycle,quadratic-vc,3.733975632875499e-05,
main,main/rep1-stream1-regime0-d20/5,1,1,0,20,1.0,0.0,0.0,staggered-cycle,quadratic-vc,0.000254576496823828,
main,main/rep1-stream1-regime0-d20/6,1,1,0,20,1.0,0.0,0.0,staggered-cycle,quadratic-vc,7.965214617278192e-05,
main,main/rep1-stream1-regime0-d20/7,1,1,0,20,1.0,0.0,0.0,staggered-cycle,quadratic-vc,5.618341808361785e-05,
main,main/rep1-stream1-regime0-d20/0,1,1,0,20,1.0,0.0,0.0,frames,quadratic-ac,7.162344472957206e-05,
main,main/rep1-stream1-regime0-d20/1,1,1,0,20,1.0,0.0,0.0,frames,quadratic-ac,4.250946467898878e-05,
main,main/rep1-stream1-regime0-d20/2,1,1,0,20,1.0,0.0,0.0,frames,quadratic-ac,3.478835002833405e-05,
main,main/rep1-stream1-regime0-d20/3,1,1,0,20,1.0,0.0,0.0,frames,quadratic-ac,4.5929678803127335e-05,
main,main/rep1-stream1-regime0-d20/4,1,1,0,20,1.0,0.0,0.0,frames,quadratic-ac,5.136710993332597e-05,
main,main/rep1-stream1-regime0-d20/5,1,1,0,20,1.0,0.0,0.0,frames,quadratic-ac,2.1461698848818543e-05,
main,main/rep1-stream1-regime0-d20/6,1,1,0,20,1.0,0.0,0.0,frames,quadratic-ac,0.00017935637412651493,
main,main/rep1-stream1-regime0-d20/7,1,1,0,20,1.0,0.0,0.0,frames,quadratic-ac,5.7027156950286346e-05,
main,main/rep1-stream1-regime0-d20/0,1,1,0,20,1.0,0.0,0.0,frames,quadratic-vc,7.243700299687855e-05,
main,main/rep1-stream1-regime0-d20/1,1,1,0,20,1.0,0.0,0.0,frames,quadratic-vc,4.193713198183699e-05,
main,main/rep1-stream1-regime0-d20/2,1,1,0,20,1.0,0.0,0.0,frames,quadratic-vc,3.505196534446379e-05,
main,main/rep1-stream1-regime0-d20/3,1,1,0,20,1.0,0.0,0.0,frames,quadratic-vc,4.551101124365302e-05,
main,main/rep1-stream1-regime0-d20/4,1,1,0,20,1.0,0.0,0.0,frames,quadratic-vc,5.5441096899433207e-05,
main,main/rep1-stream1-regime0-d20/5,1,1,0,20,1.0,0.0,0.0,frames,quadratic-vc,2.148940619038327e-05,
main,main/rep1-stream1-regime0-d20/6,1,1,0,20,1.0,0.0,0.0,frames,quadratic-vc,0.00017789771826879112,
main,main/rep1-stream1-regime0-d20/7,1,1,0,20,1.0,0.0,0.0,frames,quadratic-vc,5.6027582660597834e-05,
main,main/rep1-stream1-regime0-d20/0,1,1,0,20,1.0,0.0,0.0,staggered-cycle,rank,0.016881046018316272,
main,main/rep1-stream1-regime0-d20/1,1,1,0,20,1.0,0.0,0.0,staggered-cycle,rank,0.022112884386117953,
main,main/rep1-stream1-regime0-d20/2,1,1,0,20,1.0,0.0,0.0,staggered-cycle,rank,0.018245867396737715,
main,main/rep1-stream1-regime0-d20/3,1,1,0,20,1.0,0.0,0.0,staggered-cycle,rank,0.030384966616185633,
main,main/rep1-stream1-regime0-d20/4,1,1,0,20,1.0,0.0,0.0,staggered-cycle,rank,0.05626543018085235,
main,main/rep1-stream1-regime0-d20/5,1,1,0,20,1.0,0.0,0.0,staggered-cycle,rank,0.012454402843097824,
main,main/rep1-stream1-regime0-d20/6,1,1,0,20,1.0,0.0,0.0,staggered-cycle,rank,0.004447836336414322,
main,main/rep1-stream1-regime0-d20/7,1,1,0,20,1.0,0.0,0.0,staggered-cycle,rank,0.021086453560343672,
main,main/rep1-stream1-regime0-d20/0,1,1,0,20,1.0,0.1,0.0,staggered-cycle,quadratic-ac,0.00016203723672710674,
main,main/rep1-stream1-regime0-d20/1,1,1,0,20,1.0,0.1,0.0,staggered-cycle,quadratic-ac,0.00014199311934205228,
main,main/rep1-stream1-regime0-d20/2,1,1,0,20,1.0,0.1,0.0,staggered-cycle,quadratic-ac,5.358973193891628e-05,
main,main/rep1-stream1-regime0-d20/3,1,1,0,20,1.0,0.1,0.0,staggered-cycle,quadratic-ac,8.036519935275661e-05,
main,main/rep1-stream1-regime0-d20/4,1,1,0,20,1.0,0.1,0.0,staggered-cycle,quadratic-ac,4.0482705329607996e-05,
main,main/rep1-stream1-regime0-d20/5,1,1,0,20,1.0,0.1,0.0,staggered-cycle,quadratic-ac,5.912443227862539e-05,
main,main/rep1-stream1-regime0-d20/6,1,1,0,20,1.0,0.1,0.0,staggered-cycle,quadratic-ac,7.014027724825683e-05,
main,main/rep1-stream1-regime0-d20/7,1,1,0,20,1.0,0.1,0.0,staggered-cycle,quadratic-ac,2.2974942625132793e-05,
main,main/rep1-stream1-regime0-d20/0,1,1,0,20,1.0,0.1,0.0,staggered-cycle,quadratic-vc,0.00015118809817870612,
main,main/rep1-stream1-regime0-d20/1,1,1,0,20,1.0,0.1,0.0,staggered-cycle,quadratic-vc,0.00013499981852962907,
main,main/rep1-stream1-regime0-d20/2,1,1,0,20,1.0,0.1,0.0,staggered-cycle,quadratic-vc,4.818153012611538e-05,
main,main/rep1-stream1-regime0-d20/3,1,1,0,20,1.0,0.1,0.0,staggered-cycle,quadratic-vc,7.93451130820917e-05,
main,main/rep1-stream1-regime0-d20/4,1,1,0,20,1.0,0.1,0.0,staggered-cycle,quadratic-vc,4.279157021989783e-05,
main,main/rep1-stream1-regime0-d20/5,1,1,0,20,1.0,0.1,0.0,staggered-cycle,quadratic-vc,6.085539274415321e-05,
main,main/rep1-stream1-regime0-d20/6,1,1,0,20,1.0,0.1,0.0,staggered-cycle,quadratic-vc,6.247185568302028e-05,
main,main/rep1-stream1-regime0-d20/7,1,1,0,20,1.0,0.1,0.0,staggered-cycle,quadratic-vc,2.438560443612723e-05,
main,main/rep1-stream1-regime0-d20/0,1,1,0,20,1.0,0.1,0.0,frames,quadratic-ac,5.696009543962142e-05,
main,main/rep1-stream1-regime0-d20/1,1,1,0,20,1.0,0.1,0.0,frames,quadratic-ac,4.443504342555307e-05,
main,main/rep1-stream1-regime0-d20/2,1,1,0,20,1.0,0.1,0.0,frames,quadratic-ac,0.00012526230563690376,
main,main/rep1-stream1-regime0-d20/3,1,1,0,20,1.0,0.1,0.0,frames,quadratic-ac,9.071733929791486e-05,
main,main/rep1-stream1-regime0-d20/4,1,1,0,20,1.0,0.1,0.0,frames,quadratic-ac,4.967966752915768e-05,
main,main/rep1-stream1-regime0-d20/5,1,1,0,20,1.0,0.1,0.0,frames,quadratic-ac,2.0825335101746056e-05,
main,main/rep1-stream1-regime0-d20/6,1,1,0,20,1.0,0.1,0.0,frames,quadratic-ac,8.48905971063215e-05,
main,main/rep1-stream1-regime0-d20/7,1,1,0,20,1.0,0.1,0.0,frames,quadratic-ac,4.477582308641936e-05,
main,main/rep1-stream1-regime0-d20/0,1,1,0,20,1.0,0.1,0.0,frames,quadratic-vc,6.799063881339043e-05,
main,main/rep1-stream1-regime0-d20/1,1,1,0,20,1.0,0.1,0.0,frames,quadratic-vc,4.743002819558882e-05,
main,main/rep1-stream1-regime0-d20/2,1,1,0,20,1.0,0.1,0.0,frames,quadratic-vc,0.00011627919088694467,
main,main/rep1-stream1-regime0-d20/3,1,1,0,20,1.0,0.1,0.0,frames,quadratic-vc,7.751205878535533e-05,
main,main/rep1-stream1-regime0-d20/4,1,1,0,20,1.0,0.1,0.0,frames,quadratic-vc,5.555251914564546e-05,
main,main/rep1-stream1-regime0-d20/5,1,1,0,20,1.0,0.1,0.0,frames,quadratic-vc,1.844110112158582e-05,
main,main/rep1-stream1-regime0-d20/6,1,1,0,20,1.0,0.1,0.0,frames,quadratic-vc,8.495250240624858e-05,
main,main/rep1-stream1-regime0-d20/7,1,1,0,20,1.0,0.1,0.0,frames,quadratic-vc,3.781755900964739e-05,
main,main/rep1-stream1-regime0-d20/0,1,1,0,20,1.0,0.1,0.0,staggered-cycle,rank,0.016220934884849388,
main,main/rep1-stream1-regime0-d20/1,1,1,0,20,1.0,0.1,0.0,staggered-cycle,rank,0.02239401396223422,
main,main/rep1-stream1-regime0-d20/2,1,1,0,20,1.0,0.1,0.0,staggered-cycle,rank,0.01792430693846948,
main,main/rep1-stream1-regime0-d20/3,1,1,0,20,1.0,0.1,0.0,staggered-cycle,rank,0.02956316089649211,
main,main/rep1-stream1-regime0-d20/4,1,1,0,20,1.0,0.1,0.0,staggered-cycle,rank,0.05707777350499168,
main,main/rep1-stream1-regime0-d20/5,1,1,0,20,1.0,0.1,0.0,staggered-cycle,rank,0.012325240373619038,
main,main/rep1-stream1-regime0-d20/6,1,1,0,20,1.0,0.1,0.0,staggered-cycle,rank,0.004333928466101927,
main,main/rep1-stream1-regime0-d20/7,1,1,0,20,1.0,0.1,0.0,staggered-cycle,rank,0.020237601009737854,
main,main/rep1-stream1-regime0-d20/0,1,1,0,20,1.0,1.0,0.0,staggered-cycle,quadratic-ac,0.00018965273946412573,
main,main/rep1-stream1-regime0-d20/1,1,1,0,20,1.0,1.0,0.0,staggered-cycle,quadratic-ac,3.3649023142758884e-05,
main,main/rep1-stream1-regime0-d20/2,1,1,0,20,1.0,1.0,0.0,staggered-cycle,quadratic-ac,0.00011858129568339972,
main,main/rep1-stream1-regime0-d20/3,1,1,0,20,1.0,1.0,0.0,staggered-cycle,quadratic-ac,0.00011686686868403446,
main,main/rep1-stream1-regime0-d20/4,1,1,0,20,1.0,1.0,0.0,staggered-cycle,quadratic-ac,6.277059513162028e-05,
main,main/rep1-stream1-regime0-d20/5,1,1,0,20,1.0,1.0,0.0,staggered-cycle,quadratic-ac,3.816549559810812e-05,
main,main/rep1-stream1-regime0-d20/6,1,1,0,20,1.0,1.0,0.0,staggered-cycle,quadratic-ac,9.549434380618871e-05,
main,main/rep1-stream1-regime0-d20/7,1,1,0,20,1.0,1.0,0.0,staggered-cycle,quadratic-ac,3.503146832365237e-05,
main,main/rep1-stream1-regime0-d20/0,1,1,0,20,1.0,1.0,0.0,staggered-cycle,quadratic-vc,0.00012119003543733952,
main,main/rep1-stream1-regime0-d20/1,1,1,0,20,1.0,1.0,0.0,staggered-cycle,quadratic-vc,3.309125567634234e-05,
main,main/rep1-stream1-regime0-d20/2,1,1,0,20,1.0,1.0,0.0,staggered-cycle,quadratic-vc,0.0001333936142695204,
main,main/rep1-stream1-regime0-d20/3,1,1,0,20,1.0,1.0,0.0,staggered-cycle,quadratic-vc,0.00010811657857181157,
main,main/rep1-stream1-regime0-d20/4,1,1,0,20,1.0,1.0,0.0,staggered-cycle,quadratic-vc,7.094559553025016e-05,
main,main/rep1-stream1-regime0-d20/5,1,1,0,20,1.0,1.0,0.0,staggered-cycle,quadratic-vc,3.6758837518244206e-05,
main,main/rep1-stream1-regime0-d20/6,1,1,0,20,1.0,1.0,0.0,staggered-cycle,quadratic-vc,9.647243139230637e-05,
main,main/rep1-stream1-regime0-d20/7,1,1,0,20,1.0,1.0,0.0,staggered-cycle,quadratic-vc,2.644153731162485e-05,
main,main/rep1-stream1-regime0-d20/0,1,1,0,20,1.0,1.0,0.0,frames,quadratic-ac,6.558041258307669e-05,
main,main/rep1-stream1-regime0-d20/1,1,1,0,20,1.0,1.0,0.0,frames,quadratic-ac,0.00013889537410997368,
main,main/rep1-stream1-regime0-d20/2,1,1,0,20,1.0,1.0,0.0,frames,quadratic-ac,0.00011586574422897859,
main,main/rep1-stream1-regime0-d20/3,1,1,0,20,1.0,1.0,0.0,frames,quadratic-ac,9.899463241263281e-05,
main,main/rep1-stream1-regime0-d20/4,1,1,0,20,1.0,1.0,0.0,frames,quadratic-ac,0.00011015944881748891,
main,main/rep1-stream1-regime0-d20/5,1,1,0,20,1.0,1.0,0.0,frames,quadratic-ac,0.0001605965813425693,
main,main/rep1-stream1-regime0-d20/6,1,1,0,20,1.0,1.0,0.0,frames,quadratic-ac,0.00017066685421091035,
main,main/rep1-stream1-regime0-d20/7,1,1,0,20,1.0,1.0,0.0,frames,quadratic-ac,3.631226834556553e-05,
main,main/rep1-stream1-regime0-d20/0,1,1,0,20,1.0,1.0,0.0,frames,quadratic-vc,6.190415654922396e-05,
main,main/rep1-stream1-regime0-d20/1,1,1,0,20,1.0,1.0,0.0,frames,quadratic-vc,0.00011839316714249668,
main,main/rep1-stream1-regime0-d20/2,1,1,0,20,1.0,1.0,0.0,frames,quadratic-vc,0.00011783499536838235,
main,main/rep1-stream1-regime0-d20/3,1,1,0,20,1.0,1.0,0.0,frames,quadratic-vc,9.689097269078816e-05,
main,main/rep1-stream1-regime0-d20/4,1,1,0,20,1.0,1.0,0.0,frames,quadratic-vc,0.00010551936189783466,
main,main/rep1-stream1-regime0-d20/5,1,1,0,20,1.0,1.0,0.0,frames,quadratic-vc,0.00015838992778479673,
main,main/rep1-stream1-regime0-d20/6,1,1,0,20,1.0,1.0,0.0,frames,quadratic-vc,0.00015332171608167718,
main,main/rep1-stream1-regime0-d20/7,1,1,0,20,1.0,1.0,0.0,frames,quadratic-vc,3.233486722390638e-05,
main,main/rep1-stream1-regime0-d20/0,1,1,0,20,1.0,1.0,0.0,staggered-cycle,rank,0.015776288043289455,
main,main/rep1-stream1-regime0-d20/1,1,1,0,20,1.0,1.0,0.0,staggered-cycle,rank,0.020527494935684815,
main,main/rep1-stream1-regime0-d20/2,1,1,0,20,1.0,1.0,0.0,staggered-cycle,rank,0.019321905358920356,
main,main/rep1-stream1-regime0-d20/3,1,1,0,20,1.0,1.0,0.0,staggered-cycle,rank,0.025127821687986326,
main,main/rep1-stream1-regime0-d20/4,1,1,0,20,1.0,1.0,0.0,staggered-cycle,rank,0.05186098663395207,
main,main/rep1-stream1-regime0-d20/5,1,1,0,20,1.0,1.0,0.0,staggered-cycle,rank,0.010412053126036986,
main,main/rep1-stream1-regime0-d20/6,1,1,0,20,1.0,1.0,0.0,staggered-cycle,rank,0.004373895272205648,
main,main/rep1-stream1-regime0-d20/7,1,1,0,20,1.0,1.0,0.0,staggered-cycle,rank,0.018785090205770443,
main,main/rep1-stream1-regime0-d20/0,1,1,0,20,1.0,10.0,0.0,staggered-cycle,quadratic-ac,0.00043044972248493403,
main,main/rep1-stream1-regime0-d20/1,1,1,0,20,1.0,10.0,0.0,staggered-cycle,quadratic-ac,0.0003294312433659941,
main,main/rep1-stream1-regime0-d20/2,1,1,0,20,1.0,10.0,0.0,staggered-cycle,quadratic-ac,0.0011889134089547522,
main,main/rep1-stream1-regime0-d20/3,1,1,0,20,1.0,10.0,0.0,staggered-cycle,quadratic-ac,0.0002416390816447605,
main,main/rep1-stream1-regime0-d20/4,1,1,0,20,1.0,10.0,0.0,staggered-cycle,quadratic-ac,0.00031098857386949077,
main,main/rep1-stream1-regime0-d20/5,1,1,0,20,1.0,10.0,0.0,staggered-cycle,quadratic-ac,0.0004401552941958114,
main,main/rep1-stream1-regime0-d20/6,1,1,0,20,1.0,10.0,0.0,staggered-cycle,quadratic-ac,0.0003330378126955637,
main,main/rep1-stream1-regime0-d20/7,1,1,0,20,1.0,10.0,0.0,staggered-cycle,quadratic-ac,0.0008896720787067453,
main,main/rep1-stream1-regime0-d20/0,1,1,0,20,1.0,10.0,0.0,staggered-cycle,quadratic-vc,0.00037574359336727746,
main,main/rep1-stream1-regime0-d20/1,1,1,0,20,1.0,10.0,0.0,staggered-cycle,quadratic-vc,0.00036068828969065966,
main,main/rep1-stream1-regime0-d20/2,1,1,0,20,1.0,10.0,0.0,staggered-cycle,quadratic-vc,0.0011840188136839442,
main,main/rep1-stream1-regime0-d20/3,1,1,0,20,1.0,10.0,0.0,staggered-cycle,quadratic-vc,0.00026645693932902194,
main,main/rep1-stream1-regime0-d20/4,1,1,0,20,1.0,10.0,0.0,staggered-cycle,quadratic-vc,0.00040806148664355264,
main,main/rep1-stream1-regime0-d20/5,1,1,0,20,1.0,10.0,0.0,staggered-cycle,quadratic-vc,0.00043243550414026664,
main,main/rep1-stream1-regime0-d20/6,1,1,0,20,1.0,10.0,0.0,staggered-cycle,quadratic-vc,0.0003273864799432283,
main,main/rep1-stream1-regime0-d20/7,1,1,0,20,1.0,10.0,0.0,staggered-cycle,quadratic-vc,0.0008164500117499246,
main,main/rep1-stream1-regime0-d20/0,1,1,0,20,1.0,10.0,0.0,frames,quadratic-ac,0.0005775246744817009,
main,main/rep1-stream1-regime0-d20/1,1,1,0,20,1.0,10.0,0.0,frames,quadratic-ac,0.00049876376952186,
main,main/rep1-stream1-regime0-d20/2,1,1,0,20,1.0,10.0,0.0,frames,quadratic-ac,0.0003915010040589852,
main,main/rep1-stream1-regime0-d20/3,1,1,0,20,1.0,10.0,0.0,frames,quadratic-ac,0.000334244890045577,
main,main/rep1-stream1-regime0-d20/4,1,1,0,20,1.0,10.0,0.0,frames,quadratic-ac,0.0009026269319815049,
main,main/rep1-stream1-regime0-d20/5,1,1,0,20,1.0,10.0,0.0,frames,quadratic-ac,0.00032863578901000585,
main,main/rep1-stream1-regime0-d20/6,1,1,0,20,1.0,10.0,0.0,frames,quadratic-ac,0.00042888472697854934,
main,main/rep1-stream1-regime0-d20/7,1,1,0,20,1.0,10.0,0.0,frames,quadratic-ac,0.0002789886762658418,
main,main/rep1-stream1-regime0-d20/0,1,1,0,20,1.0,10.0,0.0,frames,quadratic-vc,0.0005960467985487377,
main,main/rep1-stream1-regime0-d20/1,1,1,0,20,1.0,10.0,0.0,frames,quadratic-vc,0.0004535096973447744,
main,main/rep1-stream1-regime0-d20/2,1,1,0,20,1.0,10.0,0.0,frames,quadratic-vc,0.0003210359942736541,
main,main/rep1-stream1-regime0-d20/3,1,1,0,20,1.0,10.0,0.0,frames,quadratic-vc,0.0003300279069177062,
main,main/rep1-stream1-regime0-d20/4,1,1,0,20,1.0,10.0,0.0,frames,quadratic-vc,0.0008151423447374523,
main,main/rep1-stream1-regime0-d20/5,1,1,0,20,1.0,10.0,0.0,frames,quadratic-vc,0.00033250429490948584,
main,main/rep1-stream1-regime0-d20/6,1,1,0,20,1.0,10.0,0.0,frames,quadratic-vc,0.00036572881934515824,
main,main/rep1-stream1-regime0-d20/7,1,1,0,20,1.0,10.0,0.0,frames,quadratic-vc,0.00031878454801693035,
main,main/rep1-stream1-regime0-d20/0,1,1,0,20,1.0,10.0,0.0,staggered-cycle,rank,0.14493378194436268,
main,main/rep1-stream1-regime0-d20/1,1,1,0,20,1.0,10.0,0.0,staggered-cycle,rank,0.02402502084687246,
main,main/rep1-stream1-regime0-d20/2,1,1,0,20,1.0,10.0,0.0,staggered-cycle,rank,0.0713365694921958,
main,main/rep1-stream1-regime0-d20/3,1,1,0,20,1.0,10.0,0.0,staggered-cycle,rank,0.04094345672748886,
main,main/rep1-stream1-regime0-d20/4,1,1,0,20,1.0,10.0,0.0,staggered-cycle,rank,0.039756468552423076,
main,main/rep1-stream1-regime0-d20/5,1,1,0,20,1.0,10.0,0.0,staggered-cycle,rank,0.021598278704149213,
main,main/rep1-stream1-regime0-d20/6,1,1,0,20,1.0,10.0,0.0,staggered-cycle,rank,0.08968303405953046,
main,main/rep1-stream1-regime0-d20/7,1,1,0,20,1.0,10.0,0.0,staggered-cycle,rank,0.05453114840500334,
main,main/rep1-stream1-regime1-d10/0,1,1,1,10,1.0,0.0,0.0,staggered-cycle,quadratic-ac,0.0006096507826646491,
main,main/rep1-stream1-regime1-d10/1,1,1,1,10,1.0,0.0,0.0,staggered-cycle,quadratic-ac,0.0006303153760903507,
main,main/rep1-stream1-regime1-d10/2,1,1,1,10,1.0,0.0,0.0,staggered-cycle,quadratic-ac,0.00032847861865285474,
main,main/rep1-stream1-regime1-d10/3,1,1,1,10,1.0,0.0,0.0,staggered-cycle,quadratic-ac,0.000495874042785492,
main,main/rep1-stream1-regime1-d10/4,1,1,1,10,1.0,0.0,0.0,staggered-cycle,quadratic-ac,0.00044129183838913434,
main,main/rep1-stream1-regime1-d10/5,1,1,1,10,1.0,0.0,0.0,staggered-cycle,quadratic-ac,0.00036293811036755905,
main,main/rep1-stream1-regime1-d10/6,1,1,1,10,1.0,0.0,0.0,staggered-cycle,quadratic-ac,0.0007183032788283429,
main,main/rep1-stream1-regime1-d10/7,1,1,1,10,1.0,0.0,0.0,staggered-cycle,quadratic-ac,0.0005781412408911031,
main,main/rep1-stream1-regime1-d10/0,1,1,1,10,1.0,0.0,0.0,staggered-cycle,quadratic-vc,0.0006853016717527235,
main,main/rep1-stream1-regime1-d10/1,1,1,1,10,1.0,0.0,0.0,staggered-cycle,quadratic-vc,0.0006771185176519798,
main,main/rep1-stream1-regime1-d10/2,1,1,1,10,1.0,0.0,0.0,staggered-cycle,quadratic-vc,0.0003030294890543414,
main,main/rep1-stream1-regime1-d10/3,1,1,1,10,1.0,0.0,0.0,staggered-cycle,quadratic-vc,0.0003862619934962935,
main,main/rep1-stream1-regime1-d10/4,1,1,1,10,1.0,0.0,0.0,staggered-cycle,quadratic-vc,0.00042110937753539517,
main,main/rep1-stream1-regime1-d10/5,1,1,1,10,1.0,0.0,0.0,staggered-cycle,quadratic-vc,0.0003822835987678082,
main,main/rep1-stream1-regime1-d10/6,1,1,1,10,1.0,0.0,0.0,staggered-cycle,quadratic-vc,0.0007506001989000999,
main,main/rep1-stream1-regime1-d10/7,1,1,1,10,1.0,0.0,0.0,staggered-cycle,quadratic-vc,0.0004546302062104169,
main,main/rep1-stream1-regime1-d10/0,1,1,1,10,1.0,0.0,0.0,frames,quadratic-ac,0.0002192072945773892,
main,main/rep1-stream1-regime1-d10/1,1,1,1,10,1.0,0.0,0.0,frames,quadratic-ac,0.0003239905912947724,
main,main/rep1-stream1-regime1-d10/2,1,1,1,10,1.0,0.0,0.0,frames,quadratic-ac,0.00017350627149062675,
main,main/rep1-stream1-regime1-d10/3,1,1,1,10,1.0,0.0,0.0,frames,quadratic-ac,0.00027023479030507095,
main,main/rep1-stream1-regime1-d10/4,1,1,1,10,1.0,0.0,0.0,frames,quadratic-ac,0.00030325699025698314,
main,main/rep1-stream1-regime1-d10/5,1,1,1,10,1.0,0.0,0.0,frames,quadratic-ac,0.00032285082540235607,
main,main/rep1-stream1-regime1-d10/6,1,1,1,10,1.0,0.0,0.0,frames,quadratic-ac,9.103075476349336e-05,
main,main/rep1-stream1-regime1-d10/7,1,1,1,10,1.0,0.0,0.0,frames,quadratic-ac,0.00024234038331957724,
main,main/rep1-stream1-regime1-d10/0,1,1,1,10,1.0,0.0,0.0,frames,quadratic-vc,0.00021396675291225026,
main,main/rep1-stream1-regime1-d10/1,1,1,1,10,1.0,0.0,0.0,frames,quadratic-vc,0.0002878778594886314,
main,main/rep1-stream1-regime1-d10/2,1,1,1,10,1.0,0.0,0.0,frames,quadratic-vc,0.00016005673563469736,
main,main/rep1-stream1-regime1-d10/3,1,1,1,10,1.0,0.0,0.0,frames,quadratic-vc,0.00024095816129292072,
main,main/rep1-stream1-regime1-d10/4,1,1,1,10,1.0,0.0,0.0,frames,quadratic-vc,0.00026905267620793956,
main,main/rep1-stream1-regime1-d10/5,1,1,1,10,1.0,0.0,0.0,frames,quadratic-vc,0.00031464628770150023,
main,main/rep1-stream1-regime1-d10/6,1,1,1,10,1.0,0.0,0.0,frames,quadratic-vc,8.533404635081199e-05,
main,main/rep1-stream1-regime1-d10/7,1,1,1,10,1.0,0.0,0.0,frames,quadratic-vc,0.00025172400221760847,
main,main/rep1-stream1-regime1-d10/0,1,1,1,10,1.0,0.0,0.0,staggered-cycle,rank,0.00149261699289153,
main,main/rep1-stream1-regime1-d10/1,1,1,1,10,1.0,0.0,0.0,staggered-cycle,rank,0.014215150424390543,
main,main/rep1-stream1-regime1-d10/2,1,1,1,10,1.0,0.0,0.0,staggered-cycle,rank,0.006425421910920324,
main,main/rep1-stream1-regime1-d10/3,1,1,1,10,1.0,0.0,0.0,staggered-cycle,rank,0.04492601460205916,
main,main/rep1-stream1-regime1-d10/4,1,1,1,10,1.0,0.0,0.0,staggered-cycle,rank,0.0036908971987903707,
main,main/rep1-stream1-regime1-d10/5,1,1,1,10,1.0,0.0,0.0,staggered-cycle,rank,0.005475105379995959,
main,main/rep1-stream1-regime1-d10/6,1,1,1,10,1.0,0.0,0.0,staggered-cycle,rank,0.0022402668006338226,
main,main/rep1-stream1-regime1-d10/7,1,1,1,10,1.0,0.0,0.0,staggered-cycle,rank,0.002406460851020196,
main,main/rep1-stream1-regime1-d10/0,1,1,1,10,1.0,0.1,0.0,staggered-cycle,quadratic-ac,0.00030307598211167327,
main,main/rep1-stream1-regime1-d10/1,1,1,1,10,1.0,0.1,0.0,staggered-cycle,quadratic-ac,0.00048483808322714617,
main,main/rep1-stream1-regime1-d10/2,1,1,1,10,1.0,0.1,0.0,staggered-cycle,quadratic-ac,0.00036125441548085787,
main,main/rep1-stream1-regime1-d10/3,1,1,1,10,1.0,0.1,0.0,staggered-cycle,quadratic-ac,0.00045344528926022804,
main,main/rep1-stream1-regime1-d10/4,1,1,1,10,1.0,0.1,0.0,staggered-cycle,quadratic-ac,0.0004502322907004091,
main,main/rep1-stream1-regime1-d10/5,1,1,1,10,1.0,0.1,0.0,staggered-cycle,quadratic-ac,0.00024284255107512388,
main,main/rep1-stream1-regime1-d10/6,1,1,1,10,1.0,0.1,0.0,staggered-cycle,quadratic-ac,0.0006668818758923596,
main,main/rep1-stream1-regime1-d10/7,1,1,1,10,1.0,0.1,0.0,staggered-cycle,quadratic-ac,0.00030438584288576846,
main,main/rep1-stream1-regime1-d10/0,1,1,1,10,1.0,0.1,0.0,staggered-cycle,quadratic-vc,0.00020137060561672802,
main,main/rep1-stream1-regime1-d10/1,1,1,1,10,1.0,0.1,0.0,staggered-cycle,quadratic-vc,0.0005493077724453332,
main,main/rep1-stream1-regime1-d10/2,1,1,1,10,1.0,0.1,0.0,staggered-cycle,quadratic-vc,0.0003346494140194246,
main,main/rep1-stream1-regime1-d10/3,1,1,1,10,1.0,0.1,0.0,staggered-cycle,quadratic-vc,0.0005983566884263125,
main,main/rep1-stream1-regime1-d10/4,1,1,1,10,1.0,0.1,0.0,staggered-cycle,quadratic-vc,0.0004799978561147629,
main,main/rep1-stream1-regime1-d10/5,1,1,1,10,1.0,0.1,0.0,staggered-cycle,quadratic-vc,0.0002191771618105805,
main,main/rep1-stream1-regime1-d10/6,1,1,1,10,1.0,0.1,0.0,staggered-cycle,quadratic-vc,0.00068614033294632,
main,main/rep1-stream1-regime1-d10/7,1,1,1,10,1.0,0.1,0.0,staggered-cycle,quadratic-vc,0.00024296951371730627,
main,main/rep1-stream1-regime1-d10/0,1,1,1,10,1.0,0.1,0.0,frames,quadratic-ac,0.00021994287176700124,
main,main/rep1-stream1-regime1-d10/1,1,1,1,10,1.0,0.1,0.0,frames,quadratic-ac,0.00024957619274693657,
main,main/rep1-stream1-regime1-d10/2,1,1,1,10,1.0,0.1,0.0,frames,quadratic-ac,0.00021973813506953816,
main,main/rep1-stream1-regime1-d10/3,1,1,1,10,1.0,0.1,0.0,frames,quadratic-ac,0.0005324776051423595,
main,main/rep1-stream1-regime1-d10/4,1,1,1,10,1.0,0.1,0.0,frames,quadratic-ac,0.00046581945909399597,
main,main/rep1-stream1-regime1-d10/5,1,1,1,10,1.0,0.1,0.0,frames,quadratic-ac,9.654788149990211e-05,
main,main/rep1-stream1-regime1-d10/6,1,1,1,10,1.0,0.1,0.0,frames,quadratic-ac,0.00014819114225612058,
main,main/rep1-stream1-regime1-d10/7,1,1,1,10,1.0,0.1,0.0,frames,quadratic-ac,0.0003106726246565701,
main,main/rep1-stream1-regime1-d10/0,1,1,1,10,1.0,0.1,0.0,frames,quadratic-vc,0.00018927663085533137,
main,main/rep1-stream1-regime1-d10/1,1,1,1,10,1.0,0.1,0.0,frames,quadratic-vc,0.00020256755851478134,
main,main/rep1-stream1-regime1-d10/2,1,1,1,10,1.0,0.1,0.0,frames,quadratic-vc,0.00019050536845791448,
main,main/rep1-stream1-regime1-d10/3,1,1,1,10,1.0,0.1,0.0,frames,quadratic-vc,0.0004894796656684298,
main,main/rep1-stream1-regime1-d10/4,1,1,1,10,1.0,0.1,0.0,frames,quadratic-vc,0.00045761421088255996,
main,main/rep1-stream1-regime1-d10/5,1,1,1,10,1.0,0.1,0.0,frames,quadratic-vc,8.660366671322193e-05,
main,main/rep1-stream1-regime1-d10/6,1,1,1,10,1.0,0.1,0.0,frames,quadratic-vc,0.0001492999627170754,
main,main/rep1-stream1-regime1-d10/7,1,1,1,10,1.0,0.1,0.0,frames,quadratic-vc,0.00030510037935515557,
main,main/rep1-stream1-regime1-d10/0,1,1,1,10,1.0,0.1,0.0,staggered-cycle,rank,0.0018539603952946434,
main,main/rep1-stream1-regime1-d10/1,1,1,1,10,1.0,0.1,0.0,staggered-cycle,rank,0.013002402416776363,
main,main/rep1-stream1-regime1-d10/2,1,1,1,10,1.0,0.1,0.0,staggered-cycle,rank,0.0051928547263566235,
main,main/rep1-stream1-regime1-d10/3,1,1,1,10,1.0,0.1,0.0,staggered-cycle,rank,0.04393820193537853,
main,main/rep1-stream1-regime1-d10/4,1,1,1,10,1.0,0.1,0.0,staggered-cycle,rank,0.003377717909811706,
main,main/rep1-stream1-regime1-d10/5,1,1,1,10,1.0,0.1,0.0,staggered-cycle,rank,0.004946113091788306,
main,main/rep1-stream1-regime1-d10/6,1,1,1,10,1.0,0.1,0.0,staggered-cycle,rank,0.0024719359290486845,
main,main/rep1-stream1-regime1-d10/7,1,1,1,10,1.0,0.1,0.0,staggered-cycle,rank,0.0025408774802163025,
main,main/rep1-stream1-regime1-d10/0,1,1,1,10,1.0,1.0,0.0,staggered-cycle,quadratic-ac,0.0002818094893608837,
main,main/rep1-stream1-regime1-d10/1,1,1,1,10,1.0,1.0,0.0,staggered-cycle,quadratic-ac,0.00031194535293551626,
main,main/rep1-stream1-regime1-d10/2,1,1,1,10,1.0,1.0,0.0,staggered-cycle,quadratic-ac,0.00024237666873012402,
main,main/rep1-stream1-regime1-d10/3,1,1,1,10,1.0,1.0,0.0,staggered-cycle,quadratic-ac,0.0005082344637052173,
main,main/rep1-stream1-regime1-d10/4,1,1,1,10,1.0,1.0,0.0,staggered-cycle,quadratic-ac,6.267197647523674e-05,
main,main/rep1-stream1-regime1-d10/5,1,1,1,10,1.0,1.0,0.0,staggered-cycle,quadratic-ac,0.00043595265883979167,
main,main/rep1-stream1-regime1-d10/6,1,1,1,10,1.0,1.0,0.0,staggered-cycle,quadratic-ac,0.00018644213663030165,
main,main/rep1-stream1-regime1-d10/7,1,1,1,10,1.0,1.0,0.0,staggered-cycle,quadratic-ac,0.0002167891935031164,
main,main/rep1-stream1-regime1-d10/0,1,1,1,10,1.0,1.0,0.0,staggered-cycle,quadratic-vc,0.00020858975831564174,
main,main/rep1-stream1-regime1-d10/1,1,1,1,10,1.0,1.0,0.0,staggered-cycle,quadratic-vc,0.00032527855126953406,
main,main/rep1-stream1-regime1-d10/2,1,1,1,10,1.0,1.0,0.0,staggered-cycle,quadratic-vc,0.00021358644283098598,
main,main/rep1-stream1-regime1-d10/3,1,1,1,10,1.0,1.0,0.0,staggered-cycle,quadratic-vc,0.0004348912894272455,
main,main/rep1-stream1-regime1-d10/4,1,1,1,10,1.0,1.0,0.0,staggered-cycle,quadratic-vc,7.872731951980067e-05,
main,main/rep1-stream1-regime1-d10/5,1,1,1,10,1.0,1.0,0.0,staggered-cycle,quadratic-vc,0.0004119967113976663,
main,main/rep1-stream1-regime1-d10/6,1,1,1,10,1.0,1.0,0.0,staggered-cycle,quadratic-vc,0.00018967968413648702,
main,main/rep1-stream1-regime1-d10/7,1,1,1,10,1.0,1.0,0.0,staggered-cycle,quadratic-vc,0.0002545815734682135,
main,main/rep1-stream1-regime1-d10/0,1,1,1,10,1.0,1.0,0.0,frames,quadratic-ac,0.00015285405460094406,
main,main/rep1-stream1-regime1-d10/1,1,1,1,10,1.0,1.0,0.0,frames,quadratic-ac,0.0002576076941741746,
main,main/rep1-stream1-regime1-d10/2,1,1,1,10,1.0,1.0,0.0,frames,quadratic-ac,0.0013023819862635815,
main,main/rep1-stream1-regime1-d10/3,1,1,1,10,1.0,1.0,0.0,frames,quadratic-ac,0.0003077158657149826,
main,main/rep1-stream1-regime1-d10/4,1,1,1,10,1.0,1.0,0.0,frames,quadratic-ac,0.00022295126524975251,
main,main/rep1-stream1-regime1-d10/5,1,1,1,10,1.0,1.0,0.0,frames,quadratic-ac,0.0008408070525179679,
main,main/rep1-stream1-regime1-d10/6,1,1,1,10,1.0,1.0,0.0,frames,quadratic-ac,0.0004299486189937044,
main,main/rep1-stream1-regime1-d10/7,1,1,1,10,1.0,1.0,0.0,frames,quadratic-ac,0.0003140067589683075,
main,main/rep1-stream1-regime1-d10/0,1,1,1,10,1.0,1.0,0.0,frames,quadratic-vc,0.0001866373294873857,
main,main/rep1-stream1-regime1-d10/1,1,1,1,10,1.0,1.0,0.0,frames,quadratic-vc,0.00021562846592415255,
main,main/rep1-stream1-regime1-d10/2,1,1,1,10,1.0,1.0,0.0,frames,quadratic-vc,0.0013330928030209233,
main,main/rep1-stream1-regime1-d10/3,1,1,1,10,1.0,1.0,0.0,frames,quadratic-vc,0.0003414716851786556,
main,main/rep1-stream1-regime1-d10/4,1,1,1,10,1.0,1.0,0.0,frames,quadratic-vc,0.000270011870185695,
main,main/rep1-stream1-regime1-d10/5,1,1,1,10,1.0,1.0,0.0,frames,quadratic-vc,0.0007172956132262639,
main,main/rep1-stream1-regime1-d10/6,1,1,1,10,1.0,1.0,0.0,frames,quadratic-vc,0.0003914995752198733,
main,main/rep1-stream1-regime1-d10/7,1,1,1,10,1.0,1.0,0.0,frames,quadratic-vc,0.00026318696860404354,
main,main/rep1-stream1-regime1-d10/0,1,1,1,10,1.0,1.0,0.0,staggered-cycle,rank,0.0018512332392599023,
main,main/rep1-stream1-regime1-d10/1,1,1,1,10,1.0,1.0,0.0,staggered-cycle,rank,0.007859291695271641,
main,main/rep1-stream1-regime1-d10/2,1,1,1,10,1.0,1.0,0.0,staggered-cycle,rank,0.00663351625867293,
main,main/rep1-stream1-regime1-d10/3,1,1,1,10,1.0,1.0,0.0,staggered-cycle,rank,0.03473465087932953,
main,main/rep1-stream1-regime1-d10/4,1,1,1,10,1.0,1.0,0.0,staggered-cycle,rank,0.0012720727419956396,
main,main/rep1-stream1-regime1-d10/5,1,1,1,10,1.0,1.0,0.0,staggered-cycle,rank,0.006395711221200012,
main,main/rep1-stream1-regime1-d10/6,1,1,1,10,1.0,1.0,0.0,staggered-cycle,rank,0.00280939002691127,
main,main/rep1-stream1-regime1-d10/7,1,1,1,10,1.0,1.0,0.0,staggered-cycle,rank,0.011846471024306632,
main,main/rep1-stream1-regime1-d10/0,1,1,1,10,1.0,10.0,0.0,staggered-cycle,quadratic-ac,0.0034657948688231765,
main,main/rep1-stream1-regime1-d10/1,1,1,1,10,1.0,10.0,0.0,staggered-cycle,quadratic-ac,0.0055530893408305415,
main,main/rep1-stream1-regime1-d10/2,1,1,1,10,1.0,10.0,0.0,staggered-cycle,quadratic-ac,0.0010946837098588815,
main,main/rep1-stream1-regime1-d10/3,1,1,1,10,1.0,10.0,0.0,staggered-cycle,quadratic-ac,0.0016786673979599397,
main,main/rep1-stream1-regime1-d10/4,1,1,1,10,1.0,10.0,0.0,staggered-cycle,quadratic-ac,0.0014551761731233963,
main,main/rep1-stream1-regime1-d10/5,1,1,1,10,1.0,10.0,0.0,staggered-cycle,quadratic-ac,0.001962040109667033,
main,main/rep1-stream1-regime1-d10/6,1,1,1,10,1.0,10.0,0.0,staggered-cycle,quadratic-ac,0.0020609798305978038,
main,main/rep1-stream1-regime1-d10/7,1,1,1,10,1.0,10.0,0.0,staggered-cycle,quadratic-ac,0.005174939344359204,
main,main/rep1-stream1-regime1-d10/0,1,1,1,10,1.0,10.0,0.0,staggered-cycle,quadratic-vc,0.003597067025800717,
main,main/rep1-stream1-regime1-d10/1,1,1,1,10,1.0,10.0,0.0,staggered-cycle,quadratic-vc,0.004534140677333998,
main,main/rep1-stream1-regime1-d10/2,1,1,1,10,1.0,10.0,0.0,staggered-cycle,quadratic-vc,0.000715594783456173,
main,main/rep1-stream1-regime1-d10/3,1,1,1,10,1.0,10.0,0.0,staggered-cycle,quadratic-vc,0.001648876247906608,
main,main/rep1-stream1-regime1-d10/4,1,1,1,10,1.0,10.0,0.0,staggered-cycle,quadratic-vc,0.0012724485974470675,
main,main/rep1-stream1-regime1-d10/5,1,1,1,10,1.0,10.0,0.0,staggered-cycle,quadratic-vc,0.0019851691460969025,
main,main/rep1-stream1-regime1-d10/6,1,1,1,10,1.0,10.0,0.0,staggered-cycle,quadratic-vc,0.0021581397418043865,
main,main/rep1-stream1-regime1-d10/7,1,1,1,10,1.0,10.0,0.0,staggered-cycle,quadratic-vc,0.004732708078494857,
main,main/rep1-stream1-regime1-d10/0,1,1,1,10,1.0,10.0,0.0,frames,quadratic-ac,0.0024547088021787187,
main,main/rep1-stream1-regime1-d10/1,1,1,1,10,1.0,10.0,0.0,frames,quadratic-ac,0.005907989351260117,
main,main/rep1-stream1-regime1-d10/2,1,1,1,10,1.0,10.0,0.0,frames,quadratic-ac,0.000976899104046024,
main,main/rep1-stream1-regime1-d10/3,1,1,1,10,1.0,10.0,0.0,frames,quadratic-ac,0.002701733025559655,
main,main/rep1-stream1-regime1-d10/4,1,1,1,10,1.0,10.0,0.0,frames,quadratic-ac,0.0018489449687037983,
main,main/rep1-stream1-regime1-d10/5,1,1,1,10,1.0,10.0,0.0,frames,quadratic-ac,0.0024064588877884176,
main,main/rep1-stream1-regime1-d10/6,1,1,1,10,1.0,10.0,0.0,frames,quadratic-ac,0.0012409940726350146,
main,main/rep1-stream1-regime1-d10/7,1,1,1,10,1.0,10.0,0.0,frames,quadratic-ac,0.003314622378501028,
main,main/rep1-stream1-regime1-d10/0,1,1,1,10,1.0,10.0,0.0,frames,quadratic-vc,0.002254437600896814,
main,main/rep1-stream1-regime1-d10/1,1,1,1,10,1.0,10.0,0.0,frames,quadratic-vc,0.0043097292815869066,
main,main/rep1-stream1-regime1-d10/2,1,1,1,10,1.0,10.0,0.0,frames,quadratic-vc,0.0008936808408487524,
main,main/rep1-stream1-regime1-d10/3,1,1,1,10,1.0,10.0,0.0,frames,quadratic-vc,0.002054473772167113,
main,main/rep1-stream1-regime1-d10/4,1,1,1,10,1.0,10.0,0.0,frames,quadratic-vc,0.0018309275063822523,
main,main/rep1-stream1-regime1-d10/5,1,1,1,10,1.0,10.0,0.0,frames,quadratic-vc,0.0022490648148655876,
main,main/rep1-stream1-regime1-d10/6,1,1,1,10,1.0,10.0,0.0,frames,quadratic-vc,0.0010804987762175833,
main,main/rep1-stream1-regime1-d10/7,1,1,1,10,1.0,10.0,0.0,frames,quadratic-vc,0.002927294282141645,
main,main/rep1-stream1-regime1-d10/0,1,1,1,10,1.0,10.0,0.0,staggered-cycle,rank,0.08885343614083922,
main,main/rep1-stream1-regime1-d10/1,1,1,1,10,1.0,10.0,0.0,staggered-cycle,rank,0.10311435179432478,
main,main/rep1-stream1-regime1-d10/2,1,1,1,10,1.0,10.0,0.0,staggered-cycle,rank,0.07430432899597836,
main,main/rep1-stream1-regime1-d10/3,1,1,1,10,1.0,10.0,0.0,staggered-cycle,rank,0.08746262515230199,
main,main/rep1-stream1-regime1-d10/4,1,1,1,10,1.0,10.0,0.0,staggered-cycle,rank,0.03963026380987698,
main,main/rep1-stream1-regime1-d10/5,1,1,1,10,1.0,10.0,0.0,staggered-cycle,rank,0.0728730551616101,
main,main/rep1-stream1-regime1-d10/6,1,1,1,10,1.0,10.0,0.0,staggered-cycle,rank,0.05205540969705183,
main,main/rep1-stream1-regime1-d10/7,1,1,1,10,1.0,10.0,0.0,staggered-cycle,rank,0.29072238675616935,
main,main/rep1-stream1-regime1-d50/0,1,1,1,50,1.0,0.0,0.0,staggered-cycle,quadratic-ac,2.8913446104159112e-05,
main,main/rep1-stream1-regime1-d50/1,1,1,1,50,1.0,0.0,0.0,staggered-cycle,quadratic-ac,2.0442519198812187e-05,
main,main/rep1-stream1-regime1-d50/2,1,1,1,50,1.0,0.0,0.0,staggered-cycle,quadratic-ac,1.4594579697502816e-05,
main,main/rep1-stream1-regime1-d50/3,1,1,1,50,1.0,0.0,0.0,staggered-cycle,quadratic-ac,1.9042441082546242e-05,
main,main/rep1-stream1-regime1-d50/4,1,1,1,50,1.0,0.0,0.0,staggered-cycle,quadratic-ac,1.5219079828604005e-05,
main,main/rep1-stream1-regime1-d50/5,1,1,1,50,1.0,0.0,0.0,staggered-cycle,quadratic-ac,1.9790514819396e-05,
main,main/rep1-stream1-regime1-d50/6,1,1,1,50,1.0,0.0,0.0,staggered-cycle,quadratic-ac,2.027953602760409e-05,
main,main/rep1-stream1-regime1-d50/7,1,1,1,50,1.0,0.0,0.0,staggered-cycle,quadratic-ac,2.379767474358111e-05,
main,main/rep1-stream1-regime1-d50/0,1,1,1,50,1.0,0.0,0.0,staggered-cycle,quadratic-vc,2.871298859074163e-05,
main,main/rep1-stream1-regime1-d50/1,1,1,1,50,1.0,0.0,0.0,staggered-cycle,quadratic-vc,2.0629132678666785e-05,
main,main/rep1-stream1-regime1-d50/2,1,1,1,50,1.0,0.0,0.0,staggered-cycle,quadratic-vc,1.4314692833354123e-05,
main,main/rep1-stream1-regime1-d50/3,1,1,1,50,1.0,0.0,0.0,staggered-cycle,quadratic-vc,2.0645490900366028e-05,
main,main/rep1-stream1-regime1-d50/4,1,1,1,50,1.0,0.0,0.0,staggered-cycle,quadratic-vc,1.4469475477155707e-05,
main,main/rep1-stream1-regime1-d50/5,1,1,1,50,1.0,0.0,0.0,staggered-cycle,quadratic-vc,1.919429746423565e-05,
main,main/rep1-stream1-regime1-d50/6,1,1,1,50,1.0,0.0,0.0,staggered-cycle,quadratic-vc,1.997127350338794e-05,
main,main/rep1-stream1-regime1-d50/7,1,1,1,50,1.0,0.0,0.0,staggered-cycle,quadratic-vc,2.1850674393146686e-05,
main,main/rep1-stream1-regime1-d50/0,1,1,1,50,1.0,0.0,0.0,frames,quadratic-ac,1.4628962512328565e-05,
main,main/rep1-stream1-regime1-d50/1,1,1,1,50,1.0,0.0,0.0,frames,quadratic-ac,1.3345436184411061e-05,
main,main/rep1-stream1-regime1-d50/2,1,1,1,50,1.0,0.0,0.0,frames,quadratic-ac,7.156374816858067e-06,
main,main/rep1-stream1-regime1-d50/3,1,1,1,50,1.0,0.0,0.0,frames,quadratic-ac,1.4974066669773283e-05,
main,main/rep1-stream1-regime1-d50/4,1,1,1,50,1.0,0.0,0.0,frames,quadratic-ac,1.384807206422412e-05,
main,main/rep1-stream1-regime1-d50/5,1,1,1,50,1.0,0.0,0.0,frames,quadratic-ac,9.40444746527106e-06,
main,main/rep1-stream1-regime1-d50/6,1,1,1,50,1.0,0.0,0.0,frames,quadratic-ac,1.736096938896381e-05,
main,main/rep1-stream1-regime1-d50/7,1,1,1,50,1.0,0.0,0.0,frames,quadratic-ac,1.2529719792830597e-05,
main,main/rep1-stream1-regime1-d50/0,1,1,1,50,1.0,0.0,0.0,frames,quadratic-vc,1.4509504210307081e-05,
main,main/rep1-stream1-regime1-d50/1,1,1,1,50,1.0,0.0,0.0,frames,quadratic-vc,1.3007101051685045e-05,
main,main/rep1-stream1-regime1-d50/2,1,1,1,50,1.0,0.0,0.0,frames,quadratic-vc,6.158870296920194e-06,
main,main/rep1-stream1-regime1-d50/3,1,1,1,50,1.0,0.0,0.0,frames,quadratic-vc,1.4535431090230228e-05,
main,main/rep1-stream1-regime1-d50/4,1,1,1,50,1.0,0.0,0.0,frames,quadratic-vc,1.4098440611650343e-05,
main,main/rep1-stream1-regime1-d50/5,1,1,1,50,1.0,0.0,0.0,frames,quadratic-vc,9.127639407648726e-06,
main,main/rep1-stream1-regime1-d50/6,1,1,1,50,1.0,0.0,0.0,frames,quadratic-vc,1.7204488620696706e-05,
main,main/rep1-stream1-regime1-d50/7,1,1,1,50,1.0,0.0,0.0,frames,quadratic-vc,1.1718320710496678e-05,
main,main/rep1-stream1-regime1-d50/0,1,1,1,50,1.0,0.0,0.0,staggered-cycle,rank,0.03840925387526941,
main,main/rep1-stream1-regime1-d50/1,1,1,1,50,1.0,0.0,0.0,staggered-cycle,rank,0.05575531199439332,
main,main/rep1-stream1-regime1-d50/2,1,1,1,50,1.0,0.0,0.0,staggered-cycle,rank,0.053836607528128015,
main,main/rep1-stream1-regime1-d50/3,1,1,1,50,1.0,0.0,0.0,staggered-cycle,rank,0.03606031312934487,
main,main/rep1-stream1-regime1-d50/4,1,1,1,50,1.0,0.0,0.0,staggered-cycle,rank,0.009742177586369711,
main,main/rep1-stream1-regime1-d50/5,1,1,1,50,1.0,0.0,0.0,staggered-cycle,rank,0.021899006173321297,
main,main/rep1-stream1-regime1-d50/6,1,1,1,50,1.0,0.0,0.0,staggered-cycle,rank,0.04331044501136296,
main,main/rep1-stream1-regime1-d50/7,1,1,1,50,1.0,0.0,0.0,staggered-cycle,rank,0.024521168968269544,
main,main/rep1-stream1-regime1-d50/0,1,1,1,50,1.0,0.1,0.0,staggered-cycle,quadratic-ac,1.8640764220877276e-05,
main,main/rep1-stream1-regime1-d50/1,1,1,1,50,1.0,0.1,0.0,staggered-cycle,quadratic-ac,9.432617594633673e-06,
main,main/rep1-stream1-regime1-d50/2,1,1,1,50,1.0,0.1,0.0,staggered-cycle,quadratic-ac,1.4654770569858122e-05,
main,main/rep1-stream1-regime1-d50/3,1,1,1,50,1.0,0.1,0.0,staggered-cycle,quadratic-ac,1.87484850811029e-05,
main,main/rep1-stream1-regime1-d50/4,1,1,1,50,1.0,0.1,0.0,staggered-cycle,quadratic-ac,1.0001595801654267e-05,
main,main/rep1-stream1-regime1-d50/5,1,1,1,50,1.0,0.1,0.0,staggered-cycle,quadratic-ac,1.2573354638977611e-05,
main,main/rep1-stream1-regime1-d50/6,1,1,1,50,1.0,0.1,0.0,staggered-cycle,quadratic-ac,2.0381347009454845e-05,
main,main/rep1-stream1-regime1-d50/7,1,1,1,50,1.0,0.1,0.0,staggered-cycle,quadratic-ac,2.2059566833944176e-05,
main,main/rep1-stream1-regime1-d50/0,1,1,1,50,1.0,0.1,0.0,staggered-cycle,quadratic-vc,1.881284190385763e-05,
main,main/rep1-stream1-regime1-d50/1,1,1,1,50,1.0,0.1,0.0,staggered-cycle,quadratic-vc,1.00194514876275e-05,
main,main/rep1-stream1-regime1-d50/2,1,1,1,50,1.0,0.1,0.0,staggered-cycle,quadratic-vc,1.3463059815494671e-05,
main,main/rep1-stream1-regime1-d50/3,1,1,1,50,1.0,0.1,0.0,staggered-cycle,quadratic-vc,1.8988496885076824e-05,
main,main/rep1-stream1-regime1-d50/4,1,1,1,50,1.0,0.1,0.0,staggered-cycle,quadratic-vc,9.823581174882525e-06,
main,main/rep1-stream1-regime1-d50/5,1,1,1,50,1.0,0.1,0.0,staggered-cycle,quadratic-vc,1.2032330473379e-05,
main,main/rep1-stream1-regime1-d50/6,1,1,1,50,1.0,0.1,0.0,staggered-cycle,quadratic-vc,2.1560041398705143e-05,
main,main/rep1-stream1-regime1-d50/7,1,1,1,50,1.0,0.1,0.0,staggered-cycle,quadratic-vc,2.1625259411120826e-05,
main,main/rep1-stream1-regime1-d50/0,1,1,1,50,1.0,0.1,0.0,frames,quadratic-ac,1.6245814728174826e-05,
main,main/rep1-stream1-regime1-d50/1,1,1,1,50,1.0,0.1,0.0,frames,quadratic-ac,1.6926486151607178e-05,
main,main/rep1-stream1-regime1-d50/2,1,1,1,50,1.0,0.1,0.0,frames,quadratic-ac,1.3737131340811247e-05,
main,main/rep1-stream1-regime1-d50/3,1,1,1,50,1.0,0.1,0.0,frames,quadratic-ac,1.2701909638299683e-05,
main,main/rep1-stream1-regime1-d50/4,1,1,1,50,1.0,0.1,0.0,frames,quadratic-ac,1.1274513397690655e-05,
main,main/rep1-stream1-regime1-d50/5,1,1,1,50,1.0,0.1,0.0,frames,quadratic-ac,2.3057032278800048e-05,
main,main/rep1-stream1-regime1-d50/6,1,1,1,50,1.0,0.1,0.0,frames,quadratic-ac,1.69828884022482e-05,
main,main/rep1-stream1-regime1-d50/7,1,1,1,50,1.0,0.1,0.0,frames,quadratic-ac,1.4971533471325565e-05,
main,main/rep1-stream1-regime1-d50/0,1,1,1,50,1.0,0.1,0.0,frames,quadratic-vc,1.5158108672493162e-05,
main,main/rep1-stream1-regime1-d50/1,1,1,1,50,1.0,0.1,0.0,frames,quadratic-vc,1.599693620791752e-05,
main,main/rep1-stream1-regime1-d50/2,1,1,1,50,1.0,0.1,0.0,frames,quadratic-vc,1.2276524636082969e-05,
main,main/rep1-stream1-regime1-d50/3,1,1,1,50,1.0,0.1,0.0,frames,quadratic-vc,1.322998972713785e-05,
main,main/rep1-stream1-regime1-d50/4,1,1,1,50,1.0,0.1,0.0,frames,quadratic-vc,1.1004672680215534e-05,
main,main/rep1-stream1-regime1-d50/5,1,1,1,50,1.0,0.1,0.0,frames,quadratic-vc,2.2219188617196177e-05,
main,main/rep1-stream1-regime1-d50/6,1,1,1,50,1.0,0.1,0.0,frames,quadratic-vc,1.6416415889226073e-05,
main,main/rep1-stream1-regime1-d50/7,1,1,1,50,1.0,0.1,0.0,frames,quadratic-vc,1.4788706684227385e-05,
main,main/rep1-stream1-regime1-d50/0,1,1,1,50,1.0,0.1,0.0,staggered-cycle,rank,0.03829826414172956,
main,main/rep1-stream1-regime1-d50/1,1,1,1,50,1.0,0.1,0.0,staggered-cycle,rank,0.055180421030534756,
main,main/rep1-stream1-regime1-d50/2,1,1,1,50,1.0,0.1,0.0,staggered-cycle,rank,0.05328998489301586,
main,main/rep1-stream1-regime1-d50/3,1,1,1,50,1.0,0.1,0.0,staggered-cycle,rank,0.036149269703087475,
main,main/rep1-stream1-regime1-d50/4,1,1,1,50,1.0,0.1,0.0,staggered-cycle,rank,0.009453879300752316,
main,main/rep1-stream1-regime1-d50/5,1,1,1,50,1.0,0.1,0.0,staggered-cycle,rank,0.02185090220578803,
main,main/rep1-stream1-regime1-d50/6,1,1,1,50,1.0,0.1,0.0,staggered-cycle,rank,0.04317299191091596,
main,main/rep1-stream1-regime1-d50/7,1,1,1,50,1.0,0.1,0.0,staggered-cycle,rank,0.024931093108264548,
main,main/rep1-stream1-regime1-d50/0,1,1,1,50,1.0,1.0,0.0,staggered-cycle,quadratic-ac,1.3041191844315425e-05,
main,main/rep1-stream1-regime1-d50/1,1,1,1,50,1.0,1.0,0.0,staggered-cycle,quadratic-ac,4.221695680946946e-05,
main,main/rep1-stream1-regime1-d50/2,1,1,1,50,1.0,1.0,0.0,staggered-cycle,quadratic-ac,1.0774496233469713e-05,
main,main/rep1-stream1-regime1-d50/3,1,1,1,50,1.0,1.0,0.0,staggered-cycle,quadratic-ac,1.2598560068964759e-05,
main,main/rep1-stream1-regime1-d50/4,1,1,1,50,1.0,1.0,0.0,staggered-cycle,quadratic-ac,2.188413113007638e-05,
main,main/rep1-stream1-regime1-d50/5,1,1,1,50,1.0,1.0,0.0,staggered-cycle,quadratic-ac,2.5261546766662807e-05,
main,main/rep1-stream1-regime1-d50/6,1,1,1,50,1.0,1.0,0.0,staggered-cycle,quadratic-ac,1.1958333553535591e-05,
main,main/rep1-stream1-regime1-d50/7,1,1,1,50,1.0,1.0,0.0,staggered-cycle,quadratic-ac,1.075507586260342e-05,
main,main/rep1-stream1-regime1-d50/0,1,1,1,50,1.0,1.0,0.0,staggered-cycle,quadratic-vc,1.1687411529542147e-05,
main,main/rep1-stream1-regime1-d50/1,1,1,1,50,1.0,1.0,0.0,staggered-cycle,quadratic-vc,4.305195147346683e-05,
main,main/rep1-stream1-regime1-d50/2,1,1,1,50,1.0,1.0,0.0,staggered-cycle,quadratic-vc,1.1293596372813697e-05,
main,main/rep1-stream1-regime1-d50/3,1,1,1,50,1.0,1.0,0.0,staggered-cycle,quadratic-vc,1.1705870881015444e-05,
main,main/rep1-stream1-regime1-d50/4,1,1,1,50,1.0,1.0,0.0,staggered-cycle,quadratic-vc,1.9211001100896846e-05,
main,main/rep1-stream1-regime1-d50/5,1,1,1,50,1.0,1.0,0.0,staggered-cycle,quadratic-vc,2.8280402835438723e-05,
main,main/rep1-stream1-regime1-d50/6,1,1,1,50,1.0,1.0,0.0,staggered-cycle,quadratic-vc,1.2484136163219932e-05,
main,main/rep1-stream1-regime1-d50/7,1,1,1,50,1.0,1.0,0.0,staggered-cycle,quadratic-vc,1.0219187072055409e-05,
main,main/rep1-stream1-regime1-d50/0,1,1,1,50,1.0,1.0,0.0,frames,quadratic-ac,1.2112158876069749e-05,
main,main/rep1-stream1-regime1-d50/1,1,1,1,50,1.0,1.0,0.0,frames,quadratic-ac,3.3129195741743846e-05,
main,main/rep1-stream1-regime1-d50/2,1,1,1,50,1.0,1.0,0.0,frames,quadratic-ac,2.9011348822922946e-05,
main,main/rep1-stream1-regime1-d50/3,1,1,1,50,1.0,1.0,0.0,frames,quadratic-ac,1.9714172919259015e-05,
main,main/rep1-stream1-regime1-d50/4,1,1,1,50,1.0,1.0,0.0,frames,quadratic-ac,2.699173265212763e-05,
main,main/rep1-stream1-regime1-d50/5,1,1,1,50,1.0,1.0,0.0,frames,quadratic-ac,2.44650354544787e-05,
main,main/rep1-stream1-regime1-d50/6,1,1,1,50,1.0,1.0,0.0,frames,quadratic-ac,3.684752581732375e-05,
main,main/rep1-stream1-regime1-d50/7,1,1,1,50,1.0,1.0,0.0,frames,quadratic-ac,1.587470478763309e-05,
main,main/rep1-stream1-regime1-d50/0,1,1,1,50,1.0,1.0,0.0,frames,quadratic-vc,1.1916643640761092e-05,
main,main/rep1-stream1-regime1-d50/1,1,1,1,50,1.0,1.0,0.0,frames,quadratic-vc,3.304026929540681e-05,
main,main/rep1-stream1-regime1-d50/2,1,1,1,50,1.0,1.0,0.0,frames,quadratic-vc,2.7999010971818046e-05,
main,main/rep1-stream1-regime1-d50/3,1,1,1,50,1.0,1.0,0.0,frames,quadratic-vc,1.9204862897051014e-05,
main,main/rep1-stream1-regime1-d50/4,1,1,1,50,1.0,1.0,0.0,frames,quadratic-vc,2.6864877915324712e-05,
main,main/rep1-stream1-regime1-d50/5,1,1,1,50,1.0,1.0,0.0,frames,quadratic-vc,2.2507312524851375e-05,
main,main/rep1-stream1-regime1-d50/6,1,1,1,50,1.0,1.0,0.0,frames,quadratic-vc,3.822117499525191e-05,
main,main/rep1-stream1-regime1-d50/7,1,1,1,50,1.0,1.0,0.0,frames,quadratic-vc,1.50316920416574e-05,
main,main/rep1-stream1-regime1-d50/0,1,1,1,50,1.0,1.0,0.0,staggered-cycle,rank,0.03497550024402234,
main,main/rep1-stream1-regime1-d50/1,1,1,1,50,1.0,1.0,0.0,staggered-cycle,rank,0.04793228185645176,
main,main/rep1-stream1-regime1-d50/2,1,1,1,50,1.0,1.0,0.0,staggered-cycle,rank,0.04706889876288059,
main,main/rep1-stream1-regime1-d50/3,1,1,1,50,1.0,1.0,0.0,staggered-cycle,rank,0.03218990999509381,
main,main/rep1-stream1-regime1-d50/4,1,1,1,50,1.0,1.0,0.0,staggered-cycle,rank,0.008553909092178824,
main,main/rep1-stream1-regime1-d50/5,1,1,1,50,1.0,1.0,0.0,staggered-cycle,rank,0.01855784181631493,
main,main/rep1-stream1-regime1-d50/6,1,1,1,50,1.0,1.0,0.0,staggered-cycle,rank,0.04124523131787944,
main,main/rep1-stream1-regime1-d50/7,1,1,1,50,1.0,1.0,0.0,staggered-cycle,rank,0.01961327468016558,
main,main/rep1-stream1-regime1-d50/0,1,1,1,50,1.0,10.0,0.0,staggered-cycle,quadratic-ac,0.00010417116653993347,
main,main/rep1-stream1-regime1-d50/1,1,1,1,50,1.0,10.0,0.0,staggered-cycle,quadratic-ac,0.00013860518227298079,
main,main/rep1-stream1-regime1-d50/2,1,1,1,50,1.0,10.0,0.0,staggered-cycle,quadratic-ac,6.208780442942715e-05,
main,main/rep1-stream1-regime1-d50/3,1,1,1,50,1.0,10.0,0.0,staggered-cycle,quadratic-ac,7.596229905804949e-05,
main,main/rep1-stream1-regime1-d50/4,1,1,1,50,1.0,10.0,0.0,staggered-cycle,quadratic-ac,0.00011282340022527931,
main,main/rep1-stream1-regime1-d50/5,1,1,1,50,1.0,10.0,0.0,staggered-cycle,quadratic-ac,7.742086712745467e-05,
main,main/rep1-stream1-regime1-d50/6,1,1,1,50,1.0,10.0,0.0,staggered-cycle,quadratic-ac,6.235595042022797e-05,
main,main/rep1-stream1-regime1-d50/7,1,1,1,50,1.0,10.0,0.0,staggered-cycle,quadratic-ac,0.00011258521792474236,
main,main/rep1-stream1-regime1-d50/0,1,1,1,50,1.0,10.0,0.0,staggered-cycle,quadratic-vc,0.00010026955918685169,
main,main/rep1-stream1-regime1-d50/1,1,1,1,50,1.0,10.0,0.0,staggered-cycle,quadratic-vc,0.00013450585549138117,
main,main/rep1-stream1-regime1-d50/2,1,1,1,50,1.0,10.0,0.0,staggered-cycle,quadratic-vc,6.850672372829901e-05,
main,main/rep1-stream1-regime1-d50/3,1,1,1,50,1.0,10.0,0.0,staggered-cycle,quadratic-vc,6.922347463253801e-05,
main,main/rep1-stream1-regime1-d50/4,1,1,1,50,1.0,10.0,0.0,staggered-cycle,quadratic-vc,0.00012046022954493056,
main,main/rep1-stream1-regime1-d50/5,1,1,1,50,1.0,10.0,0.0,staggered-cycle,quadratic-vc,8.103592201819751e-05,
main,main/rep1-stream1-regime1-d50/6,1,1,1,50,1.0,10.0,0.0,staggered-cycle,quadratic-vc,5.89683025189225e-05,
main,main/rep1-stream1-regime1-d50/7,1,1,1,50,1.0,10.0,0.0,staggered-cycle,quadratic-vc,0.0001015569594779674,
main,main/rep1-stream1-regime1-d50/0,1,1,1,50,1.0,10.0,0.0,frames,quadratic-ac,0.00018875239504426194,
main,main/rep1-stream1-regime1-d50/1,1,1,1,50,1.0,10.0,0.0,frames,quadratic-ac,0.00013250847427970333,
main,main/rep1-stream1-regime1-d50/2,1,1,1,50,1.0,10.0,0.0,frames,quadratic-ac,0.0001524598591344204,
main,main/rep1-stream1-regime1-d50/3,1,1,1,50,1.0,10.0,0.0,frames,quadratic-ac,0.00023066098361101904,
main,main/rep1-stream1-regime1-d50/4,1,1,1,50,1.0,10.0,0.0,frames,quadratic-ac,0.00021590494561321845,
main,main/rep1-stream1-regime1-d50/5,1,1,1,50,1.0,10.0,0.0,frames,quadratic-ac,0.0003022476636816895,
main,main/rep1-stream1-regime1-d50/6,1,1,1,50,1.0,10.0,0.0,frames,quadratic-ac,0.00011573099206734389,
main,main/rep1-stream1-regime1-d50/7,1,1,1,50,1.0,10.0,0.0,frames,quadratic-ac,0.00012604888509865157,
main,main/rep1-stream1-regime1-d50/0,1,1,1,50,1.0,10.0,0.0,frames,quadratic-vc,0.00019372714997423272,
main,main/rep1-stream1-regime1-d50/1,1,1,1,50,1.0,10.0,0.0,frames,quadratic-vc,0.00012390118485001476,
main,main/rep1-stream1-regime1-d50/2,1,1,1,50,1.0,10.0,0.0,frames,quadratic-vc,0.00015025843406765073,
main,main/rep1-stream1-regime1-d50/3,1,1,1,50,1.0,10.0,0.0,frames,quadratic-vc,0.000230447059331951,
main,main/rep1-stream1-regime1-d50/4,1,1,1,50,1.0,10.0,0.0,frames,quadratic-vc,0.00019811121350808353,
main,main/rep1-stream1-regime1-d50/5,1,1,1,50,1.0,10.0,0.0,frames,quadratic-vc,0.00030213579729215307,
main,main/rep1-stream1-regime1-d50/6,1,1,1,50,1.0,10.0,0.0,frames,quadratic-vc,0.00011348407158625155,
main,main/rep1-stream1-regime1-d50/7,1,1,1,50,1.0,10.0,0.0,frames,quadratic-vc,0.00013627906206479894,
main,main/rep1-stream1-regime1-d50/0,1,1,1,50,1.0,10.0,0.0,staggered-cycle,rank,0.03584361414534945,
main,main/rep1-stream1-regime1-d50/1,1,1,1,50,1.0,10.0,0.0,staggered-cycle,rank,0.08256693460524882,
main,main/rep1-stream1-regime1-d50/2,1,1,1,50,1.0,10.0,0.0,staggered-cycle,rank,0.035115909256327384,
main,main/rep1-stream1-regime1-d50/3,1,1,1,50,1.0,10.0,0.0,staggered-cycle,rank,0.02453235095407787,
main,main/rep1-stream1-regime1-d50/4,1,1,1,50,1.0,10.0,0.0,staggered-cycle,rank,0.05954341439544633,
main,main/rep1-stream1-regime1-d50/5,1,1,1,50,1.0,10.0,0.0,staggered-cycle,rank,0.02814774183027571,
main,main/rep1-stream1-regime1-d50/6,1,1,1,50,1.0,10.0,0.0,staggered-cycle,rank,0.052155510316609234,
main,main/rep1-stream1-regime1-d50/7,1,1,1,50,1.0,10.0,0.0,staggered-cycle,rank,0.04666177248667793,
main,main/rep0-stream0-regime0-d10/0,0,0,0,10,1.0,0.0,0.0,staggered-cycle,linear,0.0004572265548800715,
main,main/rep0-stream0-regime0-d10/1,0,0,0,10,1.0,0.0,0.0,staggered-cycle,linear,0.001005224454297706,
main,main/rep0-stream0-regime0-d10/2,0,0,0,10,1.0,0.0,0.0,staggered-cycle,linear,8.43888610433884e-05,
main,main/rep0-stream0-regime0-d10/3,0,0,0,10,1.0,0.0,0.0,staggered-cycle,linear,0.00019557007077403347,
main,main/rep0-stream0-regime0-d10/4,0,0,0,10,1.0,0.0,0.0,staggered-cycle,linear,0.00046455862225220094,
main,main/rep0-stream0-regime0-d10/5,0,0,0,10,1.0,0.0,0.0,staggered-cycle,linear,0.000121589890242683,
main,main/rep0-stream0-regime0-d10/6,0,0,0,10,1.0,0.0,0.0,staggered-cycle,linear,0.000376682455223382,
main,main/rep0-stream0-regime0-d10/7,0,0,0,10,1.0,0.0,0.0,staggered-cycle,linear,0.0002529322182611464,
main,main/rep0-stream0-regime0-d10/0,0,0,0,10,1.0,0.1,0.0,staggered-cycle,linear,0.0005681981498015987,
main,main/rep0-stream0-regime0-d10/1,0,0,0,10,1.0,0.1,0.0,staggered-cycle,linear,9.345370883975527e-05,
main,main/rep0-stream0-regime0-d10/2,0,0,0,10,1.0,0.1,0.0,staggered-cycle,linear,0.00011937435063715307,
main,main/rep0-stream0-regime0-d10/3,0,0,0,10,1.0,0.1,0.0,staggered-cycle,linear,0.0001868666280559175,
main,main/rep0-stream0-regime0-d10/4,0,0,0,10,1.0,0.1,0.0,staggered-cycle,linear,0.00042804729918722315,
main,main/rep0-stream0-regime0-d10/5,0,0,0,10,1.0,0.1,0.0,staggered-cycle,linear,3.906710523725003e-05,
main,main/rep0-stream0-regime0-d10/6,0,0,0,10,1.0,0.1,0.0,staggered-cycle,linear,0.0002613476726625621,
main,main/rep0-stream0-regime0-d10/7,0,0,0,10,1.0,0.1,0.0,staggered-cycle,linear,0.00041337814884044686,
main,main/rep0-stream0-regime0-d10/0,0,0,0,10,1.0,1.0,0.0,staggered-cycle,linear,0.017729106685323143,
main,main/rep0-stream0-regime0-d10/1,0,0,0,10,1.0,1.0,0.0,staggered-cycle,linear,0.0024863153242732834,
main,main/rep0-stream0-regime0-d10/2,0,0,0,10,1.0,1.0,0.0,staggered-cycle,linear,0.023148459350291205,
main,main/rep0-stream0-regime0-d10/3,0,0,0,10,1.0,1.0,0.0,staggered-cycle,linear,0.00791387883179255,
main,main/rep0-stream0-regime0-d10/4,0,0,0,10,1.0,1.0,0.0,staggered-cycle,linear,0.005051140388145426,
main,main/rep0-stream0-regime0-d10/5,0,0,0,10,1.0,1.0,0.0,staggered-cycle,linear,0.006228061166547793,
main,main/rep0-stream0-regime0-d10/6,0,0,0,10,1.0,1.0,0.0,staggered-cycle,linear,0.009351340703626572,
main,main/rep0-stream0-regime0-d10/7,0,0,0,10,1.0,1.0,0.0,staggered-cycle,linear,0.005209350605692718,
main,main/rep0-stream0-regime0-d10/0,0,0,0,10,1.0,10.0,0.0,staggered-cycle,linear,2.233501156769478,
main,main/rep0-stream0-regime0-d10/1,0,0,0,10,1.0,10.0,0.0,staggered-cycle,linear,1.4086305003850002,
main,main/rep0-stream0-regime0-d10/2,0,0,0,10,1.0,10.0,0.0,staggered-cycle,linear,0.5343092858313141,
main,main/rep0-stream0-regime0-d10/3,0,0,0,10,1.0,10.0,0.0,staggered-cycle,linear,1.3788657851559596,
main,main/rep0-stream0-regime0-d10/4,0,0,0,10,1.0,10.0,0.0,staggered-cycle,linear,1.2719534024738601,
main,main/rep0-stream0-regime0-d10/5,0,0,0,10,1.0,10.0,0.0,staggered-cycle,linear,1.849634834055589,
main,main/rep0-stream0-regime0-d10/6,0,0,0,10,1.0,10.0,0.0,staggered-cycle,linear,0.5473381085138125,
main,main/rep0-stream0-regime0-d10/7,0,0,0,10,1.0,10.0,0.0,staggered-cycle,linear,1.083458724486369,
main,main/rep0-stream0-regime1-d20/0,0,0,1,20,1.0,0.0,0.0,staggered-cycle,linear,0.0005120412663463103,
main,main/rep0-stream0-regime1-d20/1,0,0,1,20,1.0,0.0,0.0,staggered-cycle,linear,6.829764844963898e-05,
main,main/rep0-stream0-regime1-d20/2,0,0,1,20,1.0,0.0,0.0,staggered-cycle,linear,6.182418940634507e-05,
main,main/rep0-stream0-regime1-d20/3,0,0,1,20,1.0,0.0,0.0,staggered-cycle,linear,7.87811405270015e-05,
main,main/rep0-stream0-regime1-d20/4,0,0,1,20,1.0,0.0,0.0,staggered-cycle,linear,5.688439196276033e-05,
main,main/rep0-stream0-regime1-d20/5,0,0,1,20,1.0,0.0,0.0,staggered-cycle,linear,7.739402533302454e-05,
main,main/rep0-stream0-regime1-d20/6,0,0,1,20,1.0,0.0,0.0,staggered-cycle,linear,0.0002505245638826898,
main,main/rep0-stream0-regime1-d20/7,0,0,1,20,1.0,0.0,0.0,staggered-cycle,linear,6.225413090762985e-05,
main,main/rep0-stream0-regime1-d20/0,0,0,1,20,1.0,0.1,0.0,staggered-cycle,linear,9.985325939964325e-05,
main,main/rep0-stream0-regime1-d20/1,0,0,1,20,1.0,0.1,0.0,staggered-cycle,linear,9.722856833656799e-05,
main,main/rep0-stream0-regime1-d20/2,0,0,1,20,1.0,0.1,0.0,staggered-cycle,linear,8.890868036992973e-05,
main,main/rep0-stream0-regime1-d20/3,0,0,1,20,1.0,0.1,0.0,staggered-cycle,linear,0.0001075328987236,
main,main/rep0-stream0-regime1-d20/4,0,0,1,20,1.0,0.1,0.0,staggered-cycle,linear,0.00011567644927425786,
main,main/rep0-stream0-regime1-d20/5,0,0,1,20,1.0,0.1,0.0,staggered-cycle,linear,0.00014360287296917595,
main,main/rep0-stream0-regime1-d20/6,0,0,1,20,1.0,0.1,0.0,staggered-cycle,linear,6.383907762682028e-05,
main,main/rep0-stream0-regime1-d20/7,0,0,1,20,1.0,0.1,0.0,staggered-cycle,linear,0.0001919771115963619,
main,main/rep0-stream0-regime1-d20/0,0,0,1,20,1.0,1.0,0.0,staggered-cycle,linear,0.017985624994252502,
main,main/rep0-stream0-regime1-d20/1,0,0,1,20,1.0,1.0,0.0,staggered-cycle,linear,0.025842229723782677,
main,main/rep0-stream0-regime1-d20/2,0,0,1,20,1.0,1.0,0.0,staggered-cycle,linear,0.021801134384977616,
main,main/rep0-stream0-regime1-d20/3,0,0,1,20,1.0,1.0,0.0,staggered-cycle,linear,0.01825131670641178,
main,main/rep0-stream0-regime1-d20/4,0,0,1,20,1.0,1.0,0.0,staggered-cycle,linear,0.025427635077842056,
main,main/rep0-stream0-regime1-d20/5,0,0,1,20,1.0,1.0,0.0,staggered-cycle,linear,0.010394632330179758,
main,main/rep0-stream0-regime1-d20/6,0,0,1,20,1.0,1.0,0.0,staggered-cycle,linear,0.022632745661142394,
main,main/rep0-stream0-regime1-d20/7,0,0,1,20,1.0,1.0,0.0,staggered-cycle,linear,0.06291107692865774,
main,main/rep0-stream0-regime1-d20/0,0,0,1,20,1.0,10.0,0.0,staggered-cycle,linear,1.4058108088901524,
main,main/rep0-stream0-regime1-d20/1,0,0,1,20,1.0,10.0,0.0,staggered-cycle,linear,2.2386452681589764,
main,main/rep0-stream0-regime1-d20/2,0,0,1,20,1.0,10.0,0.0,staggered-cycle,linear,2.7119242527427962,
main,main/rep0-stream0-regime1-d20/3,0,0,1,20,1.0,10.0,0.0,staggered-cycle,linear,2.1379223042738307,
main,main/rep0-stream0-regime1-d20/4,0,0,1,20,1.0,10.0,0.0,staggered-cycle,linear,2.1477638026631696,
main,main/rep0-stream0-regime1-d20/5,0,0,1,20,1.0,10.0,0.0,staggered-cycle,linear,2.086157924053207,
main,main/rep0-stream0-regime1-d20/6,0,0,1,20,1.0,10.0,0.0,staggered-cycle,linear,2.7334806762442234,
main,main/rep0-stream0-regime1-d20/7,0,0,1,20,1.0,10.0,0.0,staggered-cycle,linear,1.6932015998269792,
main,main/rep0-stream1-regime0-d50/0,0,1,0,50,1.0,0.0,0.0,staggered-cycle,linear,1.9957407238951097e-05,
main,main/rep0-stream1-regime0-d50/1,0,1,0,50,1.0,0.0,0.0,staggered-cycle,linear,2.5423219167086694e-05,
main,main/rep0-stream1-regime0-d50/2,0,1,0,50,1.0,0.0,0.0,staggered-cycle,linear,2.530391871257639e-05,
main,main/rep0-stream1-regime0-d50/3,0,1,0,50,1.0,0.0,0.0,staggered-cycle,linear,2.1335529385320114e-05,
main,main/rep0-stream1-regime0-d50/4,0,1,0,50,1.0,0.0,0.0,staggered-cycle,linear,1.7450315175315585e-05,
main,main/rep0-stream1-regime0-d50/5,0,1,0,50,1.0,0.0,0.0,staggered-cycle,linear,4.316767598519369e-05,
main,main/rep0-stream1-regime0-d50/6,0,1,0,50,1.0,0.0,0.0,staggered-cycle,linear,2.4876287369165434e-05,
main,main/rep0-stream1-regime0-d50/7,0,1,0,50,1.0,0.0,0.0,staggered-cycle,linear,2.6331395730902792e-05,
main,main/rep0-stream1-regime0-d50/0,0,1,0,50,1.0,0.1,0.0,staggered-cycle,linear,4.503270864870328e-05,
main,main/rep0-stream1-regime0-d50/1,0,1,0,50,1.0,0.1,0.0,staggered-cycle,linear,4.6186679353128265e-05,
main,main/rep0-stream1-regime0-d50/2,0,1,0,50,1.0,0.1,0.0,staggered-cycle,linear,6.80883746543016e-05,
main,main/rep0-stream1-regime0-d50/3,0,1,0,50,1.0,0.1,0.0,staggered-cycle,linear,5.322421349750083e-05,
main,main/rep0-stream1-regime0-d50/4,0,1,0,50,1.0,0.1,0.0,staggered-cycle,linear,9.953942567946842e-05,
main,main/rep0-stream1-regime0-d50/5,0,1,0,50,1.0,0.1,0.0,staggered-cycle,linear,6.260557553766017e-05,
main,main/rep0-stream1-regime0-d50/6,0,1,0,50,1.0,0.1,0.0,staggered-cycle,linear,6.0504096779687084e-05,
main,main/rep0-stream1-regime0-d50/7,0,1,0,50,1.0,0.1,0.0,staggered-cycle,linear,4.834450625514881e-05,
main,main/rep0-stream1-regime0-d50/0,0,1,0,50,1.0,1.0,0.0,staggered-cycle,linear,0.017584977722824587,
main,main/rep0-stream1-regime0-d50/1,0,1,0,50,1.0,1.0,0.0,staggered-cycle,linear,0.017024554833075096,
main,main/rep0-stream1-regime0-d50/2,0,1,0,50,1.0,1.0,0.0,staggered-cycle,linear,0.013497494669934064,
main,main/rep0-stream1-regime0-d50/3,0,1,0,50,1.0,1.0,0.0,staggered-cycle,linear,0.025383273497801742,
main,main/rep0-stream1-regime0-d50/4,0,1,0,50,1.0,1.0,0.0,staggered-cycle,linear,0.019848826371123805,
main,main/rep0-stream1-regime0-d50/5,0,1,0,50,1.0,1.0,0.0,staggered-cycle,linear,0.025292546881352213,
main,main/rep0-stream1-regime0-d50/6,0,1,0,50,1.0,1.0,0.0,staggered-cycle,linear,0.010989271959087832,
main,main/rep0-stream1-regime0-d50/7,0,1,0,50,1.0,1.0,0.0,staggered-cycle,linear,0.020536814178926024,
main,main/rep0-stream1-regime0-d50/0,0,1,0,50,1.0,10.0,0.0,staggered-cycle,linear,2.035782464453359,
main,main/rep0-stream1-regime0-d50/1,0,1,0,50,1.0,10.0,0.0,staggered-cycle,linear,1.7202503584168185,
main,main/rep0-stream1-regime0-d50/2,0,1,0,50,1.0,10.0,0.0,staggered-cycle,linear,2.1091443967007253,
main,main/rep0-stream1-regime0-d50/3,0,1,0,50,1.0,10.0,0.0,staggered-cycle,linear,1.7996814179736407,
main,main/rep0-stream1-regime0-d50/4,0,1,0,50,1.0,10.0,0.0,staggered-cycle,linear,1.9240604207186789,
main,main/rep0-stream1-regime0-d50/5,0,1,0,50,1.0,10.0,0.0,staggered-cycle,linear,2.0912991574900386,
main,main/rep0-stream1-regime0-d50/6,0,1,0,50,1.0,10.0,0.0,staggered-cycle,linear,1.7641893885815496,
main,main/rep0-stream1-regime0-d50/7,0,1,0,50,1.0,10.0,0.0,staggered-cycle,linear,1.914150516913162,
main,main/rep1-stream0-regime0-d10/0,1,0,0,10,1.0,0.0,0.0,staggered-cycle,linear,0.0004457999128128851,
main,main/rep1-stream0-regime0-d10/1,1,0,0,10,1.0,0.0,0.0,staggered-cycle,linear,0.00026621231632901386,
main,main/rep1-stream0-regime0-d10/2,1,0,0,10,1.0,0.0,0.0,staggered-cycle,linear,0.00013375532897240425,
main,main/rep1-stream0-regime0-d10/3,1,0,0,10,1.0,0.0,0.0,staggered-cycle,linear,0.000196784447100243,
main,main/rep1-stream0-regime0-d10/4,1,0,0,10,1.0,0.0,0.0,staggered-cycle,linear,0.002178993159818794,
main,main/rep1-stream0-regime0-d10/5,1,0,0,10,1.0,0.0,0.0,staggered-cycle,linear,0.0009090228002295701,
main,main/rep1-stream0-regime0-d10/6,1,0,0,10,1.0,0.0,0.0,staggered-cycle,linear,0.00022324738963876725,
main,main/rep1-stream0-regime0-d10/7,1,0,0,10,1.0,0.0,0.0,staggered-cycle,linear,0.00026283649314926076,
main,main/rep1-stream0-regime0-d10/0,1,0,0,10,1.0,0.1,0.0,staggered-cycle,linear,0.0002218632935101035,
main,main/rep1-stream0-regime0-d10/1,1,0,0,10,1.0,0.1,0.0,staggered-cycle,linear,0.0001318034985951356,
main,main/rep1-stream0-regime0-d10/2,1,0,0,10,1.0,0.1,0.0,staggered-cycle,linear,0.00010871238990550495,
main,main/rep1-stream0-regime0-d10/3,1,0,0,10,1.0,0.1,0.0,staggered-cycle,linear,0.00033266185960641143,
main,main/rep1-stream0-regime0-d10/4,1,0,0,10,1.0,0.1,0.0,staggered-cycle,linear,0.000278473626927521,
main,main/rep1-stream0-regime0-d10/5,1,0,0,10,1.0,0.1,0.0,staggered-cycle,linear,0.00021798833463333565,
main,main/rep1-stream0-regime0-d10/6,1,0,0,10,1.0,0.1,0.0,staggered-cycle,linear,0.00039437831955123706,
main,main/rep1-stream0-regime0-d10/7,1,0,0,10,1.0,0.1,0.0,staggered-cycle,linear,9.021686532606931e-05,
main,main/rep1-stream0-regime0-d10/0,1,0,0,10,1.0,1.0,0.0,staggered-cycle,linear,0.0021863990280101926,
main,main/rep1-stream0-regime0-d10/1,1,0,0,10,1.0,1.0,0.0,staggered-cycle,linear,0.0032259681779280547,
main,main/rep1-stream0-regime0-d10/2,1,0,0,10,1.0,1.0,0.0,staggered-cycle,linear,0.027182971071651765,
main,main/rep1-stream0-regime0-d10/3,1,0,0,10,1.0,1.0,0.0,staggered-cycle,linear,0.007108182915335919,
main,main/rep1-stream0-regime0-d10/4,1,0,0,10,1.0,1.0,0.0,staggered-cycle,linear,0.01986184872871474,
main,main/rep1-stream0-regime0-d10/5,1,0,0,10,1.0,1.0,0.0,staggered-cycle,linear,0.003559955973153217,
main,main/rep1-stream0-regime0-d10/6,1,0,0,10,1.0,1.0,0.0,staggered-cycle,linear,0.00650853811871075,
main,main/rep1-stream0-regime0-d10/7,1,0,0,10,1.0,1.0,0.0,staggered-cycle,linear,0.007236569611272282,
main,main/rep1-stream0-regime0-d10/0,1,0,0,10,1.0,10.0,0.0,staggered-cycle,linear,1.6080390400131372,
main,main/rep1-stream0-regime0-d10/1,1,0,0,10,1.0,10.0,0.0,staggered-cycle,linear,2.768283911132025,
main,main/rep1-stream0-regime0-d10/2,1,0,0,10,1.0,10.0,0.0,staggered-cycle,linear,1.3861827140827805,
main,main/rep1-stream0-regime0-d10/3,1,0,0,10,1.0,10.0,0.0,staggered-cycle,linear,0.8699140270362088,
main,main/rep1-stream0-regime0-d10/4,1,0,0,10,1.0,10.0,0.0,staggered-cycle,linear,0.4295390661578714,
main,main/rep1-stream0-regime0-d10/5,1,0,0,10,1.0,10.0,0.0,staggered-cycle,linear,1.9174899404327148,
main,main/rep1-stream0-regime0-d10/6,1,0,0,10,1.0,10.0,0.0,staggered-cycle,linear,1.343589062174173,
main,main/rep1-stream0-regime0-d10/7,1,0,0,10,1.0,10.0,0.0,staggered-cycle,linear,1.1595219864683162,
main,main/rep1-stream0-regime1-d20/0,1,0,1,20,1.0,0.0,0.0,staggered-cycle,linear,8.891796854887096e-05,
main,main/rep1-stream0-regime1-d20/1,1,0,1,20,1.0,0.0,0.0,staggered-cycle,linear,7.100998104545411e-05,
main,main/rep1-stream0-regime1-d20/2,1,0,1,20,1.0,0.0,0.0,staggered-cycle,linear,6.111937856519928e-05,
main,main/rep1-stream0-regime1-d20/3,1,0,1,20,1.0,0.0,0.0,staggered-cycle,linear,5.339673693383021e-05,
main,main/rep1-stream0-regime1-d20/4,1,0,1,20,1.0,0.0,0.0,staggered-cycle,linear,0.00020312891719343013,
main,main/rep1-stream0-regime1-d20/5,1,0,1,20,1.0,0.0,0.0,staggered-cycle,linear,9.996535185749335e-05,
main,main/rep1-stream0-regime1-d20/6,1,0,1,20,1.0,0.0,0.0,staggered-cycle,linear,6.87450463921824e-05,
main,main/rep1-stream0-regime1-d20/7,1,0,1,20,1.0,0.0,0.0,staggered-cycle,linear,7.321958139437855e-05,
main,main/rep1-stream0-regime1-d20/0,1,0,1,20,1.0,0.1,0.0,staggered-cycle,linear,5.832645250259149e-05,
main,main/rep1-stream0-regime1-d20/1,1,0,1,20,1.0,0.1,0.0,staggered-cycle,linear,6.149872828511669e-05,
main,main/rep1-stream0-regime1-d20/2,1,0,1,20,1.0,0.1,0.0,staggered-cycle,linear,0.0001421571829035661,
main,main/rep1-stream0-regime1-d20/3,1,0,1,20,1.0,0.1,0.0,staggered-cycle,linear,5.66057762137166e-05,
main,main/rep1-stream0-regime1-d20/4,1,0,1,20,1.0,0.1,0.0,staggered-cycle,linear,0.00011034892708651595,
main,main/rep1-stream0-regime1-d20/5,1,0,1,20,1.0,0.1,0.0,staggered-cycle,linear,9.676788475987554e-05,
main,main/rep1-stream0-regime1-d20/6,1,0,1,20,1.0,0.1,0.0,staggered-cycle,linear,6.206688110800441e-05,
main,main/rep1-stream0-regime1-d20/7,1,0,1,20,1.0,0.1,0.0,staggered-cycle,linear,0.00013472204475735954,
main,main/rep1-stream0-regime1-d20/0,1,0,1,20,1.0,1.0,0.0,staggered-cycle,linear,0.037133112755763704,
main,main/rep1-stream0-regime1-d20/1,1,0,1,20,1.0,1.0,0.0,staggered-cycle,linear,0.013080959543208353,
main,main/rep1-stream0-regime1-d20/2,1,0,1,20,1.0,1.0,0.0,staggered-cycle,linear,0.010729908278586673,
main,main/rep1-stream0-regime1-d20/3,1,0,1,20,1.0,1.0,0.0,staggered-cycle,linear,0.021083814898336065,
main,main/rep1-stream0-regime1-d20/4,1,0,1,20,1.0,1.0,0.0,staggered-cycle,linear,0.010628647765596428,
main,main/rep1-stream0-regime1-d20/5,1,0,1,20,1.0,1.0,0.0,staggered-cycle,linear,0.00838442217538485,
main,main/rep1-stream0-regime1-d20/6,1,0,1,20,1.0,1.0,0.0,staggered-cycle,linear,0.013087381044161326,
main,main/rep1-stream0-regime1-d20/7,1,0,1,20,1.0,1.0,0.0,staggered-cycle,linear,0.07024229143561471,
main,main/rep1-stream0-regime1-d20/0,1,0,1,20,1.0,10.0,0.0,staggered-cycle,linear,2.169090658897558,
main,main/rep1-stream0-regime1-d20/1,1,0,1,20,1.0,10.0,0.0,staggered-cycle,linear,2.0907600591251887,
main,main/rep1-stream0-regime1-d20/2,1,0,1,20,1.0,10.0,0.0,staggered-cycle,linear,1.2703686930391294,
main,main/rep1-stream0-regime1-d20/3,1,0,1,20,1.0,10.0,0.0,staggered-cycle,linear,1.6422969118699136,
main,main/rep1-stream0-regime1-d20/4,1,0,1,20,1.0,10.0,0.0,staggered-cycle,linear,1.7913448786958948,
main,main/rep1-stream0-regime1-d20/5,1,0,1,20,1.0,10.0,0.0,staggered-cycle,linear,1.6990559869186663,
main,main/rep1-stream0-regime1-d20/6,1,0,1,20,1.0,10.0,0.0,staggered-cycle,linear,2.537714528998946,
main,main/rep1-stream0-regime1-d20/7,1,0,1,20,1.0,10.0,0.0,staggered-cycle,linear,2.3337085212119844,
main,main/rep1-stream1-regime0-d50/0,1,1,0,50,1.0,0.0,0.0,staggered-cycle,linear,3.040718178020269e-05,
main,main/rep1-stream1-regime0-d50/1,1,1,0,50,1.0,0.0,0.0,staggered-cycle,linear,2.218377802549135e-05,
main,main/rep1-stream1-regime0-d50/2,1,1,0,50,1.0,0.0,0.0,staggered-cycle,linear,1.4867155230757005e-05,
main,main/rep1-stream1-regime0-d50/3,1,1,0,50,1.0,0.0,0.0,staggered-cycle,linear,2.028346526859284e-05,
main,main/rep1-stream1-regime0-d50/4,1,1,0,50,1.0,0.0,0.0,staggered-cycle,linear,1.7220994952216967e-05,
main,main/rep1-stream1-regime0-d50/5,1,1,0,50,1.0,0.0,0.0,staggered-cycle,linear,2.37870493615873e-05,
main,main/rep1-stream1-regime0-d50/6,1,1,0,50,1.0,0.0,0.0,staggered-cycle,linear,3.46468639256899e-05,
main,main/rep1-stream1-regime0-d50/7,1,1,0,50,1.0,0.0,0.0,staggered-cycle,linear,1.8666573006374402e-05,
main,main/rep1-stream1-regime0-d50/0,1,1,0,50,1.0,0.1,0.0,staggered-cycle,linear,6.390661019764409e-05,
main,main/rep1-stream1-regime0-d50/1,1,1,0,50,1.0,0.1,0.0,staggered-cycle,linear,8.060485862243064e-05,
main,main/rep1-stream1-regime0-d50/2,1,1,0,50,1.0,0.1,0.0,staggered-cycle,linear,4.6346408221762315e-05,
main,main/rep1-stream1-regime0-d50/3,1,1,0,50,1.0,0.1,0.0,staggered-cycle,linear,9.736920296268687e-05,
main,main/rep1-stream1-regime0-d50/4,1,1,0,50,1.0,0.1,0.0,staggered-cycle,linear,4.999813114233646e-05,
main,main/rep1-stream1-regime0-d50/5,1,1,0,50,1.0,0.1,0.0,staggered-cycle,linear,5.981171593213981e-05,
main,main/rep1-stream1-regime0-d50/6,1,1,0,50,1.0,0.1,0.0,staggered-cycle,linear,4.4801000521759624e-05,
main,main/rep1-stream1-regime0-d50/7,1,1,0,50,1.0,0.1,0.0,staggered-cycle,linear,7.312802191942269e-05,
main,main/rep1-stream1-regime0-d50/0,1,1,0,50,1.0,1.0,0.0,staggered-cycle,linear,0.012911842759054304,
main,main/rep1-stream1-regime0-d50/1,1,1,0,50,1.0,1.0,0.0,staggered-cycle,linear,0.019323507287251643,
main,main/rep1-stream1-regime0-d50/2,1,1,0,50,1.0,1.0,0.0,staggered-cycle,linear,0.013494777796918935,
main,main/rep1-stream1-regime0-d50/3,1,1,0,50,1.0,1.0,0.0,staggered-cycle,linear,0.03533356205716453,
main,main/rep1-stream1-regime0-d50/4,1,1,0,50,1.0,1.0,0.0,staggered-cycle,linear,0.025397828529168005,
main,main/rep1-stream1-regime0-d50/5,1,1,0,50,1.0,1.0,0.0,staggered-cycle,linear,0.031469350059261755,
main,main/rep1-stream1-regime0-d50/6,1,1,0,50,1.0,1.0,0.0,staggered-cycle,linear,0.021707133572558657,
main,main/rep1-stream1-regime0-d50/7,1,1,0,50,1.0,1.0,0.0,staggered-cycle,linear,0.022807845273339938,
main,main/rep1-stream1-regime0-d50/0,1,1,0,50,1.0,10.0,0.0,staggered-cycle,linear,2.6835416934268914,
main,main/rep1-stream1-regime0-d50/1,1,1,0,50,1.0,10.0,0.0,staggered-cycle,linear,1.7130765030500021,
main,main/rep1-stream1-regime0-d50/2,1,1,0,50,1.0,10.0,0.0,staggered-cycle,linear,1.3453775467047926,
main,main/rep1-stream1-regime0-d50/3,1,1,0,50,1.0,10.0,0.0,staggered-cycle,linear,1.315886744719838,
main,main/rep1-stream1-regime0-d50/4,1,1,0,50,1.0,10.0,0.0,staggered-cycle,linear,2.0899654514243746,
main,main/rep1-stream1-regime0-d50/5,1,1,0,50,1.0,10.0,0.0,staggered-cycle,linear,1.5036416505679433,
main,main/rep1-stream1-regime0-d50/6,1,1,0,50,1.0,10.0,0.0,staggered-cycle,linear,1.3401580896790286,
main,main/rep1-stream1-regime0-d50/7,1,1,0,50,1.0,10.0,0.0,staggered-cycle,linear,2.1298819861151554,
main,main/rep0-stream0-regime0-d20/0,0,0,0,20,1.0,0.0,0.0,staggered-cycle,linear,0.00010069312772719385,
main,main/rep0-stream0-regime0-d20/1,0,0,0,20,1.0,0.0,0.0,staggered-cycle,linear,6.845584573987709e-05,
main,main/rep0-stream0-regime0-d20/2,0,0,0,20,1.0,0.0,0.0,staggered-cycle,linear,0.00011690295414968427,
main,main/rep0-stream0-regime0-d20/3,0,0,0,20,1.0,0.0,0.0,staggered-cycle,linear,5.824748774506025e-05,
main,main/rep0-stream0-regime0-d20/4,0,0,0,20,1.0,0.0,0.0,staggered-cycle,linear,5.243678283872808e-05,
main,main/rep0-stream0-regime0-d20/5,0,0,0,20,1.0,0.0,0.0,staggered-cycle,linear,0.0002468920389925341,
main,main/rep0-stream0-regime0-d20/6,0,0,0,20,1.0,0.0,0.0,staggered-cycle,linear,0.00015705192667106544,
main,main/rep0-stream0-regime0-d20/7,0,0,0,20,1.0,0.0,0.0,staggered-cycle,linear,5.170046283162747e-05,
main,main/rep0-stream0-regime0-d20/0,0,0,0,20,1.0,0.1,0.0,staggered-cycle,linear,0.00026788071669932913,
main,main/rep0-stream0-regime0-d20/1,0,0,0,20,1.0,0.1,0.0,staggered-cycle,linear,0.00020922608442365578,
main,main/rep0-stream0-regime0-d20/2,0,0,0,20,1.0,0.1,0.0,staggered-cycle,linear,8.414936331672525e-05,
main,main/rep0-stream0-regime0-d20/3,0,0,0,20,1.0,0.1,0.0,staggered-cycle,linear,0.00013789696800657012,
main,main/rep0-stream0-regime0-d20/4,0,0,0,20,1.0,0.1,0.0,staggered-cycle,linear,7.755518054301928e-05,
main,main/rep0-stream0-regime0-d20/5,0,0,0,20,1.0,0.1,0.0,staggered-cycle,linear,8.073631879168147e-05,
main,main/rep0-stream0-regime0-d20/6,0,0,0,20,1.0,0.1,0.0,staggered-cycle,linear,8.106796309967201e-05,
main,main/rep0-stream0-regime0-d20/7,0,0,0,20,1.0,0.1,0.0,staggered-cycle,linear,0.00015527571991326696,
main,main/rep0-stream0-regime0-d20/0,0,0,0,20,1.0,1.0,0.0,staggered-cycle,linear,0.011451912951372628,
main,main/rep0-stream0-regime0-d20/1,0,0,0,20,1.0,1.0,0.0,staggered-cycle,linear,0.002839964131682585,
main,main/rep0-stream0-regime0-d20/2,0,0,0,20,1.0,1.0,0.0,staggered-cycle,linear,0.025781211062339632,
main,main/rep0-stream0-regime0-d20/3,0,0,0,20,1.0,1.0,0.0,staggered-cycle,linear,0.010370599004571083,
main,main/rep0-stream0-regime0-d20/4,0,0,0,20,1.0,1.0,0.0,staggered-cycle,linear,0.014728015799897628,
main,main/rep0-stream0-regime0-d20/5,0,0,0,20,1.0,1.0,0.0,staggered-cycle,linear,0.007555567893074077,
main,main/rep0-stream0-regime0-d20/6,0,0,0,20,1.0,1.0,0.0,staggered-cycle,linear,0.00816915693434374,
main,main/rep0-stream0-regime0-d20/7,0,0,0,20,1.0,1.0,0.0,staggered-cycle,linear,0.03976293563067484,
main,main/rep0-stream0-regime0-d20/0,0,0,0,20,1.0,10.0,0.0,staggered-cycle,linear,1.0910574281415109,
main,main/rep0-stream0-regime0-d20/1,0,0,0,20,1.0,10.0,0.0,staggered-cycle,linear,1.570850189604086,
main,main/rep0-stream0-regime0-d20/2,0,0,0,20,1.0,10.0,0.0,staggered-cycle,linear,1.42032365218932,
main,main/rep0-stream0-regime0-d20/3,0,0,0,20,1.0,10.0,0.0,staggered-cycle,linear,1.945043545359884,
main,main/rep0-stream0-regime0-d20/4,0,0,0,20,1.0,10.0,0.0,staggered-cycle,linear,1.7286523345578348,
main,main/rep0-stream0-regime0-d20/5,0,0,0,20,1.0,10.0,0.0,staggered-cycle,linear,1.3979939594764506,
main,main/rep0-stream0-regime0-d20/6,0,0,0,20,1.0,10.0,0.0,staggered-cycle,linear,1.6525565402888331,
main,main/rep0-stream0-regime0-d20/7,0,0,0,20,1.0,10.0,0.0,staggered-cycle,linear,2.009104520397425,
main,main/rep0-stream0-regime1-d50/0,0,0,1,50,1.0,0.0,0.0,staggered-cycle,linear,1.9912186298286553e-05,
main,main/rep0-stream0-regime1-d50/1,0,0,1,50,1.0,0.0,0.0,staggered-cycle,linear,2.2690779520012085e-05,
main,main/rep0-stream0-regime1-d50/2,0,0,1,50,1.0,0.0,0.0,staggered-cycle,linear,1.761622185187582e-05,
main,main/rep0-stream0-regime1-d50/3,0,0,1,50,1.0,0.0,0.0,staggered-cycle,linear,1.965423599300947e-05,
main,main/rep0-stream0-regime1-d50/4,0,0,1,50,1.0,0.0,0.0,staggered-cycle,linear,1.1175423835488985e-05,
main,main/rep0-stream0-regime1-d50/5,0,0,1,50,1.0,0.0,0.0,staggered-cycle,linear,1.780438948600623e-05,
main,main/rep0-stream0-regime1-d50/6,0,0,1,50,1.0,0.0,0.0,staggered-cycle,linear,2.1419593189261548e-05,
main,main/rep0-stream0-regime1-d50/7,0,0,1,50,1.0,0.0,0.0,staggered-cycle,linear,1.4218888109365288e-05,
main,main/rep0-stream0-regime1-d50/0,0,0,1,50,1.0,0.1,0.0,staggered-cycle,linear,4.8650391224833464e-05,
main,main/rep0-stream0-regime1-d50/1,0,0,1,50,1.0,0.1,0.0,staggered-cycle,linear,0.000128708479658626,
main,main/rep0-stream0-regime1-d50/2,0,0,1,50,1.0,0.1,0.0,staggered-cycle,linear,0.0001070051163467201,
main,main/rep0-stream0-regime1-d50/3,0,0,1,50,1.0,0.1,0.0,staggered-cycle,linear,9.846475801211403e-05,
main,main/rep0-stream0-regime1-d50/4,0,0,1,50,1.0,0.1,0.0,staggered-cycle,linear,6.164627544239293e-05,
main,main/rep0-stream0-regime1-d50/5,0,0,1,50,1.0,0.1,0.0,staggered-cycle,linear,7.09674443434764e-05,
main,main/rep0-stream0-regime1-d50/6,0,0,1,50,1.0,0.1,0.0,staggered-cycle,linear,8.920748012654822e-05,
main,main/rep0-stream0-regime1-d50/7,0,0,1,50,1.0,0.1,0.0,staggered-cycle,linear,7.816169345262764e-05,
main,main/rep0-stream0-regime1-d50/0,0,0,1,50,1.0,1.0,0.0,staggered-cycle,linear,0.03357842001591079,
main,main/rep0-stream0-regime1-d50/1,0,0,1,50,1.0,1.0,0.0,staggered-cycle,linear,0.06315674256521633,
main,main/rep0-stream0-regime1-d50/2,0,0,1,50,1.0,1.0,0.0,staggered-cycle,linear,0.037118533315489616,
main,main/rep0-stream0-regime1-d50/3,0,0,1,50,1.0,1.0,0.0,staggered-cycle,linear,0.05551316768944697,
main,main/rep0-stream0-regime1-d50/4,0,0,1,50,1.0,1.0,0.0,staggered-cycle,linear,0.04490175308701892,
main,main/rep0-stream0-regime1-d50/5,0,0,1,50,1.0,1.0,0.0,staggered-cycle,linear,0.05448001270239897,
main,main/rep0-stream0-regime1-d50/6,0,0,1,50,1.0,1.0,0.0,staggered-cycle,linear,0.05024910500895684,
main,main/rep0-stream0-regime1-d50/7,0,0,1,50,1.0,1.0,0.0,staggered-cycle,linear,0.022714660960734597,
main,main/rep0-stream0-regime1-d50/0,0,0,1,50,1.0,10.0,0.0,staggered-cycle,linear,1.798658993874465,
main,main/rep0-stream0-regime1-d50/1,0,0,1,50,1.0,10.0,0.0,staggered-cycle,linear,1.9708038314418175,
main,main/rep0-stream0-regime1-d50/2,0,0,1,50,1.0,10.0,0.0,staggered-cycle,linear,2.3255013210547486,
main,main/rep0-stream0-regime1-d50/3,0,0,1,50,1.0,10.0,0.0,staggered-cycle,linear,2.025802198533369,
main,main/rep0-stream0-regime1-d50/4,0,0,1,50,1.0,10.0,0.0,staggered-cycle,linear,1.7807721347037586,
main,main/rep0-stream0-regime1-d50/5,0,0,1,50,1.0,10.0,0.0,staggered-cycle,linear,1.9236431026677066,
main,main/rep0-stream0-regime1-d50/6,0,0,1,50,1.0,10.0,0.0,staggered-cycle,linear,2.458694609137063,
main,main/rep0-stream0-regime1-d50/7,0,0,1,50,1.0,10.0,0.0,staggered-cycle,linear,1.8125287877304308,
main,main/rep0-stream1-regime1-d10/0,0,1,1,10,1.0,0.0,0.0,staggered-cycle,linear,0.00036775029780169137,
main,main/rep0-stream1-regime1-d10/1,0,1,1,10,1.0,0.0,0.0,staggered-cycle,linear,0.00017321526618721425,
main,main/rep0-stream1-regime1-d10/2,0,1,1,10,1.0,0.0,0.0,staggered-cycle,linear,0.0002699208116715618,
main,main/rep0-stream1-regime1-d10/3,0,1,1,10,1.0,0.0,0.0,staggered-cycle,linear,0.0005463070401536415,
main,main/rep0-stream1-regime1-d10/4,0,1,1,10,1.0,0.0,0.0,staggered-cycle,linear,0.00028726600618889683,
main,main/rep0-stream1-regime1-d10/5,0,1,1,10,1.0,0.0,0.0,staggered-cycle,linear,0.001256061584285461,
main,main/rep0-stream1-regime1-d10/6,0,1,1,10,1.0,0.0,0.0,staggered-cycle,linear,0.00016012749344695138,
main,main/rep0-stream1-regime1-d10/7,0,1,1,10,1.0,0.0,0.0,staggered-cycle,linear,0.00022753228891356792,
main,main/rep0-stream1-regime1-d10/0,0,1,1,10,1.0,0.1,0.0,staggered-cycle,linear,0.000593964914376956,
main,main/rep0-stream1-regime1-d10/1,0,1,1,10,1.0,0.1,0.0,staggered-cycle,linear,0.00020502741427642167,
main,main/rep0-stream1-regime1-d10/2,0,1,1,10,1.0,0.1,0.0,staggered-cycle,linear,0.00017877606116766017,
main,main/rep0-stream1-regime1-d10/3,0,1,1,10,1.0,0.1,0.0,staggered-cycle,linear,0.00018323592618595187,
main,main/rep0-stream1-regime1-d10/4,0,1,1,10,1.0,0.1,0.0,staggered-cycle,linear,0.0002824312547371815,
main,main/rep0-stream1-regime1-d10/5,0,1,1,10,1.0,0.1,0.0,staggered-cycle,linear,0.00018599515034564964,
main,main/rep0-stream1-regime1-d10/6,0,1,1,10,1.0,0.1,0.0,staggered-cycle,linear,0.00023608513958910498,
main,main/rep0-stream1-regime1-d10/7,0,1,1,10,1.0,0.1,0.0,staggered-cycle,linear,0.00019009104255942862,
main,main/rep0-stream1-regime1-d10/0,0,1,1,10,1.0,1.0,0.0,staggered-cycle,linear,0.0066616702549667384,
main,main/rep0-stream1-regime1-d10/1,0,1,1,10,1.0,1.0,0.0,staggered-cycle,linear,0.02501285594352302,
main,main/rep0-stream1-regime1-d10/2,0,1,1,10,1.0,1.0,0.0,staggered-cycle,linear,0.02198938166198518,
main,main/rep0-stream1-regime1-d10/3,0,1,1,10,1.0,1.0,0.0,staggered-cycle,linear,0.017719504407870863,
main,main/rep0-stream1-regime1-d10/4,0,1,1,10,1.0,1.0,0.0,staggered-cycle,linear,0.025627720838324354,
main,main/rep0-stream1-regime1-d10/5,0,1,1,10,1.0,1.0,0.0,staggered-cycle,linear,0.01453117606187781,
main,main/rep0-stream1-regime1-d10/6,0,1,1,10,1.0,1.0,0.0,staggered-cycle,linear,0.026727421229933452,
main,main/rep0-stream1-regime1-d10/7,0,1,1,10,1.0,1.0,0.0,staggered-cycle,linear,0.01616869361137233,
main,main/rep0-stream1-regime1-d10/0,0,1,1,10,1.0,10.0,0.0,staggered-cycle,linear,1.9587703069493838,
main,main/rep0-stream1-regime1-d10/1,0,1,1,10,1.0,10.0,0.0,staggered-cycle,linear,2.5291151815716835,
main,main/rep0-stream1-regime1-d10/2,0,1,1,10,1.0,10.0,0.0,staggered-cycle,linear,1.249629075122913,
main,main/rep0-stream1-regime1-d10/3,0,1,1,10,1.0,10.0,0.0,staggered-cycle,linear,2.7032989582296056,
main,main/rep0-stream1-regime1-d10/4,0,1,1,10,1.0,10.0,0.0,staggered-cycle,linear,2.4213756491434317,
main,main/rep0-stream1-regime1-d10/5,0,1,1,10,1.0,10.0,0.0,staggered-cycle,linear,3.403429381374173,
main,main/rep0-stream1-regime1-d10/6,0,1,1,10,1.0,10.0,0.0,staggered-cycle,linear,2.775266542617493,
main,main/rep0-stream1-regime1-d10/7,0,1,1,10,1.0,10.0,0.0,staggered-cycle,linear,0.6141504226973505,
main,main/rep1-stream0-regime0-d20/0,1,0,0,20,1.0,0.0,0.0,staggered-cycle,linear,5.509581032937352e-05,
main,main/rep1-stream0-regime0-d20/1,1,0,0,20,1.0,0.0,0.0,staggered-cycle,linear,0.00014203848051069778,
main,main/rep1-stream0-regime0-d20/2,1,0,0,20,1.0,0.0,0.0,staggered-cycle,linear,7.020980643184424e-05,
main,main/rep1-stream0-regime0-d20/3,1,0,0,20,1.0,0.0,0.0,staggered-cycle,linear,0.0001805749246598858,
main,main/rep1-stream0-regime0-d20/4,1,0,0,20,1.0,0.0,0.0,staggered-cycle,linear,5.8129993404664436e-05,
main,main/rep1-stream0-regime0-d20/5,1,0,0,20,1.0,0.0,0.0,staggered-cycle,linear,0.00011907821556882562,
main,main/rep1-stream0-regime0-d20/6,1,0,0,20,1.0,0.0,0.0,staggered-cycle,linear,8.332584761990415e-05,
main,main/rep1-stream0-regime0-d20/7,1,0,0,20,1.0,0.0,0.0,staggered-cycle,linear,0.0001430736034371806,
main,main/rep1-stream0-regime0-d20/0,1,0,0,20,1.0,0.1,0.0,staggered-cycle,linear,0.00013365385070063858,
main,main/rep1-stream0-regime0-d20/1,1,0,0,20,1.0,0.1,0.0,staggered-cycle,linear,8.140089012585024e-05,
main,main/rep1-stream0-regime0-d20/2,1,0,0,20,1.0,0.1,0.0,staggered-cycle,linear,0.00016457879507926712,
main,main/rep1-stream0-regime0-d20/3,1,0,0,20,1.0,0.1,0.0,staggered-cycle,linear,0.00013621302126776066,
main,main/rep1-stream0-regime0-d20/4,1,0,0,20,1.0,0.1,0.0,staggered-cycle,linear,8.717292570411946e-05,
main,main/rep1-stream0-regime0-d20/5,1,0,0,20,1.0,0.1,0.0,staggered-cycle,linear,0.00015636724903971631,
main,main/rep1-stream0-regime0-d20/6,1,0,0,20,1.0,0.1,0.0,staggered-cycle,linear,7.33049302711554e-05,
main,main/rep1-stream0-regime0-d20/7,1,0,0,20,1.0,0.1,0.0,staggered-cycle,linear,6.399380542641622e-05,
main,main/rep1-stream0-regime0-d20/0,1,0,0,20,1.0,1.0,0.0,staggered-cycle,linear,0.015882359927567546,
main,main/rep1-stream0-regime0-d20/1,1,0,0,20,1.0,1.0,0.0,staggered-cycle,linear,0.01953363132856408,
main,main/rep1-stream0-regime0-d20/2,1,0,0,20,1.0,1.0,0.0,staggered-cycle,linear,0.009271924721265359,
main,main/rep1-stream0-regime0-d20/3,1,0,0,20,1.0,1.0,0.0,staggered-cycle,linear,0.006239574799847488,
main,main/rep1-stream0-regime0-d20/4,1,0,0,20,1.0,1.0,0.0,staggered-cycle,linear,0.005756399998378565,
main,main/rep1-stream0-regime0-d20/5,1,0,0,20,1.0,1.0,0.0,staggered-cycle,linear,0.020100453575689743,
main,main/rep1-stream0-regime0-d20/6,1,0,0,20,1.0,1.0,0.0,staggered-cycle,linear,0.005297693417784355,
main,main/rep1-stream0-regime0-d20/7,1,0,0,20,1.0,1.0,0.0,staggered-cycle,linear,0.0050639790661708315,
main,main/rep1-stream0-regime0-d20/0,1,0,0,20,1.0,10.0,0.0,staggered-cycle,linear,1.0011637467926304,
main,main/rep1-stream0-regime0-d20/1,1,0,0,20,1.0,10.0,0.0,staggered-cycle,linear,1.3014221097522582,
main,main/rep1-stream0-regime0-d20/2,1,0,0,20,1.0,10.0,0.0,staggered-cycle,linear,2.276683643185476,
main,main/rep1-stream0-regime0-d20/3,1,0,0,20,1.0,10.0,0.0,staggered-cycle,linear,1.6930013564456012,
main,main/rep1-stream0-regime0-d20/4,1,0,0,20,1.0,10.0,0.0,staggered-cycle,linear,1.3577878793583613,
main,main/rep1-stream0-regime0-d20/5,1,0,0,20,1.0,10.0,0.0,staggered-cycle,linear,0.8838289723085034,
main,main/rep1-stream0-regime0-d20/6,1,0,0,20,1.0,10.0,0.0,staggered-cycle,linear,1.3341352164478257,
main,main/rep1-stream0-regime0-d20/7,1,0,0,20,1.0,10.0,0.0,staggered-cycle,linear,2.2365047836509278,
main,main/rep1-stream0-regime1-d50/0,1,0,1,50,1.0,0.0,0.0,staggered-cycle,linear,1.6513224543995145e-05,
main,main/rep1-stream0-regime1-d50/1,1,0,1,50,1.0,0.0,0.0,staggered-cycle,linear,2.1720931746261172e-05,
main,main/rep1-stream0-regime1-d50/2,1,0,1,50,1.0,0.0,0.0,staggered-cycle,linear,1.5301143495649758e-05,
main,main/rep1-stream0-regime1-d50/3,1,0,1,50,1.0,0.0,0.0,staggered-cycle,linear,1.4110971112340955e-05,
main,main/rep1-stream0-regime1-d50/4,1,0,1,50,1.0,0.0,0.0,staggered-cycle,linear,2.3035462102094652e-05,
main,main/rep1-stream0-regime1-d50/5,1,0,1,50,1.0,0.0,0.0,staggered-cycle,linear,3.1459685907387296e-05,
main,main/rep1-stream0-regime1-d50/6,1,0,1,50,1.0,0.0,0.0,staggered-cycle,linear,1.4422063797752563e-05,
main,main/rep1-stream0-regime1-d50/7,1,0,1,50,1.0,0.0,0.0,staggered-cycle,linear,2.0828308003410033e-05,
main,main/rep1-stream0-regime1-d50/0,1,0,1,50,1.0,0.1,0.0,staggered-cycle,linear,0.00011769917124468579,
main,main/rep1-stream0-regime1-d50/1,1,0,1,50,1.0,0.1,0.0,staggered-cycle,linear,0.00019389928751164333,
main,main/rep1-stream0-regime1-d50/2,1,0,1,50,1.0,0.1,0.0,staggered-cycle,linear,8.74022875970127e-05,
main,main/rep1-stream0-regime1-d50/3,1,0,1,50,1.0,0.1,0.0,staggered-cycle,linear,7.326834728599432e-05,
main,main/rep1-stream0-regime1-d50/4,1,0,1,50,1.0,0.1,0.0,staggered-cycle,linear,6.986429001115625e-05,
main,main/rep1-stream0-regime1-d50/5,1,0,1,50,1.0,0.1,0.0,staggered-cycle,linear,8.168954404873267e-05,
main,main/rep1-stream0-regime1-d50/6,1,0,1,50,1.0,0.1,0.0,staggered-cycle,linear,0.00011399294233754404,
main,main/rep1-stream0-regime1-d50/7,1,0,1,50,1.0,0.1,0.0,staggered-cycle,linear,7.766967828433007e-05,
main,main/rep1-stream0-regime1-d50/0,1,0,1,50,1.0,1.0,0.0,staggered-cycle,linear,0.07419873219182253,
main,main/rep1-stream0-regime1-d50/1,1,0,1,50,1.0,1.0,0.0,staggered-cycle,linear,0.07321633625410892,
main,main/rep1-stream0-regime1-d50/2,1,0,1,50,1.0,1.0,0.0,staggered-cycle,linear,0.04313051547933982,
main,main/rep1-stream0-regime1-d50/3,1,0,1,50,1.0,1.0,0.0,staggered-cycle,linear,0.08636373194955128,
main,main/rep1-stream0-regime1-d50/4,1,0,1,50,1.0,1.0,0.0,staggered-cycle,linear,0.06854376456762144,
main,main/rep1-stream0-regime1-d50/5,1,0,1,50,1.0,1.0,0.0,staggered-cycle,linear,0.08951509314595468,
main,main/rep1-stream0-regime1-d50/6,1,0,1,50,1.0,1.0,0.0,staggered-cycle,linear,0.05043049641224135,
main,main/rep1-stream0-regime1-d50/7,1,0,1,50,1.0,1.0,0.0,staggered-cycle,linear,0.027295799461064682,
main,main/rep1-stream0-regime1-d50/0,1,0,1,50,1.0,10.0,0.0,staggered-cycle,linear,1.7525449759032847,
main,main/rep1-stream0-regime1-d50/1,1,0,1,50,1.0,10.0,0.0,staggered-cycle,linear,2.7239148609826613,
main,main/rep1-stream0-regime1-d50/2,1,0,1,50,1.0,10.0,0.0,staggered-cycle,linear,1.2794900601423516,
main,main/rep1-stream0-regime1-d50/3,1,0,1,50,1.0,10.0,0.0,staggered-cycle,linear,2.318662877487419,
main,main/rep1-stream0-regime1-d50/4,1,0,1,50,1.0,10.0,0.0,staggered-cycle,linear,1.4981629350504981,
main,main/rep1-stream0-regime1-d50/5,1,0,1,50,1.0,10.0,0.0,staggered-cycle,linear,2.926786638348366,
main,main/rep1-stream0-regime1-d50/6,1,0,1,50,1.0,10.0,0.0,staggered-cycle,linear,1.7975391862952819,
main,main/rep1-stream0-regime1-d50/7,1,0,1,50,1.0,10.0,0.0,staggered-cycle,linear,2.23506096161511,
main,main/rep1-stream1-regime1-d10/0,1,1,1,10,1.0,0.0,0.0,staggered-cycle,linear,0.0006020553367820358,
main,main/rep1-stream1-regime1-d10/1,1,1,1,10,1.0,0.0,0.0,staggered-cycle,linear,0.0004568360350026968,
main,main/rep1-stream1-regime1-d10/2,1,1,1,10,1.0,0.0,0.0,staggered-cycle,linear,0.00027993575563371026,
main,main/rep1-stream1-regime1-d10/3,1,1,1,10,1.0,0.0,0.0,staggered-cycle,linear,0.0004779385834450953,
main,main/rep1-stream1-regime1-d10/4,1,1,1,10,1.0,0.0,0.0,staggered-cycle,linear,0.0006053784240584875,
main,main/rep1-stream1-regime1-d10/5,1,1,1,10,1.0,0.0,0.0,staggered-cycle,linear,0.0006505550784276355,
main,main/rep1-stream1-regime1-d10/6,1,1,1,10,1.0,0.0,0.0,staggered-cycle,linear,0.0014040674111383909,
main,main/rep1-stream1-regime1-d10/7,1,1,1,10,1.0,0.0,0.0,staggered-cycle,linear,0.00064659907245346,
main,main/rep1-stream1-regime1-d10/0,1,1,1,10,1.0,0.1,0.0,staggered-cycle,linear,0.00012602932174094738,
main,main/rep1-stream1-regime1-d10/1,1,1,1,10,1.0,0.1,0.0,staggered-cycle,linear,0.0006156879122452172,
main,main/rep1-stream1-regime1-d10/2,1,1,1,10,1.0,0.1,0.0,staggered-cycle,linear,0.0005829925817483861,
main,main/rep1-stream1-regime1-d10/3,1,1,1,10,1.0,0.1,0.0,staggered-cycle,linear,0.003754699220811969,
main,main/rep1-stream1-regime1-d10/4,1,1,1,10,1.0,0.1,0.0,staggered-cycle,linear,0.0009986474733319347,
main,main/rep1-stream1-regime1-d10/5,1,1,1,10,1.0,0.1,0.0,staggered-cycle,linear,5.852928050973042e-05,
main,main/rep1-stream1-regime1-d10/6,1,1,1,10,1.0,0.1,0.0,staggered-cycle,linear,0.0007992640840191964,
main,main/rep1-stream1-regime1-d10/7,1,1,1,10,1.0,0.1,0.0,staggered-cycle,linear,0.00020008681662363138,
main,main/rep1-stream1-regime1-d10/0,1,1,1,10,1.0,1.0,0.0,staggered-cycle,linear,0.007134913839094022,
main,main/rep1-stream1-regime1-d10/1,1,1,1,10,1.0,1.0,0.0,staggered-cycle,linear,0.005531974738539342,
main,main/rep1-stream1-regime1-d10/2,1,1,1,10,1.0,1.0,0.0,staggered-cycle,linear,0.014361814339766866,
main,main/rep1-stream1-regime1-d10/3,1,1,1,10,1.0,1.0,0.0,staggered-cycle,linear,0.07282190754769562,
main,main/rep1-stream1-regime1-d10/4,1,1,1,10,1.0,1.0,0.0,staggered-cycle,linear,0.010074098235126163,
main,main/rep1-stream1-regime1-d10/5,1,1,1,10,1.0,1.0,0.0,staggered-cycle,linear,0.017175651722645117,
main,main/rep1-stream1-regime1-d10/6,1,1,1,10,1.0,1.0,0.0,staggered-cycle,linear,0.014444340357248042,
main,main/rep1-stream1-regime1-d10/7,1,1,1,10,1.0,1.0,0.0,staggered-cycle,linear,0.009194667997811334,
main,main/rep1-stream1-regime1-d10/0,1,1,1,10,1.0,10.0,0.0,staggered-cycle,linear,2.352932688106013,
main,main/rep1-stream1-regime1-d10/1,1,1,1,10,1.0,10.0,0.0,staggered-cycle,linear,2.613734025648828,
main,main/rep1-stream1-regime1-d10/2,1,1,1,10,1.0,10.0,0.0,staggered-cycle,linear,0.5036695421699234,
main,main/rep1-stream1-regime1-d10/3,1,1,1,10,1.0,10.0,0.0,staggered-cycle,linear,1.3209215342928804,
main,main/rep1-stream1-regime1-d10/4,1,1,1,10,1.0,10.0,0.0,staggered-cycle,linear,2.6141572952517387,
main,main/rep1-stream1-regime1-d10/5,1,1,1,10,1.0,10.0,0.0,staggered-cycle,linear,1.0764578569517493,
main,main/rep1-stream1-regime1-d10/6,1,1,1,10,1.0,10.0,0.0,staggered-cycle,linear,0.26473907716313605,
main,main/rep1-stream1-regime1-d10/7,1,1,1,10,1.0,10.0,0.0,staggered-cycle,linear,1.8864324213808705,
main,main/rep0-stream0-regime0-d50/0,0,0,0,50,1.0,0.0,0.0,staggered-cycle,linear,2.3031146244100123e-05,
main,main/rep0-stream0-regime0-d50/1,0,0,0,50,1.0,0.0,0.0,staggered-cycle,linear,1.9157258497012386e-05,
main,main/rep0-stream0-regime0-d50/2,0,0,0,50,1.0,0.0,0.0,staggered-cycle,linear,1.313665784023037e-05,
main,main/rep0-stream0-regime0-d50/3,0,0,0,50,1.0,0.0,0.0,staggered-cycle,linear,2.159569587651753e-05,
main,main/rep0-stream0-regime0-d50/4,0,0,0,50,1.0,0.0,0.0,staggered-cycle,linear,1.9166721316312272e-05,
main,main/rep0-stream0-regime0-d50/5,0,0,0,50,1.0,0.0,0.0,staggered-cycle,linear,2.0453809531730342e-05,
main,main/rep0-stream0-regime0-d50/6,0,0,0,50,1.0,0.0,0.0,staggered-cycle,linear,1.5430740474413224e-05,
main,main/rep0-stream0-regime0-d50/7,0,0,0,50,1.0,0.0,0.0,staggered-cycle,linear,1.8341936732910904e-05,
main,main/rep0-stream0-regime0-d50/0,0,0,0,50,1.0,0.1,0.0,staggered-cycle,linear,4.921278244250192e-05,
main,main/rep0-stream0-regime0-d50/1,0,0,0,50,1.0,0.1,0.0,staggered-cycle,linear,4.643963020818448e-05,
main,main/rep0-stream0-regime0-d50/2,0,0,0,50,1.0,0.1,0.0,staggered-cycle,linear,5.79660135452287e-05,
main,main/rep0-stream0-regime0-d50/3,0,0,0,50,1.0,0.1,0.0,staggered-cycle,linear,6.842766300849618e-05,
main,main/rep0-stream0-regime0-d50/4,0,0,0,50,1.0,0.1,0.0,staggered-cycle,linear,5.9924444586832393e-05,
main,main/rep0-stream0-regime0-d50/5,0,0,0,50,1.0,0.1,0.0,staggered-cycle,linear,4.1100038440614694e-05,
main,main/rep0-stream0-regime0-d50/6,0,0,0,50,1.0,0.1,0.0,staggered-cycle,linear,6.58366390625625e-05,
main,main/rep0-stream0-regime0-d50/7,0,0,0,50,1.0,0.1,0.0,staggered-cycle,linear,6.158705222008337e-05,
main,main/rep0-stream0-regime0-d50/0,0,0,0,50,1.0,1.0,0.0,staggered-cycle,linear,0.013924667553557217,
main,main/rep0-stream0-regime0-d50/1,0,0,0,50,1.0,1.0,0.0,staggered-cycle,linear,0.0220809200461236,
main,main/rep0-stream0-regime0-d50/2,0,0,0,50,1.0,1.0,0.0,staggered-cycle,linear,0.02851320937566196,
main,main/rep0-stream0-regime0-d50/3,0,0,0,50,1.0,1.0,0.0,staggered-cycle,linear,0.016003700976434387,
main,main/rep0-stream0-regime0-d50/4,0,0,0,50,1.0,1.0,0.0,staggered-cycle,linear,0.01071918122516709,
main,main/rep0-stream0-regime0-d50/5,0,0,0,50,1.0,1.0,0.0,staggered-cycle,linear,0.019910620648755473,
main,main/rep0-stream0-regime0-d50/6,0,0,0,50,1.0,1.0,0.0,staggered-cycle,linear,0.032072126302595205,
main,main/rep0-stream0-regime0-d50/7,0,0,0,50,1.0,1.0,0.0,staggered-cycle,linear,0.008562215647993815,
main,main/rep0-stream0-regime0-d50/0,0,0,0,50,1.0,10.0,0.0,staggered-cycle,linear,0.9227981451465209,
main,main/rep0-stream0-regime0-d50/1,0,0,0,50,1.0,10.0,0.0,staggered-cycle,linear,1.3528147806314397,
main,main/rep0-stream0-regime0-d50/2,0,0,0,50,1.0,10.0,0.0,staggered-cycle,linear,2.8555037492795097,
main,main/rep0-stream0-regime0-d50/3,0,0,0,50,1.0,10.0,0.0,staggered-cycle,linear,2.1742363603985,
main,main/rep0-stream0-regime0-d50/4,0,0,0,50,1.0,10.0,0.0,staggered-cycle,linear,1.8033094123223352,
main,main/rep0-stream0-regime0-d50/5,0,0,0,50,1.0,10.0,0.0,staggered-cycle,linear,1.7338378666537981,
main,main/rep0-stream0-regime0-d50/6,0,0,0,50,1.0,10.0,0.0,staggered-cycle,linear,2.0809918237847747,
main,main/rep0-stream0-regime0-d50/7,0,0,0,50,1.0,10.0,0.0,staggered-cycle,linear,2.4161055469456447,
main,main/rep0-stream1-regime0-d10/0,0,1,0,10,1.0,0.0,0.0,staggered-cycle,linear,0.0002830638924941629,
main,main/rep0-stream1-regime0-d10/1,0,1,0,10,1.0,0.0,0.0,staggered-cycle,linear,0.00032289292668155123,
main,main/rep0-stream1-regime0-d10/2,0,1,0,10,1.0,0.0,0.0,staggered-cycle,linear,0.00034602650313362904,
main,main/rep0-stream1-regime0-d10/3,0,1,0,10,1.0,0.0,0.0,staggered-cycle,linear,0.0013780330513477696,
main,main/rep0-stream1-regime0-d10/4,0,1,0,10,1.0,0.0,0.0,staggered-cycle,linear,0.00038300319326946785,
main,main/rep0-stream1-regime0-d10/5,0,1,0,10,1.0,0.0,0.0,staggered-cycle,linear,0.0008857098975750591,
main,main/rep0-stream1-regime0-d10/6,0,1,0,10,1.0,0.0,0.0,staggered-cycle,linear,0.00012393033243290744,
main,main/rep0-stream1-regime0-d10/7,0,1,0,10,1.0,0.0,0.0,staggered-cycle,linear,0.0003483825717069826,
main,main/rep0-stream1-regime0-d10/0,0,1,0,10,1.0,0.1,0.0,staggered-cycle,linear,0.00011820703902041356,
main,main/rep0-stream1-regime0-d10/1,0,1,0,10,1.0,0.1,0.0,staggered-cycle,linear,0.0003995797399215926,
main,main/rep0-stream1-regime0-d10/2,0,1,0,10,1.0,0.1,0.0,staggered-cycle,linear,0.0002671389802861613,
main,main/rep0-stream1-regime0-d10/3,0,1,0,10,1.0,0.1,0.0,staggered-cycle,linear,0.00018199216853130343,
main,main/rep0-stream1-regime0-d10/4,0,1,0,10,1.0,0.1,0.0,staggered-cycle,linear,0.0001401165725741081,
main,main/rep0-stream1-regime0-d10/5,0,1,0,10,1.0,0.1,0.0,staggered-cycle,linear,0.00030928086157401807,
main,main/rep0-stream1-regime0-d10/6,0,1,0,10,1.0,0.1,0.0,staggered-cycle,linear,0.00010323602166197529,
main,main/rep0-stream1-regime0-d10/7,0,1,0,10,1.0,0.1,0.0,staggered-cycle,linear,0.00013073664778468728,
main,main/rep0-stream1-regime0-d10/0,0,1,0,10,1.0,1.0,0.0,staggered-cycle,linear,0.002351422588114136,
main,main/rep0-stream1-regime0-d10/1,0,1,0,10,1.0,1.0,0.0,staggered-cycle,linear,0.010735479450812309,
main,main/rep0-stream1-regime0-d10/2,0,1,0,10,1.0,1.0,0.0,staggered-cycle,linear,0.006426242371508574,
main,main/rep0-stream1-regime0-d10/3,0,1,0,10,1.0,1.0,0.0,staggered-cycle,linear,0.0029134489631288526,
main,main/rep0-stream1-regime0-d10/4,0,1,0,10,1.0,1.0,0.0,staggered-cycle,linear,0.004356689118119045,
main,main/rep0-stream1-regime0-d10/5,0,1,0,10,1.0,1.0,0.0,staggered-cycle,linear,0.00720151362114729,
main,main/rep0-stream1-regime0-d10/6,0,1,0,10,1.0,1.0,0.0,staggered-cycle,linear,0.022146088761137023,
main,main/rep0-stream1-regime0-d10/7,0,1,0,10,1.0,1.0,0.0,staggered-cycle,linear,0.004401834564881771,
main,main/rep0-stream1-regime0-d10/0,0,1,0,10,1.0,10.0,0.0,staggered-cycle,linear,0.7589332019157274,
main,main/rep0-stream1-regime0-d10/1,0,1,0,10,1.0,10.0,0.0,staggered-cycle,linear,0.5887687076209739,
main,main/rep0-stream1-regime0-d10/2,0,1,0,10,1.0,10.0,0.0,staggered-cycle,linear,1.7723355677539239,
main,main/rep0-stream1-regime0-d10/3,0,1,0,10,1.0,10.0,0.0,staggered-cycle,linear,1.006519913650169,
main,main/rep0-stream1-regime0-d10/4,0,1,0,10,1.0,10.0,0.0,staggered-cycle,linear,2.4604814072248735,
main,main/rep0-stream1-regime0-d10/5,0,1,0,10,1.0,10.0,0.0,staggered-cycle,linear,1.1469817208479591,
main,main/rep0-stream1-regime0-d10/6,0,1,0,10,1.0,10.0,0.0,staggered-cycle,linear,2.597015497366291,
main,main/rep0-stream1-regime0-d10/7,0,1,0,10,1.0,10.0,0.0,staggered-cycle,linear,0.4640312503426304,
main,main/rep0-stream1-regime1-d20/0,0,1,1,20,1.0,0.0,0.0,staggered-cycle,linear,0.00033423786277925676,
main,main/rep0-stream1-regime1-d20/1,0,1,1,20,1.0,0.0,0.0,staggered-cycle,linear,0.00010471643436170141,
main,main/rep0-stream1-regime1-d20/2,0,1,1,20,1.0,0.0,0.0,staggered-cycle,linear,5.733485461302009e-05,
main,main/rep0-stream1-regime1-d20/3,0,1,1,20,1.0,0.0,0.0,staggered-cycle,linear,2.547361661071641e-05,
main,main/rep0-stream1-regime1-d20/4,0,1,1,20,1.0,0.0,0.0,staggered-cycle,linear,7.52465546303886e-05,
main,main/rep0-stream1-regime1-d20/5,0,1,1,20,1.0,0.0,0.0,staggered-cycle,linear,0.00013946796165019445,
main,main/rep0-stream1-regime1-d20/6,0,1,1,20,1.0,0.0,0.0,staggered-cycle,linear,7.936452134099007e-05,
main,main/rep0-stream1-regime1-d20/7,0,1,1,20,1.0,0.0,0.0,staggered-cycle,linear,6.840502945586392e-05,
main,main/rep0-stream1-regime1-d20/0,0,1,1,20,1.0,0.1,0.0,staggered-cycle,linear,0.0002167665838072824,
main,main/rep0-stream1-regime1-d20/1,0,1,1,20,1.0,0.1,0.0,staggered-cycle,linear,0.00019046923250224244,
main,main/rep0-stream1-regime1-d20/2,0,1,1,20,1.0,0.1,0.0,staggered-cycle,linear,0.00018565563404586018,
main,main/rep0-stream1-regime1-d20/3,0,1,1,20,1.0,0.1,0.0,staggered-cycle,linear,0.00018741458404080902,
main,main/rep0-stream1-regime1-d20/4,0,1,1,20,1.0,0.1,0.0,staggered-cycle,linear,6.780991436550527e-05,
main,main/rep0-stream1-regime1-d20/5,0,1,1,20,1.0,0.1,0.0,staggered-cycle,linear,0.00012203906335700282,
main,main/rep0-stream1-regime1-d20/6,0,1,1,20,1.0,0.1,0.0,staggered-cycle,linear,8.457428111283144e-05,
main,main/rep0-stream1-regime1-d20/7,0,1,1,20,1.0,0.1,0.0,staggered-cycle,linear,0.0001774242003795906,
main,main/rep0-stream1-regime1-d20/0,0,1,1,20,1.0,1.0,0.0,staggered-cycle,linear,0.030721666654862555,
main,main/rep0-stream1-regime1-d20/1,0,1,1,20,1.0,1.0,0.0,staggered-cycle,linear,0.0342542766868419,
main,main/rep0-stream1-regime1-d20/2,0,1,1,20,1.0,1.0,0.0,staggered-cycle,linear,0.010160007424720896,
main,main/rep0-stream1-regime1-d20/3,0,1,1,20,1.0,1.0,0.0,staggered-cycle,linear,0.03918549495013442,
main,main/rep0-stream1-regime1-d20/4,0,1,1,20,1.0,1.0,0.0,staggered-cycle,linear,0.010492012359509808,
main,main/rep0-stream1-regime1-d20/5,0,1,1,20,1.0,1.0,0.0,staggered-cycle,linear,0.012899883435134521,
main,main/rep0-stream1-regime1-d20/6,0,1,1,20,1.0,1.0,0.0,staggered-cycle,linear,0.010968110355340462,
main,main/rep0-stream1-regime1-d20/7,0,1,1,20,1.0,1.0,0.0,staggered-cycle,linear,0.03469751365817902,
main,main/rep0-stream1-regime1-d20/0,0,1,1,20,1.0,10.0,0.0,staggered-cycle,linear,1.625117442021203,
main,main/rep0-stream1-regime1-d20/1,0,1,1,20,1.0,10.0,0.0,staggered-cycle,linear,2.215711904040946,
main,main/rep0-stream1-regime1-d20/2,0,1,1,20,1.0,10.0,0.0,staggered-cycle,linear,1.6598215349432341,
main,main/rep0-stream1-regime1-d20/3,0,1,1,20,1.0,10.0,0.0,staggered-cycle,linear,1.2196989423103979,
main,main/rep0-stream1-regime1-d20/4,0,1,1,20,1.0,10.0,0.0,staggered-cycle,linear,2.0349067031945602,
main,main/rep0-stream1-regime1-d20/5,0,1,1,20,1.0,10.0,0.0,staggered-cycle,linear,1.1933411555608897,
main,main/rep0-stream1-regime1-d20/6,0,1,1,20,1.0,10.0,0.0,staggered-cycle,linear,1.6138266992515424,
main,main/rep0-stream1-regime1-d20/7,0,1,1,20,1.0,10.0,0.0,staggered-cycle,linear,2.744624043744873,
main,main/rep1-stream0-regime0-d50/0,1,0,0,50,1.0,0.0,0.0,staggered-cycle,linear,4.7545092055003404e-05,
main,main/rep1-stream0-regime0-d50/1,1,0,0,50,1.0,0.0,0.0,staggered-cycle,linear,2.200678196749739e-05,
main,main/rep1-stream0-regime0-d50/2,1,0,0,50,1.0,0.0,0.0,staggered-cycle,linear,2.2608422969721125e-05,
main,main/rep1-stream0-regime0-d50/3,1,0,0,50,1.0,0.0,0.0,staggered-cycle,linear,2.267663313796388e-05,
main,main/rep1-stream0-regime0-d50/4,1,0,0,50,1.0,0.0,0.0,staggered-cycle,linear,1.9191743958031704e-05,
main,main/rep1-stream0-regime0-d50/5,1,0,0,50,1.0,0.0,0.0,staggered-cycle,linear,1.8432252711521853e-05,
main,main/rep1-stream0-regime0-d50/6,1,0,0,50,1.0,0.0,0.0,staggered-cycle,linear,1.830349670306379e-05,
main,main/rep1-stream0-regime0-d50/7,1,0,0,50,1.0,0.0,0.0,staggered-cycle,linear,2.910900727816444e-05,
main,main/rep1-stream0-regime0-d50/0,1,0,0,50,1.0,0.1,0.0,staggered-cycle,linear,5.530195577243147e-05,
main,main/rep1-stream0-regime0-d50/1,1,0,0,50,1.0,0.1,0.0,staggered-cycle,linear,3.694463707536615e-05,
main,main/rep1-stream0-regime0-d50/2,1,0,0,50,1.0,0.1,0.0,staggered-cycle,linear,4.774824472187526e-05,
main,main/rep1-stream0-regime0-d50/3,1,0,0,50,1.0,0.1,0.0,staggered-cycle,linear,5.911244337911525e-05,
main,main/rep1-stream0-regime0-d50/4,1,0,0,50,1.0,0.1,0.0,staggered-cycle,linear,5.8205756318529766e-05,
main,main/rep1-stream0-regime0-d50/5,1,0,0,50,1.0,0.1,0.0,staggered-cycle,linear,6.013724306008587e-05,
main,main/rep1-stream0-regime0-d50/6,1,0,0,50,1.0,0.1,0.0,staggered-cycle,linear,6.887491175402936e-05,
main,main/rep1-stream0-regime0-d50/7,1,0,0,50,1.0,0.1,0.0,staggered-cycle,linear,6.669358543290678e-05,
main,main/rep1-stream0-regime0-d50/0,1,0,0,50,1.0,1.0,0.0,staggered-cycle,linear,0.015647609753373478,
main,main/rep1-stream0-regime0-d50/1,1,0,0,50,1.0,1.0,0.0,staggered-cycle,linear,0.016249084427686297,
main,main/rep1-stream0-regime0-d50/2,1,0,0,50,1.0,1.0,0.0,staggered-cycle,linear,0.015764816993056242,
main,main/rep1-stream0-regime0-d50/3,1,0,0,50,1.0,1.0,0.0,staggered-cycle,linear,0.014250426066223993,
main,main/rep1-stream0-regime0-d50/4,1,0,0,50,1.0,1.0,0.0,staggered-cycle,linear,0.0208569547179909,
main,main/rep1-stream0-regime0-d50/5,1,0,0,50,1.0,1.0,0.0,staggered-cycle,linear,0.022526239616714967,
main,main/rep1-stream0-regime0-d50/6,1,0,0,50,1.0,1.0,0.0,staggered-cycle,linear,0.01495169392341349,
main,main/rep1-stream0-regime0-d50/7,1,0,0,50,1.0,1.0,0.0,staggered-cycle,linear,0.023608315844105842,
main,main/rep1-stream0-regime0-d50/0,1,0,0,50,1.0,10.0,0.0,staggered-cycle,linear,2.634360521154608,
main,main/rep1-stream0-regime0-d50/1,1,0,0,50,1.0,10.0,0.0,staggered-cycle,linear,1.7552932366726122,
main,main/rep1-stream0-regime0-d50/2,1,0,0,50,1.0,10.0,0.0,staggered-cycle,linear,1.6416930606629656,
main,main/rep1-stream0-regime0-d50/3,1,0,0,50,1.0,10.0,0.0,staggered-cycle,linear,1.4808632772805197,
main,main/rep1-stream0-regime0-d50/4,1,0,0,50,1.0,10.0,0.0,staggered-cycle,linear,2.436589269660985,
main,main/rep1-stream0-regime0-d50/5,1,0,0,50,1.0,10.0,0.0,staggered-cycle,linear,1.9219071026095138,
main,main/rep1-stream0-regime0-d50/6,1,0,0,50,1.0,10.0,0.0,staggered-cycle,linear,1.6913608707242558,
main,main/rep1-stream0-regime0-d50/7,1,0,0,50,1.0,10.0,0.0,staggered-cycle,linear,1.785607112091906,
main,main/rep1-stream1-regime0-d10/0,1,1,0,10,1.0,0.0,0.0,staggered-cycle,linear,0.00016711130232224851,
main,main/rep1-stream1-regime0-d10/1,1,1,0,10,1.0,0.0,0.0,staggered-cycle,linear,3.070078221679401e-05,
main,main/rep1-stream1-regime0-d10/2,1,1,0,10,1.0,0.0,0.0,staggered-cycle,linear,0.00037272616024553156,
main,main/rep1-stream1-regime0-d10/3,1,1,0,10,1.0,0.0,0.0,staggered-cycle,linear,0.0003239342765147098,
main,main/rep1-stream1-regime0-d10/4,1,1,0,10,1.0,0.0,0.0,staggered-cycle,linear,0.0002636390858820265,
main,main/rep1-stream1-regime0-d10/5,1,1,0,10,1.0,0.0,0.0,staggered-cycle,linear,0.0005148625396640666,
main,main/rep1-stream1-regime0-d10/6,1,1,0,10,1.0,0.0,0.0,staggered-cycle,linear,0.00013502417082719462,
main,main/rep1-stream1-regime0-d10/7,1,1,0,10,1.0,0.0,0.0,staggered-cycle,linear,0.0031929910681877216,
main,main/rep1-stream1-regime0-d10/0,1,1,0,10,1.0,0.1,0.0,staggered-cycle,linear,8.344800413514758e-05,
main,main/rep1-stream1-regime0-d10/1,1,1,0,10,1.0,0.1,0.0,staggered-cycle,linear,0.0002589187014650869,
main,main/rep1-stream1-regime0-d10/2,1,1,0,10,1.0,0.1,0.0,staggered-cycle,linear,0.00011642968969386545,
main,main/rep1-stream1-regime0-d10/3,1,1,0,10,1.0,0.1,0.0,staggered-cycle,linear,0.0002112481589168193,
main,main/rep1-stream1-regime0-d10/4,1,1,0,10,1.0,0.1,0.0,staggered-cycle,linear,0.00012024929743533654,
main,main/rep1-stream1-regime0-d10/5,1,1,0,10,1.0,0.1,0.0,staggered-cycle,linear,0.000843637566553831,
main,main/rep1-stream1-regime0-d10/6,1,1,0,10,1.0,0.1,0.0,staggered-cycle,linear,0.00017841889610081512,
main,main/rep1-stream1-regime0-d10/7,1,1,0,10,1.0,0.1,0.0,staggered-cycle,linear,0.00012019928193620769,
main,main/rep1-stream1-regime0-d10/0,1,1,0,10,1.0,1.0,0.0,staggered-cycle,linear,0.004682171758036217,
main,main/rep1-stream1-regime0-d10/1,1,1,0,10,1.0,1.0,0.0,staggered-cycle,linear,0.008804134572919741,
main,main/rep1-stream1-regime0-d10/2,1,1,0,10,1.0,1.0,0.0,staggered-cycle,linear,0.0019982068530453095,
main,main/rep1-stream1-regime0-d10/3,1,1,0,10,1.0,1.0,0.0,staggered-cycle,linear,0.013337592944333697,
main,main/rep1-stream1-regime0-d10/4,1,1,0,10,1.0,1.0,0.0,staggered-cycle,linear,0.005838617429820504,
main,main/rep1-stream1-regime0-d10/5,1,1,0,10,1.0,1.0,0.0,staggered-cycle,linear,0.005119586397118094,
main,main/rep1-stream1-regime0-d10/6,1,1,0,10,1.0,1.0,0.0,staggered-cycle,linear,0.004281592652538969,
main,main/rep1-stream1-regime0-d10/7,1,1,0,10,1.0,1.0,0.0,staggered-cycle,linear,0.013130281615078239,
main,main/rep1-stream1-regime0-d10/0,1,1,0,10,1.0,10.0,0.0,staggered-cycle,linear,1.7642037267236312,
main,main/rep1-stream1-regime0-d10/1,1,1,0,10,1.0,10.0,0.0,staggered-cycle,linear,1.6100914151055046,
main,main/rep1-stream1-regime0-d10/2,1,1,0,10,1.0,10.0,0.0,staggered-cycle,linear,0.5223069560017125,
main,main/rep1-stream1-regime0-d10/3,1,1,0,10,1.0,10.0,0.0,staggered-cycle,linear,0.8988246757173036,
main,main/rep1-stream1-regime0-d10/4,1,1,0,10,1.0,10.0,0.0,staggered-cycle,linear,1.78959981411364,
main,main/rep1-stream1-regime0-d10/5,1,1,0,10,1.0,10.0,0.0,staggered-cycle,linear,1.6213864528057882,
main,main/rep1-stream1-regime0-d10/6,1,1,0,10,1.0,10.0,0.0,staggered-cycle,linear,1.1621113021529854,
main,main/rep1-stream1-regime0-d10/7,1,1,0,10,1.0,10.0,0.0,staggered-cycle,linear,0.9945884967193899,
main,main/rep1-stream1-regime1-d20/0,1,1,1,20,1.0,0.0,0.0,staggered-cycle,linear,7.414901146602633e-05,
main,main/rep1-stream1-regime1-d20/1,1,1,1,20,1.0,0.0,0.0,staggered-cycle,linear,0.00012045960186148018,
main,main/rep1-stream1-regime1-d20/2,1,1,1,20,1.0,0.0,0.0,staggered-cycle,linear,0.00012926441981878689,
main,main/rep1-stream1-regime1-d20/3,1,1,1,20,1.0,0.0,0.0,staggered-cycle,linear,0.00024662018857582707,
main,main/rep1-stream1-regime1-d20/4,1,1,1,20,1.0,0.0,0.0,staggered-cycle,linear,8.198863596083608e-05,
main,main/rep1-stream1-regime1-d20/5,1,1,1,20,1.0,0.0,0.0,staggered-cycle,linear,7.888190800505058e-05,
main,main/rep1-stream1-regime1-d20/6,1,1,1,20,1.0,0.0,0.0,staggered-cycle,linear,7.814305374936763e-05,
main,main/rep1-stream1-regime1-d20/7,1,1,1,20,1.0,0.0,0.0,staggered-cycle,linear,7.364449622867149e-05,
main,main/rep1-stream1-regime1-d20/0,1,1,1,20,1.0,0.1,0.0,staggered-cycle,linear,0.00016630290683058253,
main,main/rep1-stream1-regime1-d20/1,1,1,1,20,1.0,0.1,0.0,staggered-cycle,linear,0.00010983737801735746,
main,main/rep1-stream1-regime1-d20/2,1,1,1,20,1.0,0.1,0.0,staggered-cycle,linear,0.00018466311946991907,
main,main/rep1-stream1-regime1-d20/3,1,1,1,20,1.0,0.1,0.0,staggered-cycle,linear,0.00013456989810256868,
main,main/rep1-stream1-regime1-d20/4,1,1,1,20,1.0,0.1,0.0,staggered-cycle,linear,0.00024451533342328486,
main,main/rep1-stream1-regime1-d20/5,1,1,1,20,1.0,0.1,0.0,staggered-cycle,linear,0.00018397430996949107,
main,main/rep1-stream1-regime1-d20/6,1,1,1,20,1.0,0.1,0.0,staggered-cycle,linear,0.00014407865197159475,
main,main/rep1-stream1-regime1-d20/7,1,1,1,20,1.0,0.1,0.0,staggered-cycle,linear,4.964136347764628e-05,
main,main/rep1-stream1-regime1-d20/0,1,1,1,20,1.0,1.0,0.0,staggered-cycle,linear,0.04854876899676636,
main,main/rep1-stream1-regime1-d20/1,1,1,1,20,1.0,1.0,0.0,staggered-cycle,linear,0.021747463875824158,
main,main/rep1-stream1-regime1-d20/2,1,1,1,20,1.0,1.0,0.0,staggered-cycle,linear,0.010992357144257678,
main,main/rep1-stream1-regime1-d20/3,1,1,1,20,1.0,1.0,0.0,staggered-cycle,linear,0.016727222555551372,
main,main/rep1-stream1-regime1-d20/4,1,1,1,20,1.0,1.0,0.0,staggered-cycle,linear,0.019962586734741335,
main,main/rep1-stream1-regime1-d20/5,1,1,1,20,1.0,1.0,0.0,staggered-cycle,linear,0.038788104086968415,
main,main/rep1-stream1-regime1-d20/6,1,1,1,20,1.0,1.0,0.0,staggered-cycle,linear,0.019933765778064372,
main,main/rep1-stream1-regime1-d20/7,1,1,1,20,1.0,1.0,0.0,staggered-cycle,linear,0.010359609825495953,
main,main/rep1-stream1-regime1-d20/0,1,1,1,20,1.0,10.0,0.0,staggered-cycle,linear,1.0578710494607175,
main,main/rep1-stream1-regime1-d20/1,1,1,1,20,1.0,10.0,0.0,staggered-cycle,linear,2.2089349695550964,
main,main/rep1-stream1-regime1-d20/2,1,1,1,20,1.0,10.0,0.0,staggered-cycle,linear,1.7810925776965711,
main,main/rep1-stream1-regime1-d20/3,1,1,1,20,1.0,10.0,0.0,staggered-cycle,linear,1.3941653774481968,
main,main/rep1-stream1-regime1-d20/4,1,1,1,20,1.0,10.0,0.0,staggered-cycle,linear,2.3248351653728543,
main,main/rep1-stream1-regime1-d20/5,1,1,1,20,1.0,10.0,0.0,staggered-cycle,linear,1.4054465446043578,
main,main/rep1-stream1-regime1-d20/6,1,1,1,20,1.0,10.0,0.0,staggered-cycle,linear,2.4636085052721124,
main,main/rep1-stream1-regime1-d20/7,1,1,1,20,1.0,10.0,0.0,staggered-cycle,linear,1.4847179033323061,
main,main/rep0-stream0-regime1-d10/0,0,0,1,10,1.0,0.0,0.0,staggered-cycle,linear,0.00011518077224377785,
main,main/rep0-stream0-regime1-d10/1,0,0,1,10,1.0,0.0,0.0,staggered-cycle,linear,0.00010571268973327164,
main,main/rep0-stream0-regime1-d10/2,0,0,1,10,1.0,0.0,0.0,staggered-cycle,linear,0.0002104819514666573,
main,main/rep0-stream0-regime1-d10/3,0,0,1,10,1.0,0.0,0.0,staggered-cycle,linear,0.0002719172625639591,
main,main/rep0-stream0-regime1-d10/4,0,0,1,10,1.0,0.0,0.0,staggered-cycle,linear,0.0005253236444275472,
main,main/rep0-stream0-regime1-d10/5,0,0,1,10,1.0,0.0,0.0,staggered-cycle,linear,0.0004993075854200543,
main,main/rep0-stream0-regime1-d10/6,0,0,1,10,1.0,0.0,0.0,staggered-cycle,linear,0.00012292580707406222,
main,main/rep0-stream0-regime1-d10/7,0,0,1,10,1.0,0.0,0.0,staggered-cycle,linear,0.00010569579649766525,
main,main/rep0-stream0-regime1-d10/0,0,0,1,10,1.0,0.1,0.0,staggered-cycle,linear,0.0001204282159138299,
main,main/rep0-stream0-regime1-d10/1,0,0,1,10,1.0,0.1,0.0,staggered-cycle,linear,0.000494185928293275,
main,main/rep0-stream0-regime1-d10/2,0,0,1,10,1.0,0.1,0.0,staggered-cycle,linear,0.00031657361982722926,
main,main/rep0-stream0-regime1-d10/3,0,0,1,10,1.0,0.1,0.0,staggered-cycle,linear,0.0001831266610929857,
main,main/rep0-stream0-regime1-d10/4,0,0,1,10,1.0,0.1,0.0,staggered-cycle,linear,0.0007053630765212445,
main,main/rep0-stream0-regime1-d10/5,0,0,1,10,1.0,0.1,0.0,staggered-cycle,linear,0.00016568250698655805,
main,main/rep0-stream0-regime1-d10/6,0,0,1,10,1.0,0.1,0.0,staggered-cycle,linear,0.00041833043021825947,
main,main/rep0-stream0-regime1-d10/7,0,0,1,10,1.0,0.1,0.0,staggered-cycle,linear,0.0004553369419530872,
main,main/rep0-stream0-regime1-d10/0,0,0,1,10,1.0,1.0,0.0,staggered-cycle,linear,0.0030877653983739884,
main,main/rep0-stream0-regime1-d10/1,0,0,1,10,1.0,1.0,0.0,staggered-cycle,linear,0.023095871509656172,
main,main/rep0-stream0-regime1-d10/2,0,0,1,10,1.0,1.0,0.0,staggered-cycle,linear,0.015583971201312864,
main,main/rep0-stream0-regime1-d10/3,0,0,1,10,1.0,1.0,0.0,staggered-cycle,linear,0.02880725433351871,
main,main/rep0-stream0-regime1-d10/4,0,0,1,10,1.0,1.0,0.0,staggered-cycle,linear,0.0162000237011747,
main,main/rep0-stream0-regime1-d10/5,0,0,1,10,1.0,1.0,0.0,staggered-cycle,linear,0.0370433890800127,
main,main/rep0-stream0-regime1-d10/6,0,0,1,10,1.0,1.0,0.0,staggered-cycle,linear,0.006166326335374291,
main,main/rep0-stream0-regime1-d10/7,0,0,1,10,1.0,1.0,0.0,staggered-cycle,linear,0.07537104148329682,
main,main/rep0-stream0-regime1-d10/0,0,0,1,10,1.0,10.0,0.0,staggered-cycle,linear,1.6044855531445366,
main,main/rep0-stream0-regime1-d10/1,0,0,1,10,1.0,10.0,0.0,staggered-cycle,linear,1.057227486599889,
main,main/rep0-stream0-regime1-d10/2,0,0,1,10,1.0,10.0,0.0,staggered-cycle,linear,1.4335229299334462,
main,main/rep0-stream0-regime1-d10/3,0,0,1,10,1.0,10.0,0.0,staggered-cycle,linear,5.73316079061518,
main,main/rep0-stream0-regime1-d10/4,0,0,1,10,1.0,10.0,0.0,staggered-cycle,linear,0.5493022315699367,
main,main/rep0-stream0-regime1-d10/5,0,0,1,10,1.0,10.0,0.0,staggered-cycle,linear,1.996617894865044,
main,main/rep0-stream0-regime1-d10/6,0,0,1,10,1.0,10.0,0.0,staggered-cycle,linear,2.343760214378117,
main,main/rep0-stream0-regime1-d10/7,0,0,1,10,1.0,10.0,0.0,staggered-cycle,linear,2.5984966424953053,
main,main/rep0-stream1-regime0-d20/0,0,1,0,20,1.0,0.0,0.0,staggered-cycle,linear,6.234839433748261e-05,
main,main/rep0-stream1-regime0-d20/1,0,1,0,20,1.0,0.0,0.0,staggered-cycle,linear,0.00011661521558334075,
main,main/rep0-stream1-regime0-d20/2,0,1,0,20,1.0,0.0,0.0,staggered-cycle,linear,0.00020855694529498672,
main,main/rep0-stream1-regime0-d20/3,0,1,0,20,1.0,0.0,0.0,staggered-cycle,linear,0.00019347648092642793,
main,main/rep0-stream1-regime0-d20/4,0,1,0,20,1.0,0.0,0.0,staggered-cycle,linear,3.704502251298296e-05,
main,main/rep0-stream1-regime0-d20/5,0,1,0,20,1.0,0.0,0.0,staggered-cycle,linear,6.934097635700474e-05,
main,main/rep0-stream1-regime0-d20/6,0,1,0,20,1.0,0.0,0.0,staggered-cycle,linear,6.205372073498898e-05,
main,main/rep0-stream1-regime0-d20/7,0,1,0,20,1.0,0.0,0.0,staggered-cycle,linear,0.0001015384316131215,
main,main/rep0-stream1-regime0-d20/0,0,1,0,20,1.0,0.1,0.0,staggered-cycle,linear,0.0001797141591005007,
main,main/rep0-stream1-regime0-d20/1,0,1,0,20,1.0,0.1,0.0,staggered-cycle,linear,9.445275768917705e-05,
main,main/rep0-stream1-regime0-d20/2,0,1,0,20,1.0,0.1,0.0,staggered-cycle,linear,8.291739316107004e-05,
main,main/rep0-stream1-regime0-d20/3,0,1,0,20,1.0,0.1,0.0,staggered-cycle,linear,0.00011948774583170708,
main,main/rep0-stream1-regime0-d20/4,0,1,0,20,1.0,0.1,0.0,staggered-cycle,linear,0.00022578189259439142,
main,main/rep0-stream1-regime0-d20/5,0,1,0,20,1.0,0.1,0.0,staggered-cycle,linear,6.26037158489953e-05,
main,main/rep0-stream1-regime0-d20/6,0,1,0,20,1.0,0.1,0.0,staggered-cycle,linear,4.150186066079456e-05,
main,main/rep0-stream1-regime0-d20/7,0,1,0,20,1.0,0.1,0.0,staggered-cycle,linear,0.00011771387010849932,
main,main/rep0-stream1-regime0-d20/0,0,1,0,20,1.0,1.0,0.0,staggered-cycle,linear,0.00769660239408595,
main,main/rep0-stream1-regime0-d20/1,0,1,0,20,1.0,1.0,0.0,staggered-cycle,linear,0.010513437374967727,
main,main/rep0-stream1-regime0-d20/2,0,1,0,20,1.0,1.0,0.0,staggered-cycle,linear,0.011910819752501743,
main,main/rep0-stream1-regime0-d20/3,0,1,0,20,1.0,1.0,0.0,staggered-cycle,linear,0.0033202965141708716,
main,main/rep0-stream1-regime0-d20/4,0,1,0,20,1.0,1.0,0.0,staggered-cycle,linear,0.01013619177424552,
main,main/rep0-stream1-regime0-d20/5,0,1,0,20,1.0,1.0,0.0,staggered-cycle,linear,0.010470889987661472,
main,main/rep0-stream1-regime0-d20/6,0,1,0,20,1.0,1.0,0.0,staggered-cycle,linear,0.005796963028677491,
main,main/rep0-stream1-regime0-d20/7,0,1,0,20,1.0,1.0,0.0,staggered-cycle,linear,0.01611349606229616,
main,main/rep0-stream1-regime0-d20/0,0,1,0,20,1.0,10.0,0.0,staggered-cycle,linear,1.501200312180612,
main,main/rep0-stream1-regime0-d20/1,0,1,0,20,1.0,10.0,0.0,staggered-cycle,linear,2.2341140606996044,
main,main/rep0-stream1-regime0-d20/2,0,1,0,20,1.0,10.0,0.0,staggered-cycle,linear,1.5158878882241715,
main,main/rep0-stream1-regime0-d20/3,0,1,0,20,1.0,10.0,0.0,staggered-cycle,linear,2.0059144947582137,
main,main/rep0-stream1-regime0-d20/4,0,1,0,20,1.0,10.0,0.0,staggered-cycle,linear,1.342050816764335,
main,main/rep0-stream1-regime0-d20/5,0,1,0,20,1.0,10.0,0.0,staggered-cycle,linear,1.4084367267832127,
main,main/rep0-stream1-regime0-d20/6,0,1,0,20,1.0,10.0,0.0,staggered-cycle,linear,1.6404940015126455,
main,main/rep0-stream1-regime0-d20/7,0,1,0,20,1.0,10.0,0.0,staggered-cycle,linear,1.4543570386166897,
main,main/rep0-stream1-regime1-d50/0,0,1,1,50,1.0,0.0,0.0,staggered-cycle,linear,2.2403184310111426e-05,
main,main/rep0-stream1-regime1-d50/1,0,1,1,50,1.0,0.0,0.0,staggered-cycle,linear,2.34963017805913e-05,
main,main/rep0-stream1-regime1-d50/2,0,1,1,50,1.0,0.0,0.0,staggered-cycle,linear,1.3526425854999797e-05,
main,main/rep0-stream1-regime1-d50/3,0,1,1,50,1.0,0.0,0.0,staggered-cycle,linear,3.170583555346811e-05,
main,main/rep0-stream1-regime1-d50/4,0,1,1,50,1.0,0.0,0.0,staggered-cycle,linear,1.538232804664076e-05,
main,main/rep0-stream1-regime1-d50/5,0,1,1,50,1.0,0.0,0.0,staggered-cycle,linear,1.8639030698289206e-05,
main,main/rep0-stream1-regime1-d50/6,0,1,1,50,1.0,0.0,0.0,staggered-cycle,linear,3.210959918973372e-05,
main,main/rep0-stream1-regime1-d50/7,0,1,1,50,1.0,0.0,0.0,staggered-cycle,linear,1.595829696705712e-05,
main,main/rep0-stream1-regime1-d50/0,0,1,1,50,1.0,0.1,0.0,staggered-cycle,linear,9.13308598051515e-05,
main,main/rep0-stream1-regime1-d50/1,0,1,1,50,1.0,0.1,0.0,staggered-cycle,linear,9.014062875885198e-05,
main,main/rep0-stream1-regime1-d50/2,0,1,1,50,1.0,0.1,0.0,staggered-cycle,linear,5.857307130998375e-05,
main,main/rep0-stream1-regime1-d50/3,0,1,1,50,1.0,0.1,0.0,staggered-cycle,linear,0.0001502919504067302,
main,main/rep0-stream1-regime1-d50/4,0,1,1,50,1.0,0.1,0.0,staggered-cycle,linear,7.934219597449239e-05,
main,main/rep0-stream1-regime1-d50/5,0,1,1,50,1.0,0.1,0.0,staggered-cycle,linear,0.00010255851250877357,
main,main/rep0-stream1-regime1-d50/6,0,1,1,50,1.0,0.1,0.0,staggered-cycle,linear,6.90913512215741e-05,
main,main/rep0-stream1-regime1-d50/7,0,1,1,50,1.0,0.1,0.0,staggered-cycle,linear,0.00010380344845124159,
main,main/rep0-stream1-regime1-d50/0,0,1,1,50,1.0,1.0,0.0,staggered-cycle,linear,0.06578668606130461,
main,main/rep0-stream1-regime1-d50/1,0,1,1,50,1.0,1.0,0.0,staggered-cycle,linear,0.029975306986142702,
main,main/rep0-stream1-regime1-d50/2,0,1,1,50,1.0,1.0,0.0,staggered-cycle,linear,0.047853096708881396,
main,main/rep0-stream1-regime1-d50/3,0,1,1,50,1.0,1.0,0.0,staggered-cycle,linear,0.061821652823818664,
main,main/rep0-stream1-regime1-d50/4,0,1,1,50,1.0,1.0,0.0,staggered-cycle,linear,0.061197087435191984,
main,main/rep0-stream1-regime1-d50/5,0,1,1,50,1.0,1.0,0.0,staggered-cycle,linear,0.04375242336872724,
main,main/rep0-stream1-regime1-d50/6,0,1,1,50,1.0,1.0,0.0,staggered-cycle,linear,0.05013820621980098,
main,main/rep0-stream1-regime1-d50/7,0,1,1,50,1.0,1.0,0.0,staggered-cycle,linear,0.07822120360703613,
main,main/rep0-stream1-regime1-d50/0,0,1,1,50,1.0,10.0,0.0,staggered-cycle,linear,1.4567167973304334,
main,main/rep0-stream1-regime1-d50/1,0,1,1,50,1.0,10.0,0.0,staggered-cycle,linear,2.5905356951227887,
main,main/rep0-stream1-regime1-d50/2,0,1,1,50,1.0,10.0,0.0,staggered-cycle,linear,1.5696290005350477,
main,main/rep0-stream1-regime1-d50/3,0,1,1,50,1.0,10.0,0.0,staggered-cycle,linear,2.4521594702785663,
main,main/rep0-stream1-regime1-d50/4,0,1,1,50,1.0,10.0,0.0,staggered-cycle,linear,2.1185636750028114,
main,main/rep0-stream1-regime1-d50/5,0,1,1,50,1.0,10.0,0.0,staggered-cycle,linear,2.073653132911254,
main,main/rep0-stream1-regime1-d50/6,0,1,1,50,1.0,10.0,0.0,staggered-cycle,linear,2.0094911464264,
main,main/rep0-stream1-regime1-d50/7,0,1,1,50,1.0,10.0,0.0,staggered-cycle,linear,2.2939203019502883,
main,main/rep1-stream0-regime1-d10/0,1,0,1,10,1.0,0.0,0.0,staggered-cycle,linear,0.0005508537377692677,
main,main/rep1-stream0-regime1-d10/1,1,0,1,10,1.0,0.0,0.0,staggered-cycle,linear,0.0005029876715960769,
main,main/rep1-stream0-regime1-d10/2,1,0,1,10,1.0,0.0,0.0,staggered-cycle,linear,0.00017162290942895897,
main,main/rep1-stream0-regime1-d10/3,1,0,1,10,1.0,0.0,0.0,staggered-cycle,linear,0.0004901814446486538,
main,main/rep1-stream0-regime1-d10/4,1,0,1,10,1.0,0.0,0.0,staggered-cycle,linear,0.00014876116763025215,
main,main/rep1-stream0-regime1-d10/5,1,0,1,10,1.0,0.0,0.0,staggered-cycle,linear,0.0003230163998096878,
main,main/rep1-stream0-regime1-d10/6,1,0,1,10,1.0,0.0,0.0,staggered-cycle,linear,6.533521850784638e-05,
main,main/rep1-stream0-regime1-d10/7,1,0,1,10,1.0,0.0,0.0,staggered-cycle,linear,9.534876621745668e-05,
main,main/rep1-stream0-regime1-d10/0,1,0,1,10,1.0,0.1,0.0,staggered-cycle,linear,0.0010189866266433602,
main,main/rep1-stream0-regime1-d10/1,1,0,1,10,1.0,0.1,0.0,staggered-cycle,linear,6.005043371411564e-05,
main,main/rep1-stream0-regime1-d10/2,1,0,1,10,1.0,0.1,0.0,staggered-cycle,linear,0.00024662295043255964,
main,main/rep1-stream0-regime1-d10/3,1,0,1,10,1.0,0.1,0.0,staggered-cycle,linear,0.00040966606813951155,
main,main/rep1-stream0-regime1-d10/4,1,0,1,10,1.0,0.1,0.0,staggered-cycle,linear,0.00019221881813509875,
main,main/rep1-stream0-regime1-d10/5,1,0,1,10,1.0,0.1,0.0,staggered-cycle,linear,0.0001802766573784811,
main,main/rep1-stream0-regime1-d10/6,1,0,1,10,1.0,0.1,0.0,staggered-cycle,linear,0.00015868944597817878,
main,main/rep1-stream0-regime1-d10/7,1,0,1,10,1.0,0.1,0.0,staggered-cycle,linear,9.995549761197796e-05,
main,main/rep1-stream0-regime1-d10/0,1,0,1,10,1.0,1.0,0.0,staggered-cycle,linear,0.009778305858321935,
main,main/rep1-stream0-regime1-d10/1,1,0,1,10,1.0,1.0,0.0,staggered-cycle,linear,0.009242409112126277,
main,main/rep1-stream0-regime1-d10/2,1,0,1,10,1.0,1.0,0.0,staggered-cycle,linear,0.02304027692381323,
main,main/rep1-stream0-regime1-d10/3,1,0,1,10,1.0,1.0,0.0,staggered-cycle,linear,0.007729423140131883,
main,main/rep1-stream0-regime1-d10/4,1,0,1,10,1.0,1.0,0.0,staggered-cycle,linear,0.010115404949038323,
main,main/rep1-stream0-regime1-d10/5,1,0,1,10,1.0,1.0,0.0,staggered-cycle,linear,0.0032587377431355278,
main,main/rep1-stream0-regime1-d10/6,1,0,1,10,1.0,1.0,0.0,staggered-cycle,linear,0.008392480382278042,
main,main/rep1-stream0-regime1-d10/7,1,0,1,10,1.0,1.0,0.0,staggered-cycle,linear,0.018399986685768786,
main,main/rep1-stream0-regime1-d10/0,1,0,1,10,1.0,10.0,0.0,staggered-cycle,linear,2.7625569658119624,
main,main/rep1-stream0-regime1-d10/1,1,0,1,10,1.0,10.0,0.0,staggered-cycle,linear,1.1512613655232133,
main,main/rep1-stream0-regime1-d10/2,1,0,1,10,1.0,10.0,0.0,staggered-cycle,linear,4.001269398081207,
main,main/rep1-stream0-regime1-d10/3,1,0,1,10,1.0,10.0,0.0,staggered-cycle,linear,1.2020622072538256,
main,main/rep1-stream0-regime1-d10/4,1,0,1,10,1.0,10.0,0.0,staggered-cycle,linear,2.0464227528869183,
main,main/rep1-stream0-regime1-d10/5,1,0,1,10,1.0,10.0,0.0,staggered-cycle,linear,1.0990908592484723,
main,main/rep1-stream0-regime1-d10/6,1,0,1,10,1.0,10.0,0.0,staggered-cycle,linear,0.8294683096091429,
main,main/rep1-stream0-regime1-d10/7,1,0,1,10,1.0,10.0,0.0,staggered-cycle,linear,0.3324127702669944,
main,main/rep1-stream1-regime0-d20/0,1,1,0,20,1.0,0.0,0.0,staggered-cycle,linear,2.6911950014694232e-05,
main,main/rep1-stream1-regime0-d20/1,1,1,0,20,1.0,0.0,0.0,staggered-cycle,linear,5.0068383575933e-05,
main,main/rep1-stream1-regime0-d20/2,1,1,0,20,1.0,0.0,0.0,staggered-cycle,linear,0.0001375555569949582,
main,main/rep1-stream1-regime0-d20/3,1,1,0,20,1.0,0.0,0.0,staggered-cycle,linear,6.31051499748375e-05,
main,main/rep1-stream1-regime0-d20/4,1,1,0,20,1.0,0.0,0.0,staggered-cycle,linear,3.631668645008427e-05,
main,main/rep1-stream1-regime0-d20/5,1,1,0,20,1.0,0.0,0.0,staggered-cycle,linear,0.0003614638443428357,
main,main/rep1-stream1-regime0-d20/6,1,1,0,20,1.0,0.0,0.0,staggered-cycle,linear,8.084750135371097e-05,
main,main/rep1-stream1-regime0-d20/7,1,1,0,20,1.0,0.0,0.0,staggered-cycle,linear,7.209459727672864e-05,
main,main/rep1-stream1-regime0-d20/0,1,1,0,20,1.0,0.1,0.0,staggered-cycle,linear,0.0002103631668846664,
main,main/rep1-stream1-regime0-d20/1,1,1,0,20,1.0,0.1,0.0,staggered-cycle,linear,0.00021002011901031232,
main,main/rep1-stream1-regime0-d20/2,1,1,0,20,1.0,0.1,0.0,staggered-cycle,linear,6.285712884365638e-05,
main,main/rep1-stream1-regime0-d20/3,1,1,0,20,1.0,0.1,0.0,staggered-cycle,linear,7.861188654523051e-05,
main,main/rep1-stream1-regime0-d20/4,1,1,0,20,1.0,0.1,0.0,staggered-cycle,linear,0.00010884314449634013,
main,main/rep1-stream1-regime0-d20/5,1,1,0,20,1.0,0.1,0.0,staggered-cycle,linear,3.299201065782474e-05,
main,main/rep1-stream1-regime0-d20/6,1,1,0,20,1.0,0.1,0.0,staggered-cycle,linear,0.00013352382095286423,
main,main/rep1-stream1-regime0-d20/7,1,1,0,20,1.0,0.1,0.0,staggered-cycle,linear,8.633553788819711e-05,
main,main/rep1-stream1-regime0-d20/0,1,1,0,20,1.0,1.0,0.0,staggered-cycle,linear,0.013098332786392889,
main,main/rep1-stream1-regime0-d20/1,1,1,0,20,1.0,1.0,0.0,staggered-cycle,linear,0.012138620164287371,
main,main/rep1-stream1-regime0-d20/2,1,1,0,20,1.0,1.0,0.0,staggered-cycle,linear,0.016740867040152405,
main,main/rep1-stream1-regime0-d20/3,1,1,0,20,1.0,1.0,0.0,staggered-cycle,linear,0.008069393668034644,
main,main/rep1-stream1-regime0-d20/4,1,1,0,20,1.0,1.0,0.0,staggered-cycle,linear,0.01772845559005225,
main,main/rep1-stream1-regime0-d20/5,1,1,0,20,1.0,1.0,0.0,staggered-cycle,linear,0.00696393676099886,
main,main/rep1-stream1-regime0-d20/6,1,1,0,20,1.0,1.0,0.0,staggered-cycle,linear,0.008183229498172299,
main,main/rep1-stream1-regime0-d20/7,1,1,0,20,1.0,1.0,0.0,staggered-cycle,linear,0.012839303662274015,
main,main/rep1-stream1-regime0-d20/0,1,1,0,20,1.0,10.0,0.0,staggered-cycle,linear,1.435209934270344,
main,main/rep1-stream1-regime0-d20/1,1,1,0,20,1.0,10.0,0.0,staggered-cycle,linear,1.595231904182383,
main,main/rep1-stream1-regime0-d20/2,1,1,0,20,1.0,10.0,0.0,staggered-cycle,linear,0.9364293670252388,
main,main/rep1-stream1-regime0-d20/3,1,1,0,20,1.0,10.0,0.0,staggered-cycle,linear,1.5227998951115693,
main,main/rep1-stream1-regime0-d20/4,1,1,0,20,1.0,10.0,0.0,staggered-cycle,linear,2.1485412427194475,
main,main/rep1-stream1-regime0-d20/5,1,1,0,20,1.0,10.0,0.0,staggered-cycle,linear,0.9473520852780816,
main,main/rep1-stream1-regime0-d20/6,1,1,0,20,1.0,10.0,0.0,staggered-cycle,linear,0.8894709248233676,
main,main/rep1-stream1-regime0-d20/7,1,1,0,20,1.0,10.0,0.0,staggered-cycle,linear,1.7461968382385116,
main,main/rep1-stream1-regime1-d50/0,1,1,1,50,1.0,0.0,0.0,staggered-cycle,linear,4.75268273842607e-05,
main,main/rep1-stream1-regime1-d50/1,1,1,1,50,1.0,0.0,0.0,staggered-cycle,linear,2.092459881143644e-05,
main,main/rep1-stream1-regime1-d50/2,1,1,1,50,1.0,0.0,0.0,staggered-cycle,linear,1.4665800213350843e-05,
main,main/rep1-stream1-regime1-d50/3,1,1,1,50,1.0,0.0,0.0,staggered-cycle,linear,1.795999923773699e-05,
main,main/rep1-stream1-regime1-d50/4,1,1,1,50,1.0,0.0,0.0,staggered-cycle,linear,1.8155085138870144e-05,
main,main/rep1-stream1-regime1-d50/5,1,1,1,50,1.0,0.0,0.0,staggered-cycle,linear,2.1102832338936505e-05,
main,main/rep1-stream1-regime1-d50/6,1,1,1,50,1.0,0.0,0.0,staggered-cycle,linear,2.4232762231852947e-05,
main,main/rep1-stream1-regime1-d50/7,1,1,1,50,1.0,0.0,0.0,staggered-cycle,linear,2.40119178072646e-05,
main,main/rep1-stream1-regime1-d50/0,1,1,1,50,1.0,0.1,0.0,staggered-cycle,linear,6.529896117022217e-05,
main,main/rep1-stream1-regime1-d50/1,1,1,1,50,1.0,0.1,0.0,staggered-cycle,linear,9.196634213987815e-05,
main,main/rep1-stream1-regime1-d50/2,1,1,1,50,1.0,0.1,0.0,staggered-cycle,linear,9.656503737245625e-05,
main,main/rep1-stream1-regime1-d50/3,1,1,1,50,1.0,0.1,0.0,staggered-cycle,linear,0.00010676623224961915,
main,main/rep1-stream1-regime1-d50/4,1,1,1,50,1.0,0.1,0.0,staggered-cycle,linear,8.50144883513265e-05,
main,main/rep1-stream1-regime1-d50/5,1,1,1,50,1.0,0.1,0.0,staggered-cycle,linear,0.0001016478565008822,
main,main/rep1-stream1-regime1-d50/6,1,1,1,50,1.0,0.1,0.0,staggered-cycle,linear,5.352422417286397e-05,
main,main/rep1-stream1-regime1-d50/7,1,1,1,50,1.0,0.1,0.0,staggered-cycle,linear,9.93665679118295e-05,
main,main/rep1-stream1-regime1-d50/0,1,1,1,50,1.0,1.0,0.0,staggered-cycle,linear,0.06113102902453131,
main,main/rep1-stream1-regime1-d50/1,1,1,1,50,1.0,1.0,0.0,staggered-cycle,linear,0.039751340310946924,
main,main/rep1-stream1-regime1-d50/2,1,1,1,50,1.0,1.0,0.0,staggered-cycle,linear,0.039022441110294785,
main,main/rep1-stream1-regime1-d50/3,1,1,1,50,1.0,1.0,0.0,staggered-cycle,linear,0.03651971339283015,
main,main/rep1-stream1-regime1-d50/4,1,1,1,50,1.0,1.0,0.0,staggered-cycle,linear,0.0648184207181704,
main,main/rep1-stream1-regime1-d50/5,1,1,1,50,1.0,1.0,0.0,staggered-cycle,linear,0.054773810125141126,
main,main/rep1-stream1-regime1-d50/6,1,1,1,50,1.0,1.0,0.0,staggered-cycle,linear,0.04257572752180415,
main,main/rep1-stream1-regime1-d50/7,1,1,1,50,1.0,1.0,0.0,staggered-cycle,linear,0.10088227094856655,
main,main/rep1-stream1-regime1-d50/0,1,1,1,50,1.0,10.0,0.0,staggered-cycle,linear,1.954288568237434,
main,main/rep1-stream1-regime1-d50/1,1,1,1,50,1.0,10.0,0.0,staggered-cycle,linear,1.8960950433124946,
main,main/rep1-stream1-regime1-d50/2,1,1,1,50,1.0,10.0,0.0,staggered-cycle,linear,2.157459740210747,
main,main/rep1-stream1-regime1-d50/3,1,1,1,50,1.0,10.0,0.0,staggered-cycle,linear,2.5943177337023595,
main,main/rep1-stream1-regime1-d50/4,1,1,1,50,1.0,10.0,0.0,staggered-cycle,linear,1.9937708525497122,
main,main/rep1-stream1-regime1-d50/5,1,1,1,50,1.0,10.0,0.0,staggered-cycle,linear,1.7863974865050218,
main,main/rep1-stream1-regime1-d50/6,1,1,1,50,1.0,10.0,0.0,staggered-cycle,linear,1.8814466284502986,
main,main/rep1-stream1-regime1-d50/7,1,1,1,50,1.0,10.0,0.0,staggered-cycle,linear,2.023406501350667,
