cohort,target_id,replica,stream,regime,dimension,radius,gamma,strength,geometry,decoder,squared_angle_radians,hard_success
independent,independent/rep0-stream0-regime0-d10/0,0,0,0,10,1.0,1.0,0.0,staggered-cycle,quadratic-ac,0.001647825092693399,
independent,independent/rep0-stream0-regime0-d10/1,0,0,0,10,1.0,1.0,0.0,staggered-cycle,quadratic-ac,0.000767196571300737,
independent,independent/rep0-stream0-regime0-d10/2,0,0,0,10,1.0,1.0,0.0,staggered-cycle,quadratic-ac,0.00025693273373275237,
independent,independent/rep0-stream0-regime0-d10/3,0,0,0,10,1.0,1.0,0.0,staggered-cycle,quadratic-ac,0.0006130551887035997,
independent,independent/rep0-stream0-regime0-d10/4,0,0,0,10,1.0,1.0,0.0,staggered-cycle,quadratic-ac,0.00017381837539864276,
independent,independent/rep0-stream0-regime0-d10/5,0,0,0,10,1.0,1.0,0.0,staggered-cycle,quadratic-ac,0.0003463140070780724,
independent,independent/rep0-stream0-regime0-d10/6,0,0,0,10,1.0,1.0,0.0,staggered-cycle,quadratic-ac,0.0003125939505826637,
independent,independent/rep0-stream0-regime0-d10/7,0,0,0,10,1.0,1.0,0.0,staggered-cycle,quadratic-ac,0.0004456142769456982,
independent,independent/rep0-stream0-regime0-d10/0,0,0,0,10,1.0,1.0,0.0,staggered-cycle,quadratic-vc,0.0017190361548567218,
independent,independent/rep0-stream0-regime0-d10/1,0,0,0,10,1.0,1.0,0.0,staggered-cycle,quadratic-vc,0.000936876350700231,
independent,independent/rep0-stream0-regime0-d10/2,0,0,0,10,1.0,1.0,0.0,staggered-cycle,quadratic-vc,0.0002486395903337281,
independent,independent/rep0-stream0-regime0-d10/3,0,0,0,10,1.0,1.0,0.0,staggered-cycle,quadratic-vc,0.0005790570624477572,
independent,independent/rep0-stream0-regime0-d10/4,0,0,0,10,1.0,1.0,0.0,staggered-cycle,quadratic-vc,0.00013906351646439738,
independent,independent/rep0-stream0-regime0-d10/5,0,0,0,10,1.0,1.0,0.0,staggered-cycle,quadratic-vc,0.000322805872681842,
independent,independent/rep0-stream0-regime0-d10/6,0,0,0,10,1.0,1.0,0.0,staggered-cycle,quadratic-vc,0.00035396334234223664,
independent,independent/rep0-stream0-regime0-d10/7,0,0,0,10,1.0,1.0,0.0,staggered-cycle,quadratic-vc,0.00036855424398387254,
independent,independent/rep0-stream0-regime0-d10/0,0,0,0,10,10.0,1.0,0.0,staggered-cycle,quadratic-ac,0.0017811317995549197,
independent,independent/rep0-stream0-regime0-d10/1,0,0,0,10,10.0,1.0,0.0,staggered-cycle,quadratic-ac,0.0005892308964785543,
independent,independent/rep0-stream0-regime0-d10/2,0,0,0,10,10.0,1.0,0.0,staggered-cycle,quadratic-ac,0.0029801244550718997,
independent,independent/rep0-stream0-regime0-d10/3,0,0,0,10,10.0,1.0,0.0,staggered-cycle,quadratic-ac,0.0007877893948842566,
independent,independent/rep0-stream0-regime0-d10/4,0,0,0,10,10.0,1.0,0.0,staggered-cycle,quadratic-ac,0.004313354237324537,
independent,independent/rep0-stream0-regime0-d10/5,0,0,0,10,10.0,1.0,0.0,staggered-cycle,quadratic-ac,0.0020153340632245364,
independent,independent/rep0-stream0-regime0-d10/6,0,0,0,10,10.0,1.0,0.0,staggered-cycle,quadratic-ac,0.0016122869893043636,
independent,independent/rep0-stream0-regime0-d10/7,0,0,0,10,10.0,1.0,0.0,staggered-cycle,quadratic-ac,0.0012360160600870334,
independent,independent/rep0-stream0-regime0-d10/0,0,0,0,10,10.0,1.0,0.0,staggered-cycle,quadratic-vc,0.0019126828274202705,
independent,independent/rep0-stream0-regime0-d10/1,0,0,0,10,10.0,1.0,0.0,staggered-cycle,quadratic-vc,0.0006040055608347289,
independent,independent/rep0-stream0-regime0-d10/2,0,0,0,10,10.0,1.0,0.0,staggered-cycle,quadratic-vc,0.0029169207836779233,
independent,independent/rep0-stream0-regime0-d10/3,0,0,0,10,10.0,1.0,0.0,staggered-cycle,quadratic-vc,0.000752276778970232,
independent,independent/rep0-stream0-regime0-d10/4,0,0,0,10,10.0,1.0,0.0,staggered-cycle,quadratic-vc,0.0045184535358732915,
independent,independent/rep0-stream0-regime0-d10/5,0,0,0,10,10.0,1.0,0.0,staggered-cycle,quadratic-vc,0.0017043647771409856,
independent,independent/rep0-stream0-regime0-d10/6,0,0,0,10,10.0,1.0,0.0,staggered-cycle,quadratic-vc,0.0015558932418581277,
independent,independent/rep0-stream0-regime0-d10/7,0,0,0,10,10.0,1.0,0.0,staggered-cycle,quadratic-vc,0.001276281106659579,
independent,independent/rep0-stream0-regime0-d10/0,0,0,0,10,1.0,1.0,0.0,staggered-two,quadratic-ac,0.00029945156487935087,
independent,independent/rep0-stream0-regime0-d10/1,0,0,0,10,1.0,1.0,0.0,staggered-two,quadratic-ac,0.00035959630411268805,
independent,independent/rep0-stream0-regime0-d10/2,0,0,0,10,1.0,1.0,0.0,staggered-two,quadratic-ac,0.00018319270542035903,
independent,independent/rep0-stream0-regime0-d10/3,0,0,0,10,1.0,1.0,0.0,staggered-two,quadratic-ac,0.0005086041461257134,
independent,independent/rep0-stream0-regime0-d10/4,0,0,0,10,1.0,1.0,0.0,staggered-two,quadratic-ac,8.693312789272255e-05,
independent,independent/rep0-stream0-regime0-d10/5,0,0,0,10,1.0,1.0,0.0,staggered-two,quadratic-ac,0.0001496533648311054,
independent,independent/rep0-stream0-regime0-d10/6,0,0,0,10,1.0,1.0,0.0,staggered-two,quadratic-ac,0.0005398162461607445,
independent,independent/rep0-stream0-regime0-d10/7,0,0,0,10,1.0,1.0,0.0,staggered-two,quadratic-ac,0.0005166085853920962,
independent,independent/rep0-stream0-regime0-d10/0,0,0,0,10,1.0,1.0,0.0,staggered-two,quadratic-vc,0.00026092129272665683,
independent,independent/rep0-stream0-regime0-d10/1,0,0,0,10,1.0,1.0,0.0,staggered-two,quadratic-vc,0.00043042944302747627,
independent,independent/rep0-stream0-regime0-d10/2,0,0,0,10,1.0,1.0,0.0,staggered-two,quadratic-vc,0.0001917556544300408,
independent,independent/rep0-stream0-regime0-d10/3,0,0,0,10,1.0,1.0,0.0,staggered-two,quadratic-vc,0.0004305166854348825,
independent,independent/rep0-stream0-regime0-d10/4,0,0,0,10,1.0,1.0,0.0,staggered-two,quadratic-vc,8.790357844354557e-05,
independent,independent/rep0-stream0-regime0-d10/5,0,0,0,10,1.0,1.0,0.0,staggered-two,quadratic-vc,0.0001580570523438202,
independent,independent/rep0-stream0-regime0-d10/6,0,0,0,10,1.0,1.0,0.0,staggered-two,quadratic-vc,0.0005419135795128457,
independent,independent/rep0-stream0-regime0-d10/7,0,0,0,10,1.0,1.0,0.0,staggered-two,quadratic-vc,0.0004040743933526562,
independent,independent/rep0-stream0-regime0-d10/0,0,0,0,10,10.0,1.0,0.0,staggered-two,quadratic-ac,0.000620799260645906,
independent,independent/rep0-stream0-regime0-d10/1,0,0,0,10,10.0,1.0,0.0,staggered-two,quadratic-ac,0.00027754071013356567,
independent,independent/rep0-stream0-regime0-d10/2,0,0,0,10,10.0,1.0,0.0,staggered-two,quadratic-ac,0.004743397963536647,
independent,independent/rep0-stream0-regime0-d10/3,0,0,0,10,10.0,1.0,0.0,staggered-two,quadratic-ac,0.0007040586434515161,
independent,independent/rep0-stream0-regime0-d10/4,0,0,0,10,10.0,1.0,0.0,staggered-two,quadratic-ac,0.0020066613184896356,
independent,independent/rep0-stream0-regime0-d10/5,0,0,0,10,10.0,1.0,0.0,staggered-two,quadratic-ac,0.0008227133311979508,
independent,independent/rep0-stream0-regime0-d10/6,0,0,0,10,10.0,1.0,0.0,staggered-two,quadratic-ac,0.0008243465219501443,
independent,independent/rep0-stream0-regime0-d10/7,0,0,0,10,10.0,1.0,0.0,staggered-two,quadratic-ac,0.0006482650326631534,
independent,independent/rep0-stream0-regime0-d10/0,0,0,0,10,10.0,1.0,0.0,staggered-two,quadratic-vc,0.0006794367912988226,
independent,independent/rep0-stream0-regime0-d10/1,0,0,0,10,10.0,1.0,0.0,staggered-two,quadratic-vc,0.0003131207427818156,
independent,independent/rep0-stream0-regime0-d10/2,0,0,0,10,10.0,1.0,0.0,staggered-two,quadratic-vc,0.005489942218334842,
independent,independent/rep0-stream0-regime0-d10/3,0,0,0,10,10.0,1.0,0.0,staggered-two,quadratic-vc,0.0008461029989708767,
independent,independent/rep0-stream0-regime0-d10/4,0,0,0,10,10.0,1.0,0.0,staggered-two,quadratic-vc,0.0021396399955025567,
independent,independent/rep0-stream0-regime0-d10/5,0,0,0,10,10.0,1.0,0.0,staggered-two,quadratic-vc,0.0009252888526640585,
independent,independent/rep0-stream0-regime0-d10/6,0,0,0,10,10.0,1.0,0.0,staggered-two,quadratic-vc,0.0007986304509363451,
independent,independent/rep0-stream0-regime0-d10/7,0,0,0,10,10.0,1.0,0.0,staggered-two,quadratic-vc,0.0006221652188609831,
independent,independent/rep0-stream0-regime0-d10/0,0,0,0,10,1.0,1.0,0.0,frames,quadratic-ac,0.00046289006133943877,
independent,independent/rep0-stream0-regime0-d10/1,0,0,0,10,1.0,1.0,0.0,frames,quadratic-ac,0.00023254053323533975,
independent,independent/rep0-stream0-regime0-d10/2,0,0,0,10,1.0,1.0,0.0,frames,quadratic-ac,0.00012581870620674535,
independent,independent/rep0-stream0-regime0-d10/3,0,0,0,10,1.0,1.0,0.0,frames,quadratic-ac,0.0001441289296369669,
independent,independent/rep0-stream0-regime0-d10/4,0,0,0,10,1.0,1.0,0.0,frames,quadratic-ac,0.0004909314200642538,
independent,independent/rep0-stream0-regime0-d10/5,0,0,0,10,1.0,1.0,0.0,frames,quadratic-ac,0.00019474358019983315,
independent,independent/rep0-stream0-regime0-d10/6,0,0,0,10,1.0,1.0,0.0,frames,quadratic-ac,0.00041496486333734674,
independent,independent/rep0-stream0-regime0-d10/7,0,0,0,10,1.0,1.0,0.0,frames,quadratic-ac,0.0005016713617405725,
independent,independent/rep0-stream0-regime0-d10/0,0,0,0,10,1.0,1.0,0.0,frames,quadratic-vc,0.0005293981045990492,
independent,independent/rep0-stream0-regime0-d10/1,0,0,0,10,1.0,1.0,0.0,frames,quadratic-vc,0.00021219867675179458,
independent,independent/rep0-stream0-regime0-d10/2,0,0,0,10,1.0,1.0,0.0,frames,quadratic-vc,0.00015669933512006427,
independent,independent/rep0-stream0-regime0-d10/3,0,0,0,10,1.0,1.0,0.0,frames,quadratic-vc,0.00012355685043383748,
independent,independent/rep0-stream0-regime0-d10/4,0,0,0,10,1.0,1.0,0.0,frames,quadratic-vc,0.0005030552841936514,
independent,independent/rep0-stream0-regime0-d10/5,0,0,0,10,1.0,1.0,0.0,frames,quadratic-vc,0.00015985050908753743,
independent,independent/rep0-stream0-regime0-d10/6,0,0,0,10,1.0,1.0,0.0,frames,quadratic-vc,0.0004167796760725349,
independent,independent/rep0-stream0-regime0-d10/7,0,0,0,10,1.0,1.0,0.0,frames,quadratic-vc,0.0005000833345917062,
independent,independent/rep0-stream0-regime0-d10/0,0,0,0,10,10.0,1.0,0.0,frames,quadratic-ac,0.0006851445427058916,
independent,independent/rep0-stream0-regime0-d10/1,0,0,0,10,10.0,1.0,0.0,frames,quadratic-ac,0.002758383927238046,
independent,independent/rep0-stream0-regime0-d10/2,0,0,0,10,10.0,1.0,0.0,frames,quadratic-ac,0.0007380073607753553,
independent,independent/rep0-stream0-regime0-d10/3,0,0,0,10,10.0,1.0,0.0,frames,quadratic-ac,0.0013295428771308202,
independent,independent/rep0-stream0-regime0-d10/4,0,0,0,10,10.0,1.0,0.0,frames,quadratic-ac,0.002265431867707026,
independent,independent/rep0-stream0-regime0-d10/5,0,0,0,10,10.0,1.0,0.0,frames,quadratic-ac,0.002044510035136782,
independent,independent/rep0-stream0-regime0-d10/6,0,0,0,10,10.0,1.0,0.0,frames,quadratic-ac,0.0011439372243919248,
independent,independent/rep0-stream0-regime0-d10/7,0,0,0,10,10.0,1.0,0.0,frames,quadratic-ac,0.000854441836397899,
independent,independent/rep0-stream0-regime0-d10/0,0,0,0,10,10.0,1.0,0.0,frames,quadratic-vc,0.0008012697928783045,
independent,independent/rep0-stream0-regime0-d10/1,0,0,0,10,10.0,1.0,0.0,frames,quadratic-vc,0.0031216299820213136,
independent,independent/rep0-stream0-regime0-d10/2,0,0,0,10,10.0,1.0,0.0,frames,quadratic-vc,0.0009314803082174256,
independent,independent/rep0-stream0-regime0-d10/3,0,0,0,10,10.0,1.0,0.0,frames,quadratic-vc,0.0013689288439934799,
independent,independent/rep0-stream0-regime0-d10/4,0,0,0,10,10.0,1.0,0.0,frames,quadratic-vc,0.0023010223195471654,
independent,independent/rep0-stream0-regime0-d10/5,0,0,0,10,10.0,1.0,0.0,frames,quadratic-vc,0.0020585446259188023,
independent,independent/rep0-stream0-regime0-d10/6,0,0,0,10,10.0,1.0,0.0,frames,quadratic-vc,0.0011803048333168828,
independent,independent/rep0-stream0-regime0-d10/7,0,0,0,10,10.0,1.0,0.0,frames,quadratic-vc,0.0006206581629277693,
independent,independent/rep0-stream0-regime1-d10/0,0,0,1,10,1.0,1.0,0.0,staggered-cycle,quadratic-ac,0.0002672657434713744,
independent,independent/rep0-stream0-regime1-d10/1,0,0,1,10,1.0,1.0,0.0,staggered-cycle,quadratic-ac,0.0002137481962204661,
independent,independent/rep0-stream0-regime1-d10/2,0,0,1,10,1.0,1.0,0.0,staggered-cycle,quadratic-ac,0.000475700779787525,
independent,independent/rep0-stream0-regime1-d10/3,0,0,1,10,1.0,1.0,0.0,staggered-cycle,quadratic-ac,0.00011571772181991705,
independent,independent/rep0-stream0-regime1-d10/4,0,0,1,10,1.0,1.0,0.0,staggered-cycle,quadratic-ac,0.00034286443034015036,
independent,independent/rep0-stream0-regime1-d10/5,0,0,1,10,1.0,1.0,0.0,staggered-cycle,quadratic-ac,0.0003242941542265036,
independent,independent/rep0-stream0-regime1-d10/6,0,0,1,10,1.0,1.0,0.0,staggered-cycle,quadratic-ac,0.00015439019326686572,
independent,independent/rep0-stream0-regime1-d10/7,0,0,1,10,1.0,1.0,0.0,staggered-cycle,quadratic-ac,0.00019070686521460869,
independent,independent/rep0-stream0-regime1-d10/0,0,0,1,10,1.0,1.0,0.0,staggered-cycle,quadratic-vc,0.00025685875566420943,
independent,independent/rep0-stream0-regime1-d10/1,0,0,1,10,1.0,1.0,0.0,staggered-cycle,quadratic-vc,0.00017023454649170384,
independent,independent/rep0-stream0-regime1-d10/2,0,0,1,10,1.0,1.0,0.0,staggered-cycle,quadratic-vc,0.00039162648312685076,
independent,independent/rep0-stream0-regime1-d10/3,0,0,1,10,1.0,1.0,0.0,staggered-cycle,quadratic-vc,0.00011839919765106225,
independent,independent/rep0-stream0-regime1-d10/4,0,0,1,10,1.0,1.0,0.0,staggered-cycle,quadratic-vc,0.0003224501340443367,
independent,independent/rep0-stream0-regime1-d10/5,0,0,1,10,1.0,1.0,0.0,staggered-cycle,quadratic-vc,0.00034147545815675233,
independent,independent/rep0-stream0-regime1-d10/6,0,0,1,10,1.0,1.0,0.0,staggered-cycle,quadratic-vc,0.00012057019884480745,
independent,independent/rep0-stream0-regime1-d10/7,0,0,1,10,1.0,1.0,0.0,staggered-cycle,quadratic-vc,0.0002229683869741763,
independent,independent/rep0-stream0-regime1-d10/0,0,0,1,10,10.0,1.0,0.0,staggered-cycle,quadratic-ac,0.002146132537623973,
independent,independent/rep0-stream0-regime1-d10/1,0,0,1,10,10.0,1.0,0.0,staggered-cycle,quadratic-ac,0.0020130700556793206,
independent,independent/rep0-stream0-regime1-d10/2,0,0,1,10,10.0,1.0,0.0,staggered-cycle,quadratic-ac,0.0005732157821369971,
independent,independent/rep0-stream0-regime1-d10/3,0,0,1,10,10.0,1.0,0.0,staggered-cycle,quadratic-ac,0.0027973218041246607,
independent,independent/rep0-stream0-regime1-d10/4,0,0,1,10,10.0,1.0,0.0,staggered-cycle,quadratic-ac,0.005744890653025396,
independent,independent/rep0-stream0-regime1-d10/5,0,0,1,10,10.0,1.0,0.0,staggered-cycle,quadratic-ac,0.0024329365617275747,
independent,independent/rep0-stream0-regime1-d10/6,0,0,1,10,10.0,1.0,0.0,staggered-cycle,quadratic-ac,0.0007830800760991644,
independent,independent/rep0-stream0-regime1-d10/7,0,0,1,10,10.0,1.0,0.0,staggered-cycle,quadratic-ac,0.0017608196330158974,
independent,independent/rep0-stream0-regime1-d10/0,0,0,1,10,10.0,1.0,0.0,staggered-cycle,quadratic-vc,0.0017726091810431755,
independent,independent/rep0-stream0-regime1-d10/1,0,0,1,10,10.0,1.0,0.0,staggered-cycle,quadratic-vc,0.001827452847621898,
independent,independent/rep0-stream0-regime1-d10/2,0,0,1,10,10.0,1.0,0.0,staggered-cycle,quadratic-vc,0.0003525859279049177,
independent,independent/rep0-stream0-regime1-d10/3,0,0,1,10,10.0,1.0,0.0,staggered-cycle,quadratic-vc,0.002490204718239059,
independent,independent/rep0-stream0-regime1-d10/4,0,0,1,10,10.0,1.0,0.0,staggered-cycle,quadratic-vc,0.004971608336448115,
independent,independent/rep0-stream0-regime1-d10/5,0,0,1,10,10.0,1.0,0.0,staggered-cycle,quadratic-vc,0.0022356021187788385,
independent,independent/rep0-stream0-regime1-d10/6,0,0,1,10,10.0,1.0,0.0,staggered-cycle,quadratic-vc,0.0005711850834188039,
independent,independent/rep0-stream0-regime1-d10/7,0,0,1,10,10.0,1.0,0.0,staggered-cycle,quadratic-vc,0.0010950703277556745,
independent,independent/rep0-stream0-regime1-d10/0,0,0,1,10,1.0,1.0,0.0,staggered-two,quadratic-ac,0.00026327573335431254,
independent,independent/rep0-stream0-regime1-d10/1,0,0,1,10,1.0,1.0,0.0,staggered-two,quadratic-ac,0.0002612586078911623,
independent,independent/rep0-stream0-regime1-d10/2,0,0,1,10,1.0,1.0,0.0,staggered-two,quadratic-ac,0.0015968436597501394,
independent,independent/rep0-stream0-regime1-d10/3,0,0,1,10,1.0,1.0,0.0,staggered-two,quadratic-ac,0.00035313431081465576,
independent,independent/rep0-stream0-regime1-d10/4,0,0,1,10,1.0,1.0,0.0,staggered-two,quadratic-ac,0.00017137591603579516,
independent,independent/rep0-stream0-regime1-d10/5,0,0,1,10,1.0,1.0,0.0,staggered-two,quadratic-ac,0.0004888094297978841,
independent,independent/rep0-stream0-regime1-d10/6,0,0,1,10,1.0,1.0,0.0,staggered-two,quadratic-ac,0.00022111852306028272,
independent,independent/rep0-stream0-regime1-d10/7,0,0,1,10,1.0,1.0,0.0,staggered-two,quadratic-ac,0.00043896611456880464,
independent,independent/rep0-stream0-regime1-d10/0,0,0,1,10,1.0,1.0,0.0,staggered-two,quadratic-vc,0.00028634073659041155,
independent,independent/rep0-stream0-regime1-d10/1,0,0,1,10,1.0,1.0,0.0,staggered-two,quadratic-vc,0.0002558146154951144,
independent,independent/rep0-stream0-regime1-d10/2,0,0,1,10,1.0,1.0,0.0,staggered-two,quadratic-vc,0.0013137115967724248,
independent,independent/rep0-stream0-regime1-d10/3,0,0,1,10,1.0,1.0,0.0,staggered-two,quadratic-vc,0.0003424002135860219,
independent,independent/rep0-stream0-regime1-d10/4,0,0,1,10,1.0,1.0,0.0,staggered-two,quadratic-vc,0.00016480136764615417,
independent,independent/rep0-stream0-regime1-d10/5,0,0,1,10,1.0,1.0,0.0,staggered-two,quadratic-vc,0.0004803439861102775,
independent,independent/rep0-stream0-regime1-d10/6,0,0,1,10,1.0,1.0,0.0,staggered-two,quadratic-vc,0.0001627126988492708,
independent,independent/rep0-stream0-regime1-d10/7,0,0,1,10,1.0,1.0,0.0,staggered-two,quadratic-vc,0.00040360130144249636,
independent,independent/rep0-stream0-regime1-d10/0,0,0,1,10,10.0,1.0,0.0,staggered-two,quadratic-ac,0.0010554243014756898,
independent,independent/rep0-stream0-regime1-d10/1,0,0,1,10,10.0,1.0,0.0,staggered-two,quadratic-ac,0.0024398464978791605,
independent,independent/rep0-stream0-regime1-d10/2,0,0,1,10,10.0,1.0,0.0,staggered-two,quadratic-ac,0.0012711020607045222,
independent,independent/rep0-stream0-regime1-d10/3,0,0,1,10,10.0,1.0,0.0,staggered-two,quadratic-ac,0.0024025832492776296,
independent,independent/rep0-stream0-regime1-d10/4,0,0,1,10,10.0,1.0,0.0,staggered-two,quadratic-ac,0.0012280651049667737,
independent,independent/rep0-stream0-regime1-d10/5,0,0,1,10,10.0,1.0,0.0,staggered-two,quadratic-ac,0.0007050030993164023,
independent,independent/rep0-stream0-regime1-d10/6,0,0,1,10,10.0,1.0,0.0,staggered-two,quadratic-ac,0.0011264720543564647,
independent,independent/rep0-stream0-regime1-d10/7,0,0,1,10,10.0,1.0,0.0,staggered-two,quadratic-ac,0.0015560555326785438,
independent,independent/rep0-stream0-regime1-d10/0,0,0,1,10,10.0,1.0,0.0,staggered-two,quadratic-vc,0.0012949610946051222,
independent,independent/rep0-stream0-regime1-d10/1,0,0,1,10,10.0,1.0,0.0,staggered-two,quadratic-vc,0.002396137705505473,
independent,independent/rep0-stream0-regime1-d10/2,0,0,1,10,10.0,1.0,0.0,staggered-two,quadratic-vc,0.0012600470737222371,
independent,independent/rep0-stream0-regime1-d10/3,0,0,1,10,10.0,1.0,0.0,staggered-two,quadratic-vc,0.0025037588021442035,
independent,independent/rep0-stream0-regime1-d10/4,0,0,1,10,10.0,1.0,0.0,staggered-two,quadratic-vc,0.0012356536573347886,
independent,independent/rep0-stream0-regime1-d10/5,0,0,1,10,10.0,1.0,0.0,staggered-two,quadratic-vc,0.0006862322452069712,
independent,independent/rep0-stream0-regime1-d10/6,0,0,1,10,10.0,1.0,0.0,staggered-two,quadratic-vc,0.0012095390426809668,
independent,independent/rep0-stream0-regime1-d10/7,0,0,1,10,10.0,1.0,0.0,staggered-two,quadratic-vc,0.0012272211223604056,
independent,independent/rep0-stream0-regime1-d10/0,0,0,1,10,1.0,1.0,0.0,frames,quadratic-ac,0.0004773026920403731,
independent,independent/rep0-stream0-regime1-d10/1,0,0,1,10,1.0,1.0,0.0,frames,quadratic-ac,0.00026225789269386984,
independent,independent/rep0-stream0-regime1-d10/2,0,0,1,10,1.0,1.0,0.0,frames,quadratic-ac,0.00026814664010103617,
independent,independent/rep0-stream0-regime1-d10/3,0,0,1,10,1.0,1.0,0.0,frames,quadratic-ac,0.0001171892668838204,
independent,independent/rep0-stream0-regime1-d10/4,0,0,1,10,1.0,1.0,0.0,frames,quadratic-ac,0.0006014608107002339,
independent,independent/rep0-stream0-regime1-d10/5,0,0,1,10,1.0,1.0,0.0,frames,quadratic-ac,0.0002166996583734414,
independent,independent/rep0-stream0-regime1-d10/6,0,0,1,10,1.0,1.0,0.0,frames,quadratic-ac,0.0002736366210192651,
independent,independent/rep0-stream0-regime1-d10/7,0,0,1,10,1.0,1.0,0.0,frames,quadratic-ac,0.0003597177533355086,
independent,independent/rep0-stream0-regime1-d10/0,0,0,1,10,1.0,1.0,0.0,frames,quadratic-vc,0.0004715865565029372,
independent,independent/rep0-stream0-regime1-d10/1,0,0,1,10,1.0,1.0,0.0,frames,quadratic-vc,0.00025266599386928777,
independent,independent/rep0-stream0-regime1-d10/2,0,0,1,10,1.0,1.0,0.0,frames,quadratic-vc,0.00023885516131176465,
independent,independent/rep0-stream0-regime1-d10/3,0,0,1,10,1.0,1.0,0.0,frames,quadratic-vc,0.00011675153737742555,
independent,independent/rep0-stream0-regime1-d10/4,0,0,1,10,1.0,1.0,0.0,frames,quadratic-vc,0.0006090856289661399,
independent,independent/rep0-stream0-regime1-d10/5,0,0,1,10,1.0,1.0,0.0,frames,quadratic-vc,0.000228569908099373,
independent,independent/rep0-stream0-regime1-d10/6,0,0,1,10,1.0,1.0,0.0,frames,quadratic-vc,0.0002679028368406814,
independent,independent/rep0-stream0-regime1-d10/7,0,0,1,10,1.0,1.0,0.0,frames,quadratic-vc,0.00034561052106557664,
independent,independent/rep0-stream0-regime1-d10/0,0,0,1,10,10.0,1.0,0.0,frames,quadratic-ac,0.0034770410874618925,
independent,independent/rep0-stream0-regime1-d10/1,0,0,1,10,10.0,1.0,0.0,frames,quadratic-ac,0.0033597041558781227,
independent,independent/rep0-stream0-regime1-d10/2,0,0,1,10,10.0,1.0,0.0,frames,quadratic-ac,0.002694037310420065,
independent,independent/rep0-stream0-regime1-d10/3,0,0,1,10,10.0,1.0,0.0,frames,quadratic-ac,0.00378130998460512,
independent,independent/rep0-stream0-regime1-d10/4,0,0,1,10,10.0,1.0,0.0,frames,quadratic-ac,0.0016088968539563155,
independent,independent/rep0-stream0-regime1-d10/5,0,0,1,10,10.0,1.0,0.0,frames,quadratic-ac,0.003642397690997675,
independent,independent/rep0-stream0-regime1-d10/6,0,0,1,10,10.0,1.0,0.0,frames,quadratic-ac,0.0018065292887197023,
independent,independent/rep0-stream0-regime1-d10/7,0,0,1,10,10.0,1.0,0.0,frames,quadratic-ac,0.003359829379906201,
independent,independent/rep0-stream0-regime1-d10/0,0,0,1,10,10.0,1.0,0.0,frames,quadratic-vc,0.0023220942075569415,
independent,independent/rep0-stream0-regime1-d10/1,0,0,1,10,10.0,1.0,0.0,frames,quadratic-vc,0.004295962450838891,
independent,independent/rep0-stream0-regime1-d10/2,0,0,1,10,10.0,1.0,0.0,frames,quadratic-vc,0.0027041278163767476,
independent,independent/rep0-stream0-regime1-d10/3,0,0,1,10,10.0,1.0,0.0,frames,quadratic-vc,0.002326259715807011,
independent,independent/rep0-stream0-regime1-d10/4,0,0,1,10,10.0,1.0,0.0,frames,quadratic-vc,0.0014893289257905044,
independent,independent/rep0-stream0-regime1-d10/5,0,0,1,10,10.0,1.0,0.0,frames,quadratic-vc,0.0038913308889847145,
independent,independent/rep0-stream0-regime1-d10/6,0,0,1,10,10.0,1.0,0.0,frames,quadratic-vc,0.0018378845893235658,
independent,independent/rep0-stream0-regime1-d10/7,0,0,1,10,10.0,1.0,0.0,frames,quadratic-vc,0.002729839174353148,
independent,independent/rep0-stream1-regime0-d10/0,0,1,0,10,1.0,1.0,0.0,staggered-cycle,quadratic-ac,0.00013231042556270664,
independent,independent/rep0-stream1-regime0-d10/1,0,1,0,10,1.0,1.0,0.0,staggered-cycle,quadratic-ac,0.0006047880643911129,
independent,independent/rep0-stream1-regime0-d10/2,0,1,0,10,1.0,1.0,0.0,staggered-cycle,quadratic-ac,0.0001856983394902362,
independent,independent/rep0-stream1-regime0-d10/3,0,1,0,10,1.0,1.0,0.0,staggered-cycle,quadratic-ac,0.0003910618488560072,
independent,independent/rep0-stream1-regime0-d10/4,0,1,0,10,1.0,1.0,0.0,staggered-cycle,quadratic-ac,9.73468771693812e-05,
independent,independent/rep0-stream1-regime0-d10/5,0,1,0,10,1.0,1.0,0.0,staggered-cycle,quadratic-ac,0.0004341240506957042,
independent,independent/rep0-stream1-regime0-d10/6,0,1,0,10,1.0,1.0,0.0,staggered-cycle,quadratic-ac,0.0002397295534498599,
independent,independent/rep0-stream1-regime0-d10/7,0,1,0,10,1.0,1.0,0.0,staggered-cycle,quadratic-ac,0.0004921230055846365,
independent,independent/rep0-stream1-regime0-d10/0,0,1,0,10,1.0,1.0,0.0,staggered-cycle,quadratic-vc,0.00013014000168924867,
independent,independent/rep0-stream1-regime0-d10/1,0,1,0,10,1.0,1.0,0.0,staggered-cycle,quadratic-vc,0.0005706914063816374,
independent,independent/rep0-stream1-regime0-d10/2,0,1,0,10,1.0,1.0,0.0,staggered-cycle,quadratic-vc,0.00013281610342241528,
independent,independent/rep0-stream1-regime0-d10/3,0,1,0,10,1.0,1.0,0.0,staggered-cycle,quadratic-vc,0.00036920459440031183,
independent,independent/rep0-stream1-regime0-d10/4,0,1,0,10,1.0,1.0,0.0,staggered-cycle,quadratic-vc,8.060418230840367e-05,
independent,independent/rep0-stream1-regime0-d10/5,0,1,0,10,1.0,1.0,0.0,staggered-cycle,quadratic-vc,0.00038289471610682737,
independent,independent/rep0-stream1-regime0-d10/6,0,1,0,10,1.0,1.0,0.0,staggered-cycle,quadratic-vc,0.00021167060287012338,
independent,independent/rep0-stream1-regime0-d10/7,0,1,0,10,1.0,1.0,0.0,staggered-cycle,quadratic-vc,0.00047783123647807715,
independent,independent/rep0-stream1-regime0-d10/0,0,1,0,10,10.0,1.0,0.0,staggered-cycle,quadratic-ac,0.0003450159798220328,
independent,independent/rep0-stream1-regime0-d10/1,0,1,0,10,10.0,1.0,0.0,staggered-cycle,quadratic-ac,0.0007288860847990239,
independent,independent/rep0-stream1-regime0-d10/2,0,1,0,10,10.0,1.0,0.0,staggered-cycle,quadratic-ac,0.0008549531977439795,
independent,independent/rep0-stream1-regime0-d10/3,0,1,0,10,10.0,1.0,0.0,staggered-cycle,quadratic-ac,0.0006298400388773152,
independent,independent/rep0-stream1-regime0-d10/4,0,1,0,10,10.0,1.0,0.0,staggered-cycle,quadratic-ac,0.0015543461157107427,
independent,independent/rep0-stream1-regime0-d10/5,0,1,0,10,10.0,1.0,0.0,staggered-cycle,quadratic-ac,0.000539000546547461,
independent,independent/rep0-stream1-regime0-d10/6,0,1,0,10,10.0,1.0,0.0,staggered-cycle,quadratic-ac,0.0007905175405878838,
independent,independent/rep0-stream1-regime0-d10/7,0,1,0,10,10.0,1.0,0.0,staggered-cycle,quadratic-ac,0.0015110392598461574,
independent,independent/rep0-stream1-regime0-d10/0,0,1,0,10,10.0,1.0,0.0,staggered-cycle,quadratic-vc,0.00025042465245035884,
independent,independent/rep0-stream1-regime0-d10/1,0,1,0,10,10.0,1.0,0.0,staggered-cycle,quadratic-vc,0.0012370503467786932,
independent,independent/rep0-stream1-regime0-d10/2,0,1,0,10,10.0,1.0,0.0,staggered-cycle,quadratic-vc,0.0007586767067071813,
independent,independent/rep0-stream1-regime0-d10/3,0,1,0,10,10.0,1.0,0.0,staggered-cycle,quadratic-vc,0.000558982061077818,
independent,independent/rep0-stream1-regime0-d10/4,0,1,0,10,10.0,1.0,0.0,staggered-cycle,quadratic-vc,0.0017126801952690404,
independent,independent/rep0-stream1-regime0-d10/5,0,1,0,10,10.0,1.0,0.0,staggered-cycle,quadratic-vc,0.00045129506129980296,
independent,independent/rep0-stream1-regime0-d10/6,0,1,0,10,10.0,1.0,0.0,staggered-cycle,quadratic-vc,0.0007135749355304276,
independent,independent/rep0-stream1-regime0-d10/7,0,1,0,10,10.0,1.0,0.0,staggered-cycle,quadratic-vc,0.0011960462579689492,
independent,independent/rep0-stream1-regime0-d10/0,0,1,0,10,1.0,1.0,0.0,staggered-two,quadratic-ac,0.0003305179267390197,
independent,independent/rep0-stream1-regime0-d10/1,0,1,0,10,1.0,1.0,0.0,staggered-two,quadratic-ac,0.00018718917287339142,
independent,independent/rep0-stream1-regime0-d10/2,0,1,0,10,1.0,1.0,0.0,staggered-two,quadratic-ac,0.00037140723007595593,
independent,independent/rep0-stream1-regime0-d10/3,0,1,0,10,1.0,1.0,0.0,staggered-two,quadratic-ac,0.0002952653407040168,
independent,independent/rep0-stream1-regime0-d10/4,0,1,0,10,1.0,1.0,0.0,staggered-two,quadratic-ac,0.00010904527724687023,
independent,independent/rep0-stream1-regime0-d10/5,0,1,0,10,1.0,1.0,0.0,staggered-two,quadratic-ac,0.0006578283873318495,
independent,independent/rep0-stream1-regime0-d10/6,0,1,0,10,1.0,1.0,0.0,staggered-two,quadratic-ac,0.00028041312565610464,
independent,independent/rep0-stream1-regime0-d10/7,0,1,0,10,1.0,1.0,0.0,staggered-two,quadratic-ac,0.0007691157055616269,
independent,independent/rep0-stream1-regime0-d10/0,0,1,0,10,1.0,1.0,0.0,staggered-two,quadratic-vc,0.00036829379381541196,
independent,independent/rep0-stream1-regime0-d10/1,0,1,0,10,1.0,1.0,0.0,staggered-two,quadratic-vc,0.00017216850653065924,
independent,independent/rep0-stream1-regime0-d10/2,0,1,0,10,1.0,1.0,0.0,staggered-two,quadratic-vc,0.0003660209787024244,
independent,independent/rep0-stream1-regime0-d10/3,0,1,0,10,1.0,1.0,0.0,staggered-two,quadratic-vc,0.00028098734410313543,
independent,independent/rep0-stream1-regime0-d10/4,0,1,0,10,1.0,1.0,0.0,staggered-two,quadratic-vc,0.00014032621980739705,
independent,independent/rep0-stream1-regime0-d10/5,0,1,0,10,1.0,1.0,0.0,staggered-two,quadratic-vc,0.0007200584844613519,
independent,independent/rep0-stream1-regime0-d10/6,0,1,0,10,1.0,1.0,0.0,staggered-two,quadratic-vc,0.0002027970461288511,
independent,independent/rep0-stream1-regime0-d10/7,0,1,0,10,1.0,1.0,0.0,staggered-two,quadratic-vc,0.0007744131281578327,
independent,independent/rep0-stream1-regime0-d10/0,0,1,0,10,10.0,1.0,0.0,staggered-two,quadratic-ac,0.0006693335106792483,
independent,independent/rep0-stream1-regime0-d10/1,0,1,0,10,10.0,1.0,0.0,staggered-two,quadratic-ac,0.003304570982441411,
independent,independent/rep0-stream1-regime0-d10/2,0,1,0,10,10.0,1.0,0.0,staggered-two,quadratic-ac,0.0010829949367769387,
independent,independent/rep0-stream1-regime0-d10/3,0,1,0,10,10.0,1.0,0.0,staggered-two,quadratic-ac,0.000831761750054216,
independent,independent/rep0-stream1-regime0-d10/4,0,1,0,10,10.0,1.0,0.0,staggered-two,quadratic-ac,0.0010909792060109056,
independent,independent/rep0-stream1-regime0-d10/5,0,1,0,10,10.0,1.0,0.0,staggered-two,quadratic-ac,0.0024998722149444912,
independent,independent/rep0-stream1-regime0-d10/6,0,1,0,10,10.0,1.0,0.0,staggered-two,quadratic-ac,0.0008558290393122698,
independent,independent/rep0-stream1-regime0-d10/7,0,1,0,10,10.0,1.0,0.0,staggered-two,quadratic-ac,0.0019043900880025045,
independent,independent/rep0-stream1-regime0-d10/0,0,1,0,10,10.0,1.0,0.0,staggered-two,quadratic-vc,0.0006579871670009325,
independent,independent/rep0-stream1-regime0-d10/1,0,1,0,10,10.0,1.0,0.0,staggered-two,quadratic-vc,0.0017717727867309165,
independent,independent/rep0-stream1-regime0-d10/2,0,1,0,10,10.0,1.0,0.0,staggered-two,quadratic-vc,0.0009574174806086466,
independent,independent/rep0-stream1-regime0-d10/3,0,1,0,10,10.0,1.0,0.0,staggered-two,quadratic-vc,0.0008077069774602934,
independent,independent/rep0-stream1-regime0-d10/4,0,1,0,10,10.0,1.0,0.0,staggered-two,quadratic-vc,0.001130208815358767,
independent,independent/rep0-stream1-regime0-d10/5,0,1,0,10,10.0,1.0,0.0,staggered-two,quadratic-vc,0.002105920931663171,
independent,independent/rep0-stream1-regime0-d10/6,0,1,0,10,10.0,1.0,0.0,staggered-two,quadratic-vc,0.0006161699944499916,
independent,independent/rep0-stream1-regime0-d10/7,0,1,0,10,10.0,1.0,0.0,staggered-two,quadratic-vc,0.001502300038689148,
independent,independent/rep0-stream1-regime0-d10/0,0,1,0,10,1.0,1.0,0.0,frames,quadratic-ac,6.139761707574554e-05,
independent,independent/rep0-stream1-regime0-d10/1,0,1,0,10,1.0,1.0,0.0,frames,quadratic-ac,0.0001897569148359771,
independent,independent/rep0-stream1-regime0-d10/2,0,1,0,10,1.0,1.0,0.0,frames,quadratic-ac,0.00011520019512092182,
independent,independent/rep0-stream1-regime0-d10/3,0,1,0,10,1.0,1.0,0.0,frames,quadratic-ac,0.00015530953363484615,
independent,independent/rep0-stream1-regime0-d10/4,0,1,0,10,1.0,1.0,0.0,frames,quadratic-ac,0.00023690401962863609,
independent,independent/rep0-stream1-regime0-d10/5,0,1,0,10,1.0,1.0,0.0,frames,quadratic-ac,0.0003580974055497538,
independent,independent/rep0-stream1-regime0-d10/6,0,1,0,10,1.0,1.0,0.0,frames,quadratic-ac,0.0001830174643478284,
independent,independent/rep0-stream1-regime0-d10/7,0,1,0,10,1.0,1.0,0.0,frames,quadratic-ac,0.00019315543803219862,
independent,independent/rep0-stream1-regime0-d10/0,0,1,0,10,1.0,1.0,0.0,frames,quadratic-vc,5.5230546211941574e-05,
independent,independent/rep0-stream1-regime0-d10/1,0,1,0,10,1.0,1.0,0.0,frames,quadratic-vc,0.0001837788743770497,
independent,independent/rep0-stream1-regime0-d10/2,0,1,0,10,1.0,1.0,0.0,frames,quadratic-vc,0.00010282577017223648,
independent,independent/rep0-stream1-regime0-d10/3,0,1,0,10,1.0,1.0,0.0,frames,quadratic-vc,0.0001545206168045073,
independent,independent/rep0-stream1-regime0-d10/4,0,1,0,10,1.0,1.0,0.0,frames,quadratic-vc,0.00024171714487175732,
independent,independent/rep0-stream1-regime0-d10/5,0,1,0,10,1.0,1.0,0.0,frames,quadratic-vc,0.0003537508418204005,
independent,independent/rep0-stream1-regime0-d10/6,0,1,0,10,1.0,1.0,0.0,frames,quadratic-vc,0.000209420892982751,
independent,independent/rep0-stream1-regime0-d10/7,0,1,0,10,1.0,1.0,0.0,frames,quadratic-vc,0.00021773492974613257,
independent,independent/rep0-stream1-regime0-d10/0,0,1,0,10,10.0,1.0,0.0,frames,quadratic-ac,0.000948398995665622,
independent,independent/rep0-stream1-regime0-d10/1,0,1,0,10,10.0,1.0,0.0,frames,quadratic-ac,0.0020845007510506258,
independent,independent/rep0-stream1-regime0-d10/2,0,1,0,10,10.0,1.0,0.0,frames,quadratic-ac,0.002143546608502738,
independent,independent/rep0-stream1-regime0-d10/3,0,1,0,10,10.0,1.0,0.0,frames,quadratic-ac,0.0017039436053207441,
independent,independent/rep0-stream1-regime0-d10/4,0,1,0,10,10.0,1.0,0.0,frames,quadratic-ac,0.0022014912314770167,
independent,independent/rep0-stream1-regime0-d10/5,0,1,0,10,10.0,1.0,0.0,frames,quadratic-ac,0.005051846833736785,
independent,independent/rep0-stream1-regime0-d10/6,0,1,0,10,10.0,1.0,0.0,frames,quadratic-ac,0.002135961582520787,
independent,independent/rep0-stream1-regime0-d10/7,0,1,0,10,10.0,1.0,0.0,frames,quadratic-ac,0.0019459398369069951,
independent,independent/rep0-stream1-regime0-d10/0,0,1,0,10,10.0,1.0,0.0,frames,quadratic-vc,0.0009302186672605479,
independent,independent/rep0-stream1-regime0-d10/1,0,1,0,10,10.0,1.0,0.0,frames,quadratic-vc,0.002176850909145397,
independent,independent/rep0-stream1-regime0-d10/2,0,1,0,10,10.0,1.0,0.0,frames,quadratic-vc,0.0021637902537515433,
independent,independent/rep0-stream1-regime0-d10/3,0,1,0,10,10.0,1.0,0.0,frames,quadratic-vc,0.0017878650358941655,
independent,independent/rep0-stream1-regime0-d10/4,0,1,0,10,10.0,1.0,0.0,frames,quadratic-vc,0.002304515610669141,
independent,independent/rep0-stream1-regime0-d10/5,0,1,0,10,10.0,1.0,0.0,frames,quadratic-vc,0.003928017341279675,
independent,independent/rep0-stream1-regime0-d10/6,0,1,0,10,10.0,1.0,0.0,frames,quadratic-vc,0.0020508697058845395,
independent,independent/rep0-stream1-regime0-d10/7,0,1,0,10,10.0,1.0,0.0,frames,quadratic-vc,0.0019032547922234566,
independent,independent/rep0-stream1-regime1-d10/0,0,1,1,10,1.0,1.0,0.0,staggered-cycle,quadratic-ac,4.712742301663356e-05,
independent,independent/rep0-stream1-regime1-d10/1,0,1,1,10,1.0,1.0,0.0,staggered-cycle,quadratic-ac,0.0007722652814558538,
independent,independent/rep0-stream1-regime1-d10/2,0,1,1,10,1.0,1.0,0.0,staggered-cycle,quadratic-ac,0.0007772211410889478,
independent,independent/rep0-stream1-regime1-d10/3,0,1,1,10,1.0,1.0,0.0,staggered-cycle,quadratic-ac,0.0002609241596760421,
independent,independent/rep0-stream1-regime1-d10/4,0,1,1,10,1.0,1.0,0.0,staggered-cycle,quadratic-ac,0.0007395483373742404,
independent,independent/rep0-stream1-regime1-d10/5,0,1,1,10,1.0,1.0,0.0,staggered-cycle,quadratic-ac,0.0001414752069911888,
independent,independent/rep0-stream1-regime1-d10/6,0,1,1,10,1.0,1.0,0.0,staggered-cycle,quadratic-ac,0.0004966008595976685,
independent,independent/rep0-stream1-regime1-d10/7,0,1,1,10,1.0,1.0,0.0,staggered-cycle,quadratic-ac,0.00023713196344410714,
independent,independent/rep0-stream1-regime1-d10/0,0,1,1,10,1.0,1.0,0.0,staggered-cycle,quadratic-vc,6.375533448026296e-05,
independent,independent/rep0-stream1-regime1-d10/1,0,1,1,10,1.0,1.0,0.0,staggered-cycle,quadratic-vc,0.0007377096840205023,
independent,independent/rep0-stream1-regime1-d10/2,0,1,1,10,1.0,1.0,0.0,staggered-cycle,quadratic-vc,0.0007111782642678627,
independent,independent/rep0-stream1-regime1-d10/3,0,1,1,10,1.0,1.0,0.0,staggered-cycle,quadratic-vc,0.00024811344681783853,
independent,independent/rep0-stream1-regime1-d10/4,0,1,1,10,1.0,1.0,0.0,staggered-cycle,quadratic-vc,0.0007807100078679334,
independent,independent/rep0-stream1-regime1-d10/5,0,1,1,10,1.0,1.0,0.0,staggered-cycle,quadratic-vc,0.00012027679179264722,
independent,independent/rep0-stream1-regime1-d10/6,0,1,1,10,1.0,1.0,0.0,staggered-cycle,quadratic-vc,0.00046968455093677764,
independent,independent/rep0-stream1-regime1-d10/7,0,1,1,10,1.0,1.0,0.0,staggered-cycle,quadratic-vc,0.000250906175554746,
independent,independent/rep0-stream1-regime1-d10/0,0,1,1,10,10.0,1.0,0.0,staggered-cycle,quadratic-ac,0.004209749102907536,
independent,independent/rep0-stream1-regime1-d10/1,0,1,1,10,10.0,1.0,0.0,staggered-cycle,quadratic-ac,0.0008333010636085678,
independent,independent/rep0-stream1-regime1-d10/2,0,1,1,10,10.0,1.0,0.0,staggered-cycle,quadratic-ac,0.004567406121745175,
independent,independent/rep0-stream1-regime1-d10/3,0,1,1,10,10.0,1.0,0.0,staggered-cycle,quadratic-ac,0.0011317029843554377,
independent,independent/rep0-stream1-regime1-d10/4,0,1,1,10,10.0,1.0,0.0,staggered-cycle,quadratic-ac,0.001956590629037887,
independent,independent/rep0-stream1-regime1-d10/5,0,1,1,10,10.0,1.0,0.0,staggered-cycle,quadratic-ac,0.0007099868488954698,
independent,independent/rep0-stream1-regime1-d10/6,0,1,1,10,10.0,1.0,0.0,staggered-cycle,quadratic-ac,0.010601092598005426,
independent,independent/rep0-stream1-regime1-d10/7,0,1,1,10,10.0,1.0,0.0,staggered-cycle,quadratic-ac,0.0010563084844542527,
independent,independent/rep0-stream1-regime1-d10/0,0,1,1,10,10.0,1.0,0.0,staggered-cycle,quadratic-vc,0.002154137909679738,
independent,independent/rep0-stream1-regime1-d10/1,0,1,1,10,10.0,1.0,0.0,staggered-cycle,quadratic-vc,0.0008558447020716693,
independent,independent/rep0-stream1-regime1-d10/2,0,1,1,10,10.0,1.0,0.0,staggered-cycle,quadratic-vc,0.00424534073894094,
independent,independent/rep0-stream1-regime1-d10/3,0,1,1,10,10.0,1.0,0.0,staggered-cycle,quadratic-vc,0.0011631115429614016,
independent,independent/rep0-stream1-regime1-d10/4,0,1,1,10,10.0,1.0,0.0,staggered-cycle,quadratic-vc,0.0014114402204673884,
independent,independent/rep0-stream1-regime1-d10/5,0,1,1,10,10.0,1.0,0.0,staggered-cycle,quadratic-vc,0.0008136300345671663,
independent,independent/rep0-stream1-regime1-d10/6,0,1,1,10,10.0,1.0,0.0,staggered-cycle,quadratic-vc,0.011235405915323944,
independent,independent/rep0-stream1-regime1-d10/7,0,1,1,10,10.0,1.0,0.0,staggered-cycle,quadratic-vc,0.0007914116705582618,
independent,independent/rep0-stream1-regime1-d10/0,0,1,1,10,1.0,1.0,0.0,staggered-two,quadratic-ac,0.0001282675125951759,
independent,independent/rep0-stream1-regime1-d10/1,0,1,1,10,1.0,1.0,0.0,staggered-two,quadratic-ac,0.000503720201850519,
independent,independent/rep0-stream1-regime1-d10/2,0,1,1,10,1.0,1.0,0.0,staggered-two,quadratic-ac,0.0005003223913819795,
independent,independent/rep0-stream1-regime1-d10/3,0,1,1,10,1.0,1.0,0.0,staggered-two,quadratic-ac,0.0003106829857211944,
independent,independent/rep0-stream1-regime1-d10/4,0,1,1,10,1.0,1.0,0.0,staggered-two,quadratic-ac,0.0005885663408371674,
independent,independent/rep0-stream1-regime1-d10/5,0,1,1,10,1.0,1.0,0.0,staggered-two,quadratic-ac,0.00039578034528123083,
independent,independent/rep0-stream1-regime1-d10/6,0,1,1,10,1.0,1.0,0.0,staggered-two,quadratic-ac,0.00046801660165826306,
independent,independent/rep0-stream1-regime1-d10/7,0,1,1,10,1.0,1.0,0.0,staggered-two,quadratic-ac,0.00018839471715281048,
independent,independent/rep0-stream1-regime1-d10/0,0,1,1,10,1.0,1.0,0.0,staggered-two,quadratic-vc,0.00011269122811145675,
independent,independent/rep0-stream1-regime1-d10/1,0,1,1,10,1.0,1.0,0.0,staggered-two,quadratic-vc,0.00045701286633630117,
independent,independent/rep0-stream1-regime1-d10/2,0,1,1,10,1.0,1.0,0.0,staggered-two,quadratic-vc,0.0004906337978796637,
independent,independent/rep0-stream1-regime1-d10/3,0,1,1,10,1.0,1.0,0.0,staggered-two,quadratic-vc,0.00036073818555574047,
independent,independent/rep0-stream1-regime1-d10/4,0,1,1,10,1.0,1.0,0.0,staggered-two,quadratic-vc,0.0006006195897601955,
independent,independent/rep0-stream1-regime1-d10/5,0,1,1,10,1.0,1.0,0.0,staggered-two,quadratic-vc,0.0003797455686225741,
independent,independent/rep0-stream1-regime1-d10/6,0,1,1,10,1.0,1.0,0.0,staggered-two,quadratic-vc,0.0005358164238100896,
independent,independent/rep0-stream1-regime1-d10/7,0,1,1,10,1.0,1.0,0.0,staggered-two,quadratic-vc,0.0001622118827715902,
independent,independent/rep0-stream1-regime1-d10/0,0,1,1,10,10.0,1.0,0.0,staggered-two,quadratic-ac,0.004324776407064973,
independent,independent/rep0-stream1-regime1-d10/1,0,1,1,10,10.0,1.0,0.0,staggered-two,quadratic-ac,0.0020370525557267707,
independent,independent/rep0-stream1-regime1-d10/2,0,1,1,10,10.0,1.0,0.0,staggered-two,quadratic-ac,0.0004503912238469773,
independent,independent/rep0-stream1-regime1-d10/3,0,1,1,10,10.0,1.0,0.0,staggered-two,quadratic-ac,0.0006781863289163264,
independent,independent/rep0-stream1-regime1-d10/4,0,1,1,10,10.0,1.0,0.0,staggered-two,quadratic-ac,0.0014171201573420116,
independent,independent/rep0-stream1-regime1-d10/5,0,1,1,10,10.0,1.0,0.0,staggered-two,quadratic-ac,0.0007777918100510602,
independent,independent/rep0-stream1-regime1-d10/6,0,1,1,10,10.0,1.0,0.0,staggered-two,quadratic-ac,0.002164872869817446,
independent,independent/rep0-stream1-regime1-d10/7,0,1,1,10,10.0,1.0,0.0,staggered-two,quadratic-ac,0.0018489230652631702,
independent,independent/rep0-stream1-regime1-d10/0,0,1,1,10,10.0,1.0,0.0,staggered-two,quadratic-vc,0.003184088773594131,
independent,independent/rep0-stream1-regime1-d10/1,0,1,1,10,10.0,1.0,0.0,staggered-two,quadratic-vc,0.002426429665446413,
independent,independent/rep0-stream1-regime1-d10/2,0,1,1,10,10.0,1.0,0.0,staggered-two,quadratic-vc,0.00049829658739368,
independent,independent/rep0-stream1-regime1-d10/3,0,1,1,10,10.0,1.0,0.0,staggered-two,quadratic-vc,0.0007098516402634524,
independent,independent/rep0-stream1-regime1-d10/4,0,1,1,10,10.0,1.0,0.0,staggered-two,quadratic-vc,0.0009358630176087799,
independent,independent/rep0-stream1-regime1-d10/5,0,1,1,10,10.0,1.0,0.0,staggered-two,quadratic-vc,0.0008873558029048694,
independent,independent/rep0-stream1-regime1-d10/6,0,1,1,10,10.0,1.0,0.0,staggered-two,quadratic-vc,0.0022901752349060354,
independent,independent/rep0-stream1-regime1-d10/7,0,1,1,10,10.0,1.0,0.0,staggered-two,quadratic-vc,0.0020588024866999965,
independent,independent/rep0-stream1-regime1-d10/0,0,1,1,10,1.0,1.0,0.0,frames,quadratic-ac,0.00016423019004810775,
independent,independent/rep0-stream1-regime1-d10/1,0,1,1,10,1.0,1.0,0.0,frames,quadratic-ac,0.00010944147620386071,
independent,independent/rep0-stream1-regime1-d10/2,0,1,1,10,1.0,1.0,0.0,frames,quadratic-ac,0.0011052230537189154,
independent,independent/rep0-stream1-regime1-d10/3,0,1,1,10,1.0,1.0,0.0,frames,quadratic-ac,0.0002927260393796944,
independent,independent/rep0-stream1-regime1-d10/4,0,1,1,10,1.0,1.0,0.0,frames,quadratic-ac,0.00041422850300760697,
independent,independent/rep0-stream1-regime1-d10/5,0,1,1,10,1.0,1.0,0.0,frames,quadratic-ac,8.136265897992244e-05,
independent,independent/rep0-stream1-regime1-d10/6,0,1,1,10,1.0,1.0,0.0,frames,quadratic-ac,0.00025799762409309794,
independent,independent/rep0-stream1-regime1-d10/7,0,1,1,10,1.0,1.0,0.0,frames,quadratic-ac,0.00037421912074300903,
independent,independent/rep0-stream1-regime1-d10/0,0,1,1,10,1.0,1.0,0.0,frames,quadratic-vc,0.00013774424046873732,
independent,independent/rep0-stream1-regime1-d10/1,0,1,1,10,1.0,1.0,0.0,frames,quadratic-vc,0.00015324842188685727,
independent,independent/rep0-stream1-regime1-d10/2,0,1,1,10,1.0,1.0,0.0,frames,quadratic-vc,0.0009795759214237681,
independent,independent/rep0-stream1-regime1-d10/3,0,1,1,10,1.0,1.0,0.0,frames,quadratic-vc,0.0002670068967197625,
independent,independent/rep0-stream1-regime1-d10/4,0,1,1,10,1.0,1.0,0.0,frames,quadratic-vc,0.0004347674525550748,
independent,independent/rep0-stream1-regime1-d10/5,0,1,1,10,1.0,1.0,0.0,frames,quadratic-vc,6.542987530589532e-05,
independent,independent/rep0-stream1-regime1-d10/6,0,1,1,10,1.0,1.0,0.0,frames,quadratic-vc,0.0002500869608703572,
independent,independent/rep0-stream1-regime1-d10/7,0,1,1,10,1.0,1.0,0.0,frames,quadratic-vc,0.0003160919302760243,
independent,independent/rep0-stream1-regime1-d10/0,0,1,1,10,10.0,1.0,0.0,frames,quadratic-ac,0.0034466044017685666,
independent,independent/rep0-stream1-regime1-d10/1,0,1,1,10,10.0,1.0,0.0,frames,quadratic-ac,0.002543221888805905,
independent,independent/rep0-stream1-regime1-d10/2,0,1,1,10,10.0,1.0,0.0,frames,quadratic-ac,0.0034087995255555445,
independent,independent/rep0-stream1-regime1-d10/3,0,1,1,10,10.0,1.0,0.0,frames,quadratic-ac,0.0031571108034798754,
independent,independent/rep0-stream1-regime1-d10/4,0,1,1,10,10.0,1.0,0.0,frames,quadratic-ac,0.002117833286068214,
independent,independent/rep0-stream1-regime1-d10/5,0,1,1,10,10.0,1.0,0.0,frames,quadratic-ac,0.001477737784834076,
independent,independent/rep0-stream1-regime1-d10/6,0,1,1,10,10.0,1.0,0.0,frames,quadratic-ac,0.00205640869390497,
independent,independent/rep0-stream1-regime1-d10/7,0,1,1,10,10.0,1.0,0.0,frames,quadratic-ac,0.002501014726499,
independent,independent/rep0-stream1-regime1-d10/0,0,1,1,10,10.0,1.0,0.0,frames,quadratic-vc,0.0034273695816271995,
independent,independent/rep0-stream1-regime1-d10/1,0,1,1,10,10.0,1.0,0.0,frames,quadratic-vc,0.002685192741958951,
independent,independent/rep0-stream1-regime1-d10/2,0,1,1,10,10.0,1.0,0.0,frames,quadratic-vc,0.0030346247196983904,
independent,independent/rep0-stream1-regime1-d10/3,0,1,1,10,10.0,1.0,0.0,frames,quadratic-vc,0.003038289093797964,
independent,independent/rep0-stream1-regime1-d10/4,0,1,1,10,10.0,1.0,0.0,frames,quadratic-vc,0.0018913421146168176,
independent,independent/rep0-stream1-regime1-d10/5,0,1,1,10,10.0,1.0,0.0,frames,quadratic-vc,0.0013383420698413293,
independent,independent/rep0-stream1-regime1-d10/6,0,1,1,10,10.0,1.0,0.0,frames,quadratic-vc,0.0016519637206827084,
independent,independent/rep0-stream1-regime1-d10/7,0,1,1,10,10.0,1.0,0.0,frames,quadratic-vc,0.002456803385589453,
independent,independent/rep1-stream0-regime0-d10/0,1,0,0,10,1.0,1.0,0.0,staggered-cycle,quadratic-ac,0.00039292616128395314,
independent,independent/rep1-stream0-regime0-d10/1,1,0,0,10,1.0,1.0,0.0,staggered-cycle,quadratic-ac,0.0002877896930980321,
independent,independent/rep1-stream0-regime0-d10/2,1,0,0,10,1.0,1.0,0.0,staggered-cycle,quadratic-ac,0.00019550798137872938,
independent,independent/rep1-stream0-regime0-d10/3,1,0,0,10,1.0,1.0,0.0,staggered-cycle,quadratic-ac,0.00014408756246082958,
independent,independent/rep1-stream0-regime0-d10/4,1,0,0,10,1.0,1.0,0.0,staggered-cycle,quadratic-ac,0.0003917893959741189,
independent,independent/rep1-stream0-regime0-d10/5,1,0,0,10,1.0,1.0,0.0,staggered-cycle,quadratic-ac,5.7151231058439616e-05,
independent,independent/rep1-stream0-regime0-d10/6,1,0,0,10,1.0,1.0,0.0,staggered-cycle,quadratic-ac,0.00010485859613897052,
independent,independent/rep1-stream0-regime0-d10/7,1,0,0,10,1.0,1.0,0.0,staggered-cycle,quadratic-ac,6.578041088054074e-05,
independent,independent/rep1-stream0-regime0-d10/0,1,0,0,10,1.0,1.0,0.0,staggered-cycle,quadratic-vc,0.00042539349754163076,
independent,independent/rep1-stream0-regime0-d10/1,1,0,0,10,1.0,1.0,0.0,staggered-cycle,quadratic-vc,0.00025979153579755535,
independent,independent/rep1-stream0-regime0-d10/2,1,0,0,10,1.0,1.0,0.0,staggered-cycle,quadratic-vc,0.00018806408770920805,
independent,independent/rep1-stream0-regime0-d10/3,1,0,0,10,1.0,1.0,0.0,staggered-cycle,quadratic-vc,0.00022124140296428624,
independent,independent/rep1-stream0-regime0-d10/4,1,0,0,10,1.0,1.0,0.0,staggered-cycle,quadratic-vc,0.00038529478344205407,
independent,independent/rep1-stream0-regime0-d10/5,1,0,0,10,1.0,1.0,0.0,staggered-cycle,quadratic-vc,6.567422570235544e-05,
independent,independent/rep1-stream0-regime0-d10/6,1,0,0,10,1.0,1.0,0.0,staggered-cycle,quadratic-vc,0.00017581379025090882,
independent,independent/rep1-stream0-regime0-d10/7,1,0,0,10,1.0,1.0,0.0,staggered-cycle,quadratic-vc,7.169014961103042e-05,
independent,independent/rep1-stream0-regime0-d10/0,1,0,0,10,10.0,1.0,0.0,staggered-cycle,quadratic-ac,0.00031440005043546147,
independent,independent/rep1-stream0-regime0-d10/1,1,0,0,10,10.0,1.0,0.0,staggered-cycle,quadratic-ac,0.0008220926122106755,
independent,independent/rep1-stream0-regime0-d10/2,1,0,0,10,10.0,1.0,0.0,staggered-cycle,quadratic-ac,0.0009579211298861905,
independent,independent/rep1-stream0-regime0-d10/3,1,0,0,10,10.0,1.0,0.0,staggered-cycle,quadratic-ac,0.0012584764444697324,
independent,independent/rep1-stream0-regime0-d10/4,1,0,0,10,10.0,1.0,0.0,staggered-cycle,quadratic-ac,0.0003885904822530491,
independent,independent/rep1-stream0-regime0-d10/5,1,0,0,10,10.0,1.0,0.0,staggered-cycle,quadratic-ac,0.0017113556870426208,
independent,independent/rep1-stream0-regime0-d10/6,1,0,0,10,10.0,1.0,0.0,staggered-cycle,quadratic-ac,0.0001012858182710685,
independent,independent/rep1-stream0-regime0-d10/7,1,0,0,10,10.0,1.0,0.0,staggered-cycle,quadratic-ac,0.0013381796933918163,
independent,independent/rep1-stream0-regime0-d10/0,1,0,0,10,10.0,1.0,0.0,staggered-cycle,quadratic-vc,0.00022992853140504083,
independent,independent/rep1-stream0-regime0-d10/1,1,0,0,10,10.0,1.0,0.0,staggered-cycle,quadratic-vc,0.0007858276355194915,
independent,independent/rep1-stream0-regime0-d10/2,1,0,0,10,10.0,1.0,0.0,staggered-cycle,quadratic-vc,0.0008618736983661421,
independent,independent/rep1-stream0-regime0-d10/3,1,0,0,10,10.0,1.0,0.0,staggered-cycle,quadratic-vc,0.0010782135023311417,
independent,independent/rep1-stream0-regime0-d10/4,1,0,0,10,10.0,1.0,0.0,staggered-cycle,quadratic-vc,0.00043645379727684936,
independent,independent/rep1-stream0-regime0-d10/5,1,0,0,10,10.0,1.0,0.0,staggered-cycle,quadratic-vc,0.0016096614720430655,
independent,independent/rep1-stream0-regime0-d10/6,1,0,0,10,10.0,1.0,0.0,staggered-cycle,quadratic-vc,0.00011447507479378242,
independent,independent/rep1-stream0-regime0-d10/7,1,0,0,10,10.0,1.0,0.0,staggered-cycle,quadratic-vc,0.0012010511616808283,
independent,independent/rep1-stream0-regime0-d10/0,1,0,0,10,1.0,1.0,0.0,staggered-two,quadratic-ac,0.0003907551557739799,
independent,independent/rep1-stream0-regime0-d10/1,1,0,0,10,1.0,1.0,0.0,staggered-two,quadratic-ac,0.0002510578945082977,
independent,independent/rep1-stream0-regime0-d10/2,1,0,0,10,1.0,1.0,0.0,staggered-two,quadratic-ac,0.0002776668177851382,
independent,independent/rep1-stream0-regime0-d10/3,1,0,0,10,1.0,1.0,0.0,staggered-two,quadratic-ac,0.00021462099940666726,
independent,independent/rep1-stream0-regime0-d10/4,1,0,0,10,1.0,1.0,0.0,staggered-two,quadratic-ac,4.380292447518198e-05,
independent,independent/rep1-stream0-regime0-d10/5,1,0,0,10,1.0,1.0,0.0,staggered-two,quadratic-ac,0.00020545942142191203,
independent,independent/rep1-stream0-regime0-d10/6,1,0,0,10,1.0,1.0,0.0,staggered-two,quadratic-ac,0.0006938167726833504,
independent,independent/rep1-stream0-regime0-d10/7,1,0,0,10,1.0,1.0,0.0,staggered-two,quadratic-ac,0.00021211355772681197,
independent,independent/rep1-stream0-regime0-d10/0,1,0,0,10,1.0,1.0,0.0,staggered-two,quadratic-vc,0.0004324565737953154,
independent,independent/rep1-stream0-regime0-d10/1,1,0,0,10,1.0,1.0,0.0,staggered-two,quadratic-vc,0.0002528262464147466,
independent,independent/rep1-stream0-regime0-d10/2,1,0,0,10,1.0,1.0,0.0,staggered-two,quadratic-vc,0.0003273369120855066,
independent,independent/rep1-stream0-regime0-d10/3,1,0,0,10,1.0,1.0,0.0,staggered-two,quadratic-vc,0.00019793684806341394,
independent,independent/rep1-stream0-regime0-d10/4,1,0,0,10,1.0,1.0,0.0,staggered-two,quadratic-vc,2.768052359029116e-05,
independent,independent/rep1-stream0-regime0-d10/5,1,0,0,10,1.0,1.0,0.0,staggered-two,quadratic-vc,0.0002324273468331322,
independent,independent/rep1-stream0-regime0-d10/6,1,0,0,10,1.0,1.0,0.0,staggered-two,quadratic-vc,0.0007522885052576059,
independent,independent/rep1-stream0-regime0-d10/7,1,0,0,10,1.0,1.0,0.0,staggered-two,quadratic-vc,0.00021069677535716876,
independent,independent/rep1-stream0-regime0-d10/0,1,0,0,10,10.0,1.0,0.0,staggered-two,quadratic-ac,0.0003330503024286415,
independent,independent/rep1-stream0-regime0-d10/1,1,0,0,10,10.0,1.0,0.0,staggered-two,quadratic-ac,0.0009171043681060523,
independent,independent/rep1-stream0-regime0-d10/2,1,0,0,10,10.0,1.0,0.0,staggered-two,quadratic-ac,0.0012256230703726941,
independent,independent/rep1-stream0-regime0-d10/3,1,0,0,10,10.0,1.0,0.0,staggered-two,quadratic-ac,0.0014678780179449367,
independent,independent/rep1-stream0-regime0-d10/4,1,0,0,10,10.0,1.0,0.0,staggered-two,quadratic-ac,0.0010664732069380462,
independent,independent/rep1-stream0-regime0-d10/5,1,0,0,10,10.0,1.0,0.0,staggered-two,quadratic-ac,0.0005216463190886634,
independent,independent/rep1-stream0-regime0-d10/6,1,0,0,10,10.0,1.0,0.0,staggered-two,quadratic-ac,0.00018475288135970565,
independent,independent/rep1-stream0-regime0-d10/7,1,0,0,10,10.0,1.0,0.0,staggered-two,quadratic-ac,0.0017565318092591508,
independent,independent/rep1-stream0-regime0-d10/0,1,0,0,10,10.0,1.0,0.0,staggered-two,quadratic-vc,0.00027403780567874863,
independent,independent/rep1-stream0-regime0-d10/1,1,0,0,10,10.0,1.0,0.0,staggered-two,quadratic-vc,0.0007028897934498224,
independent,independent/rep1-stream0-regime0-d10/2,1,0,0,10,10.0,1.0,0.0,staggered-two,quadratic-vc,0.0013350005106492744,
independent,independent/rep1-stream0-regime0-d10/3,1,0,0,10,10.0,1.0,0.0,staggered-two,quadratic-vc,0.0013912527112344142,
independent,independent/rep1-stream0-regime0-d10/4,1,0,0,10,10.0,1.0,0.0,staggered-two,quadratic-vc,0.0011435979725635166,
independent,independent/rep1-stream0-regime0-d10/5,1,0,0,10,10.0,1.0,0.0,staggered-two,quadratic-vc,0.0004899978792275326,
independent,independent/rep1-stream0-regime0-d10/6,1,0,0,10,10.0,1.0,0.0,staggered-two,quadratic-vc,0.00022790945178795214,
independent,independent/rep1-stream0-regime0-d10/7,1,0,0,10,10.0,1.0,0.0,staggered-two,quadratic-vc,0.001659259372340302,
independent,independent/rep1-stream0-regime0-d10/0,1,0,0,10,1.0,1.0,0.0,frames,quadratic-ac,0.0002971651325683419,
independent,independent/rep1-stream0-regime0-d10/1,1,0,0,10,1.0,1.0,0.0,frames,quadratic-ac,0.0013869962583535978,
independent,independent/rep1-stream0-regime0-d10/2,1,0,0,10,1.0,1.0,0.0,frames,quadratic-ac,0.00010281753206192302,
independent,independent/rep1-stream0-regime0-d10/3,1,0,0,10,1.0,1.0,0.0,frames,quadratic-ac,0.00013817526662529997,
independent,independent/rep1-stream0-regime0-d10/4,1,0,0,10,1.0,1.0,0.0,frames,quadratic-ac,0.0003046099884582114,
independent,independent/rep1-stream0-regime0-d10/5,1,0,0,10,1.0,1.0,0.0,frames,quadratic-ac,0.00029712590571673097,
independent,independent/rep1-stream0-regime0-d10/6,1,0,0,10,1.0,1.0,0.0,frames,quadratic-ac,0.0013641537477994978,
independent,independent/rep1-stream0-regime0-d10/7,1,0,0,10,1.0,1.0,0.0,frames,quadratic-ac,0.0005786756754737745,
independent,independent/rep1-stream0-regime0-d10/0,1,0,0,10,1.0,1.0,0.0,frames,quadratic-vc,0.0003035773533300514,
independent,independent/rep1-stream0-regime0-d10/1,1,0,0,10,1.0,1.0,0.0,frames,quadratic-vc,0.0014863000321447787,
independent,independent/rep1-stream0-regime0-d10/2,1,0,0,10,1.0,1.0,0.0,frames,quadratic-vc,9.655432813407193e-05,
independent,independent/rep1-stream0-regime0-d10/3,1,0,0,10,1.0,1.0,0.0,frames,quadratic-vc,0.00014713964794385595,
independent,independent/rep1-stream0-regime0-d10/4,1,0,0,10,1.0,1.0,0.0,frames,quadratic-vc,0.00030047499979949836,
independent,independent/rep1-stream0-regime0-d10/5,1,0,0,10,1.0,1.0,0.0,frames,quadratic-vc,0.00026798526926756115,
independent,independent/rep1-stream0-regime0-d10/6,1,0,0,10,1.0,1.0,0.0,frames,quadratic-vc,0.0015133683406401885,
independent,independent/rep1-stream0-regime0-d10/7,1,0,0,10,1.0,1.0,0.0,frames,quadratic-vc,0.0006174685748050169,
independent,independent/rep1-stream0-regime0-d10/0,1,0,0,10,10.0,1.0,0.0,frames,quadratic-ac,0.0013553867792995466,
independent,independent/rep1-stream0-regime0-d10/1,1,0,0,10,10.0,1.0,0.0,frames,quadratic-ac,0.001344838309238183,
independent,independent/rep1-stream0-regime0-d10/2,1,0,0,10,10.0,1.0,0.0,frames,quadratic-ac,0.0007901184551267247,
independent,independent/rep1-stream0-regime0-d10/3,1,0,0,10,10.0,1.0,0.0,frames,quadratic-ac,0.0027579873628101894,
independent,independent/rep1-stream0-regime0-d10/4,1,0,0,10,10.0,1.0,0.0,frames,quadratic-ac,0.0009552623634521072,
independent,independent/rep1-stream0-regime0-d10/5,1,0,0,10,10.0,1.0,0.0,frames,quadratic-ac,0.0021301714772934814,
independent,independent/rep1-stream0-regime0-d10/6,1,0,0,10,10.0,1.0,0.0,frames,quadratic-ac,0.0011546776847143124,
independent,independent/rep1-stream0-regime0-d10/7,1,0,0,10,10.0,1.0,0.0,frames,quadratic-ac,0.002810719933330116,
independent,independent/rep1-stream0-regime0-d10/0,1,0,0,10,10.0,1.0,0.0,frames,quadratic-vc,0.0012356707017808762,
independent,independent/rep1-stream0-regime0-d10/1,1,0,0,10,10.0,1.0,0.0,frames,quadratic-vc,0.0012407710048244237,
independent,independent/rep1-stream0-regime0-d10/2,1,0,0,10,10.0,1.0,0.0,frames,quadratic-vc,0.0005222124250316361,
independent,independent/rep1-stream0-regime0-d10/3,1,0,0,10,10.0,1.0,0.0,frames,quadratic-vc,0.003554478193494422,
independent,independent/rep1-stream0-regime0-d10/4,1,0,0,10,10.0,1.0,0.0,frames,quadratic-vc,0.0013581049749429234,
independent,independent/rep1-stream0-regime0-d10/5,1,0,0,10,10.0,1.0,0.0,frames,quadratic-vc,0.001985092765818244,
independent,independent/rep1-stream0-regime0-d10/6,1,0,0,10,10.0,1.0,0.0,frames,quadratic-vc,0.001242148545573713,
independent,independent/rep1-stream0-regime0-d10/7,1,0,0,10,10.0,1.0,0.0,frames,quadratic-vc,0.002783572716400705,
independent,independent/rep1-stream0-regime1-d10/0,1,0,1,10,1.0,1.0,0.0,staggered-cycle,quadratic-ac,0.0007448793297021522,
independent,independent/rep1-stream0-regime1-d10/1,1,0,1,10,1.0,1.0,0.0,staggered-cycle,quadratic-ac,0.0004506533831375235,
independent,independent/rep1-stream0-regime1-d10/2,1,0,1,10,1.0,1.0,0.0,staggered-cycle,quadratic-ac,0.00023994345316564908,
independent,independent/rep1-stream0-regime1-d10/3,1,0,1,10,1.0,1.0,0.0,staggered-cycle,quadratic-ac,0.0005704592873372528,
independent,independent/rep1-stream0-regime1-d10/4,1,0,1,10,1.0,1.0,0.0,staggered-cycle,quadratic-ac,0.00015068346917884902,
independent,independent/rep1-stream0-regime1-d10/5,1,0,1,10,1.0,1.0,0.0,staggered-cycle,quadratic-ac,0.0001281410659720772,
independent,independent/rep1-stream0-regime1-d10/6,1,0,1,10,1.0,1.0,0.0,staggered-cycle,quadratic-ac,0.00010349859769372674,
independent,independent/rep1-stream0-regime1-d10/7,1,0,1,10,1.0,1.0,0.0,staggered-cycle,quadratic-ac,0.0002840531477205004,
independent,independent/rep1-stream0-regime1-d10/0,1,0,1,10,1.0,1.0,0.0,staggered-cycle,quadratic-vc,0.001057742738671409,
independent,independent/rep1-stream0-regime1-d10/1,1,0,1,10,1.0,1.0,0.0,staggered-cycle,quadratic-vc,0.00035976731628215545,
independent,independent/rep1-stream0-regime1-d10/2,1,0,1,10,1.0,1.0,0.0,staggered-cycle,quadratic-vc,0.00022988499254728587,
independent,independent/rep1-stream0-regime1-d10/3,1,0,1,10,1.0,1.0,0.0,staggered-cycle,quadratic-vc,0.0005105697714910942,
independent,independent/rep1-stream0-regime1-d10/4,1,0,1,10,1.0,1.0,0.0,staggered-cycle,quadratic-vc,0.0001394004529897577,
independent,independent/rep1-stream0-regime1-d10/5,1,0,1,10,1.0,1.0,0.0,staggered-cycle,quadratic-vc,0.00015812848132678293,
independent,independent/rep1-stream0-regime1-d10/6,1,0,1,10,1.0,1.0,0.0,staggered-cycle,quadratic-vc,9.385026690188515e-05,
independent,independent/rep1-stream0-regime1-d10/7,1,0,1,10,1.0,1.0,0.0,staggered-cycle,quadratic-vc,0.0002948718513792745,
independent,independent/rep1-stream0-regime1-d10/0,1,0,1,10,10.0,1.0,0.0,staggered-cycle,quadratic-ac,0.0016168568504450712,
independent,independent/rep1-stream0-regime1-d10/1,1,0,1,10,10.0,1.0,0.0,staggered-cycle,quadratic-ac,0.0017677137866827697,
independent,independent/rep1-stream0-regime1-d10/2,1,0,1,10,10.0,1.0,0.0,staggered-cycle,quadratic-ac,0.0018571171801225513,
independent,independent/rep1-stream0-regime1-d10/3,1,0,1,10,10.0,1.0,0.0,staggered-cycle,quadratic-ac,0.001810146037305095,
independent,independent/rep1-stream0-regime1-d10/4,1,0,1,10,10.0,1.0,0.0,staggered-cycle,quadratic-ac,0.0019172924638218574,
independent,independent/rep1-stream0-regime1-d10/5,1,0,1,10,10.0,1.0,0.0,staggered-cycle,quadratic-ac,0.0029873479032585712,
independent,independent/rep1-stream0-regime1-d10/6,1,0,1,10,10.0,1.0,0.0,staggered-cycle,quadratic-ac,0.002695886118298314,
independent,independent/rep1-stream0-regime1-d10/7,1,0,1,10,10.0,1.0,0.0,staggered-cycle,quadratic-ac,0.004423089907232479,
independent,independent/rep1-stream0-regime1-d10/0,1,0,1,10,10.0,1.0,0.0,staggered-cycle,quadratic-vc,0.0018104060049346476,
independent,independent/rep1-stream0-regime1-d10/1,1,0,1,10,10.0,1.0,0.0,staggered-cycle,quadratic-vc,0.0011831087711131735,
independent,independent/rep1-stream0-regime1-d10/2,1,0,1,10,10.0,1.0,0.0,staggered-cycle,quadratic-vc,0.0010199058201128268,
independent,independent/rep1-stream0-regime1-d10/3,1,0,1,10,10.0,1.0,0.0,staggered-cycle,quadratic-vc,0.002162680828612127,
independent,independent/rep1-stream0-regime1-d10/4,1,0,1,10,10.0,1.0,0.0,staggered-cycle,quadratic-vc,0.0012287684814134107,
independent,independent/rep1-stream0-regime1-d10/5,1,0,1,10,10.0,1.0,0.0,staggered-cycle,quadratic-vc,0.002750138453394811,
independent,independent/rep1-stream0-regime1-d10/6,1,0,1,10,10.0,1.0,0.0,staggered-cycle,quadratic-vc,0.0021312867419431775,
independent,independent/rep1-stream0-regime1-d10/7,1,0,1,10,10.0,1.0,0.0,staggered-cycle,quadratic-vc,0.004014074852453419,
independent,independent/rep1-stream0-regime1-d10/0,1,0,1,10,1.0,1.0,0.0,staggered-two,quadratic-ac,0.00043619692787583516,
independent,independent/rep1-stream0-regime1-d10/1,1,0,1,10,1.0,1.0,0.0,staggered-two,quadratic-ac,0.00025281766856680697,
independent,independent/rep1-stream0-regime1-d10/2,1,0,1,10,1.0,1.0,0.0,staggered-two,quadratic-ac,0.0001351377611904072,
independent,independent/rep1-stream0-regime1-d10/3,1,0,1,10,1.0,1.0,0.0,staggered-two,quadratic-ac,0.0002795566452482426,
independent,independent/rep1-stream0-regime1-d10/4,1,0,1,10,1.0,1.0,0.0,staggered-two,quadratic-ac,0.00022593395364165343,
independent,independent/rep1-stream0-regime1-d10/5,1,0,1,10,1.0,1.0,0.0,staggered-two,quadratic-ac,0.0001786536247212644,
independent,independent/rep1-stream0-regime1-d10/6,1,0,1,10,1.0,1.0,0.0,staggered-two,quadratic-ac,0.0003471257219093982,
independent,independent/rep1-stream0-regime1-d10/7,1,0,1,10,1.0,1.0,0.0,staggered-two,quadratic-ac,0.00011928633790084139,
independent,independent/rep1-stream0-regime1-d10/0,1,0,1,10,1.0,1.0,0.0,staggered-two,quadratic-vc,0.0005963033671708169,
independent,independent/rep1-stream0-regime1-d10/1,1,0,1,10,1.0,1.0,0.0,staggered-two,quadratic-vc,0.00017595394051875713,
independent,independent/rep1-stream0-regime1-d10/2,1,0,1,10,1.0,1.0,0.0,staggered-two,quadratic-vc,0.00011664658658087351,
independent,independent/rep1-stream0-regime1-d10/3,1,0,1,10,1.0,1.0,0.0,staggered-two,quadratic-vc,0.0002264344650102641,
independent,independent/rep1-stream0-regime1-d10/4,1,0,1,10,1.0,1.0,0.0,staggered-two,quadratic-vc,0.0002113800405534891,
independent,independent/rep1-stream0-regime1-d10/5,1,0,1,10,1.0,1.0,0.0,staggered-two,quadratic-vc,0.000132962940641579,
independent,independent/rep1-stream0-regime1-d10/6,1,0,1,10,1.0,1.0,0.0,staggered-two,quadratic-vc,0.00033939572519087413,
independent,independent/rep1-stream0-regime1-d10/7,1,0,1,10,1.0,1.0,0.0,staggered-two,quadratic-vc,0.00011409430570617578,
independent,independent/rep1-stream0-regime1-d10/0,1,0,1,10,10.0,1.0,0.0,staggered-two,quadratic-ac,0.003053431360037722,
independent,independent/rep1-stream0-regime1-d10/1,1,0,1,10,10.0,1.0,0.0,staggered-two,quadratic-ac,0.001396430426208692,
independent,independent/rep1-stream0-regime1-d10/2,1,0,1,10,10.0,1.0,0.0,staggered-two,quadratic-ac,0.0034629913584027523,
independent,independent/rep1-stream0-regime1-d10/3,1,0,1,10,10.0,1.0,0.0,staggered-two,quadratic-ac,0.0021068817042107727,
independent,independent/rep1-stream0-regime1-d10/4,1,0,1,10,10.0,1.0,0.0,staggered-two,quadratic-ac,0.001591386448383125,
independent,independent/rep1-stream0-regime1-d10/5,1,0,1,10,10.0,1.0,0.0,staggered-two,quadratic-ac,0.0019448161778509124,
independent,independent/rep1-stream0-regime1-d10/6,1,0,1,10,10.0,1.0,0.0,staggered-two,quadratic-ac,0.002470199457783074,
independent,independent/rep1-stream0-regime1-d10/7,1,0,1,10,10.0,1.0,0.0,staggered-two,quadratic-ac,0.005550297776039106,
independent,independent/rep1-stream0-regime1-d10/0,1,0,1,10,10.0,1.0,0.0,staggered-two,quadratic-vc,0.002300077379598619,
independent,independent/rep1-stream0-regime1-d10/1,1,0,1,10,10.0,1.0,0.0,staggered-two,quadratic-vc,0.0012623748240087752,
independent,independent/rep1-stream0-regime1-d10/2,1,0,1,10,10.0,1.0,0.0,staggered-two,quadratic-vc,0.0023221026632552068,
independent,independent/rep1-stream0-regime1-d10/3,1,0,1,10,10.0,1.0,0.0,staggered-two,quadratic-vc,0.00195694391156599,
independent,independent/rep1-stream0-regime1-d10/4,1,0,1,10,10.0,1.0,0.0,staggered-two,quadratic-vc,0.0014076756698467921,
independent,independent/rep1-stream0-regime1-d10/5,1,0,1,10,10.0,1.0,0.0,staggered-two,quadratic-vc,0.0018272311753979658,
independent,independent/rep1-stream0-regime1-d10/6,1,0,1,10,10.0,1.0,0.0,staggered-two,quadratic-vc,0.001785155806663417,
independent,independent/rep1-stream0-regime1-d10/7,1,0,1,10,10.0,1.0,0.0,staggered-two,quadratic-vc,0.005293712990294259,
independent,independent/rep1-stream0-regime1-d10/0,1,0,1,10,1.0,1.0,0.0,frames,quadratic-ac,0.0002174991883248422,
independent,independent/rep1-stream0-regime1-d10/1,1,0,1,10,1.0,1.0,0.0,frames,quadratic-ac,0.0001946278695925737,
independent,independent/rep1-stream0-regime1-d10/2,1,0,1,10,1.0,1.0,0.0,frames,quadratic-ac,0.0003805920442418681,
independent,independent/rep1-stream0-regime1-d10/3,1,0,1,10,1.0,1.0,0.0,frames,quadratic-ac,0.00043032156478427745,
independent,independent/rep1-stream0-regime1-d10/4,1,0,1,10,1.0,1.0,0.0,frames,quadratic-ac,0.0001945166032432682,
independent,independent/rep1-stream0-regime1-d10/5,1,0,1,10,1.0,1.0,0.0,frames,quadratic-ac,0.00030515620165855336,
independent,independent/rep1-stream0-regime1-d10/6,1,0,1,10,1.0,1.0,0.0,frames,quadratic-ac,0.00019663732999372136,
independent,independent/rep1-stream0-regime1-d10/7,1,0,1,10,1.0,1.0,0.0,frames,quadratic-ac,0.0009641116825780202,
independent,independent/rep1-stream0-regime1-d10/0,1,0,1,10,1.0,1.0,0.0,frames,quadratic-vc,0.00023276403965238204,
independent,independent/rep1-stream0-regime1-d10/1,1,0,1,10,1.0,1.0,0.0,frames,quadratic-vc,0.000160951131975361,
independent,independent/rep1-stream0-regime1-d10/2,1,0,1,10,1.0,1.0,0.0,frames,quadratic-vc,0.000335160454995778,
independent,independent/rep1-stream0-regime1-d10/3,1,0,1,10,1.0,1.0,0.0,frames,quadratic-vc,0.00048576478679837403,
independent,independent/rep1-stream0-regime1-d10/4,1,0,1,10,1.0,1.0,0.0,frames,quadratic-vc,0.0001811754726431713,
independent,independent/rep1-stream0-regime1-d10/5,1,0,1,10,1.0,1.0,0.0,frames,quadratic-vc,0.0003056337920257561,
independent,independent/rep1-stream0-regime1-d10/6,1,0,1,10,1.0,1.0,0.0,frames,quadratic-vc,0.00019462414681899854,
independent,independent/rep1-stream0-regime1-d10/7,1,0,1,10,1.0,1.0,0.0,frames,quadratic-vc,0.0008851627282002078,
independent,independent/rep1-stream0-regime1-d10/0,1,0,1,10,10.0,1.0,0.0,frames,quadratic-ac,0.0010195672301603596,
independent,independent/rep1-stream0-regime1-d10/1,1,0,1,10,10.0,1.0,0.0,frames,quadratic-ac,0.0010392908128880824,
independent,independent/rep1-stream0-regime1-d10/2,1,0,1,10,10.0,1.0,0.0,frames,quadratic-ac,0.000940554458903421,
independent,independent/rep1-stream0-regime1-d10/3,1,0,1,10,10.0,1.0,0.0,frames,quadratic-ac,0.0028221420428789327,
independent,independent/rep1-stream0-regime1-d10/4,1,0,1,10,10.0,1.0,0.0,frames,quadratic-ac,0.003964730870799111,
independent,independent/rep1-stream0-regime1-d10/5,1,0,1,10,10.0,1.0,0.0,frames,quadratic-ac,0.0018125402115281566,
independent,independent/rep1-stream0-regime1-d10/6,1,0,1,10,10.0,1.0,0.0,frames,quadratic-ac,0.0007244173853983032,
independent,independent/rep1-stream0-regime1-d10/7,1,0,1,10,10.0,1.0,0.0,frames,quadratic-ac,0.006295406097236201,
independent,independent/rep1-stream0-regime1-d10/0,1,0,1,10,10.0,1.0,0.0,frames,quadratic-vc,0.0010861421535410276,
independent,independent/rep1-stream0-regime1-d10/1,1,0,1,10,10.0,1.0,0.0,frames,quadratic-vc,0.0011744571256757225,
independent,independent/rep1-stream0-regime1-d10/2,1,0,1,10,10.0,1.0,0.0,frames,quadratic-vc,0.000824849445646065,
independent,independent/rep1-stream0-regime1-d10/3,1,0,1,10,10.0,1.0,0.0,frames,quadratic-vc,0.003264406131708123,
independent,independent/rep1-stream0-regime1-d10/4,1,0,1,10,10.0,1.0,0.0,frames,quadratic-vc,0.0038752150556911466,
independent,independent/rep1-stream0-regime1-d10/5,1,0,1,10,10.0,1.0,0.0,frames,quadratic-vc,0.002043964130282474,
independent,independent/rep1-stream0-regime1-d10/6,1,0,1,10,10.0,1.0,0.0,frames,quadratic-vc,0.0006473749126398507,
independent,independent/rep1-stream0-regime1-d10/7,1,0,1,10,10.0,1.0,0.0,frames,quadratic-vc,0.005347551293660529,
independent,independent/rep1-stream1-regime0-d10/0,1,1,0,10,1.0,1.0,0.0,staggered-cycle,quadratic-ac,0.00014823814454757145,
independent,independent/rep1-stream1-regime0-d10/1,1,1,0,10,1.0,1.0,0.0,staggered-cycle,quadratic-ac,0.0003161336781811253,
independent,independent/rep1-stream1-regime0-d10/2,1,1,0,10,1.0,1.0,0.0,staggered-cycle,quadratic-ac,0.00018001391052392674,
independent,independent/rep1-stream1-regime0-d10/3,1,1,0,10,1.0,1.0,0.0,staggered-cycle,quadratic-ac,9.799806696345974e-05,
independent,independent/rep1-stream1-regime0-d10/4,1,1,0,10,1.0,1.0,0.0,staggered-cycle,quadratic-ac,0.0002698373811246747,
independent,independent/rep1-stream1-regime0-d10/5,1,1,0,10,1.0,1.0,0.0,staggered-cycle,quadratic-ac,0.00017758151234330331,
independent,independent/rep1-stream1-regime0-d10/6,1,1,0,10,1.0,1.0,0.0,staggered-cycle,quadratic-ac,0.00036935165317258597,
independent,independent/rep1-stream1-regime0-d10/7,1,1,0,10,1.0,1.0,0.0,staggered-cycle,quadratic-ac,0.0005566629770028351,
independent,independent/rep1-stream1-regime0-d10/0,1,1,0,10,1.0,1.0,0.0,staggered-cycle,quadratic-vc,0.00014296418501166865,
independent,independent/rep1-stream1-regime0-d10/1,1,1,0,10,1.0,1.0,0.0,staggered-cycle,quadratic-vc,0.0002606210723898731,
independent,independent/rep1-stream1-regime0-d10/2,1,1,0,10,1.0,1.0,0.0,staggered-cycle,quadratic-vc,0.00014532913061839897,
independent,independent/rep1-stream1-regime0-d10/3,1,1,0,10,1.0,1.0,0.0,staggered-cycle,quadratic-vc,8.054939997475953e-05,
independent,independent/rep1-stream1-regime0-d10/4,1,1,0,10,1.0,1.0,0.0,staggered-cycle,quadratic-vc,0.0003170630323920134,
independent,independent/rep1-stream1-regime0-d10/5,1,1,0,10,1.0,1.0,0.0,staggered-cycle,quadratic-vc,0.00017427277198643352,
independent,independent/rep1-stream1-regime0-d10/6,1,1,0,10,1.0,1.0,0.0,staggered-cycle,quadratic-vc,0.00038913335125206856,
independent,independent/rep1-stream1-regime0-d10/7,1,1,0,10,1.0,1.0,0.0,staggered-cycle,quadratic-vc,0.0006483860141603642,
independent,independent/rep1-stream1-regime0-d10/0,1,1,0,10,10.0,1.0,0.0,staggered-cycle,quadratic-ac,0.001601084587393544,
independent,independent/rep1-stream1-regime0-d10/1,1,1,0,10,10.0,1.0,0.0,staggered-cycle,quadratic-ac,0.0007621903103712936,
independent,independent/rep1-stream1-regime0-d10/2,1,1,0,10,10.0,1.0,0.0,staggered-cycle,quadratic-ac,0.002455630329895688,
independent,independent/rep1-stream1-regime0-d10/3,1,1,0,10,10.0,1.0,0.0,staggered-cycle,quadratic-ac,0.0022976452277873364,
independent,independent/rep1-stream1-regime0-d10/4,1,1,0,10,10.0,1.0,0.0,staggered-cycle,quadratic-ac,0.003258013237476646,
independent,independent/rep1-stream1-regime0-d10/5,1,1,0,10,10.0,1.0,0.0,staggered-cycle,quadratic-ac,0.0012766155940605011,
independent,independent/rep1-stream1-regime0-d10/6,1,1,0,10,10.0,1.0,0.0,staggered-cycle,quadratic-ac,0.0008904833515360977,
independent,independent/rep1-stream1-regime0-d10/7,1,1,0,10,10.0,1.0,0.0,staggered-cycle,quadratic-ac,0.0013913058759217026,
independent,independent/rep1-stream1-regime0-d10/0,1,1,0,10,10.0,1.0,0.0,staggered-cycle,quadratic-vc,0.0015257727574348862,
independent,independent/rep1-stream1-regime0-d10/1,1,1,0,10,10.0,1.0,0.0,staggered-cycle,quadratic-vc,0.0006816725307930283,
independent,independent/rep1-stream1-regime0-d10/2,1,1,0,10,10.0,1.0,0.0,staggered-cycle,quadratic-vc,0.0016867118930137773,
independent,independent/rep1-stream1-regime0-d10/3,1,1,0,10,10.0,1.0,0.0,staggered-cycle,quadratic-vc,0.0019109303332877031,
independent,independent/rep1-stream1-regime0-d10/4,1,1,0,10,10.0,1.0,0.0,staggered-cycle,quadratic-vc,0.0030409410583781614,
independent,independent/rep1-stream1-regime0-d10/5,1,1,0,10,10.0,1.0,0.0,staggered-cycle,quadratic-vc,0.0011428162141174922,
independent,independent/rep1-stream1-regime0-d10/6,1,1,0,10,10.0,1.0,0.0,staggered-cycle,quadratic-vc,0.0007752825022779232,
independent,independent/rep1-stream1-regime0-d10/7,1,1,0,10,10.0,1.0,0.0,staggered-cycle,quadratic-vc,0.0012787349505727682,
independent,independent/rep1-stream1-regime0-d10/0,1,1,0,10,1.0,1.0,0.0,staggered-two,quadratic-ac,0.0001198962047732057,
independent,independent/rep1-stream1-regime0-d10/1,1,1,0,10,1.0,1.0,0.0,staggered-two,quadratic-ac,0.00021404328126321635,
independent,independent/rep1-stream1-regime0-d10/2,1,1,0,10,1.0,1.0,0.0,staggered-two,quadratic-ac,0.0004929489444077307,
independent,independent/rep1-stream1-regime0-d10/3,1,1,0,10,1.0,1.0,0.0,staggered-two,quadratic-ac,7.641255628120755e-05,
independent,independent/rep1-stream1-regime0-d10/4,1,1,0,10,1.0,1.0,0.0,staggered-two,quadratic-ac,0.00032832652906523193,
independent,independent/rep1-stream1-regime0-d10/5,1,1,0,10,1.0,1.0,0.0,staggered-two,quadratic-ac,0.00038011241782886303,
independent,independent/rep1-stream1-regime0-d10/6,1,1,0,10,1.0,1.0,0.0,staggered-two,quadratic-ac,0.0002715744360486933,
independent,independent/rep1-stream1-regime0-d10/7,1,1,0,10,1.0,1.0,0.0,staggered-two,quadratic-ac,0.000247917113793662,
independent,independent/rep1-stream1-regime0-d10/0,1,1,0,10,1.0,1.0,0.0,staggered-two,quadratic-vc,0.00010192520466449038,
independent,independent/rep1-stream1-regime0-d10/1,1,1,0,10,1.0,1.0,0.0,staggered-two,quadratic-vc,0.00013547839765350273,
independent,independent/rep1-stream1-regime0-d10/2,1,1,0,10,1.0,1.0,0.0,staggered-two,quadratic-vc,0.0004358315066550483,
independent,independent/rep1-stream1-regime0-d10/3,1,1,0,10,1.0,1.0,0.0,staggered-two,quadratic-vc,0.0001333656666596034,
independent,independent/rep1-stream1-regime0-d10/4,1,1,0,10,1.0,1.0,0.0,staggered-two,quadratic-vc,0.0003058699795040439,
independent,independent/rep1-stream1-regime0-d10/5,1,1,0,10,1.0,1.0,0.0,staggered-two,quadratic-vc,0.0004428788949818919,
independent,independent/rep1-stream1-regime0-d10/6,1,1,0,10,1.0,1.0,0.0,staggered-two,quadratic-vc,0.00027108707064879366,
independent,independent/rep1-stream1-regime0-d10/7,1,1,0,10,1.0,1.0,0.0,staggered-two,quadratic-vc,0.0003078482674813823,
independent,independent/rep1-stream1-regime0-d10/0,1,1,0,10,10.0,1.0,0.0,staggered-two,quadratic-ac,0.0019125050583501892,
independent,independent/rep1-stream1-regime0-d10/1,1,1,0,10,10.0,1.0,0.0,staggered-two,quadratic-ac,0.000748603785721988,
independent,independent/rep1-stream1-regime0-d10/2,1,1,0,10,10.0,1.0,0.0,staggered-two,quadratic-ac,0.000956332399464043,
independent,independent/rep1-stream1-regime0-d10/3,1,1,0,10,10.0,1.0,0.0,staggered-two,quadratic-ac,0.0034369101165608066,
independent,independent/rep1-stream1-regime0-d10/4,1,1,0,10,10.0,1.0,0.0,staggered-two,quadratic-ac,0.0020074553421944538,
independent,independent/rep1-stream1-regime0-d10/5,1,1,0,10,10.0,1.0,0.0,staggered-two,quadratic-ac,0.0003351061842341773,
independent,independent/rep1-stream1-regime0-d10/6,1,1,0,10,10.0,1.0,0.0,staggered-two,quadratic-ac,0.00027641157007761153,
independent,independent/rep1-stream1-regime0-d10/7,1,1,0,10,10.0,1.0,0.0,staggered-two,quadratic-ac,0.0014244495700203854,
independent,independent/rep1-stream1-regime0-d10/0,1,1,0,10,10.0,1.0,0.0,staggered-two,quadratic-vc,0.001512077341407147,
independent,independent/rep1-stream1-regime0-d10/1,1,1,0,10,10.0,1.0,0.0,staggered-two,quadratic-vc,0.0007100677477595358,
independent,independent/rep1-stream1-regime0-d10/2,1,1,0,10,10.0,1.0,0.0,staggered-two,quadratic-vc,0.0008642494927669155,
independent,independent/rep1-stream1-regime0-d10/3,1,1,0,10,10.0,1.0,0.0,staggered-two,quadratic-vc,0.002723329187302158,
independent,independent/rep1-stream1-regime0-d10/4,1,1,0,10,10.0,1.0,0.0,staggered-two,quadratic-vc,0.002338470699678463,
independent,independent/rep1-stream1-regime0-d10/5,1,1,0,10,10.0,1.0,0.0,staggered-two,quadratic-vc,0.0003829891338151665,
independent,independent/rep1-stream1-regime0-d10/6,1,1,0,10,10.0,1.0,0.0,staggered-two,quadratic-vc,0.0003368337150298979,
independent,independent/rep1-stream1-regime0-d10/7,1,1,0,10,10.0,1.0,0.0,staggered-two,quadratic-vc,0.001289799795588958,
independent,independent/rep1-stream1-regime0-d10/0,1,1,0,10,1.0,1.0,0.0,frames,quadratic-ac,0.0005080728328497053,
independent,independent/rep1-stream1-regime0-d10/1,1,1,0,10,1.0,1.0,0.0,frames,quadratic-ac,0.0001970250868449507,
independent,independent/rep1-stream1-regime0-d10/2,1,1,0,10,1.0,1.0,0.0,frames,quadratic-ac,0.00047102744798774114,
independent,independent/rep1-stream1-regime0-d10/3,1,1,0,10,1.0,1.0,0.0,frames,quadratic-ac,0.0006267891816393861,
independent,independent/rep1-stream1-regime0-d10/4,1,1,0,10,1.0,1.0,0.0,frames,quadratic-ac,0.00023862338722490558,
independent,independent/rep1-stream1-regime0-d10/5,1,1,0,10,1.0,1.0,0.0,frames,quadratic-ac,0.0003518593496332909,
independent,independent/rep1-stream1-regime0-d10/6,1,1,0,10,1.0,1.0,0.0,frames,quadratic-ac,0.001823080862555349,
independent,independent/rep1-stream1-regime0-d10/7,1,1,0,10,1.0,1.0,0.0,frames,quadratic-ac,0.00017408145261554569,
independent,independent/rep1-stream1-regime0-d10/0,1,1,0,10,1.0,1.0,0.0,frames,quadratic-vc,0.0005655601577248975,
independent,independent/rep1-stream1-regime0-d10/1,1,1,0,10,1.0,1.0,0.0,frames,quadratic-vc,0.0001849865784358485,
independent,independent/rep1-stream1-regime0-d10/2,1,1,0,10,1.0,1.0,0.0,frames,quadratic-vc,0.0005332731608531577,
independent,independent/rep1-stream1-regime0-d10/3,1,1,0,10,1.0,1.0,0.0,frames,quadratic-vc,0.0005205704045650068,
independent,independent/rep1-stream1-regime0-d10/4,1,1,0,10,1.0,1.0,0.0,frames,quadratic-vc,0.00019774930871803057,
independent,independent/rep1-stream1-regime0-d10/5,1,1,0,10,1.0,1.0,0.0,frames,quadratic-vc,0.0003240583706738019,
independent,independent/rep1-stream1-regime0-d10/6,1,1,0,10,1.0,1.0,0.0,frames,quadratic-vc,0.0017164712259568778,
independent,independent/rep1-stream1-regime0-d10/7,1,1,0,10,1.0,1.0,0.0,frames,quadratic-vc,0.00017363838836768547,
independent,independent/rep1-stream1-regime0-d10/0,1,1,0,10,10.0,1.0,0.0,frames,quadratic-ac,0.0015051372531738128,
independent,independent/rep1-stream1-regime0-d10/1,1,1,0,10,10.0,1.0,0.0,frames,quadratic-ac,0.001994491515482752,
independent,independent/rep1-stream1-regime0-d10/2,1,1,0,10,10.0,1.0,0.0,frames,quadratic-ac,0.0043317387791233335,
independent,independent/rep1-stream1-regime0-d10/3,1,1,0,10,10.0,1.0,0.0,frames,quadratic-ac,0.0007215861421810385,
independent,independent/rep1-stream1-regime0-d10/4,1,1,0,10,10.0,1.0,0.0,frames,quadratic-ac,0.0007586579544463208,
independent,independent/rep1-stream1-regime0-d10/5,1,1,0,10,10.0,1.0,0.0,frames,quadratic-ac,0.001690633368356844,
independent,independent/rep1-stream1-regime0-d10/6,1,1,0,10,10.0,1.0,0.0,frames,quadratic-ac,0.0011019386656102048,
independent,independent/rep1-stream1-regime0-d10/7,1,1,0,10,10.0,1.0,0.0,frames,quadratic-ac,0.0007969260297524863,
independent,independent/rep1-stream1-regime0-d10/0,1,1,0,10,10.0,1.0,0.0,frames,quadratic-vc,0.0013259049251564952,
independent,independent/rep1-stream1-regime0-d10/1,1,1,0,10,10.0,1.0,0.0,frames,quadratic-vc,0.0019481116924566445,
independent,independent/rep1-stream1-regime0-d10/2,1,1,0,10,10.0,1.0,0.0,frames,quadratic-vc,0.003934324572532578,
independent,independent/rep1-stream1-regime0-d10/3,1,1,0,10,10.0,1.0,0.0,frames,quadratic-vc,0.000734673990730346,
independent,independent/rep1-stream1-regime0-d10/4,1,1,0,10,10.0,1.0,0.0,frames,quadratic-vc,0.0007565053895619783,
independent,independent/rep1-stream1-regime0-d10/5,1,1,0,10,10.0,1.0,0.0,frames,quadratic-vc,0.0019183675028556378,
independent,independent/rep1-stream1-regime0-d10/6,1,1,0,10,10.0,1.0,0.0,frames,quadratic-vc,0.001021410443925397,
independent,independent/rep1-stream1-regime0-d10/7,1,1,0,10,10.0,1.0,0.0,frames,quadratic-vc,0.0006410644528893439,
independent,independent/rep1-stream1-regime1-d10/0,1,1,1,10,1.0,1.0,0.0,staggered-cycle,quadratic-ac,0.000505908788770477,
independent,independent/rep1-stream1-regime1-d10/1,1,1,1,10,1.0,1.0,0.0,staggered-cycle,quadratic-ac,0.00023936214538363508,
independent,independent/rep1-stream1-regime1-d10/2,1,1,1,10,1.0,1.0,0.0,staggered-cycle,quadratic-ac,0.0002331737077043727,
independent,independent/rep1-stream1-regime1-d10/3,1,1,1,10,1.0,1.0,0.0,staggered-cycle,quadratic-ac,0.0004308453802684242,
independent,independent/rep1-stream1-regime1-d10/4,1,1,1,10,1.0,1.0,0.0,staggered-cycle,quadratic-ac,0.00022151792297271574,
independent,independent/rep1-stream1-regime1-d10/5,1,1,1,10,1.0,1.0,0.0,staggered-cycle,quadratic-ac,8.453913878270672e-05,
independent,independent/rep1-stream1-regime1-d10/6,1,1,1,10,1.0,1.0,0.0,staggered-cycle,quadratic-ac,0.0002727019782902261,
independent,independent/rep1-stream1-regime1-d10/7,1,1,1,10,1.0,1.0,0.0,staggered-cycle,quadratic-ac,0.000446355375544174,
independent,independent/rep1-stream1-regime1-d10/0,1,1,1,10,1.0,1.0,0.0,staggered-cycle,quadratic-vc,0.0006349088716893817,
independent,independent/rep1-stream1-regime1-d10/1,1,1,1,10,1.0,1.0,0.0,staggered-cycle,quadratic-vc,0.00029005018477464413,
independent,independent/rep1-stream1-regime1-d10/2,1,1,1,10,1.0,1.0,0.0,staggered-cycle,quadratic-vc,0.0003071021274529024,
independent,independent/rep1-stream1-regime1-d10/3,1,1,1,10,1.0,1.0,0.0,staggered-cycle,quadratic-vc,0.00038017270337597283,
independent,independent/rep1-stream1-regime1-d10/4,1,1,1,10,1.0,1.0,0.0,staggered-cycle,quadratic-vc,0.0001697840656516405,
independent,independent/rep1-stream1-regime1-d10/5,1,1,1,10,1.0,1.0,0.0,staggered-cycle,quadratic-vc,9.042795821367463e-05,
independent,independent/rep1-stream1-regime1-d10/6,1,1,1,10,1.0,1.0,0.0,staggered-cycle,quadratic-vc,0.00018099396105905724,
independent,independent/rep1-stream1-regime1-d10/7,1,1,1,10,1.0,1.0,0.0,staggered-cycle,quadratic-vc,0.0004768031690600953,
independent,independent/rep1-stream1-regime1-d10/0,1,1,1,10,10.0,1.0,0.0,staggered-cycle,quadratic-ac,0.0024810751286879237,
independent,independent/rep1-stream1-regime1-d10/1,1,1,1,10,10.0,1.0,0.0,staggered-cycle,quadratic-ac,0.005401702362415351,
independent,independent/rep1-stream1-regime1-d10/2,1,1,1,10,10.0,1.0,0.0,staggered-cycle,quadratic-ac,0.004064375971595072,
independent,independent/rep1-stream1-regime1-d10/3,1,1,1,10,10.0,1.0,0.0,staggered-cycle,quadratic-ac,0.001719483185046588,
independent,independent/rep1-stream1-regime1-d10/4,1,1,1,10,10.0,1.0,0.0,staggered-cycle,quadratic-ac,0.002123741423893941,
independent,independent/rep1-stream1-regime1-d10/5,1,1,1,10,10.0,1.0,0.0,staggered-cycle,quadratic-ac,0.0011490611028556943,
independent,independent/rep1-stream1-regime1-d10/6,1,1,1,10,10.0,1.0,0.0,staggered-cycle,quadratic-ac,0.0026272468694607653,
independent,independent/rep1-stream1-regime1-d10/7,1,1,1,10,10.0,1.0,0.0,staggered-cycle,quadratic-ac,0.003617613246115894,
independent,independent/rep1-stream1-regime1-d10/0,1,1,1,10,10.0,1.0,0.0,staggered-cycle,quadratic-vc,0.002378811276312022,
independent,independent/rep1-stream1-regime1-d10/1,1,1,1,10,10.0,1.0,0.0,staggered-cycle,quadratic-vc,0.002569655820605656,
independent,independent/rep1-stream1-regime1-d10/2,1,1,1,10,10.0,1.0,0.0,staggered-cycle,quadratic-vc,0.003773049955048079,
independent,independent/rep1-stream1-regime1-d10/3,1,1,1,10,10.0,1.0,0.0,staggered-cycle,quadratic-vc,0.0018908324322500873,
independent,independent/rep1-stream1-regime1-d10/4,1,1,1,10,10.0,1.0,0.0,staggered-cycle,quadratic-vc,0.0019242929281187023,
independent,independent/rep1-stream1-regime1-d10/5,1,1,1,10,10.0,1.0,0.0,staggered-cycle,quadratic-vc,0.0010370556657203175,
independent,independent/rep1-stream1-regime1-d10/6,1,1,1,10,10.0,1.0,0.0,staggered-cycle,quadratic-vc,0.002209902698006076,
independent,independent/rep1-stream1-regime1-d10/7,1,1,1,10,10.0,1.0,0.0,staggered-cycle,quadratic-vc,0.0034968698489264262,
independent,independent/rep1-stream1-regime1-d10/0,1,1,1,10,1.0,1.0,0.0,staggered-two,quadratic-ac,0.00021340409560063685,
independent,independent/rep1-stream1-regime1-d10/1,1,1,1,10,1.0,1.0,0.0,staggered-two,quadratic-ac,0.0002517134081742476,
independent,independent/rep1-stream1-regime1-d10/2,1,1,1,10,1.0,1.0,0.0,staggered-two,quadratic-ac,0.00026255446495728607,
independent,independent/rep1-stream1-regime1-d10/3,1,1,1,10,1.0,1.0,0.0,staggered-two,quadratic-ac,0.0005891995615643993,
independent,independent/rep1-stream1-regime1-d10/4,1,1,1,10,1.0,1.0,0.0,staggered-two,quadratic-ac,0.0002985181362809749,
independent,independent/rep1-stream1-regime1-d10/5,1,1,1,10,1.0,1.0,0.0,staggered-two,quadratic-ac,0.00017052464890717595,
independent,independent/rep1-stream1-regime1-d10/6,1,1,1,10,1.0,1.0,0.0,staggered-two,quadratic-ac,0.00040894007667171466,
independent,independent/rep1-stream1-regime1-d10/7,1,1,1,10,1.0,1.0,0.0,staggered-two,quadratic-ac,0.000312653251501402,
independent,independent/rep1-stream1-regime1-d10/0,1,1,1,10,1.0,1.0,0.0,staggered-two,quadratic-vc,0.00019459803393285483,
independent,independent/rep1-stream1-regime1-d10/1,1,1,1,10,1.0,1.0,0.0,staggered-two,quadratic-vc,0.0002311294680538271,
independent,independent/rep1-stream1-regime1-d10/2,1,1,1,10,1.0,1.0,0.0,staggered-two,quadratic-vc,0.0003144824663091455,
independent,independent/rep1-stream1-regime1-d10/3,1,1,1,10,1.0,1.0,0.0,staggered-two,quadratic-vc,0.0005977236985323784,
independent,independent/rep1-stream1-regime1-d10/4,1,1,1,10,1.0,1.0,0.0,staggered-two,quadratic-vc,0.00047633320099779714,
independent,independent/rep1-stream1-regime1-d10/5,1,1,1,10,1.0,1.0,0.0,staggered-two,quadratic-vc,0.00016453196916497434,
independent,independent/rep1-stream1-regime1-d10/6,1,1,1,10,1.0,1.0,0.0,staggered-two,quadratic-vc,0.00035162559346740656,
independent,independent/rep1-stream1-regime1-d10/7,1,1,1,10,1.0,1.0,0.0,staggered-two,quadratic-vc,0.00032747502174750433,
independent,independent/rep1-stream1-regime1-d10/0,1,1,1,10,10.0,1.0,0.0,staggered-two,quadratic-ac,0.0013019626196980347,
independent,independent/rep1-stream1-regime1-d10/1,1,1,1,10,10.0,1.0,0.0,staggered-two,quadratic-ac,0.007132850198118872,
independent,independent/rep1-stream1-regime1-d10/2,1,1,1,10,10.0,1.0,0.0,staggered-two,quadratic-ac,0.004702875639189497,
independent,independent/rep1-stream1-regime1-d10/3,1,1,1,10,10.0,1.0,0.0,staggered-two,quadratic-ac,0.0029564301018860607,
independent,independent/rep1-stream1-regime1-d10/4,1,1,1,10,10.0,1.0,0.0,staggered-two,quadratic-ac,0.0008221001188107505,
independent,independent/rep1-stream1-regime1-d10/5,1,1,1,10,10.0,1.0,0.0,staggered-two,quadratic-ac,0.0011016037848208741,
independent,independent/rep1-stream1-regime1-d10/6,1,1,1,10,10.0,1.0,0.0,staggered-two,quadratic-ac,0.001402051077347387,
independent,independent/rep1-stream1-regime1-d10/7,1,1,1,10,10.0,1.0,0.0,staggered-two,quadratic-ac,0.0009190055462039481,
independent,independent/rep1-stream1-regime1-d10/0,1,1,1,10,10.0,1.0,0.0,staggered-two,quadratic-vc,0.0011067754938840053,
independent,independent/rep1-stream1-regime1-d10/1,1,1,1,10,10.0,1.0,0.0,staggered-two,quadratic-vc,0.005010495277417006,
independent,independent/rep1-stream1-regime1-d10/2,1,1,1,10,10.0,1.0,0.0,staggered-two,quadratic-vc,0.0034786287054103995,
independent,independent/rep1-stream1-regime1-d10/3,1,1,1,10,10.0,1.0,0.0,staggered-two,quadratic-vc,0.0028667317599842214,
independent,independent/rep1-stream1-regime1-d10/4,1,1,1,10,10.0,1.0,0.0,staggered-two,quadratic-vc,0.0008210998360316082,
independent,independent/rep1-stream1-regime1-d10/5,1,1,1,10,10.0,1.0,0.0,staggered-two,quadratic-vc,0.0015936114754650666,
independent,independent/rep1-stream1-regime1-d10/6,1,1,1,10,10.0,1.0,0.0,staggered-two,quadratic-vc,0.0015263244940649312,
independent,independent/rep1-stream1-regime1-d10/7,1,1,1,10,10.0,1.0,0.0,staggered-two,quadratic-vc,0.0007192156381151836,
independent,independent/rep1-stream1-regime1-d10/0,1,1,1,10,1.0,1.0,0.0,frames,quadratic-ac,0.00029862247287660405,
independent,independent/rep1-stream1-regime1-d10/1,1,1,1,10,1.0,1.0,0.0,frames,quadratic-ac,0.0007655588588474318,
independent,independent/rep1-stream1-regime1-d10/2,1,1,1,10,1.0,1.0,0.0,frames,quadratic-ac,0.0008276489503141616,
independent,independent/rep1-stream1-regime1-d10/3,1,1,1,10,1.0,1.0,0.0,frames,quadratic-ac,0.0003145136164296435,
independent,independent/rep1-stream1-regime1-d10/4,1,1,1,10,1.0,1.0,0.0,frames,quadratic-ac,0.0005124344647979793,
independent,independent/rep1-stream1-regime1-d10/5,1,1,1,10,1.0,1.0,0.0,frames,quadratic-ac,0.0003015886829583891,
independent,independent/rep1-stream1-regime1-d10/6,1,1,1,10,1.0,1.0,0.0,frames,quadratic-ac,4.209485357090475e-05,
independent,independent/rep1-stream1-regime1-d10/7,1,1,1,10,1.0,1.0,0.0,frames,quadratic-ac,0.00036694274602947337,
independent,independent/rep1-stream1-regime1-d10/0,1,1,1,10,1.0,1.0,0.0,frames,quadratic-vc,0.00030005646142707075,
independent,independent/rep1-stream1-regime1-d10/1,1,1,1,10,1.0,1.0,0.0,frames,quadratic-vc,0.0007564742449625564,
independent,independent/rep1-stream1-regime1-d10/2,1,1,1,10,1.0,1.0,0.0,frames,quadratic-vc,0.0007181472009646945,
independent,independent/rep1-stream1-regime1-d10/3,1,1,1,10,1.0,1.0,0.0,frames,quadratic-vc,0.0002579612711695609,
independent,independent/rep1-stream1-regime1-d10/4,1,1,1,10,1.0,1.0,0.0,frames,quadratic-vc,0.0005267726312001764,
independent,independent/rep1-stream1-regime1-d10/5,1,1,1,10,1.0,1.0,0.0,frames,quadratic-vc,0.00031932077135550193,
independent,independent/rep1-stream1-regime1-d10/6,1,1,1,10,1.0,1.0,0.0,frames,quadratic-vc,5.002990737485245e-05,
independent,independent/rep1-stream1-regime1-d10/7,1,1,1,10,1.0,1.0,0.0,frames,quadratic-vc,0.000340942078153982,
independent,independent/rep1-stream1-regime1-d10/0,1,1,1,10,10.0,1.0,0.0,frames,quadratic-ac,0.0033419788005136183,
independent,independent/rep1-stream1-regime1-d10/1,1,1,1,10,10.0,1.0,0.0,frames,quadratic-ac,0.004514136861953298,
independent,independent/rep1-stream1-regime1-d10/2,1,1,1,10,10.0,1.0,0.0,frames,quadratic-ac,0.002477088600481777,
independent,independent/rep1-stream1-regime1-d10/3,1,1,1,10,10.0,1.0,0.0,frames,quadratic-ac,0.000841144840975583,
independent,independent/rep1-stream1-regime1-d10/4,1,1,1,10,10.0,1.0,0.0,frames,quadratic-ac,0.0020893155773893555,
independent,independent/rep1-stream1-regime1-d10/5,1,1,1,10,10.0,1.0,0.0,frames,quadratic-ac,0.002245554937698861,
independent,independent/rep1-stream1-regime1-d10/6,1,1,1,10,10.0,1.0,0.0,frames,quadratic-ac,0.0031312419612224353,
independent,independent/rep1-stream1-regime1-d10/7,1,1,1,10,10.0,1.0,0.0,frames,quadratic-ac,0.003088860355537762,
independent,independent/rep1-stream1-regime1-d10/0,1,1,1,10,10.0,1.0,0.0,frames,quadratic-vc,0.0030247705222477125,
independent,independent/rep1-stream1-regime1-d10/1,1,1,1,10,10.0,1.0,0.0,frames,quadratic-vc,0.0048150785645943725,
independent,independent/rep1-stream1-regime1-d10/2,1,1,1,10,10.0,1.0,0.0,frames,quadratic-vc,0.002994959463846629,
independent,independent/rep1-stream1-regime1-d10/3,1,1,1,10,10.0,1.0,0.0,frames,quadratic-vc,0.0008233217774933929,
independent,independent/rep1-stream1-regime1-d10/4,1,1,1,10,10.0,1.0,0.0,frames,quadratic-vc,0.0016015243566753525,
independent,independent/rep1-stream1-regime1-d10/5,1,1,1,10,10.0,1.0,0.0,frames,quadratic-vc,0.0018831359041472466,
independent,independent/rep1-stream1-regime1-d10/6,1,1,1,10,10.0,1.0,0.0,frames,quadratic-vc,0.0028305125265174905,
independent,independent/rep1-stream1-regime1-d10/7,1,1,1,10,10.0,1.0,0.0,frames,quadratic-vc,0.002917150743535453,
independent,independent/rep0-stream0-regime0-d20/0,0,0,0,20,1.0,1.0,0.0,staggered-cycle,quadratic-ac,3.212838844471365e-05,
independent,independent/rep0-stream0-regime0-d20/1,0,0,0,20,1.0,1.0,0.0,staggered-cycle,quadratic-ac,6.24204412122668e-05,
independent,independent/rep0-stream0-regime0-d20/2,0,0,0,20,1.0,1.0,0.0,staggered-cycle,quadratic-ac,9.34798275147158e-05,
independent,independent/rep0-stream0-regime0-d20/3,0,0,0,20,1.0,1.0,0.0,staggered-cycle,quadratic-ac,0.00014164831817993005,
independent,independent/rep0-stream0-regime0-d20/4,0,0,0,20,1.0,1.0,0.0,staggered-cycle,quadratic-ac,7.581088968883552e-05,
independent,independent/rep0-stream0-regime0-d20/5,0,0,0,20,1.0,1.0,0.0,staggered-cycle,quadratic-ac,9.604170047436899e-05,
independent,independent/rep0-stream0-regime0-d20/6,0,0,0,20,1.0,1.0,0.0,staggered-cycle,quadratic-ac,0.0001075214283256443,
independent,independent/rep0-stream0-regime0-d20/7,0,0,0,20,1.0,1.0,0.0,staggered-cycle,quadratic-ac,0.00010273990492328344,
independent,independent/rep0-stream0-regime0-d20/0,0,0,0,20,1.0,1.0,0.0,staggered-cycle,quadratic-vc,3.2137021760381895e-05,
independent,independent/rep0-stream0-regime0-d20/1,0,0,0,20,1.0,1.0,0.0,staggered-cycle,quadratic-vc,5.930872996239173e-05,
independent,independent/rep0-stream0-regime0-d20/2,0,0,0,20,1.0,1.0,0.0,staggered-cycle,quadratic-vc,8.475227240501875e-05,
independent,independent/rep0-stream0-regime0-d20/3,0,0,0,20,1.0,1.0,0.0,staggered-cycle,quadratic-vc,0.00012959016102498562,
independent,independent/rep0-stream0-regime0-d20/4,0,0,0,20,1.0,1.0,0.0,staggered-cycle,quadratic-vc,7.552413851080057e-05,
independent,independent/rep0-stream0-regime0-d20/5,0,0,0,20,1.0,1.0,0.0,staggered-cycle,quadratic-vc,0.00010487088968259792,
independent,independent/rep0-stream0-regime0-d20/6,0,0,0,20,1.0,1.0,0.0,staggered-cycle,quadratic-vc,0.00012545866444487703,
independent,independent/rep0-stream0-regime0-d20/7,0,0,0,20,1.0,1.0,0.0,staggered-cycle,quadratic-vc,9.693159537553418e-05,
independent,independent/rep0-stream0-regime0-d20/0,0,0,0,20,10.0,1.0,0.0,staggered-cycle,quadratic-ac,0.0003624679484855993,
independent,independent/rep0-stream0-regime0-d20/1,0,0,0,20,10.0,1.0,0.0,staggered-cycle,quadratic-ac,0.0004537852954968321,
independent,independent/rep0-stream0-regime0-d20/2,0,0,0,20,10.0,1.0,0.0,staggered-cycle,quadratic-ac,0.0003202864058448872,
independent,independent/rep0-stream0-regime0-d20/3,0,0,0,20,10.0,1.0,0.0,staggered-cycle,quadratic-ac,0.00032748722920828376,
independent,independent/rep0-stream0-regime0-d20/4,0,0,0,20,10.0,1.0,0.0,staggered-cycle,quadratic-ac,0.00023753011682464535,
independent,independent/rep0-stream0-regime0-d20/5,0,0,0,20,10.0,1.0,0.0,staggered-cycle,quadratic-ac,0.00018342394623930276,
independent,independent/rep0-stream0-regime0-d20/6,0,0,0,20,10.0,1.0,0.0,staggered-cycle,quadratic-ac,0.0003379368204522876,
independent,independent/rep0-stream0-regime0-d20/7,0,0,0,20,10.0,1.0,0.0,staggered-cycle,quadratic-ac,0.0004814772537505484,
independent,independent/rep0-stream0-regime0-d20/0,0,0,0,20,10.0,1.0,0.0,staggered-cycle,quadratic-vc,0.00035751856642479723,
independent,independent/rep0-stream0-regime0-d20/1,0,0,0,20,10.0,1.0,0.0,staggered-cycle,quadratic-vc,0.0004911033483773051,
independent,independent/rep0-stream0-regime0-d20/2,0,0,0,20,10.0,1.0,0.0,staggered-cycle,quadratic-vc,0.00024258620824841023,
independent,independent/rep0-stream0-regime0-d20/3,0,0,0,20,10.0,1.0,0.0,staggered-cycle,quadratic-vc,0.00036499672636138925,
independent,independent/rep0-stream0-regime0-d20/4,0,0,0,20,10.0,1.0,0.0,staggered-cycle,quadratic-vc,0.00027826347739785335,
independent,independent/rep0-stream0-regime0-d20/5,0,0,0,20,10.0,1.0,0.0,staggered-cycle,quadratic-vc,0.0001870019935069987,
independent,independent/rep0-stream0-regime0-d20/6,0,0,0,20,10.0,1.0,0.0,staggered-cycle,quadratic-vc,0.00032076203205729984,
independent,independent/rep0-stream0-regime0-d20/7,0,0,0,20,10.0,1.0,0.0,staggered-cycle,quadratic-vc,0.00048216770623418293,
independent,independent/rep0-stream0-regime0-d20/0,0,0,0,20,1.0,1.0,0.0,staggered-two,quadratic-ac,6.226127393943981e-05,
independent,independent/rep0-stream0-regime0-d20/1,0,0,0,20,1.0,1.0,0.0,staggered-two,quadratic-ac,7.536727033228219e-05,
independent,independent/rep0-stream0-regime0-d20/2,0,0,0,20,1.0,1.0,0.0,staggered-two,quadratic-ac,9.729891757841728e-05,
independent,independent/rep0-stream0-regime0-d20/3,0,0,0,20,1.0,1.0,0.0,staggered-two,quadratic-ac,8.697725625294056e-05,
independent,independent/rep0-stream0-regime0-d20/4,0,0,0,20,1.0,1.0,0.0,staggered-two,quadratic-ac,6.560472903409457e-05,
independent,independent/rep0-stream0-regime0-d20/5,0,0,0,20,1.0,1.0,0.0,staggered-two,quadratic-ac,0.0001132530336909832,
independent,independent/rep0-stream0-regime0-d20/6,0,0,0,20,1.0,1.0,0.0,staggered-two,quadratic-ac,3.592080641921447e-05,
independent,independent/rep0-stream0-regime0-d20/7,0,0,0,20,1.0,1.0,0.0,staggered-two,quadratic-ac,0.00010583534852553458,
independent,independent/rep0-stream0-regime0-d20/0,0,0,0,20,1.0,1.0,0.0,staggered-two,quadratic-vc,5.93512113826427e-05,
independent,independent/rep0-stream0-regime0-d20/1,0,0,0,20,1.0,1.0,0.0,staggered-two,quadratic-vc,7.71089319998923e-05,
independent,independent/rep0-stream0-regime0-d20/2,0,0,0,20,1.0,1.0,0.0,staggered-two,quadratic-vc,8.646985491093173e-05,
independent,independent/rep0-stream0-regime0-d20/3,0,0,0,20,1.0,1.0,0.0,staggered-two,quadratic-vc,8.721292705573042e-05,
independent,independent/rep0-stream0-regime0-d20/4,0,0,0,20,1.0,1.0,0.0,staggered-two,quadratic-vc,6.378338856184376e-05,
independent,independent/rep0-stream0-regime0-d20/5,0,0,0,20,1.0,1.0,0.0,staggered-two,quadratic-vc,0.0001232464492328174,
independent,independent/rep0-stream0-regime0-d20/6,0,0,0,20,1.0,1.0,0.0,staggered-two,quadratic-vc,2.9802288040173073e-05,
independent,independent/rep0-stream0-regime0-d20/7,0,0,0,20,1.0,1.0,0.0,staggered-two,quadratic-vc,0.00011356787589016585,
independent,independent/rep0-stream0-regime0-d20/0,0,0,0,20,10.0,1.0,0.0,staggered-two,quadratic-ac,0.00020170380740955576,
independent,independent/rep0-stream0-regime0-d20/1,0,0,0,20,10.0,1.0,0.0,staggered-two,quadratic-ac,0.00039489733801468266,
independent,independent/rep0-stream0-regime0-d20/2,0,0,0,20,10.0,1.0,0.0,staggered-two,quadratic-ac,0.0007470228042490037,
independent,independent/rep0-stream0-regime0-d20/3,0,0,0,20,10.0,1.0,0.0,staggered-two,quadratic-ac,0.00023666266248902474,
independent,independent/rep0-stream0-regime0-d20/4,0,0,0,20,10.0,1.0,0.0,staggered-two,quadratic-ac,0.00034893804736904627,
independent,independent/rep0-stream0-regime0-d20/5,0,0,0,20,10.0,1.0,0.0,staggered-two,quadratic-ac,0.00017400628942168214,
independent,independent/rep0-stream0-regime0-d20/6,0,0,0,20,10.0,1.0,0.0,staggered-two,quadratic-ac,0.000291079317691143,
independent,independent/rep0-stream0-regime0-d20/7,0,0,0,20,10.0,1.0,0.0,staggered-two,quadratic-ac,0.0003087435449693215,
independent,independent/rep0-stream0-regime0-d20/0,0,0,0,20,10.0,1.0,0.0,staggered-two,quadratic-vc,0.0001850836487825527,
independent,independent/rep0-stream0-regime0-d20/1,0,0,0,20,10.0,1.0,0.0,staggered-two,quadratic-vc,0.0003593767475722659,
independent,independent/rep0-stream0-regime0-d20/2,0,0,0,20,10.0,1.0,0.0,staggered-two,quadratic-vc,0.0005643352161364169,
independent,independent/rep0-stream0-regime0-d20/3,0,0,0,20,10.0,1.0,0.0,staggered-two,quadratic-vc,0.00022250419896215035,
independent,independent/rep0-stream0-regime0-d20/4,0,0,0,20,10.0,1.0,0.0,staggered-two,quadratic-vc,0.00033209409323719223,
independent,independent/rep0-stream0-regime0-d20/5,0,0,0,20,10.0,1.0,0.0,staggered-two,quadratic-vc,0.00018034681382917748,
independent,independent/rep0-stream0-regime0-d20/6,0,0,0,20,10.0,1.0,0.0,staggered-two,quadratic-vc,0.0002849615638587552,
independent,independent/rep0-stream0-regime0-d20/7,0,0,0,20,10.0,1.0,0.0,staggered-two,quadratic-vc,0.0003019351386978393,
independent,independent/rep0-stream0-regime0-d20/0,0,0,0,20,1.0,1.0,0.0,frames,quadratic-ac,7.118674973255447e-05,
independent,independent/rep0-stream0-regime0-d20/1,0,0,0,20,1.0,1.0,0.0,frames,quadratic-ac,0.00019220599071892571,
independent,independent/rep0-stream0-regime0-d20/2,0,0,0,20,1.0,1.0,0.0,frames,quadratic-ac,7.468605940347745e-05,
independent,independent/rep0-stream0-regime0-d20/3,0,0,0,20,1.0,1.0,0.0,frames,quadratic-ac,8.125417825230596e-05,
independent,independent/rep0-stream0-regime0-d20/4,0,0,0,20,1.0,1.0,0.0,frames,quadratic-ac,7.87159346319593e-05,
independent,independent/rep0-stream0-regime0-d20/5,0,0,0,20,1.0,1.0,0.0,frames,quadratic-ac,8.225444832219397e-05,
independent,independent/rep0-stream0-regime0-d20/6,0,0,0,20,1.0,1.0,0.0,frames,quadratic-ac,8.057637070675796e-05,
independent,independent/rep0-stream0-regime0-d20/7,0,0,0,20,1.0,1.0,0.0,frames,quadratic-ac,0.0001822770235758772,
independent,independent/rep0-stream0-regime0-d20/0,0,0,0,20,1.0,1.0,0.0,frames,quadratic-vc,7.209098701553793e-05,
independent,independent/rep0-stream0-regime0-d20/1,0,0,0,20,1.0,1.0,0.0,frames,quadratic-vc,0.00018708605882901392,
independent,independent/rep0-stream0-regime0-d20/2,0,0,0,20,1.0,1.0,0.0,frames,quadratic-vc,6.808464103762218e-05,
independent,independent/rep0-stream0-regime0-d20/3,0,0,0,20,1.0,1.0,0.0,frames,quadratic-vc,7.432349919670489e-05,
independent,independent/rep0-stream0-regime0-d20/4,0,0,0,20,1.0,1.0,0.0,frames,quadratic-vc,7.621181410040867e-05,
independent,independent/rep0-stream0-regime0-d20/5,0,0,0,20,1.0,1.0,0.0,frames,quadratic-vc,8.550501221864081e-05,
independent,independent/rep0-stream0-regime0-d20/6,0,0,0,20,1.0,1.0,0.0,frames,quadratic-vc,8.049025266986097e-05,
independent,independent/rep0-stream0-regime0-d20/7,0,0,0,20,1.0,1.0,0.0,frames,quadratic-vc,0.00020754233907708622,
independent,independent/rep0-stream0-regime0-d20/0,0,0,0,20,10.0,1.0,0.0,frames,quadratic-ac,0.00036772223434921946,
independent,independent/rep0-stream0-regime0-d20/1,0,0,0,20,10.0,1.0,0.0,frames,quadratic-ac,0.0012221898066996446,
independent,independent/rep0-stream0-regime0-d20/2,0,0,0,20,10.0,1.0,0.0,frames,quadratic-ac,0.0005565893495569475,
independent,independent/rep0-stream0-regime0-d20/3,0,0,0,20,10.0,1.0,0.0,frames,quadratic-ac,0.0004333668217409006,
independent,independent/rep0-stream0-regime0-d20/4,0,0,0,20,10.0,1.0,0.0,frames,quadratic-ac,0.0002794067901774084,
independent,independent/rep0-stream0-regime0-d20/5,0,0,0,20,10.0,1.0,0.0,frames,quadratic-ac,0.0009664126072163032,
independent,independent/rep0-stream0-regime0-d20/6,0,0,0,20,10.0,1.0,0.0,frames,quadratic-ac,0.0007199400504562273,
independent,independent/rep0-stream0-regime0-d20/7,0,0,0,20,10.0,1.0,0.0,frames,quadratic-ac,0.00041022045609711124,
independent,independent/rep0-stream0-regime0-d20/0,0,0,0,20,10.0,1.0,0.0,frames,quadratic-vc,0.0002966310997183523,
independent,independent/rep0-stream0-regime0-d20/1,0,0,0,20,10.0,1.0,0.0,frames,quadratic-vc,0.0012432711300399337,
independent,independent/rep0-stream0-regime0-d20/2,0,0,0,20,10.0,1.0,0.0,frames,quadratic-vc,0.000566108150897688,
independent,independent/rep0-stream0-regime0-d20/3,0,0,0,20,10.0,1.0,0.0,frames,quadratic-vc,0.00034395965549721257,
independent,independent/rep0-stream0-regime0-d20/4,0,0,0,20,10.0,1.0,0.0,frames,quadratic-vc,0.0002914758311490261,
independent,independent/rep0-stream0-regime0-d20/5,0,0,0,20,10.0,1.0,0.0,frames,quadratic-vc,0.0009752085861406021,
independent,independent/rep0-stream0-regime0-d20/6,0,0,0,20,10.0,1.0,0.0,frames,quadratic-vc,0.000783781299285849,
independent,independent/rep0-stream0-regime0-d20/7,0,0,0,20,10.0,1.0,0.0,frames,quadratic-vc,0.0004122168701358283,
independent,independent/rep0-stream0-regime1-d20/0,0,0,1,20,1.0,1.0,0.0,staggered-cycle,quadratic-ac,7.266456865857359e-05,
independent,independent/rep0-stream0-regime1-d20/1,0,0,1,20,1.0,1.0,0.0,staggered-cycle,quadratic-ac,6.735956456865759e-05,
independent,independent/rep0-stream0-regime1-d20/2,0,0,1,20,1.0,1.0,0.0,staggered-cycle,quadratic-ac,5.7659311182308835e-05,
independent,independent/rep0-stream0-regime1-d20/3,0,0,1,20,1.0,1.0,0.0,staggered-cycle,quadratic-ac,7.045646081451998e-05,
independent,independent/rep0-stream0-regime1-d20/4,0,0,1,20,1.0,1.0,0.0,staggered-cycle,quadratic-ac,0.00016655772990996538,
independent,independent/rep0-stream0-regime1-d20/5,0,0,1,20,1.0,1.0,0.0,staggered-cycle,quadratic-ac,0.00014413555281327125,
independent,independent/rep0-stream0-regime1-d20/6,0,0,1,20,1.0,1.0,0.0,staggered-cycle,quadratic-ac,7.43445462822041e-05,
independent,independent/rep0-stream0-regime1-d20/7,0,0,1,20,1.0,1.0,0.0,staggered-cycle,quadratic-ac,0.0001671607956559908,
independent,independent/rep0-stream0-regime1-d20/0,0,0,1,20,1.0,1.0,0.0,staggered-cycle,quadratic-vc,7.105721853814538e-05,
independent,independent/rep0-stream0-regime1-d20/1,0,0,1,20,1.0,1.0,0.0,staggered-cycle,quadratic-vc,7.530343507792975e-05,
independent,independent/rep0-stream0-regime1-d20/2,0,0,1,20,1.0,1.0,0.0,staggered-cycle,quadratic-vc,5.138000091749826e-05,
independent,independent/rep0-stream0-regime1-d20/3,0,0,1,20,1.0,1.0,0.0,staggered-cycle,quadratic-vc,6.793779671730186e-05,
independent,independent/rep0-stream0-regime1-d20/4,0,0,1,20,1.0,1.0,0.0,staggered-cycle,quadratic-vc,0.000163902965948284,
independent,independent/rep0-stream0-regime1-d20/5,0,0,1,20,1.0,1.0,0.0,staggered-cycle,quadratic-vc,0.0001403336707780009,
independent,independent/rep0-stream0-regime1-d20/6,0,0,1,20,1.0,1.0,0.0,staggered-cycle,quadratic-vc,8.478931611565494e-05,
independent,independent/rep0-stream0-regime1-d20/7,0,0,1,20,1.0,1.0,0.0,staggered-cycle,quadratic-vc,0.00016360334100903472,
independent,independent/rep0-stream0-regime1-d20/0,0,0,1,20,10.0,1.0,0.0,staggered-cycle,quadratic-ac,0.0003319685120205889,
independent,independent/rep0-stream0-regime1-d20/1,0,0,1,20,10.0,1.0,0.0,staggered-cycle,quadratic-ac,0.00035950510147290656,
independent,independent/rep0-stream0-regime1-d20/2,0,0,1,20,10.0,1.0,0.0,staggered-cycle,quadratic-ac,0.00037920270842389776,
independent,independent/rep0-stream0-regime1-d20/3,0,0,1,20,10.0,1.0,0.0,staggered-cycle,quadratic-ac,0.0006054221538060041,
independent,independent/rep0-stream0-regime1-d20/4,0,0,1,20,10.0,1.0,0.0,staggered-cycle,quadratic-ac,0.0003935756500296858,
independent,independent/rep0-stream0-regime1-d20/5,0,0,1,20,10.0,1.0,0.0,staggered-cycle,quadratic-ac,0.00024529832377095397,
independent,independent/rep0-stream0-regime1-d20/6,0,0,1,20,10.0,1.0,0.0,staggered-cycle,quadratic-ac,0.00045942278450002974,
independent,independent/rep0-stream0-regime1-d20/7,0,0,1,20,10.0,1.0,0.0,staggered-cycle,quadratic-ac,0.0005895392864084534,
independent,independent/rep0-stream0-regime1-d20/0,0,0,1,20,10.0,1.0,0.0,staggered-cycle,quadratic-vc,0.00027025622645395457,
independent,independent/rep0-stream0-regime1-d20/1,0,0,1,20,10.0,1.0,0.0,staggered-cycle,quadratic-vc,0.0003967299920177693,
independent,independent/rep0-stream0-regime1-d20/2,0,0,1,20,10.0,1.0,0.0,staggered-cycle,quadratic-vc,0.00035719674762441274,
independent,independent/rep0-stream0-regime1-d20/3,0,0,1,20,10.0,1.0,0.0,staggered-cycle,quadratic-vc,0.0006156786434140262,
independent,independent/rep0-stream0-regime1-d20/4,0,0,1,20,10.0,1.0,0.0,staggered-cycle,quadratic-vc,0.0003696940023020709,
independent,independent/rep0-stream0-regime1-d20/5,0,0,1,20,10.0,1.0,0.0,staggered-cycle,quadratic-vc,0.00022167708647656531,
independent,independent/rep0-stream0-regime1-d20/6,0,0,1,20,10.0,1.0,0.0,staggered-cycle,quadratic-vc,0.0004856526865493041,
independent,independent/rep0-stream0-regime1-d20/7,0,0,1,20,10.0,1.0,0.0,staggered-cycle,quadratic-vc,0.0005589175032455864,
independent,independent/rep0-stream0-regime1-d20/0,0,0,1,20,1.0,1.0,0.0,staggered-two,quadratic-ac,9.112931519751661e-05,
independent,independent/rep0-stream0-regime1-d20/1,0,0,1,20,1.0,1.0,0.0,staggered-two,quadratic-ac,4.5719122067467144e-05,
independent,independent/rep0-stream0-regime1-d20/2,0,0,1,20,1.0,1.0,0.0,staggered-two,quadratic-ac,8.021580851460096e-05,
independent,independent/rep0-stream0-regime1-d20/3,0,0,1,20,1.0,1.0,0.0,staggered-two,quadratic-ac,0.00015673180595085663,
independent,independent/rep0-stream0-regime1-d20/4,0,0,1,20,1.0,1.0,0.0,staggered-two,quadratic-ac,9.945254321004996e-05,
independent,independent/rep0-stream0-regime1-d20/5,0,0,1,20,1.0,1.0,0.0,staggered-two,quadratic-ac,9.002370135113863e-05,
independent,independent/rep0-stream0-regime1-d20/6,0,0,1,20,1.0,1.0,0.0,staggered-two,quadratic-ac,7.300000822024369e-05,
independent,independent/rep0-stream0-regime1-d20/7,0,0,1,20,1.0,1.0,0.0,staggered-two,quadratic-ac,0.00016420294025586916,
independent,independent/rep0-stream0-regime1-d20/0,0,0,1,20,1.0,1.0,0.0,staggered-two,quadratic-vc,8.318765203687141e-05,
independent,independent/rep0-stream0-regime1-d20/1,0,0,1,20,1.0,1.0,0.0,staggered-two,quadratic-vc,4.687783827955707e-05,
independent,independent/rep0-stream0-regime1-d20/2,0,0,1,20,1.0,1.0,0.0,staggered-two,quadratic-vc,8.07677042096784e-05,
independent,independent/rep0-stream0-regime1-d20/3,0,0,1,20,1.0,1.0,0.0,staggered-two,quadratic-vc,0.00015493383422411983,
independent,independent/rep0-stream0-regime1-d20/4,0,0,1,20,1.0,1.0,0.0,staggered-two,quadratic-vc,9.88981568794885e-05,
independent,independent/rep0-stream0-regime1-d20/5,0,0,1,20,1.0,1.0,0.0,staggered-two,quadratic-vc,8.267234869108416e-05,
independent,independent/rep0-stream0-regime1-d20/6,0,0,1,20,1.0,1.0,0.0,staggered-two,quadratic-vc,7.651771399904566e-05,
independent,independent/rep0-stream0-regime1-d20/7,0,0,1,20,1.0,1.0,0.0,staggered-two,quadratic-vc,0.0001583519207980558,
independent,independent/rep0-stream0-regime1-d20/0,0,0,1,20,10.0,1.0,0.0,staggered-two,quadratic-ac,0.0004542224428263553,
independent,independent/rep0-stream0-regime1-d20/1,0,0,1,20,10.0,1.0,0.0,staggered-two,quadratic-ac,0.00030100881090150747,
independent,independent/rep0-stream0-regime1-d20/2,0,0,1,20,10.0,1.0,0.0,staggered-two,quadratic-ac,0.00028729648449752243,
independent,independent/rep0-stream0-regime1-d20/3,0,0,1,20,10.0,1.0,0.0,staggered-two,quadratic-ac,0.0010433885399753807,
independent,independent/rep0-stream0-regime1-d20/4,0,0,1,20,10.0,1.0,0.0,staggered-two,quadratic-ac,0.00026129619856406786,
independent,independent/rep0-stream0-regime1-d20/5,0,0,1,20,10.0,1.0,0.0,staggered-two,quadratic-ac,0.00026978898696908987,
independent,independent/rep0-stream0-regime1-d20/6,0,0,1,20,10.0,1.0,0.0,staggered-two,quadratic-ac,0.00043423683837171424,
independent,independent/rep0-stream0-regime1-d20/7,0,0,1,20,10.0,1.0,0.0,staggered-two,quadratic-ac,0.0005315969467264118,
independent,independent/rep0-stream0-regime1-d20/0,0,0,1,20,10.0,1.0,0.0,staggered-two,quadratic-vc,0.00038626513387970827,
independent,independent/rep0-stream0-regime1-d20/1,0,0,1,20,10.0,1.0,0.0,staggered-two,quadratic-vc,0.0003013349569138783,
independent,independent/rep0-stream0-regime1-d20/2,0,0,1,20,10.0,1.0,0.0,staggered-two,quadratic-vc,0.0002413554289347997,
independent,independent/rep0-stream0-regime1-d20/3,0,0,1,20,10.0,1.0,0.0,staggered-two,quadratic-vc,0.0010360314058785194,
independent,independent/rep0-stream0-regime1-d20/4,0,0,1,20,10.0,1.0,0.0,staggered-two,quadratic-vc,0.00024008451441511942,
independent,independent/rep0-stream0-regime1-d20/5,0,0,1,20,10.0,1.0,0.0,staggered-two,quadratic-vc,0.00025014793659640865,
independent,independent/rep0-stream0-regime1-d20/6,0,0,1,20,10.0,1.0,0.0,staggered-two,quadratic-vc,0.000471451262007209,
independent,independent/rep0-stream0-regime1-d20/7,0,0,1,20,10.0,1.0,0.0,staggered-two,quadratic-vc,0.0005396305755439609,
independent,independent/rep0-stream0-regime1-d20/0,0,0,1,20,1.0,1.0,0.0,frames,quadratic-ac,8.061538989157887e-05,
independent,independent/rep0-stream0-regime1-d20/1,0,0,1,20,1.0,1.0,0.0,frames,quadratic-ac,9.71003888384955e-05,
independent,independent/rep0-stream0-regime1-d20/2,0,0,1,20,1.0,1.0,0.0,frames,quadratic-ac,8.989994928717345e-05,
independent,independent/rep0-stream0-regime1-d20/3,0,0,1,20,1.0,1.0,0.0,frames,quadratic-ac,0.0001706205426540268,
independent,independent/rep0-stream0-regime1-d20/4,0,0,1,20,1.0,1.0,0.0,frames,quadratic-ac,0.00022652315054407567,
independent,independent/rep0-stream0-regime1-d20/5,0,0,1,20,1.0,1.0,0.0,frames,quadratic-ac,5.1153556701303094e-05,
independent,independent/rep0-stream0-regime1-d20/6,0,0,1,20,1.0,1.0,0.0,frames,quadratic-ac,0.00017511276001128253,
independent,independent/rep0-stream0-regime1-d20/7,0,0,1,20,1.0,1.0,0.0,frames,quadratic-ac,6.391145483053462e-05,
independent,independent/rep0-stream0-regime1-d20/0,0,0,1,20,1.0,1.0,0.0,frames,quadratic-vc,7.903106085710704e-05,
independent,independent/rep0-stream0-regime1-d20/1,0,0,1,20,1.0,1.0,0.0,frames,quadratic-vc,0.00010152903085416124,
independent,independent/rep0-stream0-regime1-d20/2,0,0,1,20,1.0,1.0,0.0,frames,quadratic-vc,7.886988265630383e-05,
independent,independent/rep0-stream0-regime1-d20/3,0,0,1,20,1.0,1.0,0.0,frames,quadratic-vc,0.0001769027937710313,
independent,independent/rep0-stream0-regime1-d20/4,0,0,1,20,1.0,1.0,0.0,frames,quadratic-vc,0.00021136337429768606,
independent,independent/rep0-stream0-regime1-d20/5,0,0,1,20,1.0,1.0,0.0,frames,quadratic-vc,5.52561835025217e-05,
independent,independent/rep0-stream0-regime1-d20/6,0,0,1,20,1.0,1.0,0.0,frames,quadratic-vc,0.00018541285348894278,
independent,independent/rep0-stream0-regime1-d20/7,0,0,1,20,1.0,1.0,0.0,frames,quadratic-vc,6.806264209747052e-05,
independent,independent/rep0-stream0-regime1-d20/0,0,0,1,20,10.0,1.0,0.0,frames,quadratic-ac,0.0005789537587120216,
independent,independent/rep0-stream0-regime1-d20/1,0,0,1,20,10.0,1.0,0.0,frames,quadratic-ac,0.0008766536419066648,
independent,independent/rep0-stream0-regime1-d20/2,0,0,1,20,10.0,1.0,0.0,frames,quadratic-ac,0.0009919738019265256,
independent,independent/rep0-stream0-regime1-d20/3,0,0,1,20,10.0,1.0,0.0,frames,quadratic-ac,0.0011371153418652513,
independent,independent/rep0-stream0-regime1-d20/4,0,0,1,20,10.0,1.0,0.0,frames,quadratic-ac,0.0002232866898503212,
independent,independent/rep0-stream0-regime1-d20/5,0,0,1,20,10.0,1.0,0.0,frames,quadratic-ac,0.0008092868397013574,
independent,independent/rep0-stream0-regime1-d20/6,0,0,1,20,10.0,1.0,0.0,frames,quadratic-ac,0.0005947464889198856,
independent,independent/rep0-stream0-regime1-d20/7,0,0,1,20,10.0,1.0,0.0,frames,quadratic-ac,0.0010567948663032722,
independent,independent/rep0-stream0-regime1-d20/0,0,0,1,20,10.0,1.0,0.0,frames,quadratic-vc,0.0005374223843283108,
independent,independent/rep0-stream0-regime1-d20/1,0,0,1,20,10.0,1.0,0.0,frames,quadratic-vc,0.0008079135156108725,
independent,independent/rep0-stream0-regime1-d20/2,0,0,1,20,10.0,1.0,0.0,frames,quadratic-vc,0.0009409195761836642,
independent,independent/rep0-stream0-regime1-d20/3,0,0,1,20,10.0,1.0,0.0,frames,quadratic-vc,0.0011744580009409296,
independent,independent/rep0-stream0-regime1-d20/4,0,0,1,20,10.0,1.0,0.0,frames,quadratic-vc,0.00022027282179225424,
independent,independent/rep0-stream0-regime1-d20/5,0,0,1,20,10.0,1.0,0.0,frames,quadratic-vc,0.0007066837763761393,
independent,independent/rep0-stream0-regime1-d20/6,0,0,1,20,10.0,1.0,0.0,frames,quadratic-vc,0.0005626617114916647,
independent,independent/rep0-stream0-regime1-d20/7,0,0,1,20,10.0,1.0,0.0,frames,quadratic-vc,0.0011007922376982953,
independent,independent/rep0-stream1-regime0-d20/0,0,1,0,20,1.0,1.0,0.0,staggered-cycle,quadratic-ac,0.00010509899042621969,
independent,independent/rep0-stream1-regime0-d20/1,0,1,0,20,1.0,1.0,0.0,staggered-cycle,quadratic-ac,5.6680451840991386e-05,
independent,independent/rep0-stream1-regime0-d20/2,0,1,0,20,1.0,1.0,0.0,staggered-cycle,quadratic-ac,0.00013014116707314388,
independent,independent/rep0-stream1-regime0-d20/3,0,1,0,20,1.0,1.0,0.0,staggered-cycle,quadratic-ac,7.662939883279196e-05,
independent,independent/rep0-stream1-regime0-d20/4,0,1,0,20,1.0,1.0,0.0,staggered-cycle,quadratic-ac,7.407825217760314e-05,
independent,independent/rep0-stream1-regime0-d20/5,0,1,0,20,1.0,1.0,0.0,staggered-cycle,quadratic-ac,6.638202262301463e-05,
independent,independent/rep0-stream1-regime0-d20/6,0,1,0,20,1.0,1.0,0.0,staggered-cycle,quadratic-ac,2.0890323314820115e-05,
independent,independent/rep0-stream1-regime0-d20/7,0,1,0,20,1.0,1.0,0.0,staggered-cycle,quadratic-ac,7.106992187686988e-05,
independent,independent/rep0-stream1-regime0-d20/0,0,1,0,20,1.0,1.0,0.0,staggered-cycle,quadratic-vc,0.0001047007052634122,
independent,independent/rep0-stream1-regime0-d20/1,0,1,0,20,1.0,1.0,0.0,staggered-cycle,quadratic-vc,5.9188502606494235e-05,
independent,independent/rep0-stream1-regime0-d20/2,0,1,0,20,1.0,1.0,0.0,staggered-cycle,quadratic-vc,0.0001380207669851043,
independent,independent/rep0-stream1-regime0-d20/3,0,1,0,20,1.0,1.0,0.0,staggered-cycle,quadratic-vc,8.863687983732395e-05,
independent,independent/rep0-stream1-regime0-d20/4,0,1,0,20,1.0,1.0,0.0,staggered-cycle,quadratic-vc,8.16233004291316e-05,
independent,independent/rep0-stream1-regime0-d20/5,0,1,0,20,1.0,1.0,0.0,staggered-cycle,quadratic-vc,6.240262802207739e-05,
independent,independent/rep0-stream1-regime0-d20/6,0,1,0,20,1.0,1.0,0.0,staggered-cycle,quadratic-vc,2.0126374021187028e-05,
independent,independent/rep0-stream1-regime0-d20/7,0,1,0,20,1.0,1.0,0.0,staggered-cycle,quadratic-vc,6.682820129947578e-05,
independent,independent/rep0-stream1-regime0-d20/0,0,1,0,20,10.0,1.0,0.0,staggered-cycle,quadratic-ac,0.0006311952757116358,
independent,independent/rep0-stream1-regime0-d20/1,0,1,0,20,10.0,1.0,0.0,staggered-cycle,quadratic-ac,0.00046873802727796934,
independent,independent/rep0-stream1-regime0-d20/2,0,1,0,20,10.0,1.0,0.0,staggered-cycle,quadratic-ac,0.0002693159263500731,
independent,independent/rep0-stream1-regime0-d20/3,0,1,0,20,10.0,1.0,0.0,staggered-cycle,quadratic-ac,0.0003345634278684572,
independent,independent/rep0-stream1-regime0-d20/4,0,1,0,20,10.0,1.0,0.0,staggered-cycle,quadratic-ac,0.00028430902053830235,
independent,independent/rep0-stream1-regime0-d20/5,0,1,0,20,10.0,1.0,0.0,staggered-cycle,quadratic-ac,0.0002698692222080132,
independent,independent/rep0-stream1-regime0-d20/6,0,1,0,20,10.0,1.0,0.0,staggered-cycle,quadratic-ac,0.00033347238558059476,
independent,independent/rep0-stream1-regime0-d20/7,0,1,0,20,10.0,1.0,0.0,staggered-cycle,quadratic-ac,0.00043234097027684875,
independent,independent/rep0-stream1-regime0-d20/0,0,1,0,20,10.0,1.0,0.0,staggered-cycle,quadratic-vc,0.0005898604276474309,
independent,independent/rep0-stream1-regime0-d20/1,0,1,0,20,10.0,1.0,0.0,staggered-cycle,quadratic-vc,0.000437322219350725,
independent,independent/rep0-stream1-regime0-d20/2,0,1,0,20,10.0,1.0,0.0,staggered-cycle,quadratic-vc,0.00028717467464480927,
independent,independent/rep0-stream1-regime0-d20/3,0,1,0,20,10.0,1.0,0.0,staggered-cycle,quadratic-vc,0.0003552157346084658,
independent,independent/rep0-stream1-regime0-d20/4,0,1,0,20,10.0,1.0,0.0,staggered-cycle,quadratic-vc,0.0002973516958147558,
independent,independent/rep0-stream1-regime0-d20/5,0,1,0,20,10.0,1.0,0.0,staggered-cycle,quadratic-vc,0.00025333203869189956,
independent,independent/rep0-stream1-regime0-d20/6,0,1,0,20,10.0,1.0,0.0,staggered-cycle,quadratic-vc,0.00028304416069552496,
independent,independent/rep0-stream1-regime0-d20/7,0,1,0,20,10.0,1.0,0.0,staggered-cycle,quadratic-vc,0.0004309981812658125,
independent,independent/rep0-stream1-regime0-d20/0,0,1,0,20,1.0,1.0,0.0,staggered-two,quadratic-ac,8.251317147988647e-05,
independent,independent/rep0-stream1-regime0-d20/1,0,1,0,20,1.0,1.0,0.0,staggered-two,quadratic-ac,6.430449076352005e-05,
independent,independent/rep0-stream1-regime0-d20/2,0,1,0,20,1.0,1.0,0.0,staggered-two,quadratic-ac,0.0002011643141915299,
independent,independent/rep0-stream1-regime0-d20/3,0,1,0,20,1.0,1.0,0.0,staggered-two,quadratic-ac,6.571424765950697e-05,
independent,independent/rep0-stream1-regime0-d20/4,0,1,0,20,1.0,1.0,0.0,staggered-two,quadratic-ac,7.433557696967005e-05,
independent,independent/rep0-stream1-regime0-d20/5,0,1,0,20,1.0,1.0,0.0,staggered-two,quadratic-ac,6.27262331999802e-05,
independent,independent/rep0-stream1-regime0-d20/6,0,1,0,20,1.0,1.0,0.0,staggered-two,quadratic-ac,3.362376607478589e-05,
independent,independent/rep0-stream1-regime0-d20/7,0,1,0,20,1.0,1.0,0.0,staggered-two,quadratic-ac,8.532184036040334e-05,
independent,independent/rep0-stream1-regime0-d20/0,0,1,0,20,1.0,1.0,0.0,staggered-two,quadratic-vc,8.055992362800932e-05,
independent,independent/rep0-stream1-regime0-d20/1,0,1,0,20,1.0,1.0,0.0,staggered-two,quadratic-vc,6.625242364671611e-05,
independent,independent/rep0-stream1-regime0-d20/2,0,1,0,20,1.0,1.0,0.0,staggered-two,quadratic-vc,0.00019942396991118902,
independent,independent/rep0-stream1-regime0-d20/3,0,1,0,20,1.0,1.0,0.0,staggered-two,quadratic-vc,6.432365320073919e-05,
independent,independent/rep0-stream1-regime0-d20/4,0,1,0,20,1.0,1.0,0.0,staggered-two,quadratic-vc,7.967928859171129e-05,
independent,independent/rep0-stream1-regime0-d20/5,0,1,0,20,1.0,1.0,0.0,staggered-two,quadratic-vc,6.125267704231249e-05,
independent,independent/rep0-stream1-regime0-d20/6,0,1,0,20,1.0,1.0,0.0,staggered-two,quadratic-vc,2.827924889940561e-05,
independent,independent/rep0-stream1-regime0-d20/7,0,1,0,20,1.0,1.0,0.0,staggered-two,quadratic-vc,9.048635008525077e-05,
independent,independent/rep0-stream1-regime0-d20/0,0,1,0,20,10.0,1.0,0.0,staggered-two,quadratic-ac,0.0005633856887723732,
independent,independent/rep0-stream1-regime0-d20/1,0,1,0,20,10.0,1.0,0.0,staggered-two,quadratic-ac,0.0004034734923310347,
independent,independent/rep0-stream1-regime0-d20/2,0,1,0,20,10.0,1.0,0.0,staggered-two,quadratic-ac,0.0003973509618473391,
independent,independent/rep0-stream1-regime0-d20/3,0,1,0,20,10.0,1.0,0.0,staggered-two,quadratic-ac,0.00012579149418984165,
independent,independent/rep0-stream1-regime0-d20/4,0,1,0,20,10.0,1.0,0.0,staggered-two,quadratic-ac,0.00019638925103734233,
independent,independent/rep0-stream1-regime0-d20/5,0,1,0,20,10.0,1.0,0.0,staggered-two,quadratic-ac,0.00022681273264315896,
independent,independent/rep0-stream1-regime0-d20/6,0,1,0,20,10.0,1.0,0.0,staggered-two,quadratic-ac,0.0005003544115102464,
independent,independent/rep0-stream1-regime0-d20/7,0,1,0,20,10.0,1.0,0.0,staggered-two,quadratic-ac,0.0003217056126030643,
independent,independent/rep0-stream1-regime0-d20/0,0,1,0,20,10.0,1.0,0.0,staggered-two,quadratic-vc,0.0005399648358526682,
independent,independent/rep0-stream1-regime0-d20/1,0,1,0,20,10.0,1.0,0.0,staggered-two,quadratic-vc,0.00036843040353665835,
independent,independent/rep0-stream1-regime0-d20/2,0,1,0,20,10.0,1.0,0.0,staggered-two,quadratic-vc,0.000441064057425931,
independent,independent/rep0-stream1-regime0-d20/3,0,1,0,20,10.0,1.0,0.0,staggered-two,quadratic-vc,0.00012216043835696765,
independent,independent/rep0-stream1-regime0-d20/4,0,1,0,20,10.0,1.0,0.0,staggered-two,quadratic-vc,0.00017656702201433014,
independent,independent/rep0-stream1-regime0-d20/5,0,1,0,20,10.0,1.0,0.0,staggered-two,quadratic-vc,0.00021966820185398108,
independent,independent/rep0-stream1-regime0-d20/6,0,1,0,20,10.0,1.0,0.0,staggered-two,quadratic-vc,0.00045426709576520344,
independent,independent/rep0-stream1-regime0-d20/7,0,1,0,20,10.0,1.0,0.0,staggered-two,quadratic-vc,0.00029357257129615885,
independent,independent/rep0-stream1-regime0-d20/0,0,1,0,20,1.0,1.0,0.0,frames,quadratic-ac,0.00017194489447711035,
independent,independent/rep0-stream1-regime0-d20/1,0,1,0,20,1.0,1.0,0.0,frames,quadratic-ac,0.00012119127753781395,
independent,independent/rep0-stream1-regime0-d20/2,0,1,0,20,1.0,1.0,0.0,frames,quadratic-ac,6.840384901930433e-05,
independent,independent/rep0-stream1-regime0-d20/3,0,1,0,20,1.0,1.0,0.0,frames,quadratic-ac,7.556531412503992e-05,
independent,independent/rep0-stream1-regime0-d20/4,0,1,0,20,1.0,1.0,0.0,frames,quadratic-ac,0.00015055713738352383,
independent,independent/rep0-stream1-regime0-d20/5,0,1,0,20,1.0,1.0,0.0,frames,quadratic-ac,8.5602676819167e-05,
independent,independent/rep0-stream1-regime0-d20/6,0,1,0,20,1.0,1.0,0.0,frames,quadratic-ac,0.00013219791311639954,
independent,independent/rep0-stream1-regime0-d20/7,0,1,0,20,1.0,1.0,0.0,frames,quadratic-ac,5.951875420887032e-05,
independent,independent/rep0-stream1-regime0-d20/0,0,1,0,20,1.0,1.0,0.0,frames,quadratic-vc,0.00016883252947687375,
independent,independent/rep0-stream1-regime0-d20/1,0,1,0,20,1.0,1.0,0.0,frames,quadratic-vc,0.00012395074324405674,
independent,independent/rep0-stream1-regime0-d20/2,0,1,0,20,1.0,1.0,0.0,frames,quadratic-vc,6.559167808938488e-05,
independent,independent/rep0-stream1-regime0-d20/3,0,1,0,20,1.0,1.0,0.0,frames,quadratic-vc,8.42734971486087e-05,
independent,independent/rep0-stream1-regime0-d20/4,0,1,0,20,1.0,1.0,0.0,frames,quadratic-vc,0.00013318316330935247,
independent,independent/rep0-stream1-regime0-d20/5,0,1,0,20,1.0,1.0,0.0,frames,quadratic-vc,8.486580575051559e-05,
independent,independent/rep0-stream1-regime0-d20/6,0,1,0,20,1.0,1.0,0.0,frames,quadratic-vc,0.00013199307848799934,
independent,independent/rep0-stream1-regime0-d20/7,0,1,0,20,1.0,1.0,0.0,frames,quadratic-vc,5.6316651944933525e-05,
independent,independent/rep0-stream1-regime0-d20/0,0,1,0,20,10.0,1.0,0.0,frames,quadratic-ac,0.0004408617713669171,
independent,independent/rep0-stream1-regime0-d20/1,0,1,0,20,10.0,1.0,0.0,frames,quadratic-ac,0.00042271859458724585,
independent,independent/rep0-stream1-regime0-d20/2,0,1,0,20,10.0,1.0,0.0,frames,quadratic-ac,0.0004276904035573853,
independent,independent/rep0-stream1-regime0-d20/3,0,1,0,20,10.0,1.0,0.0,frames,quadratic-ac,0.00030326471814981373,
independent,independent/rep0-stream1-regime0-d20/4,0,1,0,20,10.0,1.0,0.0,frames,quadratic-ac,0.0006446870379175531,
independent,independent/rep0-stream1-regime0-d20/5,0,1,0,20,10.0,1.0,0.0,frames,quadratic-ac,0.0005830236488398615,
independent,independent/rep0-stream1-regime0-d20/6,0,1,0,20,10.0,1.0,0.0,frames,quadratic-ac,0.001077130698969592,
independent,independent/rep0-stream1-regime0-d20/7,0,1,0,20,10.0,1.0,0.0,frames,quadratic-ac,0.00046615593420433954,
independent,independent/rep0-stream1-regime0-d20/0,0,1,0,20,10.0,1.0,0.0,frames,quadratic-vc,0.00044889864121992463,
independent,independent/rep0-stream1-regime0-d20/1,0,1,0,20,10.0,1.0,0.0,frames,quadratic-vc,0.0003832500426274122,
independent,independent/rep0-stream1-regime0-d20/2,0,1,0,20,10.0,1.0,0.0,frames,quadratic-vc,0.0003839434199276465,
independent,independent/rep0-stream1-regime0-d20/3,0,1,0,20,10.0,1.0,0.0,frames,quadratic-vc,0.0003439919344896226,
independent,independent/rep0-stream1-regime0-d20/4,0,1,0,20,10.0,1.0,0.0,frames,quadratic-vc,0.000577544294938655,
independent,independent/rep0-stream1-regime0-d20/5,0,1,0,20,10.0,1.0,0.0,frames,quadratic-vc,0.0004909184368408672,
independent,independent/rep0-stream1-regime0-d20/6,0,1,0,20,10.0,1.0,0.0,frames,quadratic-vc,0.0010173194308558402,
independent,independent/rep0-stream1-regime0-d20/7,0,1,0,20,10.0,1.0,0.0,frames,quadratic-vc,0.00042844930542856435,
independent,independent/rep0-stream1-regime1-d20/0,0,1,1,20,1.0,1.0,0.0,staggered-cycle,quadratic-ac,4.8500761384784233e-05,
independent,independent/rep0-stream1-regime1-d20/1,0,1,1,20,1.0,1.0,0.0,staggered-cycle,quadratic-ac,9.664399467860411e-05,
independent,independent/rep0-stream1-regime1-d20/2,0,1,1,20,1.0,1.0,0.0,staggered-cycle,quadratic-ac,4.423716609343512e-05,
independent,independent/rep0-stream1-regime1-d20/3,0,1,1,20,1.0,1.0,0.0,staggered-cycle,quadratic-ac,9.208345681288857e-05,
independent,independent/rep0-stream1-regime1-d20/4,0,1,1,20,1.0,1.0,0.0,staggered-cycle,quadratic-ac,8.34745305992279e-05,
independent,independent/rep0-stream1-regime1-d20/5,0,1,1,20,1.0,1.0,0.0,staggered-cycle,quadratic-ac,5.8243508196678497e-05,
independent,independent/rep0-stream1-regime1-d20/6,0,1,1,20,1.0,1.0,0.0,staggered-cycle,quadratic-ac,6.435513372053236e-05,
independent,independent/rep0-stream1-regime1-d20/7,0,1,1,20,1.0,1.0,0.0,staggered-cycle,quadratic-ac,5.678446058415304e-05,
independent,independent/rep0-stream1-regime1-d20/0,0,1,1,20,1.0,1.0,0.0,staggered-cycle,quadratic-vc,5.099075678357456e-05,
independent,independent/rep0-stream1-regime1-d20/1,0,1,1,20,1.0,1.0,0.0,staggered-cycle,quadratic-vc,8.037928564599211e-05,
independent,independent/rep0-stream1-regime1-d20/2,0,1,1,20,1.0,1.0,0.0,staggered-cycle,quadratic-vc,4.6634321865330525e-05,
independent,independent/rep0-stream1-regime1-d20/3,0,1,1,20,1.0,1.0,0.0,staggered-cycle,quadratic-vc,9.150082597839956e-05,
independent,independent/rep0-stream1-regime1-d20/4,0,1,1,20,1.0,1.0,0.0,staggered-cycle,quadratic-vc,8.359796607358568e-05,
independent,independent/rep0-stream1-regime1-d20/5,0,1,1,20,1.0,1.0,0.0,staggered-cycle,quadratic-vc,4.913208633648574e-05,
independent,independent/rep0-stream1-regime1-d20/6,0,1,1,20,1.0,1.0,0.0,staggered-cycle,quadratic-vc,7.275880634908998e-05,
independent,independent/rep0-stream1-regime1-d20/7,0,1,1,20,1.0,1.0,0.0,staggered-cycle,quadratic-vc,6.310831559712369e-05,
independent,independent/rep0-stream1-regime1-d20/0,0,1,1,20,10.0,1.0,0.0,staggered-cycle,quadratic-ac,0.00032584612347174023,
independent,independent/rep0-stream1-regime1-d20/1,0,1,1,20,10.0,1.0,0.0,staggered-cycle,quadratic-ac,0.00019501685252850895,
independent,independent/rep0-stream1-regime1-d20/2,0,1,1,20,10.0,1.0,0.0,staggered-cycle,quadratic-ac,0.0006800926542460476,
independent,independent/rep0-stream1-regime1-d20/3,0,1,1,20,10.0,1.0,0.0,staggered-cycle,quadratic-ac,0.0008120597944293928,
independent,independent/rep0-stream1-regime1-d20/4,0,1,1,20,10.0,1.0,0.0,staggered-cycle,quadratic-ac,0.0008671182233632406,
independent,independent/rep0-stream1-regime1-d20/5,0,1,1,20,10.0,1.0,0.0,staggered-cycle,quadratic-ac,0.000411085782622006,
independent,independent/rep0-stream1-regime1-d20/6,0,1,1,20,10.0,1.0,0.0,staggered-cycle,quadratic-ac,0.000428633092222851,
independent,independent/rep0-stream1-regime1-d20/7,0,1,1,20,10.0,1.0,0.0,staggered-cycle,quadratic-ac,0.000402824937662738,
independent,independent/rep0-stream1-regime1-d20/0,0,1,1,20,10.0,1.0,0.0,staggered-cycle,quadratic-vc,0.00031683033155880844,
independent,independent/rep0-stream1-regime1-d20/1,0,1,1,20,10.0,1.0,0.0,staggered-cycle,quadratic-vc,0.00021803142402831923,
independent,independent/rep0-stream1-regime1-d20/2,0,1,1,20,10.0,1.0,0.0,staggered-cycle,quadratic-vc,0.0006204986086728319,
independent,independent/rep0-stream1-regime1-d20/3,0,1,1,20,10.0,1.0,0.0,staggered-cycle,quadratic-vc,0.0008457721774465111,
independent,independent/rep0-stream1-regime1-d20/4,0,1,1,20,10.0,1.0,0.0,staggered-cycle,quadratic-vc,0.0010118599433272023,
independent,independent/rep0-stream1-regime1-d20/5,0,1,1,20,10.0,1.0,0.0,staggered-cycle,quadratic-vc,0.0003837776051284907,
independent,independent/rep0-stream1-regime1-d20/6,0,1,1,20,10.0,1.0,0.0,staggered-cycle,quadratic-vc,0.0003784458716192023,
independent,independent/rep0-stream1-regime1-d20/7,0,1,1,20,10.0,1.0,0.0,staggered-cycle,quadratic-vc,0.00042859794645446045,
independent,independent/rep0-stream1-regime1-d20/0,0,1,1,20,1.0,1.0,0.0,staggered-two,quadratic-ac,4.474844725281661e-05,
independent,independent/rep0-stream1-regime1-d20/1,0,1,1,20,1.0,1.0,0.0,staggered-two,quadratic-ac,9.019565137224561e-05,
independent,independent/rep0-stream1-regime1-d20/2,0,1,1,20,1.0,1.0,0.0,staggered-two,quadratic-ac,7.163232340440687e-05,
independent,independent/rep0-stream1-regime1-d20/3,0,1,1,20,1.0,1.0,0.0,staggered-two,quadratic-ac,7.596473418069418e-05,
independent,independent/rep0-stream1-regime1-d20/4,0,1,1,20,1.0,1.0,0.0,staggered-two,quadratic-ac,0.00011186624820939519,
independent,independent/rep0-stream1-regime1-d20/5,0,1,1,20,1.0,1.0,0.0,staggered-two,quadratic-ac,7.219600579162096e-05,
independent,independent/rep0-stream1-regime1-d20/6,0,1,1,20,1.0,1.0,0.0,staggered-two,quadratic-ac,8.366734924546856e-05,
independent,independent/rep0-stream1-regime1-d20/7,0,1,1,20,1.0,1.0,0.0,staggered-two,quadratic-ac,0.00010301208952066042,
independent,independent/rep0-stream1-regime1-d20/0,0,1,1,20,1.0,1.0,0.0,staggered-two,quadratic-vc,4.820668912165556e-05,
independent,independent/rep0-stream1-regime1-d20/1,0,1,1,20,1.0,1.0,0.0,staggered-two,quadratic-vc,7.981334936157202e-05,
independent,independent/rep0-stream1-regime1-d20/2,0,1,1,20,1.0,1.0,0.0,staggered-two,quadratic-vc,7.683190437186641e-05,
independent,independent/rep0-stream1-regime1-d20/3,0,1,1,20,1.0,1.0,0.0,staggered-two,quadratic-vc,7.261611239882069e-05,
independent,independent/rep0-stream1-regime1-d20/4,0,1,1,20,1.0,1.0,0.0,staggered-two,quadratic-vc,0.00010836977134634832,
independent,independent/rep0-stream1-regime1-d20/5,0,1,1,20,1.0,1.0,0.0,staggered-two,quadratic-vc,6.295043907078373e-05,
independent,independent/rep0-stream1-regime1-d20/6,0,1,1,20,1.0,1.0,0.0,staggered-two,quadratic-vc,8.968624446232444e-05,
independent,independent/rep0-stream1-regime1-d20/7,0,1,1,20,1.0,1.0,0.0,staggered-two,quadratic-vc,0.00011001665577935455,
independent,independent/rep0-stream1-regime1-d20/0,0,1,1,20,10.0,1.0,0.0,staggered-two,quadratic-ac,0.0003975969045380297,
independent,independent/rep0-stream1-regime1-d20/1,0,1,1,20,10.0,1.0,0.0,staggered-two,quadratic-ac,0.00041537493185382954,
independent,independent/rep0-stream1-regime1-d20/2,0,1,1,20,10.0,1.0,0.0,staggered-two,quadratic-ac,0.0007787919951142036,
independent,independent/rep0-stream1-regime1-d20/3,0,1,1,20,10.0,1.0,0.0,staggered-two,quadratic-ac,0.0010035425529695578,
independent,independent/rep0-stream1-regime1-d20/4,0,1,1,20,10.0,1.0,0.0,staggered-two,quadratic-ac,0.0011221730790750876,
independent,independent/rep0-stream1-regime1-d20/5,0,1,1,20,10.0,1.0,0.0,staggered-two,quadratic-ac,0.00045416548395782496,
independent,independent/rep0-stream1-regime1-d20/6,0,1,1,20,10.0,1.0,0.0,staggered-two,quadratic-ac,0.0002147532895345835,
independent,independent/rep0-stream1-regime1-d20/7,0,1,1,20,10.0,1.0,0.0,staggered-two,quadratic-ac,0.0003671081966931006,
independent,independent/rep0-stream1-regime1-d20/0,0,1,1,20,10.0,1.0,0.0,staggered-two,quadratic-vc,0.00039569539730340784,
independent,independent/rep0-stream1-regime1-d20/1,0,1,1,20,10.0,1.0,0.0,staggered-two,quadratic-vc,0.0003776136802102223,
independent,independent/rep0-stream1-regime1-d20/2,0,1,1,20,10.0,1.0,0.0,staggered-two,quadratic-vc,0.000856688331646543,
independent,independent/rep0-stream1-regime1-d20/3,0,1,1,20,10.0,1.0,0.0,staggered-two,quadratic-vc,0.0011584934848270316,
independent,independent/rep0-stream1-regime1-d20/4,0,1,1,20,10.0,1.0,0.0,staggered-two,quadratic-vc,0.0013237925393546337,
independent,independent/rep0-stream1-regime1-d20/5,0,1,1,20,10.0,1.0,0.0,staggered-two,quadratic-vc,0.0004473890222722466,
independent,independent/rep0-stream1-regime1-d20/6,0,1,1,20,10.0,1.0,0.0,staggered-two,quadratic-vc,0.00019154693692446833,
independent,independent/rep0-stream1-regime1-d20/7,0,1,1,20,10.0,1.0,0.0,staggered-two,quadratic-vc,0.000328912614059999,
independent,independent/rep0-stream1-regime1-d20/0,0,1,1,20,1.0,1.0,0.0,frames,quadratic-ac,7.656173937174725e-05,
independent,independent/rep0-stream1-regime1-d20/1,0,1,1,20,1.0,1.0,0.0,frames,quadratic-ac,0.00010990016835213983,
independent,independent/rep0-stream1-regime1-d20/2,0,1,1,20,1.0,1.0,0.0,frames,quadratic-ac,0.00014804680017846758,
independent,independent/rep0-stream1-regime1-d20/3,0,1,1,20,1.0,1.0,0.0,frames,quadratic-ac,8.586800438499422e-05,
independent,independent/rep0-stream1-regime1-d20/4,0,1,1,20,1.0,1.0,0.0,frames,quadratic-ac,8.600792639592372e-05,
independent,independent/rep0-stream1-regime1-d20/5,0,1,1,20,1.0,1.0,0.0,frames,quadratic-ac,0.00012949770107982433,
independent,independent/rep0-stream1-regime1-d20/6,0,1,1,20,1.0,1.0,0.0,frames,quadratic-ac,7.605012335754181e-05,
independent,independent/rep0-stream1-regime1-d20/7,0,1,1,20,1.0,1.0,0.0,frames,quadratic-ac,0.00010975820568885716,
independent,independent/rep0-stream1-regime1-d20/0,0,1,1,20,1.0,1.0,0.0,frames,quadratic-vc,7.528490841558651e-05,
independent,independent/rep0-stream1-regime1-d20/1,0,1,1,20,1.0,1.0,0.0,frames,quadratic-vc,0.00012258825136277242,
independent,independent/rep0-stream1-regime1-d20/2,0,1,1,20,1.0,1.0,0.0,frames,quadratic-vc,0.00016529961065562371,
independent,independent/rep0-stream1-regime1-d20/3,0,1,1,20,1.0,1.0,0.0,frames,quadratic-vc,9.415753370939984e-05,
independent,independent/rep0-stream1-regime1-d20/4,0,1,1,20,1.0,1.0,0.0,frames,quadratic-vc,9.434010593346641e-05,
independent,independent/rep0-stream1-regime1-d20/5,0,1,1,20,1.0,1.0,0.0,frames,quadratic-vc,0.00013308941500587992,
independent,independent/rep0-stream1-regime1-d20/6,0,1,1,20,1.0,1.0,0.0,frames,quadratic-vc,7.544296624780142e-05,
independent,independent/rep0-stream1-regime1-d20/7,0,1,1,20,1.0,1.0,0.0,frames,quadratic-vc,0.00010955959597182784,
independent,independent/rep0-stream1-regime1-d20/0,0,1,1,20,10.0,1.0,0.0,frames,quadratic-ac,0.0007507059916997781,
independent,independent/rep0-stream1-regime1-d20/1,0,1,1,20,10.0,1.0,0.0,frames,quadratic-ac,0.000905875111916067,
independent,independent/rep0-stream1-regime1-d20/2,0,1,1,20,10.0,1.0,0.0,frames,quadratic-ac,0.0009741279270093382,
independent,independent/rep0-stream1-regime1-d20/3,0,1,1,20,10.0,1.0,0.0,frames,quadratic-ac,0.0009267324391748768,
independent,independent/rep0-stream1-regime1-d20/4,0,1,1,20,10.0,1.0,0.0,frames,quadratic-ac,0.0006795973286226435,
independent,independent/rep0-stream1-regime1-d20/5,0,1,1,20,10.0,1.0,0.0,frames,quadratic-ac,0.0010031975684141072,
independent,independent/rep0-stream1-regime1-d20/6,0,1,1,20,10.0,1.0,0.0,frames,quadratic-ac,0.0006046070731376132,
independent,independent/rep0-stream1-regime1-d20/7,0,1,1,20,10.0,1.0,0.0,frames,quadratic-ac,0.0005563897815947003,
independent,independent/rep0-stream1-regime1-d20/0,0,1,1,20,10.0,1.0,0.0,frames,quadratic-vc,0.0007497890945353929,
independent,independent/rep0-stream1-regime1-d20/1,0,1,1,20,10.0,1.0,0.0,frames,quadratic-vc,0.0008156405625231183,
independent,independent/rep0-stream1-regime1-d20/2,0,1,1,20,10.0,1.0,0.0,frames,quadratic-vc,0.0009442853771547536,
independent,independent/rep0-stream1-regime1-d20/3,0,1,1,20,10.0,1.0,0.0,frames,quadratic-vc,0.0009621015612334839,
independent,independent/rep0-stream1-regime1-d20/4,0,1,1,20,10.0,1.0,0.0,frames,quadratic-vc,0.0006619243448246309,
independent,independent/rep0-stream1-regime1-d20/5,0,1,1,20,10.0,1.0,0.0,frames,quadratic-vc,0.0011320188025679841,
independent,independent/rep0-stream1-regime1-d20/6,0,1,1,20,10.0,1.0,0.0,frames,quadratic-vc,0.0006693366124516656,
independent,independent/rep0-stream1-regime1-d20/7,0,1,1,20,10.0,1.0,0.0,frames,quadratic-vc,0.0005755629185891217,
independent,independent/rep1-stream0-regime0-d20/0,1,0,0,20,1.0,1.0,0.0,staggered-cycle,quadratic-ac,0.0002053076454324274,
independent,independent/rep1-stream0-regime0-d20/1,1,0,0,20,1.0,1.0,0.0,staggered-cycle,quadratic-ac,7.803512547263938e-05,
independent,independent/rep1-stream0-regime0-d20/2,1,0,0,20,1.0,1.0,0.0,staggered-cycle,quadratic-ac,3.395397987364089e-05,
independent,independent/rep1-stream0-regime0-d20/3,1,0,0,20,1.0,1.0,0.0,staggered-cycle,quadratic-ac,0.00019722369605658168,
independent,independent/rep1-stream0-regime0-d20/4,1,0,0,20,1.0,1.0,0.0,staggered-cycle,quadratic-ac,8.236008294137093e-05,
independent,independent/rep1-stream0-regime0-d20/5,1,0,0,20,1.0,1.0,0.0,staggered-cycle,quadratic-ac,7.79274389644945e-05,
independent,independent/rep1-stream0-regime0-d20/6,1,0,0,20,1.0,1.0,0.0,staggered-cycle,quadratic-ac,4.671567537698736e-05,
independent,independent/rep1-stream0-regime0-d20/7,1,0,0,20,1.0,1.0,0.0,staggered-cycle,quadratic-ac,0.00016251502974419846,
independent,independent/rep1-stream0-regime0-d20/0,1,0,0,20,1.0,1.0,0.0,staggered-cycle,quadratic-vc,0.0001912627419327413,
independent,independent/rep1-stream0-regime0-d20/1,1,0,0,20,1.0,1.0,0.0,staggered-cycle,quadratic-vc,7.363170397536935e-05,
independent,independent/rep1-stream0-regime0-d20/2,1,0,0,20,1.0,1.0,0.0,staggered-cycle,quadratic-vc,2.9807950097722435e-05,
independent,independent/rep1-stream0-regime0-d20/3,1,0,0,20,1.0,1.0,0.0,staggered-cycle,quadratic-vc,0.00016971447590163292,
independent,independent/rep1-stream0-regime0-d20/4,1,0,0,20,1.0,1.0,0.0,staggered-cycle,quadratic-vc,7.77948964416642e-05,
independent,independent/rep1-stream0-regime0-d20/5,1,0,0,20,1.0,1.0,0.0,staggered-cycle,quadratic-vc,7.199430196088371e-05,
independent,independent/rep1-stream0-regime0-d20/6,1,0,0,20,1.0,1.0,0.0,staggered-cycle,quadratic-vc,4.0903624424476065e-05,
independent,independent/rep1-stream0-regime0-d20/7,1,0,0,20,1.0,1.0,0.0,staggered-cycle,quadratic-vc,0.00013676977838224878,
independent,independent/rep1-stream0-regime0-d20/0,1,0,0,20,10.0,1.0,0.0,staggered-cycle,quadratic-ac,0.0003354356845313601,
independent,independent/rep1-stream0-regime0-d20/1,1,0,0,20,10.0,1.0,0.0,staggered-cycle,quadratic-ac,0.0001708609866685923,
independent,independent/rep1-stream0-regime0-d20/2,1,0,0,20,10.0,1.0,0.0,staggered-cycle,quadratic-ac,0.00019192644284436752,
independent,independent/rep1-stream0-regime0-d20/3,1,0,0,20,10.0,1.0,0.0,staggered-cycle,quadratic-ac,0.00047517553142649015,
independent,independent/rep1-stream0-regime0-d20/4,1,0,0,20,10.0,1.0,0.0,staggered-cycle,quadratic-ac,0.00040786203425275975,
independent,independent/rep1-stream0-regime0-d20/5,1,0,0,20,10.0,1.0,0.0,staggered-cycle,quadratic-ac,0.00022145230085549985,
independent,independent/rep1-stream0-regime0-d20/6,1,0,0,20,10.0,1.0,0.0,staggered-cycle,quadratic-ac,0.00032230317261211543,
independent,independent/rep1-stream0-regime0-d20/7,1,0,0,20,10.0,1.0,0.0,staggered-cycle,quadratic-ac,0.00029224241417139055,
independent,independent/rep1-stream0-regime0-d20/0,1,0,0,20,10.0,1.0,0.0,staggered-cycle,quadratic-vc,0.00031799798055583275,
independent,independent/rep1-stream0-regime0-d20/1,1,0,0,20,10.0,1.0,0.0,staggered-cycle,quadratic-vc,0.00017448428343075955,
independent,independent/rep1-stream0-regime0-d20/2,1,0,0,20,10.0,1.0,0.0,staggered-cycle,quadratic-vc,0.00016304532977606855,
independent,independent/rep1-stream0-regime0-d20/3,1,0,0,20,10.0,1.0,0.0,staggered-cycle,quadratic-vc,0.0005215503482262996,
independent,independent/rep1-stream0-regime0-d20/4,1,0,0,20,10.0,1.0,0.0,staggered-cycle,quadratic-vc,0.0003754002883968981,
independent,independent/rep1-stream0-regime0-d20/5,1,0,0,20,10.0,1.0,0.0,staggered-cycle,quadratic-vc,0.0002056647352136986,
independent,independent/rep1-stream0-regime0-d20/6,1,0,0,20,10.0,1.0,0.0,staggered-cycle,quadratic-vc,0.0002890185887203391,
independent,independent/rep1-stream0-regime0-d20/7,1,0,0,20,10.0,1.0,0.0,staggered-cycle,quadratic-vc,0.00026164247773541516,
independent,independent/rep1-stream0-regime0-d20/0,1,0,0,20,1.0,1.0,0.0,staggered-two,quadratic-ac,8.177455872061548e-05,
independent,independent/rep1-stream0-regime0-d20/1,1,0,0,20,1.0,1.0,0.0,staggered-two,quadratic-ac,5.197263849031202e-05,
independent,independent/rep1-stream0-regime0-d20/2,1,0,0,20,1.0,1.0,0.0,staggered-two,quadratic-ac,5.6436407149122705e-05,
independent,independent/rep1-stream0-regime0-d20/3,1,0,0,20,1.0,1.0,0.0,staggered-two,quadratic-ac,0.00011853029664471115,
independent,independent/rep1-stream0-regime0-d20/4,1,0,0,20,1.0,1.0,0.0,staggered-two,quadratic-ac,9.04034186886831e-05,
independent,independent/rep1-stream0-regime0-d20/5,1,0,0,20,1.0,1.0,0.0,staggered-two,quadratic-ac,9.219708782318735e-05,
independent,independent/rep1-stream0-regime0-d20/6,1,0,0,20,1.0,1.0,0.0,staggered-two,quadratic-ac,2.3622481503498052e-05,
independent,independent/rep1-stream0-regime0-d20/7,1,0,0,20,1.0,1.0,0.0,staggered-two,quadratic-ac,0.0001063777251825172,
independent,independent/rep1-stream0-regime0-d20/0,1,0,0,20,1.0,1.0,0.0,staggered-two,quadratic-vc,7.427090265500186e-05,
independent,independent/rep1-stream0-regime0-d20/1,1,0,0,20,1.0,1.0,0.0,staggered-two,quadratic-vc,4.221198825270981e-05,
independent,independent/rep1-stream0-regime0-d20/2,1,0,0,20,1.0,1.0,0.0,staggered-two,quadratic-vc,5.102369799167584e-05,
independent,independent/rep1-stream0-regime0-d20/3,1,0,0,20,1.0,1.0,0.0,staggered-two,quadratic-vc,0.00010453349580873075,
independent,independent/rep1-stream0-regime0-d20/4,1,0,0,20,1.0,1.0,0.0,staggered-two,quadratic-vc,8.418790738584287e-05,
independent,independent/rep1-stream0-regime0-d20/5,1,0,0,20,1.0,1.0,0.0,staggered-two,quadratic-vc,9.116364727863776e-05,
independent,independent/rep1-stream0-regime0-d20/6,1,0,0,20,1.0,1.0,0.0,staggered-two,quadratic-vc,2.4719017832229686e-05,
independent,independent/rep1-stream0-regime0-d20/7,1,0,0,20,1.0,1.0,0.0,staggered-two,quadratic-vc,0.00010375726960094041,
independent,independent/rep1-stream0-regime0-d20/0,1,0,0,20,10.0,1.0,0.0,staggered-two,quadratic-ac,0.0004822066196343331,
independent,independent/rep1-stream0-regime0-d20/1,1,0,0,20,10.0,1.0,0.0,staggered-two,quadratic-ac,0.00020835420879595666,
independent,independent/rep1-stream0-regime0-d20/2,1,0,0,20,10.0,1.0,0.0,staggered-two,quadratic-ac,0.00017771723782415228,
independent,independent/rep1-stream0-regime0-d20/3,1,0,0,20,10.0,1.0,0.0,staggered-two,quadratic-ac,0.0005376660943517355,
independent,independent/rep1-stream0-regime0-d20/4,1,0,0,20,10.0,1.0,0.0,staggered-two,quadratic-ac,0.00044465712671454293,
independent,independent/rep1-stream0-regime0-d20/5,1,0,0,20,10.0,1.0,0.0,staggered-two,quadratic-ac,0.00012608558440830109,
independent,independent/rep1-stream0-regime0-d20/6,1,0,0,20,10.0,1.0,0.0,staggered-two,quadratic-ac,0.00035480480709456974,
independent,independent/rep1-stream0-regime0-d20/7,1,0,0,20,10.0,1.0,0.0,staggered-two,quadratic-ac,0.0002096060393064414,
independent,independent/rep1-stream0-regime0-d20/0,1,0,0,20,10.0,1.0,0.0,staggered-two,quadratic-vc,0.0004338810825988294,
independent,independent/rep1-stream0-regime0-d20/1,1,0,0,20,10.0,1.0,0.0,staggered-two,quadratic-vc,0.0001742993727843322,
independent,independent/rep1-stream0-regime0-d20/2,1,0,0,20,10.0,1.0,0.0,staggered-two,quadratic-vc,0.00017621445922070267,
independent,independent/rep1-stream0-regime0-d20/3,1,0,0,20,10.0,1.0,0.0,staggered-two,quadratic-vc,0.00046274210869889606,
independent,independent/rep1-stream0-regime0-d20/4,1,0,0,20,10.0,1.0,0.0,staggered-two,quadratic-vc,0.00041103263224695756,
independent,independent/rep1-stream0-regime0-d20/5,1,0,0,20,10.0,1.0,0.0,staggered-two,quadratic-vc,0.00012045974042162174,
independent,independent/rep1-stream0-regime0-d20/6,1,0,0,20,10.0,1.0,0.0,staggered-two,quadratic-vc,0.0003152214269742635,
independent,independent/rep1-stream0-regime0-d20/7,1,0,0,20,10.0,1.0,0.0,staggered-two,quadratic-vc,0.00016179613362301916,
independent,independent/rep1-stream0-regime0-d20/0,1,0,0,20,1.0,1.0,0.0,frames,quadratic-ac,0.0001089481917114487,
independent,independent/rep1-stream0-regime0-d20/1,1,0,0,20,1.0,1.0,0.0,frames,quadratic-ac,0.00013261558853437384,
independent,independent/rep1-stream0-regime0-d20/2,1,0,0,20,1.0,1.0,0.0,frames,quadratic-ac,8.021812046193219e-05,
independent,independent/rep1-stream0-regime0-d20/3,1,0,0,20,1.0,1.0,0.0,frames,quadratic-ac,7.573270702432517e-05,
independent,independent/rep1-stream0-regime0-d20/4,1,0,0,20,1.0,1.0,0.0,frames,quadratic-ac,0.00015825825697462836,
independent,independent/rep1-stream0-regime0-d20/5,1,0,0,20,1.0,1.0,0.0,frames,quadratic-ac,7.905605891148776e-05,
independent,independent/rep1-stream0-regime0-d20/6,1,0,0,20,1.0,1.0,0.0,frames,quadratic-ac,7.666051915501362e-05,
independent,independent/rep1-stream0-regime0-d20/7,1,0,0,20,1.0,1.0,0.0,frames,quadratic-ac,0.00011196998363450165,
independent,independent/rep1-stream0-regime0-d20/0,1,0,0,20,1.0,1.0,0.0,frames,quadratic-vc,0.00010590450367774844,
independent,independent/rep1-stream0-regime0-d20/1,1,0,0,20,1.0,1.0,0.0,frames,quadratic-vc,0.00013904218271978809,
independent,independent/rep1-stream0-regime0-d20/2,1,0,0,20,1.0,1.0,0.0,frames,quadratic-vc,7.695305638209636e-05,
independent,independent/rep1-stream0-regime0-d20/3,1,0,0,20,1.0,1.0,0.0,frames,quadratic-vc,7.607898156338107e-05,
independent,independent/rep1-stream0-regime0-d20/4,1,0,0,20,1.0,1.0,0.0,frames,quadratic-vc,0.00014874232487981567,
independent,independent/rep1-stream0-regime0-d20/5,1,0,0,20,1.0,1.0,0.0,frames,quadratic-vc,8.370306850874893e-05,
independent,independent/rep1-stream0-regime0-d20/6,1,0,0,20,1.0,1.0,0.0,frames,quadratic-vc,7.773006631743428e-05,
independent,independent/rep1-stream0-regime0-d20/7,1,0,0,20,1.0,1.0,0.0,frames,quadratic-vc,0.00011296368148126937,
independent,independent/rep1-stream0-regime0-d20/0,1,0,0,20,10.0,1.0,0.0,frames,quadratic-ac,0.00046212814168155165,
independent,independent/rep1-stream0-regime0-d20/1,1,0,0,20,10.0,1.0,0.0,frames,quadratic-ac,0.0004133249299991977,
independent,independent/rep1-stream0-regime0-d20/2,1,0,0,20,10.0,1.0,0.0,frames,quadratic-ac,0.0006471624773181286,
independent,independent/rep1-stream0-regime0-d20/3,1,0,0,20,10.0,1.0,0.0,frames,quadratic-ac,0.0007538082071416087,
independent,independent/rep1-stream0-regime0-d20/4,1,0,0,20,10.0,1.0,0.0,frames,quadratic-ac,0.0005619683961077196,
independent,independent/rep1-stream0-regime0-d20/5,1,0,0,20,10.0,1.0,0.0,frames,quadratic-ac,0.00037989898922025095,
independent,independent/rep1-stream0-regime0-d20/6,1,0,0,20,10.0,1.0,0.0,frames,quadratic-ac,0.0002355303312905918,
independent,independent/rep1-stream0-regime0-d20/7,1,0,0,20,10.0,1.0,0.0,frames,quadratic-ac,0.0005440409209495585,
independent,independent/rep1-stream0-regime0-d20/0,1,0,0,20,10.0,1.0,0.0,frames,quadratic-vc,0.000460500661763363,
independent,independent/rep1-stream0-regime0-d20/1,1,0,0,20,10.0,1.0,0.0,frames,quadratic-vc,0.00040562686403871847,
independent,independent/rep1-stream0-regime0-d20/2,1,0,0,20,10.0,1.0,0.0,frames,quadratic-vc,0.0006708552586891994,
independent,independent/rep1-stream0-regime0-d20/3,1,0,0,20,10.0,1.0,0.0,frames,quadratic-vc,0.0007489674607532507,
independent,independent/rep1-stream0-regime0-d20/4,1,0,0,20,10.0,1.0,0.0,frames,quadratic-vc,0.0005663580227941868,
independent,independent/rep1-stream0-regime0-d20/5,1,0,0,20,10.0,1.0,0.0,frames,quadratic-vc,0.0003700114712404803,
independent,independent/rep1-stream0-regime0-d20/6,1,0,0,20,10.0,1.0,0.0,frames,quadratic-vc,0.00024974467479655727,
independent,independent/rep1-stream0-regime0-d20/7,1,0,0,20,10.0,1.0,0.0,frames,quadratic-vc,0.0005260787212121849,
independent,independent/rep1-stream0-regime1-d20/0,1,0,1,20,1.0,1.0,0.0,staggered-cycle,quadratic-ac,9.244995751512496e-05,
independent,independent/rep1-stream0-regime1-d20/1,1,0,1,20,1.0,1.0,0.0,staggered-cycle,quadratic-ac,6.559852457257783e-05,
independent,independent/rep1-stream0-regime1-d20/2,1,0,1,20,1.0,1.0,0.0,staggered-cycle,quadratic-ac,7.665196608381419e-05,
independent,independent/rep1-stream0-regime1-d20/3,1,0,1,20,1.0,1.0,0.0,staggered-cycle,quadratic-ac,8.766629366062123e-05,
independent,independent/rep1-stream0-regime1-d20/4,1,0,1,20,1.0,1.0,0.0,staggered-cycle,quadratic-ac,8.187722866384468e-05,
independent,independent/rep1-stream0-regime1-d20/5,1,0,1,20,1.0,1.0,0.0,staggered-cycle,quadratic-ac,3.888086793926754e-05,
independent,independent/rep1-stream0-regime1-d20/6,1,0,1,20,1.0,1.0,0.0,staggered-cycle,quadratic-ac,0.00040503226328594664,
independent,independent/rep1-stream0-regime1-d20/7,1,0,1,20,1.0,1.0,0.0,staggered-cycle,quadratic-ac,4.752311793620453e-05,
independent,independent/rep1-stream0-regime1-d20/0,1,0,1,20,1.0,1.0,0.0,staggered-cycle,quadratic-vc,8.56399161761412e-05,
independent,independent/rep1-stream0-regime1-d20/1,1,0,1,20,1.0,1.0,0.0,staggered-cycle,quadratic-vc,5.700889309085004e-05,
independent,independent/rep1-stream0-regime1-d20/2,1,0,1,20,1.0,1.0,0.0,staggered-cycle,quadratic-vc,8.379272153884176e-05,
independent,independent/rep1-stream0-regime1-d20/3,1,0,1,20,1.0,1.0,0.0,staggered-cycle,quadratic-vc,8.534647139952433e-05,
independent,independent/rep1-stream0-regime1-d20/4,1,0,1,20,1.0,1.0,0.0,staggered-cycle,quadratic-vc,9.722378317589172e-05,
independent,independent/rep1-stream0-regime1-d20/5,1,0,1,20,1.0,1.0,0.0,staggered-cycle,quadratic-vc,4.21101791246145e-05,
independent,independent/rep1-stream0-regime1-d20/6,1,0,1,20,1.0,1.0,0.0,staggered-cycle,quadratic-vc,0.0003986757571163576,
independent,independent/rep1-stream0-regime1-d20/7,1,0,1,20,1.0,1.0,0.0,staggered-cycle,quadratic-vc,4.511326560911286e-05,
independent,independent/rep1-stream0-regime1-d20/0,1,0,1,20,10.0,1.0,0.0,staggered-cycle,quadratic-ac,0.00035160972469341694,
independent,independent/rep1-stream0-regime1-d20/1,1,0,1,20,10.0,1.0,0.0,staggered-cycle,quadratic-ac,0.00035733547521509576,
independent,independent/rep1-stream0-regime1-d20/2,1,0,1,20,10.0,1.0,0.0,staggered-cycle,quadratic-ac,0.000871530768556075,
independent,independent/rep1-stream0-regime1-d20/3,1,0,1,20,10.0,1.0,0.0,staggered-cycle,quadratic-ac,0.0004926632792552847,
independent,independent/rep1-stream0-regime1-d20/4,1,0,1,20,10.0,1.0,0.0,staggered-cycle,quadratic-ac,0.00032366785922566206,
independent,independent/rep1-stream0-regime1-d20/5,1,0,1,20,10.0,1.0,0.0,staggered-cycle,quadratic-ac,0.000983391379661149,
independent,independent/rep1-stream0-regime1-d20/6,1,0,1,20,10.0,1.0,0.0,staggered-cycle,quadratic-ac,0.0003879037799232697,
independent,independent/rep1-stream0-regime1-d20/7,1,0,1,20,10.0,1.0,0.0,staggered-cycle,quadratic-ac,0.0008831549474714872,
independent,independent/rep1-stream0-regime1-d20/0,1,0,1,20,10.0,1.0,0.0,staggered-cycle,quadratic-vc,0.0003456841956378315,
independent,independent/rep1-stream0-regime1-d20/1,1,0,1,20,10.0,1.0,0.0,staggered-cycle,quadratic-vc,0.0003132147755671984,
independent,independent/rep1-stream0-regime1-d20/2,1,0,1,20,10.0,1.0,0.0,staggered-cycle,quadratic-vc,0.000980231609825782,
independent,independent/rep1-stream0-regime1-d20/3,1,0,1,20,10.0,1.0,0.0,staggered-cycle,quadratic-vc,0.00044430308118012876,
independent,independent/rep1-stream0-regime1-d20/4,1,0,1,20,10.0,1.0,0.0,staggered-cycle,quadratic-vc,0.000317003520584258,
independent,independent/rep1-stream0-regime1-d20/5,1,0,1,20,10.0,1.0,0.0,staggered-cycle,quadratic-vc,0.0009218745681223451,
independent,independent/rep1-stream0-regime1-d20/6,1,0,1,20,10.0,1.0,0.0,staggered-cycle,quadratic-vc,0.00028171123085290626,
independent,independent/rep1-stream0-regime1-d20/7,1,0,1,20,10.0,1.0,0.0,staggered-cycle,quadratic-vc,0.0007508853531931106,
independent,independent/rep1-stream0-regime1-d20/0,1,0,1,20,1.0,1.0,0.0,staggered-two,quadratic-ac,0.00016375370980387788,
independent,independent/rep1-stream0-regime1-d20/1,1,0,1,20,1.0,1.0,0.0,staggered-two,quadratic-ac,4.720068858074653e-05,
independent,independent/rep1-stream0-regime1-d20/2,1,0,1,20,1.0,1.0,0.0,staggered-two,quadratic-ac,7.110353505200563e-05,
independent,independent/rep1-stream0-regime1-d20/3,1,0,1,20,1.0,1.0,0.0,staggered-two,quadratic-ac,9.907161321363855e-05,
independent,independent/rep1-stream0-regime1-d20/4,1,0,1,20,1.0,1.0,0.0,staggered-two,quadratic-ac,6.871033440812022e-05,
independent,independent/rep1-stream0-regime1-d20/5,1,0,1,20,1.0,1.0,0.0,staggered-two,quadratic-ac,4.5356033406630216e-05,
independent,independent/rep1-stream0-regime1-d20/6,1,0,1,20,1.0,1.0,0.0,staggered-two,quadratic-ac,0.000186464734417091,
independent,independent/rep1-stream0-regime1-d20/7,1,0,1,20,1.0,1.0,0.0,staggered-two,quadratic-ac,6.6872738567251e-05,
independent,independent/rep1-stream0-regime1-d20/0,1,0,1,20,1.0,1.0,0.0,staggered-two,quadratic-vc,0.0001530769135813361,
independent,independent/rep1-stream0-regime1-d20/1,1,0,1,20,1.0,1.0,0.0,staggered-two,quadratic-vc,4.08313079806652e-05,
independent,independent/rep1-stream0-regime1-d20/2,1,0,1,20,1.0,1.0,0.0,staggered-two,quadratic-vc,7.551019116799952e-05,
independent,independent/rep1-stream0-regime1-d20/3,1,0,1,20,1.0,1.0,0.0,staggered-two,quadratic-vc,9.771473708647471e-05,
independent,independent/rep1-stream0-regime1-d20/4,1,0,1,20,1.0,1.0,0.0,staggered-two,quadratic-vc,7.073134779575194e-05,
independent,independent/rep1-stream0-regime1-d20/5,1,0,1,20,1.0,1.0,0.0,staggered-two,quadratic-vc,5.338773149671151e-05,
independent,independent/rep1-stream0-regime1-d20/6,1,0,1,20,1.0,1.0,0.0,staggered-two,quadratic-vc,0.00018355134574794233,
independent,independent/rep1-stream0-regime1-d20/7,1,0,1,20,1.0,1.0,0.0,staggered-two,quadratic-vc,7.047569189124062e-05,
independent,independent/rep1-stream0-regime1-d20/0,1,0,1,20,10.0,1.0,0.0,staggered-two,quadratic-ac,0.0002609478427324942,
independent,independent/rep1-stream0-regime1-d20/1,1,0,1,20,10.0,1.0,0.0,staggered-two,quadratic-ac,0.00035685742371576574,
independent,independent/rep1-stream0-regime1-d20/2,1,0,1,20,10.0,1.0,0.0,staggered-two,quadratic-ac,0.00047707129620369273,
independent,independent/rep1-stream0-regime1-d20/3,1,0,1,20,10.0,1.0,0.0,staggered-two,quadratic-ac,0.000500761668287593,
independent,independent/rep1-stream0-regime1-d20/4,1,0,1,20,10.0,1.0,0.0,staggered-two,quadratic-ac,0.000706532730320939,
independent,independent/rep1-stream0-regime1-d20/5,1,0,1,20,10.0,1.0,0.0,staggered-two,quadratic-ac,0.0009082867519893823,
independent,independent/rep1-stream0-regime1-d20/6,1,0,1,20,10.0,1.0,0.0,staggered-two,quadratic-ac,0.0006849199876007273,
independent,independent/rep1-stream0-regime1-d20/7,1,0,1,20,10.0,1.0,0.0,staggered-two,quadratic-ac,0.0008412392559334832,
independent,independent/rep1-stream0-regime1-d20/0,1,0,1,20,10.0,1.0,0.0,staggered-two,quadratic-vc,0.0002855351009416668,
independent,independent/rep1-stream0-regime1-d20/1,1,0,1,20,10.0,1.0,0.0,staggered-two,quadratic-vc,0.00034858428089959973,
independent,independent/rep1-stream0-regime1-d20/2,1,0,1,20,10.0,1.0,0.0,staggered-two,quadratic-vc,0.0004873866728752511,
independent,independent/rep1-stream0-regime1-d20/3,1,0,1,20,10.0,1.0,0.0,staggered-two,quadratic-vc,0.0004521382829529063,
independent,independent/rep1-stream0-regime1-d20/4,1,0,1,20,10.0,1.0,0.0,staggered-two,quadratic-vc,0.0008184528788089347,
independent,independent/rep1-stream0-regime1-d20/5,1,0,1,20,10.0,1.0,0.0,staggered-two,quadratic-vc,0.000753176475921481,
independent,independent/rep1-stream0-regime1-d20/6,1,0,1,20,10.0,1.0,0.0,staggered-two,quadratic-vc,0.0006933245595221412,
independent,independent/rep1-stream0-regime1-d20/7,1,0,1,20,10.0,1.0,0.0,staggered-two,quadratic-vc,0.0006949165427595078,
independent,independent/rep1-stream0-regime1-d20/0,1,0,1,20,1.0,1.0,0.0,frames,quadratic-ac,0.00021063228663213644,
independent,independent/rep1-stream0-regime1-d20/1,1,0,1,20,1.0,1.0,0.0,frames,quadratic-ac,0.0001205565461881947,
independent,independent/rep1-stream0-regime1-d20/2,1,0,1,20,1.0,1.0,0.0,frames,quadratic-ac,9.46099099125942e-05,
independent,independent/rep1-stream0-regime1-d20/3,1,0,1,20,1.0,1.0,0.0,frames,quadratic-ac,0.0001160698564212306,
independent,independent/rep1-stream0-regime1-d20/4,1,0,1,20,1.0,1.0,0.0,frames,quadratic-ac,8.447709398772064e-05,
independent,independent/rep1-stream0-regime1-d20/5,1,0,1,20,1.0,1.0,0.0,frames,quadratic-ac,0.00014130595274747877,
independent,independent/rep1-stream0-regime1-d20/6,1,0,1,20,1.0,1.0,0.0,frames,quadratic-ac,6.61737837506885e-05,
independent,independent/rep1-stream0-regime1-d20/7,1,0,1,20,1.0,1.0,0.0,frames,quadratic-ac,0.0001322577998354184,
independent,independent/rep1-stream0-regime1-d20/0,1,0,1,20,1.0,1.0,0.0,frames,quadratic-vc,0.00019551616959405656,
independent,independent/rep1-stream0-regime1-d20/1,1,0,1,20,1.0,1.0,0.0,frames,quadratic-vc,0.0001182287151294014,
independent,independent/rep1-stream0-regime1-d20/2,1,0,1,20,1.0,1.0,0.0,frames,quadratic-vc,0.00010217056987234596,
independent,independent/rep1-stream0-regime1-d20/3,1,0,1,20,1.0,1.0,0.0,frames,quadratic-vc,0.00012393993265642742,
independent,independent/rep1-stream0-regime1-d20/4,1,0,1,20,1.0,1.0,0.0,frames,quadratic-vc,8.259085911739324e-05,
independent,independent/rep1-stream0-regime1-d20/5,1,0,1,20,1.0,1.0,0.0,frames,quadratic-vc,0.00013768667445567142,
independent,independent/rep1-stream0-regime1-d20/6,1,0,1,20,1.0,1.0,0.0,frames,quadratic-vc,6.909674458857247e-05,
independent,independent/rep1-stream0-regime1-d20/7,1,0,1,20,1.0,1.0,0.0,frames,quadratic-vc,0.00013149896782312914,
independent,independent/rep1-stream0-regime1-d20/0,1,0,1,20,10.0,1.0,0.0,frames,quadratic-ac,0.0012073776832808964,
independent,independent/rep1-stream0-regime1-d20/1,1,0,1,20,10.0,1.0,0.0,frames,quadratic-ac,0.0006444085333699103,
independent,independent/rep1-stream0-regime1-d20/2,1,0,1,20,10.0,1.0,0.0,frames,quadratic-ac,0.0006163443397838858,
independent,independent/rep1-stream0-regime1-d20/3,1,0,1,20,10.0,1.0,0.0,frames,quadratic-ac,0.0003269057212799741,
independent,independent/rep1-stream0-regime1-d20/4,1,0,1,20,10.0,1.0,0.0,frames,quadratic-ac,0.0003994208064445557,
independent,independent/rep1-stream0-regime1-d20/5,1,0,1,20,10.0,1.0,0.0,frames,quadratic-ac,0.0008593829986274978,
independent,independent/rep1-stream0-regime1-d20/6,1,0,1,20,10.0,1.0,0.0,frames,quadratic-ac,0.00046222568920067665,
independent,independent/rep1-stream0-regime1-d20/7,1,0,1,20,10.0,1.0,0.0,frames,quadratic-ac,0.0006120434520520741,
independent,independent/rep1-stream0-regime1-d20/0,1,0,1,20,10.0,1.0,0.0,frames,quadratic-vc,0.0012513268449463378,
independent,independent/rep1-stream0-regime1-d20/1,1,0,1,20,10.0,1.0,0.0,frames,quadratic-vc,0.0006184104979772999,
independent,independent/rep1-stream0-regime1-d20/2,1,0,1,20,10.0,1.0,0.0,frames,quadratic-vc,0.0006150410110764124,
independent,independent/rep1-stream0-regime1-d20/3,1,0,1,20,10.0,1.0,0.0,frames,quadratic-vc,0.0003872924357467758,
independent,independent/rep1-stream0-regime1-d20/4,1,0,1,20,10.0,1.0,0.0,frames,quadratic-vc,0.0003862680778592096,
independent,independent/rep1-stream0-regime1-d20/5,1,0,1,20,10.0,1.0,0.0,frames,quadratic-vc,0.0008450957161945865,
independent,independent/rep1-stream0-regime1-d20/6,1,0,1,20,10.0,1.0,0.0,frames,quadratic-vc,0.0004078072535576085,
independent,independent/rep1-stream0-regime1-d20/7,1,0,1,20,10.0,1.0,0.0,frames,quadratic-vc,0.0006246815700332925,
independent,independent/rep1-stream1-regime0-d20/0,1,1,0,20,1.0,1.0,0.0,staggered-cycle,quadratic-ac,0.00011101881864882021,
independent,independent/rep1-stream1-regime0-d20/1,1,1,0,20,1.0,1.0,0.0,staggered-cycle,quadratic-ac,2.735624745772046e-05,
independent,independent/rep1-stream1-regime0-d20/2,1,1,0,20,1.0,1.0,0.0,staggered-cycle,quadratic-ac,0.00016957934148670154,
independent,independent/rep1-stream1-regime0-d20/3,1,1,0,20,1.0,1.0,0.0,staggered-cycle,quadratic-ac,5.751141675065038e-05,
independent,independent/rep1-stream1-regime0-d20/4,1,1,0,20,1.0,1.0,0.0,staggered-cycle,quadratic-ac,8.247065366094514e-05,
independent,independent/rep1-stream1-regime0-d20/5,1,1,0,20,1.0,1.0,0.0,staggered-cycle,quadratic-ac,4.3822103797701115e-05,
independent,independent/rep1-stream1-regime0-d20/6,1,1,0,20,1.0,1.0,0.0,staggered-cycle,quadratic-ac,0.00011328652085437647,
independent,independent/rep1-stream1-regime0-d20/7,1,1,0,20,1.0,1.0,0.0,staggered-cycle,quadratic-ac,6.92767421549673e-05,
independent,independent/rep1-stream1-regime0-d20/0,1,1,0,20,1.0,1.0,0.0,staggered-cycle,quadratic-vc,0.00012047654431333035,
independent,independent/rep1-stream1-regime0-d20/1,1,1,0,20,1.0,1.0,0.0,staggered-cycle,quadratic-vc,2.8167697852920673e-05,
independent,independent/rep1-stream1-regime0-d20/2,1,1,0,20,1.0,1.0,0.0,staggered-cycle,quadratic-vc,0.00016491201630970892,
independent,independent/rep1-stream1-regime0-d20/3,1,1,0,20,1.0,1.0,0.0,staggered-cycle,quadratic-vc,4.633927317575059e-05,
independent,independent/rep1-stream1-regime0-d20/4,1,1,0,20,1.0,1.0,0.0,staggered-cycle,quadratic-vc,9.104275325335083e-05,
independent,independent/rep1-stream1-regime0-d20/5,1,1,0,20,1.0,1.0,0.0,staggered-cycle,quadratic-vc,4.626118963750536e-05,
independent,independent/rep1-stream1-regime0-d20/6,1,1,0,20,1.0,1.0,0.0,staggered-cycle,quadratic-vc,0.00012535482287112347,
independent,independent/rep1-stream1-regime0-d20/7,1,1,0,20,1.0,1.0,0.0,staggered-cycle,quadratic-vc,4.981140583382576e-05,
independent,independent/rep1-stream1-regime0-d20/0,1,1,0,20,10.0,1.0,0.0,staggered-cycle,quadratic-ac,0.00020803662544776992,
independent,independent/rep1-stream1-regime0-d20/1,1,1,0,20,10.0,1.0,0.0,staggered-cycle,quadratic-ac,0.0003816217043494317,
independent,independent/rep1-stream1-regime0-d20/2,1,1,0,20,10.0,1.0,0.0,staggered-cycle,quadratic-ac,0.00040024760872643065,
independent,independent/rep1-stream1-regime0-d20/3,1,1,0,20,10.0,1.0,0.0,staggered-cycle,quadratic-ac,0.0002710832300157418,
independent,independent/rep1-stream1-regime0-d20/4,1,1,0,20,10.0,1.0,0.0,staggered-cycle,quadratic-ac,0.0002850097878089005,
independent,independent/rep1-stream1-regime0-d20/5,1,1,0,20,10.0,1.0,0.0,staggered-cycle,quadratic-ac,0.000373955748635025,
independent,independent/rep1-stream1-regime0-d20/6,1,1,0,20,10.0,1.0,0.0,staggered-cycle,quadratic-ac,0.0007779091878188108,
independent,independent/rep1-stream1-regime0-d20/7,1,1,0,20,10.0,1.0,0.0,staggered-cycle,quadratic-ac,0.0004959262087377206,
independent,independent/rep1-stream1-regime0-d20/0,1,1,0,20,10.0,1.0,0.0,staggered-cycle,quadratic-vc,0.00021733911225944264,
independent,independent/rep1-stream1-regime0-d20/1,1,1,0,20,10.0,1.0,0.0,staggered-cycle,quadratic-vc,0.00040965320362937774,
independent,independent/rep1-stream1-regime0-d20/2,1,1,0,20,10.0,1.0,0.0,staggered-cycle,quadratic-vc,0.00037780137552911386,
independent,independent/rep1-stream1-regime0-d20/3,1,1,0,20,10.0,1.0,0.0,staggered-cycle,quadratic-vc,0.0002718774844990295,
independent,independent/rep1-stream1-regime0-d20/4,1,1,0,20,10.0,1.0,0.0,staggered-cycle,quadratic-vc,0.0002836298421291727,
independent,independent/rep1-stream1-regime0-d20/5,1,1,0,20,10.0,1.0,0.0,staggered-cycle,quadratic-vc,0.00032462464427147745,
independent,independent/rep1-stream1-regime0-d20/6,1,1,0,20,10.0,1.0,0.0,staggered-cycle,quadratic-vc,0.000683937550802413,
independent,independent/rep1-stream1-regime0-d20/7,1,1,0,20,10.0,1.0,0.0,staggered-cycle,quadratic-vc,0.0004683134055356688,
independent,independent/rep1-stream1-regime0-d20/0,1,1,0,20,1.0,1.0,0.0,staggered-two,quadratic-ac,5.851464854247922e-05,
independent,independent/rep1-stream1-regime0-d20/1,1,1,0,20,1.0,1.0,0.0,staggered-two,quadratic-ac,4.027076998288757e-05,
independent,independent/rep1-stream1-regime0-d20/2,1,1,0,20,1.0,1.0,0.0,staggered-two,quadratic-ac,5.31009845819195e-05,
independent,independent/rep1-stream1-regime0-d20/3,1,1,0,20,1.0,1.0,0.0,staggered-two,quadratic-ac,7.474299334131493e-05,
independent,independent/rep1-stream1-regime0-d20/4,1,1,0,20,1.0,1.0,0.0,staggered-two,quadratic-ac,0.00010193966832044829,
independent,independent/rep1-stream1-regime0-d20/5,1,1,0,20,1.0,1.0,0.0,staggered-two,quadratic-ac,3.0055414944144165e-05,
independent,independent/rep1-stream1-regime0-d20/6,1,1,0,20,1.0,1.0,0.0,staggered-two,quadratic-ac,0.00013814147727674245,
independent,independent/rep1-stream1-regime0-d20/7,1,1,0,20,1.0,1.0,0.0,staggered-two,quadratic-ac,3.2100114887134665e-05,
independent,independent/rep1-stream1-regime0-d20/0,1,1,0,20,1.0,1.0,0.0,staggered-two,quadratic-vc,6.0762669231714626e-05,
independent,independent/rep1-stream1-regime0-d20/1,1,1,0,20,1.0,1.0,0.0,staggered-two,quadratic-vc,4.704059953518785e-05,
independent,independent/rep1-stream1-regime0-d20/2,1,1,0,20,1.0,1.0,0.0,staggered-two,quadratic-vc,5.281989102726217e-05,
independent,independent/rep1-stream1-regime0-d20/3,1,1,0,20,1.0,1.0,0.0,staggered-two,quadratic-vc,6.110243061746975e-05,
independent,independent/rep1-stream1-regime0-d20/4,1,1,0,20,1.0,1.0,0.0,staggered-two,quadratic-vc,0.00010291167045134255,
independent,independent/rep1-stream1-regime0-d20/5,1,1,0,20,1.0,1.0,0.0,staggered-two,quadratic-vc,3.177992785416434e-05,
independent,independent/rep1-stream1-regime0-d20/6,1,1,0,20,1.0,1.0,0.0,staggered-two,quadratic-vc,0.00014094568072078398,
independent,independent/rep1-stream1-regime0-d20/7,1,1,0,20,1.0,1.0,0.0,staggered-two,quadratic-vc,3.703901659416538e-05,
independent,independent/rep1-stream1-regime0-d20/0,1,1,0,20,10.0,1.0,0.0,staggered-two,quadratic-ac,0.00018785112563574129,
independent,independent/rep1-stream1-regime0-d20/1,1,1,0,20,10.0,1.0,0.0,staggered-two,quadratic-ac,0.0005422208073710666,
independent,independent/rep1-stream1-regime0-d20/2,1,1,0,20,10.0,1.0,0.0,staggered-two,quadratic-ac,0.00031325783484254384,
independent,independent/rep1-stream1-regime0-d20/3,1,1,0,20,10.0,1.0,0.0,staggered-two,quadratic-ac,0.00018175819991180685,
independent,independent/rep1-stream1-regime0-d20/4,1,1,0,20,10.0,1.0,0.0,staggered-two,quadratic-ac,0.00022557752058336352,
independent,independent/rep1-stream1-regime0-d20/5,1,1,0,20,10.0,1.0,0.0,staggered-two,quadratic-ac,0.0004419227211983754,
independent,independent/rep1-stream1-regime0-d20/6,1,1,0,20,10.0,1.0,0.0,staggered-two,quadratic-ac,0.0003256069143419837,
independent,independent/rep1-stream1-regime0-d20/7,1,1,0,20,10.0,1.0,0.0,staggered-two,quadratic-ac,0.0009006256178515891,
independent,independent/rep1-stream1-regime0-d20/0,1,1,0,20,10.0,1.0,0.0,staggered-two,quadratic-vc,0.0001903891379964948,
independent,independent/rep1-stream1-regime0-d20/1,1,1,0,20,10.0,1.0,0.0,staggered-two,quadratic-vc,0.0005695905957869297,
independent,independent/rep1-stream1-regime0-d20/2,1,1,0,20,10.0,1.0,0.0,staggered-two,quadratic-vc,0.00029059867184578694,
independent,independent/rep1-stream1-regime0-d20/3,1,1,0,20,10.0,1.0,0.0,staggered-two,quadratic-vc,0.00016241241755633742,
independent,independent/rep1-stream1-regime0-d20/4,1,1,0,20,10.0,1.0,0.0,staggered-two,quadratic-vc,0.00022831289154961337,
independent,independent/rep1-stream1-regime0-d20/5,1,1,0,20,10.0,1.0,0.0,staggered-two,quadratic-vc,0.0003543347789771668,
independent,independent/rep1-stream1-regime0-d20/6,1,1,0,20,10.0,1.0,0.0,staggered-two,quadratic-vc,0.00027005754421438355,
independent,independent/rep1-stream1-regime0-d20/7,1,1,0,20,10.0,1.0,0.0,staggered-two,quadratic-vc,0.0007916394121585612,
independent,independent/rep1-stream1-regime0-d20/0,1,1,0,20,1.0,1.0,0.0,frames,quadratic-ac,0.00013318240244521924,
independent,independent/rep1-stream1-regime0-d20/1,1,1,0,20,1.0,1.0,0.0,frames,quadratic-ac,0.00010479552494789021,
independent,independent/rep1-stream1-regime0-d20/2,1,1,0,20,1.0,1.0,0.0,frames,quadratic-ac,8.621179959336185e-05,
independent,independent/rep1-stream1-regime0-d20/3,1,1,0,20,1.0,1.0,0.0,frames,quadratic-ac,9.732244044175836e-05,
independent,independent/rep1-stream1-regime0-d20/4,1,1,0,20,1.0,1.0,0.0,frames,quadratic-ac,8.902498601277277e-05,
independent,independent/rep1-stream1-regime0-d20/5,1,1,0,20,1.0,1.0,0.0,frames,quadratic-ac,5.060917926399295e-05,
independent,independent/rep1-stream1-regime0-d20/6,1,1,0,20,1.0,1.0,0.0,frames,quadratic-ac,0.00010157528148077095,
independent,independent/rep1-stream1-regime0-d20/7,1,1,0,20,1.0,1.0,0.0,frames,quadratic-ac,8.87461282795387e-05,
independent,independent/rep1-stream1-regime0-d20/0,1,1,0,20,1.0,1.0,0.0,frames,quadratic-vc,0.00012434146852908885,
independent,independent/rep1-stream1-regime0-d20/1,1,1,0,20,1.0,1.0,0.0,frames,quadratic-vc,9.87912668071497e-05,
independent,independent/rep1-stream1-regime0-d20/2,1,1,0,20,1.0,1.0,0.0,frames,quadratic-vc,8.481338440674952e-05,
independent,independent/rep1-stream1-regime0-d20/3,1,1,0,20,1.0,1.0,0.0,frames,quadratic-vc,9.531574636713397e-05,
independent,independent/rep1-stream1-regime0-d20/4,1,1,0,20,1.0,1.0,0.0,frames,quadratic-vc,9.347843639701092e-05,
independent,independent/rep1-stream1-regime0-d20/5,1,1,0,20,1.0,1.0,0.0,frames,quadratic-vc,5.08069462863012e-05,
independent,independent/rep1-stream1-regime0-d20/6,1,1,0,20,1.0,1.0,0.0,frames,quadratic-vc,0.00010886519203558692,
independent,independent/rep1-stream1-regime0-d20/7,1,1,0,20,1.0,1.0,0.0,frames,quadratic-vc,9.901528786976058e-05,
independent,independent/rep1-stream1-regime0-d20/0,1,1,0,20,10.0,1.0,0.0,frames,quadratic-ac,0.0006066435743009782,
independent,independent/rep1-stream1-regime0-d20/1,1,1,0,20,10.0,1.0,0.0,frames,quadratic-ac,0.0008291511088791135,
independent,independent/rep1-stream1-regime0-d20/2,1,1,0,20,10.0,1.0,0.0,frames,quadratic-ac,0.00020938171895566827,
independent,independent/rep1-stream1-regime0-d20/3,1,1,0,20,10.0,1.0,0.0,frames,quadratic-ac,0.0005540344044891738,
independent,independent/rep1-stream1-regime0-d20/4,1,1,0,20,10.0,1.0,0.0,frames,quadratic-ac,0.0006104231856717269,
independent,independent/rep1-stream1-regime0-d20/5,1,1,0,20,10.0,1.0,0.0,frames,quadratic-ac,0.00022891416190514842,
independent,independent/rep1-stream1-regime0-d20/6,1,1,0,20,10.0,1.0,0.0,frames,quadratic-ac,0.001023698177973401,
independent,independent/rep1-stream1-regime0-d20/7,1,1,0,20,10.0,1.0,0.0,frames,quadratic-ac,0.00035168921181515496,
independent,independent/rep1-stream1-regime0-d20/0,1,1,0,20,10.0,1.0,0.0,frames,quadratic-vc,0.0005790584535664402,
independent,independent/rep1-stream1-regime0-d20/1,1,1,0,20,10.0,1.0,0.0,frames,quadratic-vc,0.0007806697926443562,
independent,independent/rep1-stream1-regime0-d20/2,1,1,0,20,10.0,1.0,0.0,frames,quadratic-vc,0.00021658282477865447,
independent,independent/rep1-stream1-regime0-d20/3,1,1,0,20,10.0,1.0,0.0,frames,quadratic-vc,0.0005576897189991144,
independent,independent/rep1-stream1-regime0-d20/4,1,1,0,20,10.0,1.0,0.0,frames,quadratic-vc,0.0006418682853940025,
independent,independent/rep1-stream1-regime0-d20/5,1,1,0,20,10.0,1.0,0.0,frames,quadratic-vc,0.00021178825596092325,
independent,independent/rep1-stream1-regime0-d20/6,1,1,0,20,10.0,1.0,0.0,frames,quadratic-vc,0.0009836864233973934,
independent,independent/rep1-stream1-regime0-d20/7,1,1,0,20,10.0,1.0,0.0,frames,quadratic-vc,0.0003715858609567619,
independent,independent/rep1-stream1-regime1-d20/0,1,1,1,20,1.0,1.0,0.0,staggered-cycle,quadratic-ac,4.783988088900569e-05,
independent,independent/rep1-stream1-regime1-d20/1,1,1,1,20,1.0,1.0,0.0,staggered-cycle,quadratic-ac,5.37471287494535e-05,
independent,independent/rep1-stream1-regime1-d20/2,1,1,1,20,1.0,1.0,0.0,staggered-cycle,quadratic-ac,3.6006348241559925e-05,
independent,independent/rep1-stream1-regime1-d20/3,1,1,1,20,1.0,1.0,0.0,staggered-cycle,quadratic-ac,4.4804572839610904e-05,
independent,independent/rep1-stream1-regime1-d20/4,1,1,1,20,1.0,1.0,0.0,staggered-cycle,quadratic-ac,3.8942325075218955e-05,
independent,independent/rep1-stream1-regime1-d20/5,1,1,1,20,1.0,1.0,0.0,staggered-cycle,quadratic-ac,5.4791323244085095e-05,
independent,independent/rep1-stream1-regime1-d20/6,1,1,1,20,1.0,1.0,0.0,staggered-cycle,quadratic-ac,0.00011581064664685885,
independent,independent/rep1-stream1-regime1-d20/7,1,1,1,20,1.0,1.0,0.0,staggered-cycle,quadratic-ac,6.265812365217564e-05,
independent,independent/rep1-stream1-regime1-d20/0,1,1,1,20,1.0,1.0,0.0,staggered-cycle,quadratic-vc,4.614848520083424e-05,
independent,independent/rep1-stream1-regime1-d20/1,1,1,1,20,1.0,1.0,0.0,staggered-cycle,quadratic-vc,5.2293584785663994e-05,
independent,independent/rep1-stream1-regime1-d20/2,1,1,1,20,1.0,1.0,0.0,staggered-cycle,quadratic-vc,3.82212715965895e-05,
independent,independent/rep1-stream1-regime1-d20/3,1,1,1,20,1.0,1.0,0.0,staggered-cycle,quadratic-vc,4.4549588292729753e-05,
independent,independent/rep1-stream1-regime1-d20/4,1,1,1,20,1.0,1.0,0.0,staggered-cycle,quadratic-vc,4.157111794183395e-05,
independent,independent/rep1-stream1-regime1-d20/5,1,1,1,20,1.0,1.0,0.0,staggered-cycle,quadratic-vc,5.440338282288267e-05,
independent,independent/rep1-stream1-regime1-d20/6,1,1,1,20,1.0,1.0,0.0,staggered-cycle,quadratic-vc,0.00012183949621851192,
independent,independent/rep1-stream1-regime1-d20/7,1,1,1,20,1.0,1.0,0.0,staggered-cycle,quadratic-vc,6.057895515614402e-05,
independent,independent/rep1-stream1-regime1-d20/0,1,1,1,20,10.0,1.0,0.0,staggered-cycle,quadratic-ac,0.0004591410146777854,
independent,independent/rep1-stream1-regime1-d20/1,1,1,1,20,10.0,1.0,0.0,staggered-cycle,quadratic-ac,0.00013557680449952542,
independent,independent/rep1-stream1-regime1-d20/2,1,1,1,20,10.0,1.0,0.0,staggered-cycle,quadratic-ac,0.00029327174536349006,
independent,independent/rep1-stream1-regime1-d20/3,1,1,1,20,10.0,1.0,0.0,staggered-cycle,quadratic-ac,0.0007559077686220838,
independent,independent/rep1-stream1-regime1-d20/4,1,1,1,20,10.0,1.0,0.0,staggered-cycle,quadratic-ac,0.0003731940254788555,
independent,independent/rep1-stream1-regime1-d20/5,1,1,1,20,10.0,1.0,0.0,staggered-cycle,quadratic-ac,0.0012283596808436053,
independent,independent/rep1-stream1-regime1-d20/6,1,1,1,20,10.0,1.0,0.0,staggered-cycle,quadratic-ac,0.0004605705176802082,
independent,independent/rep1-stream1-regime1-d20/7,1,1,1,20,10.0,1.0,0.0,staggered-cycle,quadratic-ac,0.0003358566456477871,
independent,independent/rep1-stream1-regime1-d20/0,1,1,1,20,10.0,1.0,0.0,staggered-cycle,quadratic-vc,0.00044207161390595693,
independent,independent/rep1-stream1-regime1-d20/1,1,1,1,20,10.0,1.0,0.0,staggered-cycle,quadratic-vc,0.0001365784112326177,
independent,independent/rep1-stream1-regime1-d20/2,1,1,1,20,10.0,1.0,0.0,staggered-cycle,quadratic-vc,0.00029927241864579804,
independent,independent/rep1-stream1-regime1-d20/3,1,1,1,20,10.0,1.0,0.0,staggered-cycle,quadratic-vc,0.0006686615659748395,
independent,independent/rep1-stream1-regime1-d20/4,1,1,1,20,10.0,1.0,0.0,staggered-cycle,quadratic-vc,0.00037987182564588017,
independent,independent/rep1-stream1-regime1-d20/5,1,1,1,20,10.0,1.0,0.0,staggered-cycle,quadratic-vc,0.0012201610761066648,
independent,independent/rep1-stream1-regime1-d20/6,1,1,1,20,10.0,1.0,0.0,staggered-cycle,quadratic-vc,0.0005159399872261725,
independent,independent/rep1-stream1-regime1-d20/7,1,1,1,20,10.0,1.0,0.0,staggered-cycle,quadratic-vc,0.0002768173829524957,
independent,independent/rep1-stream1-regime1-d20/0,1,1,1,20,1.0,1.0,0.0,staggered-two,quadratic-ac,8.100818286432936e-05,
independent,independent/rep1-stream1-regime1-d20/1,1,1,1,20,1.0,1.0,0.0,staggered-two,quadratic-ac,4.7397542260508605e-05,
independent,independent/rep1-stream1-regime1-d20/2,1,1,1,20,1.0,1.0,0.0,staggered-two,quadratic-ac,9.379901057148218e-05,
independent,independent/rep1-stream1-regime1-d20/3,1,1,1,20,1.0,1.0,0.0,staggered-two,quadratic-ac,3.9808308226185395e-05,
independent,independent/rep1-stream1-regime1-d20/4,1,1,1,20,1.0,1.0,0.0,staggered-two,quadratic-ac,6.856302105784739e-05,
independent,independent/rep1-stream1-regime1-d20/5,1,1,1,20,1.0,1.0,0.0,staggered-two,quadratic-ac,0.0002898038254759971,
independent,independent/rep1-stream1-regime1-d20/6,1,1,1,20,1.0,1.0,0.0,staggered-two,quadratic-ac,4.465790243381433e-05,
independent,independent/rep1-stream1-regime1-d20/7,1,1,1,20,1.0,1.0,0.0,staggered-two,quadratic-ac,5.63888200674442e-05,
independent,independent/rep1-stream1-regime1-d20/0,1,1,1,20,1.0,1.0,0.0,staggered-two,quadratic-vc,7.367281348643904e-05,
independent,independent/rep1-stream1-regime1-d20/1,1,1,1,20,1.0,1.0,0.0,staggered-two,quadratic-vc,4.6515250261122736e-05,
independent,independent/rep1-stream1-regime1-d20/2,1,1,1,20,1.0,1.0,0.0,staggered-two,quadratic-vc,8.969907961546278e-05,
independent,independent/rep1-stream1-regime1-d20/3,1,1,1,20,1.0,1.0,0.0,staggered-two,quadratic-vc,4.16207189114279e-05,
independent,independent/rep1-stream1-regime1-d20/4,1,1,1,20,1.0,1.0,0.0,staggered-two,quadratic-vc,7.110917196407667e-05,
independent,independent/rep1-stream1-regime1-d20/5,1,1,1,20,1.0,1.0,0.0,staggered-two,quadratic-vc,0.0002955771052164535,
independent,independent/rep1-stream1-regime1-d20/6,1,1,1,20,1.0,1.0,0.0,staggered-two,quadratic-vc,4.209895117620864e-05,
independent,independent/rep1-stream1-regime1-d20/7,1,1,1,20,1.0,1.0,0.0,staggered-two,quadratic-vc,5.657507471609142e-05,
independent,independent/rep1-stream1-regime1-d20/0,1,1,1,20,10.0,1.0,0.0,staggered-two,quadratic-ac,0.00040824398788692155,
independent,independent/rep1-stream1-regime1-d20/1,1,1,1,20,10.0,1.0,0.0,staggered-two,quadratic-ac,0.00015750341741588292,
independent,independent/rep1-stream1-regime1-d20/2,1,1,1,20,10.0,1.0,0.0,staggered-two,quadratic-ac,0.0002904685448206877,
independent,independent/rep1-stream1-regime1-d20/3,1,1,1,20,10.0,1.0,0.0,staggered-two,quadratic-ac,0.0009114068016570419,
independent,independent/rep1-stream1-regime1-d20/4,1,1,1,20,10.0,1.0,0.0,staggered-two,quadratic-ac,0.0003866963020405268,
independent,independent/rep1-stream1-regime1-d20/5,1,1,1,20,10.0,1.0,0.0,staggered-two,quadratic-ac,0.0013218758642963174,
independent,independent/rep1-stream1-regime1-d20/6,1,1,1,20,10.0,1.0,0.0,staggered-two,quadratic-ac,0.0005075673774484193,
independent,independent/rep1-stream1-regime1-d20/7,1,1,1,20,10.0,1.0,0.0,staggered-two,quadratic-ac,0.0005226001948422089,
independent,independent/rep1-stream1-regime1-d20/0,1,1,1,20,10.0,1.0,0.0,staggered-two,quadratic-vc,0.0003836046380835787,
independent,independent/rep1-stream1-regime1-d20/1,1,1,1,20,10.0,1.0,0.0,staggered-two,quadratic-vc,0.00016607367710688673,
independent,independent/rep1-stream1-regime1-d20/2,1,1,1,20,10.0,1.0,0.0,staggered-two,quadratic-vc,0.00030580418682527613,
independent,independent/rep1-stream1-regime1-d20/3,1,1,1,20,10.0,1.0,0.0,staggered-two,quadratic-vc,0.0009511195099657721,
independent,independent/rep1-stream1-regime1-d20/4,1,1,1,20,10.0,1.0,0.0,staggered-two,quadratic-vc,0.00036300853578758547,
independent,independent/rep1-stream1-regime1-d20/5,1,1,1,20,10.0,1.0,0.0,staggered-two,quadratic-vc,0.00146690245681462,
independent,independent/rep1-stream1-regime1-d20/6,1,1,1,20,10.0,1.0,0.0,staggered-two,quadratic-vc,0.000551359268895683,
independent,independent/rep1-stream1-regime1-d20/7,1,1,1,20,10.0,1.0,0.0,staggered-two,quadratic-vc,0.0005343035002208961,
independent,independent/rep1-stream1-regime1-d20/0,1,1,1,20,1.0,1.0,0.0,frames,quadratic-ac,2.906249903835836e-05,
independent,independent/rep1-stream1-regime1-d20/1,1,1,1,20,1.0,1.0,0.0,frames,quadratic-ac,5.3358607018709244e-05,
independent,independent/rep1-stream1-regime1-d20/2,1,1,1,20,1.0,1.0,0.0,frames,quadratic-ac,9.078016714336169e-05,
independent,independent/rep1-stream1-regime1-d20/3,1,1,1,20,1.0,1.0,0.0,frames,quadratic-ac,9.251295207857196e-05,
independent,independent/rep1-stream1-regime1-d20/4,1,1,1,20,1.0,1.0,0.0,frames,quadratic-ac,0.00029558876444552576,
independent,independent/rep1-stream1-regime1-d20/5,1,1,1,20,1.0,1.0,0.0,frames,quadratic-ac,0.00015846029829533073,
independent,independent/rep1-stream1-regime1-d20/6,1,1,1,20,1.0,1.0,0.0,frames,quadratic-ac,8.532098448812221e-05,
independent,independent/rep1-stream1-regime1-d20/7,1,1,1,20,1.0,1.0,0.0,frames,quadratic-ac,0.00013066975403483642,
independent,independent/rep1-stream1-regime1-d20/0,1,1,1,20,1.0,1.0,0.0,frames,quadratic-vc,3.060551362397223e-05,
independent,independent/rep1-stream1-regime1-d20/1,1,1,1,20,1.0,1.0,0.0,frames,quadratic-vc,5.617827008059934e-05,
independent,independent/rep1-stream1-regime1-d20/2,1,1,1,20,1.0,1.0,0.0,frames,quadratic-vc,8.607926291955639e-05,
independent,independent/rep1-stream1-regime1-d20/3,1,1,1,20,1.0,1.0,0.0,frames,quadratic-vc,8.984657122223793e-05,
independent,independent/rep1-stream1-regime1-d20/4,1,1,1,20,1.0,1.0,0.0,frames,quadratic-vc,0.00028580211706780726,
independent,independent/rep1-stream1-regime1-d20/5,1,1,1,20,1.0,1.0,0.0,frames,quadratic-vc,0.00016208936932290914,
independent,independent/rep1-stream1-regime1-d20/6,1,1,1,20,1.0,1.0,0.0,frames,quadratic-vc,9.128622670646378e-05,
independent,independent/rep1-stream1-regime1-d20/7,1,1,1,20,1.0,1.0,0.0,frames,quadratic-vc,0.00012757024169485798,
independent,independent/rep1-stream1-regime1-d20/0,1,1,1,20,10.0,1.0,0.0,frames,quadratic-ac,0.0008595997106343083,
independent,independent/rep1-stream1-regime1-d20/1,1,1,1,20,10.0,1.0,0.0,frames,quadratic-ac,0.00020182956956036382,
independent,independent/rep1-stream1-regime1-d20/2,1,1,1,20,10.0,1.0,0.0,frames,quadratic-ac,0.00045516294490574865,
independent,independent/rep1-stream1-regime1-d20/3,1,1,1,20,10.0,1.0,0.0,frames,quadratic-ac,0.0005001064477371081,
independent,independent/rep1-stream1-regime1-d20/4,1,1,1,20,10.0,1.0,0.0,frames,quadratic-ac,0.0007261518385704881,
independent,independent/rep1-stream1-regime1-d20/5,1,1,1,20,10.0,1.0,0.0,frames,quadratic-ac,0.0006252373103612306,
independent,independent/rep1-stream1-regime1-d20/6,1,1,1,20,10.0,1.0,0.0,frames,quadratic-ac,0.0007409736046874012,
independent,independent/rep1-stream1-regime1-d20/7,1,1,1,20,10.0,1.0,0.0,frames,quadratic-ac,0.0007224951683527026,
independent,independent/rep1-stream1-regime1-d20/0,1,1,1,20,10.0,1.0,0.0,frames,quadratic-vc,0.0008635027809686606,
independent,independent/rep1-stream1-regime1-d20/1,1,1,1,20,10.0,1.0,0.0,frames,quadratic-vc,0.00022595077766960576,
independent,independent/rep1-stream1-regime1-d20/2,1,1,1,20,10.0,1.0,0.0,frames,quadratic-vc,0.00043216517913946317,
independent,independent/rep1-stream1-regime1-d20/3,1,1,1,20,10.0,1.0,0.0,frames,quadratic-vc,0.0004884757699084767,
independent,independent/rep1-stream1-regime1-d20/4,1,1,1,20,10.0,1.0,0.0,frames,quadratic-vc,0.0007416089401807283,
independent,independent/rep1-stream1-regime1-d20/5,1,1,1,20,10.0,1.0,0.0,frames,quadratic-vc,0.0007769486430439725,
independent,independent/rep1-stream1-regime1-d20/6,1,1,1,20,10.0,1.0,0.0,frames,quadratic-vc,0.000774304829394183,
independent,independent/rep1-stream1-regime1-d20/7,1,1,1,20,10.0,1.0,0.0,frames,quadratic-vc,0.0007444614809722259,
