cohort,target_id,replica,stream,regime,dimension,radius,gamma,strength,geometry,decoder,squared_angle_radians,hard_success
robustness,robustness/rep0-stream0-regime0-d10/0,0,0,0,10,1.0,1.0,0.0,staggered-cycle,hybrid-vc,0.00018141386508502562,True
robustness,robustness/rep0-stream0-regime0-d10/1,0,0,0,10,1.0,1.0,0.0,staggered-cycle,hybrid-vc,0.0003052863383273032,True
robustness,robustness/rep0-stream0-regime0-d10/2,0,0,0,10,1.0,1.0,0.0,staggered-cycle,hybrid-vc,9.335071161683804e-05,True
robustness,robustness/rep0-stream0-regime0-d10/3,0,0,0,10,1.0,1.0,0.0,staggered-cycle,hybrid-vc,0.0002465627031059388,True
robustness,robustness/rep0-stream0-regime0-d10/4,0,0,0,10,1.0,1.0,0.0,staggered-cycle,hybrid-vc,0.0008317105036410882,True
robustness,robustness/rep0-stream0-regime0-d10/5,0,0,0,10,1.0,1.0,0.0,staggered-cycle,hybrid-vc,0.00025016251875275387,True
robustness,robustness/rep0-stream0-regime0-d10/6,0,0,0,10,1.0,1.0,0.0,staggered-cycle,hybrid-vc,0.00019548498602686695,True
robustness,robustness/rep0-stream0-regime0-d10/7,0,0,0,10,1.0,1.0,0.0,staggered-cycle,hybrid-vc,8.647173347648649e-05,True
robustness,robustness/rep0-stream0-regime0-d10/0,0,0,0,10,1.0,1.0,0.0,staggered-cycle,rank,0.04984971715604429,True
robustness,robustness/rep0-stream0-regime0-d10/1,0,0,0,10,1.0,1.0,0.0,staggered-cycle,rank,0.0391703078742374,True
robustness,robustness/rep0-stream0-regime0-d10/2,0,0,0,10,1.0,1.0,0.0,staggered-cycle,rank,0.03344154177264537,True
robustness,robustness/rep0-stream0-regime0-d10/3,0,0,0,10,1.0,1.0,0.0,staggered-cycle,rank,0.007113019133967614,True
robustness,robustness/rep0-stream0-regime0-d10/4,0,0,0,10,1.0,1.0,0.0,staggered-cycle,rank,0.005033589645528063,True
robustness,robustness/rep0-stream0-regime0-d10/5,0,0,0,10,1.0,1.0,0.0,staggered-cycle,rank,0.02098448090457137,True
robustness,robustness/rep0-stream0-regime0-d10/6,0,0,0,10,1.0,1.0,0.0,staggered-cycle,rank,0.00924731738154469,True
robustness,robustness/rep0-stream0-regime0-d10/7,0,0,0,10,1.0,1.0,0.0,staggered-cycle,rank,0.007154979201080617,True
robustness,robustness/rep0-stream0-regime0-d10/0,0,0,0,10,1.0,1.0,0.0,staggered-cycle,soft-quadratic,0.00018268465427528788,True
robustness,robustness/rep0-stream0-regime0-d10/1,0,0,0,10,1.0,1.0,0.0,staggered-cycle,soft-quadratic,0.0004342203975454936,True
robustness,robustness/rep0-stream0-regime0-d10/2,0,0,0,10,1.0,1.0,0.0,staggered-cycle,soft-quadratic,0.00013248276702350486,True
robustness,robustness/rep0-stream0-regime0-d10/3,0,0,0,10,1.0,1.0,0.0,staggered-cycle,soft-quadratic,0.00023535486039596006,True
robustness,robustness/rep0-stream0-regime0-d10/4,0,0,0,10,1.0,1.0,0.0,staggered-cycle,soft-quadratic,0.0009699802179848776,True
robustness,robustness/rep0-stream0-regime0-d10/5,0,0,0,10,1.0,1.0,0.0,staggered-cycle,soft-quadratic,0.00024059124084912145,True
robustness,robustness/rep0-stream0-regime0-d10/6,0,0,0,10,1.0,1.0,0.0,staggered-cycle,soft-quadratic,0.00020233597558408213,True
robustness,robustness/rep0-stream0-regime0-d10/7,0,0,0,10,1.0,1.0,0.0,staggered-cycle,soft-quadratic,0.00019793709833062988,True
robustness,robustness/rep0-stream0-regime0-d10/0,0,0,0,10,1.0,1.0,0.01,staggered-cycle,hybrid-vc,0.00017646725776985882,True
robustness,robustness/rep0-stream0-regime0-d10/1,0,0,0,10,1.0,1.0,0.01,staggered-cycle,hybrid-vc,0.00012892317673969897,True
robustness,robustness/rep0-stream0-regime0-d10/2,0,0,0,10,1.0,1.0,0.01,staggered-cycle,hybrid-vc,0.0002737971079541541,True
robustness,robustness/rep0-stream0-regime0-d10/3,0,0,0,10,1.0,1.0,0.01,staggered-cycle,hybrid-vc,0.0002685200967898061,True
robustness,robustness/rep0-stream0-regime0-d10/4,0,0,0,10,1.0,1.0,0.01,staggered-cycle,hybrid-vc,0.0005218908848950213,True
robustness,robustness/rep0-stream0-regime0-d10/5,0,0,0,10,1.0,1.0,0.01,staggered-cycle,hybrid-vc,0.0002493546062073287,True
robustness,robustness/rep0-stream0-regime0-d10/6,0,0,0,10,1.0,1.0,0.01,staggered-cycle,hybrid-vc,0.00031698174637458874,True
robustness,robustness/rep0-stream0-regime0-d10/7,0,0,0,10,1.0,1.0,0.01,staggered-cycle,hybrid-vc,0.00018813704470600098,True
robustness,robustness/rep0-stream0-regime0-d10/0,0,0,0,10,1.0,1.0,0.01,staggered-cycle,rank,0.04966013233950889,True
robustness,robustness/rep0-stream0-regime0-d10/1,0,0,0,10,1.0,1.0,0.01,staggered-cycle,rank,0.036959540219142314,True
robustness,robustness/rep0-stream0-regime0-d10/2,0,0,0,10,1.0,1.0,0.01,staggered-cycle,rank,0.0325491869264634,True
robustness,robustness/rep0-stream0-regime0-d10/3,0,0,0,10,1.0,1.0,0.01,staggered-cycle,rank,0.0076187414704232985,True
robustness,robustness/rep0-stream0-regime0-d10/4,0,0,0,10,1.0,1.0,0.01,staggered-cycle,rank,0.0056821207853135205,True
robustness,robustness/rep0-stream0-regime0-d10/5,0,0,0,10,1.0,1.0,0.01,staggered-cycle,rank,0.019504391541351876,True
robustness,robustness/rep0-stream0-regime0-d10/6,0,0,0,10,1.0,1.0,0.01,staggered-cycle,rank,0.008718931838245013,True
robustness,robustness/rep0-stream0-regime0-d10/7,0,0,0,10,1.0,1.0,0.01,staggered-cycle,rank,0.0074639433572339774,True
robustness,robustness/rep0-stream0-regime0-d10/0,0,0,0,10,1.0,1.0,0.01,staggered-cycle,soft-quadratic,0.00019611402343731453,True
robustness,robustness/rep0-stream0-regime0-d10/1,0,0,0,10,1.0,1.0,0.01,staggered-cycle,soft-quadratic,0.00016053705477987065,True
robustness,robustness/rep0-stream0-regime0-d10/2,0,0,0,10,1.0,1.0,0.01,staggered-cycle,soft-quadratic,0.00021613602050680217,True
robustness,robustness/rep0-stream0-regime0-d10/3,0,0,0,10,1.0,1.0,0.01,staggered-cycle,soft-quadratic,0.00042061810901615357,True
robustness,robustness/rep0-stream0-regime0-d10/4,0,0,0,10,1.0,1.0,0.01,staggered-cycle,soft-quadratic,0.0008626279919514325,True
robustness,robustness/rep0-stream0-regime0-d10/5,0,0,0,10,1.0,1.0,0.01,staggered-cycle,soft-quadratic,0.0002858855881758997,True
robustness,robustness/rep0-stream0-regime0-d10/6,0,0,0,10,1.0,1.0,0.01,staggered-cycle,soft-quadratic,0.0002921040610446993,True
robustness,robustness/rep0-stream0-regime0-d10/7,0,0,0,10,1.0,1.0,0.01,staggered-cycle,soft-quadratic,0.00022900474412490803,True
robustness,robustness/rep0-stream0-regime0-d10/0,0,0,0,10,1.0,1.0,0.03,staggered-cycle,hybrid-vc,0.000789617818451558,True
robustness,robustness/rep0-stream0-regime0-d10/1,0,0,0,10,1.0,1.0,0.03,staggered-cycle,hybrid-vc,0.00047135949638399735,True
robustness,robustness/rep0-stream0-regime0-d10/2,0,0,0,10,1.0,1.0,0.03,staggered-cycle,hybrid-vc,0.0016950119209709967,True
robustness,robustness/rep0-stream0-regime0-d10/3,0,0,0,10,1.0,1.0,0.03,staggered-cycle,hybrid-vc,0.00048721020373665745,True
robustness,robustness/rep0-stream0-regime0-d10/4,0,0,0,10,1.0,1.0,0.03,staggered-cycle,hybrid-vc,0.0009756349984301063,True
robustness,robustness/rep0-stream0-regime0-d10/5,0,0,0,10,1.0,1.0,0.03,staggered-cycle,hybrid-vc,0.0009874215932431309,True
robustness,robustness/rep0-stream0-regime0-d10/6,0,0,0,10,1.0,1.0,0.03,staggered-cycle,hybrid-vc,0.0007324373828633596,True
robustness,robustness/rep0-stream0-regime0-d10/7,0,0,0,10,1.0,1.0,0.03,staggered-cycle,hybrid-vc,0.0009378240070051715,True
robustness,robustness/rep0-stream0-regime0-d10/0,0,0,0,10,1.0,1.0,0.03,staggered-cycle,rank,0.04818959350604931,True
robustness,robustness/rep0-stream0-regime0-d10/1,0,0,0,10,1.0,1.0,0.03,staggered-cycle,rank,0.03668588397845297,True
robustness,robustness/rep0-stream0-regime0-d10/2,0,0,0,10,1.0,1.0,0.03,staggered-cycle,rank,0.028903065745775433,True
robustness,robustness/rep0-stream0-regime0-d10/3,0,0,0,10,1.0,1.0,0.03,staggered-cycle,rank,0.008322881966741028,True
robustness,robustness/rep0-stream0-regime0-d10/4,0,0,0,10,1.0,1.0,0.03,staggered-cycle,rank,0.006361683468526678,True
robustness,robustness/rep0-stream0-regime0-d10/5,0,0,0,10,1.0,1.0,0.03,staggered-cycle,rank,0.018924497128951123,True
robustness,robustness/rep0-stream0-regime0-d10/6,0,0,0,10,1.0,1.0,0.03,staggered-cycle,rank,0.008702390410553316,True
robustness,robustness/rep0-stream0-regime0-d10/7,0,0,0,10,1.0,1.0,0.03,staggered-cycle,rank,0.008642201990485347,True
robustness,robustness/rep0-stream0-regime0-d10/0,0,0,0,10,1.0,1.0,0.03,staggered-cycle,soft-quadratic,0.0008311329978987025,True
robustness,robustness/rep0-stream0-regime0-d10/1,0,0,0,10,1.0,1.0,0.03,staggered-cycle,soft-quadratic,0.0004301142739873802,True
robustness,robustness/rep0-stream0-regime0-d10/2,0,0,0,10,1.0,1.0,0.03,staggered-cycle,soft-quadratic,0.0010903900396659863,True
robustness,robustness/rep0-stream0-regime0-d10/3,0,0,0,10,1.0,1.0,0.03,staggered-cycle,soft-quadratic,0.0005873371483351807,True
robustness,robustness/rep0-stream0-regime0-d10/4,0,0,0,10,1.0,1.0,0.03,staggered-cycle,soft-quadratic,0.001394998868754711,True
robustness,robustness/rep0-stream0-regime0-d10/5,0,0,0,10,1.0,1.0,0.03,staggered-cycle,soft-quadratic,0.000903600082066883,True
robustness,robustness/rep0-stream0-regime0-d10/6,0,0,0,10,1.0,1.0,0.03,staggered-cycle,soft-quadratic,0.0007645022535019601,True
robustness,robustness/rep0-stream0-regime0-d10/7,0,0,0,10,1.0,1.0,0.03,staggered-cycle,soft-quadratic,0.0011038889847632463,True
robustness,robustness/rep0-stream0-regime0-d10/0,0,0,0,10,1.0,1.0,0.1,staggered-cycle,hybrid-vc,0.00802407174897929,False
robustness,robustness/rep0-stream0-regime0-d10/1,0,0,0,10,1.0,1.0,0.1,staggered-cycle,hybrid-vc,0.008915458480046476,False
robustness,robustness/rep0-stream0-regime0-d10/2,0,0,0,10,1.0,1.0,0.1,staggered-cycle,hybrid-vc,0.007447815401668829,False
robustness,robustness/rep0-stream0-regime0-d10/3,0,0,0,10,1.0,1.0,0.1,staggered-cycle,hybrid-vc,0.00645419452610398,True
robustness,robustness/rep0-stream0-regime0-d10/4,0,0,0,10,1.0,1.0,0.1,staggered-cycle,hybrid-vc,0.011791917492135989,False
robustness,robustness/rep0-stream0-regime0-d10/5,0,0,0,10,1.0,1.0,0.1,staggered-cycle,hybrid-vc,0.008210919133953732,False
robustness,robustness/rep0-stream0-regime0-d10/6,0,0,0,10,1.0,1.0,0.1,staggered-cycle,hybrid-vc,0.008215879228645083,True
robustness,robustness/rep0-stream0-regime0-d10/7,0,0,0,10,1.0,1.0,0.1,staggered-cycle,hybrid-vc,0.012245063356752513,False
robustness,robustness/rep0-stream0-regime0-d10/0,0,0,0,10,1.0,1.0,0.1,staggered-cycle,rank,0.05174306802477817,False
robustness,robustness/rep0-stream0-regime0-d10/1,0,0,0,10,1.0,1.0,0.1,staggered-cycle,rank,0.04600984746006372,False
robustness,robustness/rep0-stream0-regime0-d10/2,0,0,0,10,1.0,1.0,0.1,staggered-cycle,rank,0.023034939935144178,False
robustness,robustness/rep0-stream0-regime0-d10/3,0,0,0,10,1.0,1.0,0.1,staggered-cycle,rank,0.012603970961835785,True
robustness,robustness/rep0-stream0-regime0-d10/4,0,0,0,10,1.0,1.0,0.1,staggered-cycle,rank,0.017406035440804803,False
robustness,robustness/rep0-stream0-regime0-d10/5,0,0,0,10,1.0,1.0,0.1,staggered-cycle,rank,0.01799344357177462,False
robustness,robustness/rep0-stream0-regime0-d10/6,0,0,0,10,1.0,1.0,0.1,staggered-cycle,rank,0.013771159699468669,True
robustness,robustness/rep0-stream0-regime0-d10/7,0,0,0,10,1.0,1.0,0.1,staggered-cycle,rank,0.019460758177935324,False
robustness,robustness/rep0-stream0-regime0-d10/0,0,0,0,10,1.0,1.0,0.1,staggered-cycle,soft-quadratic,0.007448675032437162,False
robustness,robustness/rep0-stream0-regime0-d10/1,0,0,0,10,1.0,1.0,0.1,staggered-cycle,soft-quadratic,0.00848691547370169,False
robustness,robustness/rep0-stream0-regime0-d10/2,0,0,0,10,1.0,1.0,0.1,staggered-cycle,soft-quadratic,0.010870519309517426,False
robustness,robustness/rep0-stream0-regime0-d10/3,0,0,0,10,1.0,1.0,0.1,staggered-cycle,soft-quadratic,0.006347258972515324,True
robustness,robustness/rep0-stream0-regime0-d10/4,0,0,0,10,1.0,1.0,0.1,staggered-cycle,soft-quadratic,0.012613289914023816,False
robustness,robustness/rep0-stream0-regime0-d10/5,0,0,0,10,1.0,1.0,0.1,staggered-cycle,soft-quadratic,0.009588516286741277,False
robustness,robustness/rep0-stream0-regime0-d10/6,0,0,0,10,1.0,1.0,0.1,staggered-cycle,soft-quadratic,0.0077232714346505416,True
robustness,robustness/rep0-stream0-regime0-d10/7,0,0,0,10,1.0,1.0,0.1,staggered-cycle,soft-quadratic,0.01210709403120508,False
robustness,robustness/rep0-stream0-regime0-d50/0,0,0,0,50,1.0,1.0,0.0,staggered-cycle,hybrid-vc,2.1273347568991838e-05,True
robustness,robustness/rep0-stream0-regime0-d50/1,0,0,0,50,1.0,1.0,0.0,staggered-cycle,hybrid-vc,1.497058604428422e-05,True
robustness,robustness/rep0-stream0-regime0-d50/2,0,0,0,50,1.0,1.0,0.0,staggered-cycle,hybrid-vc,2.337213709222375e-05,True
robustness,robustness/rep0-stream0-regime0-d50/3,0,0,0,50,1.0,1.0,0.0,staggered-cycle,hybrid-vc,1.3490519321019437e-05,True
robustness,robustness/rep0-stream0-regime0-d50/4,0,0,0,50,1.0,1.0,0.0,staggered-cycle,hybrid-vc,1.1996590409981284e-05,True
robustness,robustness/rep0-stream0-regime0-d50/5,0,0,0,50,1.0,1.0,0.0,staggered-cycle,hybrid-vc,1.9237804457920477e-05,True
robustness,robustness/rep0-stream0-regime0-d50/6,0,0,0,50,1.0,1.0,0.0,staggered-cycle,hybrid-vc,1.1924701802662547e-05,True
robustness,robustness/rep0-stream0-regime0-d50/7,0,0,0,50,1.0,1.0,0.0,staggered-cycle,hybrid-vc,1.0578634704028595e-05,True
robustness,robustness/rep0-stream0-regime0-d50/0,0,0,0,50,1.0,1.0,0.0,staggered-cycle,rank,0.02575531040154784,True
robustness,robustness/rep0-stream0-regime0-d50/1,0,0,0,50,1.0,1.0,0.0,staggered-cycle,rank,0.0246728480473223,True
robustness,robustness/rep0-stream0-regime0-d50/2,0,0,0,50,1.0,1.0,0.0,staggered-cycle,rank,0.0057984402453408026,True
robustness,robustness/rep0-stream0-regime0-d50/3,0,0,0,50,1.0,1.0,0.0,staggered-cycle,rank,0.017327977671743013,True
robustness,robustness/rep0-stream0-regime0-d50/4,0,0,0,50,1.0,1.0,0.0,staggered-cycle,rank,0.0029027594039458164,True
robustness,robustness/rep0-stream0-regime0-d50/5,0,0,0,50,1.0,1.0,0.0,staggered-cycle,rank,0.03433479884469391,True
robustness,robustness/rep0-stream0-regime0-d50/6,0,0,0,50,1.0,1.0,0.0,staggered-cycle,rank,0.015821939544223396,True
robustness,robustness/rep0-stream0-regime0-d50/7,0,0,0,50,1.0,1.0,0.0,staggered-cycle,rank,0.02070215134774795,True
robustness,robustness/rep0-stream0-regime0-d50/0,0,0,0,50,1.0,1.0,0.0,staggered-cycle,soft-quadratic,6.97354488320644e-05,True
robustness,robustness/rep0-stream0-regime0-d50/1,0,0,0,50,1.0,1.0,0.0,staggered-cycle,soft-quadratic,6.080013407762815e-05,True
robustness,robustness/rep0-stream0-regime0-d50/2,0,0,0,50,1.0,1.0,0.0,staggered-cycle,soft-quadratic,3.2361821246503654e-05,True
robustness,robustness/rep0-stream0-regime0-d50/3,0,0,0,50,1.0,1.0,0.0,staggered-cycle,soft-quadratic,5.111259487628179e-05,True
robustness,robustness/rep0-stream0-regime0-d50/4,0,0,0,50,1.0,1.0,0.0,staggered-cycle,soft-quadratic,5.320820094402707e-05,True
robustness,robustness/rep0-stream0-regime0-d50/5,0,0,0,50,1.0,1.0,0.0,staggered-cycle,soft-quadratic,6.434805509216433e-05,True
robustness,robustness/rep0-stream0-regime0-d50/6,0,0,0,50,1.0,1.0,0.0,staggered-cycle,soft-quadratic,4.712577880225574e-05,True
robustness,robustness/rep0-stream0-regime0-d50/7,0,0,0,50,1.0,1.0,0.0,staggered-cycle,soft-quadratic,3.680026693648678e-05,True
robustness,robustness/rep0-stream0-regime0-d50/0,0,0,0,50,1.0,1.0,0.01,staggered-cycle,hybrid-vc,0.00011247060012390107,True
robustness,robustness/rep0-stream0-regime0-d50/1,0,0,0,50,1.0,1.0,0.01,staggered-cycle,hybrid-vc,0.00011002895474473433,True
robustness,robustness/rep0-stream0-regime0-d50/2,0,0,0,50,1.0,1.0,0.01,staggered-cycle,hybrid-vc,0.00010482935322070448,True
robustness,robustness/rep0-stream0-regime0-d50/3,0,0,0,50,1.0,1.0,0.01,staggered-cycle,hybrid-vc,0.00012102220470112014,True
robustness,robustness/rep0-stream0-regime0-d50/4,0,0,0,50,1.0,1.0,0.01,staggered-cycle,hybrid-vc,9.957280488545157e-05,True
robustness,robustness/rep0-stream0-regime0-d50/5,0,0,0,50,1.0,1.0,0.01,staggered-cycle,hybrid-vc,9.771785626574487e-05,True
robustness,robustness/rep0-stream0-regime0-d50/6,0,0,0,50,1.0,1.0,0.01,staggered-cycle,hybrid-vc,0.00012131795972030875,True
robustness,robustness/rep0-stream0-regime0-d50/7,0,0,0,50,1.0,1.0,0.01,staggered-cycle,hybrid-vc,0.0001756510166588501,True
robustness,robustness/rep0-stream0-regime0-d50/0,0,0,0,50,1.0,1.0,0.01,staggered-cycle,rank,0.02614882237450261,True
robustness,robustness/rep0-stream0-regime0-d50/1,0,0,0,50,1.0,1.0,0.01,staggered-cycle,rank,0.024443345370072575,True
robustness,robustness/rep0-stream0-regime0-d50/2,0,0,0,50,1.0,1.0,0.01,staggered-cycle,rank,0.0058129563630539656,True
robustness,robustness/rep0-stream0-regime0-d50/3,0,0,0,50,1.0,1.0,0.01,staggered-cycle,rank,0.0173998640456789,True
robustness,robustness/rep0-stream0-regime0-d50/4,0,0,0,50,1.0,1.0,0.01,staggered-cycle,rank,0.002931022826460817,True
robustness,robustness/rep0-stream0-regime0-d50/5,0,0,0,50,1.0,1.0,0.01,staggered-cycle,rank,0.034615229954803754,True
robustness,robustness/rep0-stream0-regime0-d50/6,0,0,0,50,1.0,1.0,0.01,staggered-cycle,rank,0.015742488132816663,True
robustness,robustness/rep0-stream0-regime0-d50/7,0,0,0,50,1.0,1.0,0.01,staggered-cycle,rank,0.020319816414709004,True
robustness,robustness/rep0-stream0-regime0-d50/0,0,0,0,50,1.0,1.0,0.01,staggered-cycle,soft-quadratic,0.00019962924414004327,True
robustness,robustness/rep0-stream0-regime0-d50/1,0,0,0,50,1.0,1.0,0.01,staggered-cycle,soft-quadratic,0.00012754767189205877,True
robustness,robustness/rep0-stream0-regime0-d50/2,0,0,0,50,1.0,1.0,0.01,staggered-cycle,soft-quadratic,0.00010133552396611907,True
robustness,robustness/rep0-stream0-regime0-d50/3,0,0,0,50,1.0,1.0,0.01,staggered-cycle,soft-quadratic,0.00015911706132102092,True
robustness,robustness/rep0-stream0-regime0-d50/4,0,0,0,50,1.0,1.0,0.01,staggered-cycle,soft-quadratic,0.00013091592134228342,True
robustness,robustness/rep0-stream0-regime0-d50/5,0,0,0,50,1.0,1.0,0.01,staggered-cycle,soft-quadratic,0.00011000796239420349,True
robustness,robustness/rep0-stream0-regime0-d50/6,0,0,0,50,1.0,1.0,0.01,staggered-cycle,soft-quadratic,0.00010429478436295618,True
robustness,robustness/rep0-stream0-regime0-d50/7,0,0,0,50,1.0,1.0,0.01,staggered-cycle,soft-quadratic,0.00021624370917787376,True
robustness,robustness/rep0-stream0-regime0-d50/0,0,0,0,50,1.0,1.0,0.03,staggered-cycle,hybrid-vc,0.0009919223991862913,False
robustness,robustness/rep0-stream0-regime0-d50/1,0,0,0,50,1.0,1.0,0.03,staggered-cycle,hybrid-vc,0.0007184986299600999,False
robustness,robustness/rep0-stream0-regime0-d50/2,0,0,0,50,1.0,1.0,0.03,staggered-cycle,hybrid-vc,0.0008339585030098098,False
robustness,robustness/rep0-stream0-regime0-d50/3,0,0,0,50,1.0,1.0,0.03,staggered-cycle,hybrid-vc,0.0008486032439779718,False
robustness,robustness/rep0-stream0-regime0-d50/4,0,0,0,50,1.0,1.0,0.03,staggered-cycle,hybrid-vc,0.0008835856994089151,False
robustness,robustness/rep0-stream0-regime0-d50/5,0,0,0,50,1.0,1.0,0.03,staggered-cycle,hybrid-vc,0.0007874922711658115,False
robustness,robustness/rep0-stream0-regime0-d50/6,0,0,0,50,1.0,1.0,0.03,staggered-cycle,hybrid-vc,0.000797291738209899,False
robustness,robustness/rep0-stream0-regime0-d50/7,0,0,0,50,1.0,1.0,0.03,staggered-cycle,hybrid-vc,0.0011018881656648155,False
robustness,robustness/rep0-stream0-regime0-d50/0,0,0,0,50,1.0,1.0,0.03,staggered-cycle,rank,0.027162706532685602,False
robustness,robustness/rep0-stream0-regime0-d50/1,0,0,0,50,1.0,1.0,0.03,staggered-cycle,rank,0.024739667940672828,False
robustness,robustness/rep0-stream0-regime0-d50/2,0,0,0,50,1.0,1.0,0.03,staggered-cycle,rank,0.006013223835584778,False
robustness,robustness/rep0-stream0-regime0-d50/3,0,0,0,50,1.0,1.0,0.03,staggered-cycle,rank,0.018125546192240632,False
robustness,robustness/rep0-stream0-regime0-d50/4,0,0,0,50,1.0,1.0,0.03,staggered-cycle,rank,0.0032793342436288004,False
robustness,robustness/rep0-stream0-regime0-d50/5,0,0,0,50,1.0,1.0,0.03,staggered-cycle,rank,0.035612023435584894,False
robustness,robustness/rep0-stream0-regime0-d50/6,0,0,0,50,1.0,1.0,0.03,staggered-cycle,rank,0.015862205254113814,False
robustness,robustness/rep0-stream0-regime0-d50/7,0,0,0,50,1.0,1.0,0.03,staggered-cycle,rank,0.02002409194854679,False
robustness,robustness/rep0-stream0-regime0-d50/0,0,0,0,50,1.0,1.0,0.03,staggered-cycle,soft-quadratic,0.0009920529788067123,False
robustness,robustness/rep0-stream0-regime0-d50/1,0,0,0,50,1.0,1.0,0.03,staggered-cycle,soft-quadratic,0.0007258991152508496,False
robustness,robustness/rep0-stream0-regime0-d50/2,0,0,0,50,1.0,1.0,0.03,staggered-cycle,soft-quadratic,0.0008055229514591631,False
robustness,robustness/rep0-stream0-regime0-d50/3,0,0,0,50,1.0,1.0,0.03,staggered-cycle,soft-quadratic,0.0008426469637657895,False
robustness,robustness/rep0-stream0-regime0-d50/4,0,0,0,50,1.0,1.0,0.03,staggered-cycle,soft-quadratic,0.0008368172953023093,False
robustness,robustness/rep0-stream0-regime0-d50/5,0,0,0,50,1.0,1.0,0.03,staggered-cycle,soft-quadratic,0.0007841652212383072,False
robustness,robustness/rep0-stream0-regime0-d50/6,0,0,0,50,1.0,1.0,0.03,staggered-cycle,soft-quadratic,0.0008077775079770875,False
robustness,robustness/rep0-stream0-regime0-d50/7,0,0,0,50,1.0,1.0,0.03,staggered-cycle,soft-quadratic,0.0011235167515428412,False
robustness,robustness/rep0-stream0-regime0-d50/0,0,0,0,50,1.0,1.0,0.1,staggered-cycle,hybrid-vc,0.009279653138981311,False
robustness,robustness/rep0-stream0-regime0-d50/1,0,0,0,50,1.0,1.0,0.1,staggered-cycle,hybrid-vc,0.007854710680373779,False
robustness,robustness/rep0-stream0-regime0-d50/2,0,0,0,50,1.0,1.0,0.1,staggered-cycle,hybrid-vc,0.008518710023355466,False
robustness,robustness/rep0-stream0-regime0-d50/3,0,0,0,50,1.0,1.0,0.1,staggered-cycle,hybrid-vc,0.008515606147427197,False
robustness,robustness/rep0-stream0-regime0-d50/4,0,0,0,50,1.0,1.0,0.1,staggered-cycle,hybrid-vc,0.008086949500183965,False
robustness,robustness/rep0-stream0-regime0-d50/5,0,0,0,50,1.0,1.0,0.1,staggered-cycle,hybrid-vc,0.00823920567517902,False
robustness,robustness/rep0-stream0-regime0-d50/6,0,0,0,50,1.0,1.0,0.1,staggered-cycle,hybrid-vc,0.008014862677139576,False
robustness,robustness/rep0-stream0-regime0-d50/7,0,0,0,50,1.0,1.0,0.1,staggered-cycle,hybrid-vc,0.012939570857064877,False
robustness,robustness/rep0-stream0-regime0-d50/0,0,0,0,50,1.0,1.0,0.1,staggered-cycle,rank,0.034465795668802465,False
robustness,robustness/rep0-stream0-regime0-d50/1,0,0,0,50,1.0,1.0,0.1,staggered-cycle,rank,0.030830299021761848,False
robustness,robustness/rep0-stream0-regime0-d50/2,0,0,0,50,1.0,1.0,0.1,staggered-cycle,rank,0.011868525788897983,False
robustness,robustness/rep0-stream0-regime0-d50/3,0,0,0,50,1.0,1.0,0.1,staggered-cycle,rank,0.02618606090018059,False
robustness,robustness/rep0-stream0-regime0-d50/4,0,0,0,50,1.0,1.0,0.1,staggered-cycle,rank,0.008523267373638215,False
robustness,robustness/rep0-stream0-regime0-d50/5,0,0,0,50,1.0,1.0,0.1,staggered-cycle,rank,0.04339335531418988,False
robustness,robustness/rep0-stream0-regime0-d50/6,0,0,0,50,1.0,1.0,0.1,staggered-cycle,rank,0.021360672382599092,False
robustness,robustness/rep0-stream0-regime0-d50/7,0,0,0,50,1.0,1.0,0.1,staggered-cycle,rank,0.02301561481351292,False
robustness,robustness/rep0-stream0-regime0-d50/0,0,0,0,50,1.0,1.0,0.1,staggered-cycle,soft-quadratic,0.009450860283794956,False
robustness,robustness/rep0-stream0-regime0-d50/1,0,0,0,50,1.0,1.0,0.1,staggered-cycle,soft-quadratic,0.007884643316217266,False
robustness,robustness/rep0-stream0-regime0-d50/2,0,0,0,50,1.0,1.0,0.1,staggered-cycle,soft-quadratic,0.008338543519815528,False
robustness,robustness/rep0-stream0-regime0-d50/3,0,0,0,50,1.0,1.0,0.1,staggered-cycle,soft-quadratic,0.00853386509356846,False
robustness,robustness/rep0-stream0-regime0-d50/4,0,0,0,50,1.0,1.0,0.1,staggered-cycle,soft-quadratic,0.007941552272663877,False
robustness,robustness/rep0-stream0-regime0-d50/5,0,0,0,50,1.0,1.0,0.1,staggered-cycle,soft-quadratic,0.008106640746879149,False
robustness,robustness/rep0-stream0-regime0-d50/6,0,0,0,50,1.0,1.0,0.1,staggered-cycle,soft-quadratic,0.007939362491897804,False
robustness,robustness/rep0-stream0-regime0-d50/7,0,0,0,50,1.0,1.0,0.1,staggered-cycle,soft-quadratic,0.012873094088516508,False
robustness,robustness/rep0-stream0-regime1-d20/0,0,0,1,20,1.0,1.0,0.0,staggered-cycle,hybrid-vc,7.922595818283768e-05,True
robustness,robustness/rep0-stream0-regime1-d20/1,0,0,1,20,1.0,1.0,0.0,staggered-cycle,hybrid-vc,9.029308705959361e-05,True
robustness,robustness/rep0-stream0-regime1-d20/2,0,0,1,20,1.0,1.0,0.0,staggered-cycle,hybrid-vc,8.37299941150846e-05,True
robustness,robustness/rep0-stream0-regime1-d20/3,0,0,1,20,1.0,1.0,0.0,staggered-cycle,hybrid-vc,7.069655018167697e-05,True
robustness,robustness/rep0-stream0-regime1-d20/4,0,0,1,20,1.0,1.0,0.0,staggered-cycle,hybrid-vc,7.528782810198435e-05,True
robustness,robustness/rep0-stream0-regime1-d20/5,0,0,1,20,1.0,1.0,0.0,staggered-cycle,hybrid-vc,7.528718062368032e-05,True
robustness,robustness/rep0-stream0-regime1-d20/6,0,0,1,20,1.0,1.0,0.0,staggered-cycle,hybrid-vc,5.320776941617238e-05,True
robustness,robustness/rep0-stream0-regime1-d20/7,0,0,1,20,1.0,1.0,0.0,staggered-cycle,hybrid-vc,8.364394469807434e-05,True
robustness,robustness/rep0-stream0-regime1-d20/0,0,0,1,20,1.0,1.0,0.0,staggered-cycle,rank,0.024287188424216573,True
robustness,robustness/rep0-stream0-regime1-d20/1,0,0,1,20,1.0,1.0,0.0,staggered-cycle,rank,0.00477134564997613,True
robustness,robustness/rep0-stream0-regime1-d20/2,0,0,1,20,1.0,1.0,0.0,staggered-cycle,rank,0.01206324882093548,True
robustness,robustness/rep0-stream0-regime1-d20/3,0,0,1,20,1.0,1.0,0.0,staggered-cycle,rank,0.0013885366367394048,True
robustness,robustness/rep0-stream0-regime1-d20/4,0,0,1,20,1.0,1.0,0.0,staggered-cycle,rank,0.005327019070792221,True
robustness,robustness/rep0-stream0-regime1-d20/5,0,0,1,20,1.0,1.0,0.0,staggered-cycle,rank,0.03176958743478706,True
robustness,robustness/rep0-stream0-regime1-d20/6,0,0,1,20,1.0,1.0,0.0,staggered-cycle,rank,0.025581761268661827,True
robustness,robustness/rep0-stream0-regime1-d20/7,0,0,1,20,1.0,1.0,0.0,staggered-cycle,rank,0.05477130971792849,True
robustness,robustness/rep0-stream0-regime1-d20/0,0,0,1,20,1.0,1.0,0.0,staggered-cycle,soft-quadratic,0.00020876573728448192,True
robustness,robustness/rep0-stream0-regime1-d20/1,0,0,1,20,1.0,1.0,0.0,staggered-cycle,soft-quadratic,0.00011351658189502446,True
robustness,robustness/rep0-stream0-regime1-d20/2,0,0,1,20,1.0,1.0,0.0,staggered-cycle,soft-quadratic,7.842192393692531e-05,True
robustness,robustness/rep0-stream0-regime1-d20/3,0,0,1,20,1.0,1.0,0.0,staggered-cycle,soft-quadratic,0.00014798300391820706,True
robustness,robustness/rep0-stream0-regime1-d20/4,0,0,1,20,1.0,1.0,0.0,staggered-cycle,soft-quadratic,0.00011637476925296713,True
robustness,robustness/rep0-stream0-regime1-d20/5,0,0,1,20,1.0,1.0,0.0,staggered-cycle,soft-quadratic,0.0001945834744222915,True
robustness,robustness/rep0-stream0-regime1-d20/6,0,0,1,20,1.0,1.0,0.0,staggered-cycle,soft-quadratic,0.00014047322613872342,True
robustness,robustness/rep0-stream0-regime1-d20/7,0,0,1,20,1.0,1.0,0.0,staggered-cycle,soft-quadratic,0.00012187214242021835,True
robustness,robustness/rep0-stream0-regime1-d20/0,0,0,1,20,1.0,1.0,0.01,staggered-cycle,hybrid-vc,0.00025291786560820216,True
robustness,robustness/rep0-stream0-regime1-d20/1,0,0,1,20,1.0,1.0,0.01,staggered-cycle,hybrid-vc,0.0002625978203058529,True
robustness,robustness/rep0-stream0-regime1-d20/2,0,0,1,20,1.0,1.0,0.01,staggered-cycle,hybrid-vc,0.0001878112868701946,True
robustness,robustness/rep0-stream0-regime1-d20/3,0,0,1,20,1.0,1.0,0.01,staggered-cycle,hybrid-vc,0.00012514664306038453,True
robustness,robustness/rep0-stream0-regime1-d20/4,0,0,1,20,1.0,1.0,0.01,staggered-cycle,hybrid-vc,0.0002762418987971806,True
robustness,robustness/rep0-stream0-regime1-d20/5,0,0,1,20,1.0,1.0,0.01,staggered-cycle,hybrid-vc,0.00027264310251403316,True
robustness,robustness/rep0-stream0-regime1-d20/6,0,0,1,20,1.0,1.0,0.01,staggered-cycle,hybrid-vc,0.0002564411034789979,True
robustness,robustness/rep0-stream0-regime1-d20/7,0,0,1,20,1.0,1.0,0.01,staggered-cycle,hybrid-vc,0.00014437580681244972,True
robustness,robustness/rep0-stream0-regime1-d20/0,0,0,1,20,1.0,1.0,0.01,staggered-cycle,rank,0.024467685513281785,True
robustness,robustness/rep0-stream0-regime1-d20/1,0,0,1,20,1.0,1.0,0.01,staggered-cycle,rank,0.004951062167994968,True
robustness,robustness/rep0-stream0-regime1-d20/2,0,0,1,20,1.0,1.0,0.01,staggered-cycle,rank,0.012545846860337547,True
robustness,robustness/rep0-stream0-regime1-d20/3,0,0,1,20,1.0,1.0,0.01,staggered-cycle,rank,0.001600748556298497,True
robustness,robustness/rep0-stream0-regime1-d20/4,0,0,1,20,1.0,1.0,0.01,staggered-cycle,rank,0.0051900320040573844,True
robustness,robustness/rep0-stream0-regime1-d20/5,0,0,1,20,1.0,1.0,0.01,staggered-cycle,rank,0.031815507896617364,True
robustness,robustness/rep0-stream0-regime1-d20/6,0,0,1,20,1.0,1.0,0.01,staggered-cycle,rank,0.025912318416291595,True
robustness,robustness/rep0-stream0-regime1-d20/7,0,0,1,20,1.0,1.0,0.01,staggered-cycle,rank,0.05577444536256695,True
robustness,robustness/rep0-stream0-regime1-d20/0,0,0,1,20,1.0,1.0,0.01,staggered-cycle,soft-quadratic,0.0002911520215756063,True
robustness,robustness/rep0-stream0-regime1-d20/1,0,0,1,20,1.0,1.0,0.01,staggered-cycle,soft-quadratic,0.00024015048773357473,True
robustness,robustness/rep0-stream0-regime1-d20/2,0,0,1,20,1.0,1.0,0.01,staggered-cycle,soft-quadratic,0.00018629445261866343,True
robustness,robustness/rep0-stream0-regime1-d20/3,0,0,1,20,1.0,1.0,0.01,staggered-cycle,soft-quadratic,0.00017428795899091787,True
robustness,robustness/rep0-stream0-regime1-d20/4,0,0,1,20,1.0,1.0,0.01,staggered-cycle,soft-quadratic,0.00027383459190893087,True
robustness,robustness/rep0-stream0-regime1-d20/5,0,0,1,20,1.0,1.0,0.01,staggered-cycle,soft-quadratic,0.00039431264872078896,True
robustness,robustness/rep0-stream0-regime1-d20/6,0,0,1,20,1.0,1.0,0.01,staggered-cycle,soft-quadratic,0.00030961916780090746,True
robustness,robustness/rep0-stream0-regime1-d20/7,0,0,1,20,1.0,1.0,0.01,staggered-cycle,soft-quadratic,0.0002724860335297965,True
robustness,robustness/rep0-stream0-regime1-d20/0,0,0,1,20,1.0,1.0,0.03,staggered-cycle,hybrid-vc,0.0012857867786610936,True
robustness,robustness/rep0-stream0-regime1-d20/1,0,0,1,20,1.0,1.0,0.03,staggered-cycle,hybrid-vc,0.0011410070222733337,True
robustness,robustness/rep0-stream0-regime1-d20/2,0,0,1,20,1.0,1.0,0.03,staggered-cycle,hybrid-vc,0.001315658132662824,True
robustness,robustness/rep0-stream0-regime1-d20/3,0,0,1,20,1.0,1.0,0.03,staggered-cycle,hybrid-vc,0.0008388896567963486,True
robustness,robustness/rep0-stream0-regime1-d20/4,0,0,1,20,1.0,1.0,0.03,staggered-cycle,hybrid-vc,0.0008937407490054993,True
robustness,robustness/rep0-stream0-regime1-d20/5,0,0,1,20,1.0,1.0,0.03,staggered-cycle,hybrid-vc,0.0010897739871497205,True
robustness,robustness/rep0-stream0-regime1-d20/6,0,0,1,20,1.0,1.0,0.03,staggered-cycle,hybrid-vc,0.0011073017976186584,True
robustness,robustness/rep0-stream0-regime1-d20/7,0,0,1,20,1.0,1.0,0.03,staggered-cycle,hybrid-vc,0.0009457605358935904,True
robustness,robustness/rep0-stream0-regime1-d20/0,0,0,1,20,1.0,1.0,0.03,staggered-cycle,rank,0.027310814774759072,True
robustness,robustness/rep0-stream0-regime1-d20/1,0,0,1,20,1.0,1.0,0.03,staggered-cycle,rank,0.005369387563571104,True
robustness,robustness/rep0-stream0-regime1-d20/2,0,0,1,20,1.0,1.0,0.03,staggered-cycle,rank,0.013290928831306552,True
robustness,robustness/rep0-stream0-regime1-d20/3,0,0,1,20,1.0,1.0,0.03,staggered-cycle,rank,0.0027946441397280765,True
robustness,robustness/rep0-stream0-regime1-d20/4,0,0,1,20,1.0,1.0,0.03,staggered-cycle,rank,0.005535154701920475,True
robustness,robustness/rep0-stream0-regime1-d20/5,0,0,1,20,1.0,1.0,0.03,staggered-cycle,rank,0.03314845714429081,True
robustness,robustness/rep0-stream0-regime1-d20/6,0,0,1,20,1.0,1.0,0.03,staggered-cycle,rank,0.02718334452895323,True
robustness,robustness/rep0-stream0-regime1-d20/7,0,0,1,20,1.0,1.0,0.03,staggered-cycle,rank,0.05623513545007476,True
robustness,robustness/rep0-stream0-regime1-d20/0,0,0,1,20,1.0,1.0,0.03,staggered-cycle,soft-quadratic,0.0014209243530018826,True
robustness,robustness/rep0-stream0-regime1-d20/1,0,0,1,20,1.0,1.0,0.03,staggered-cycle,soft-quadratic,0.0009903944287656607,True
robustness,robustness/rep0-stream0-regime1-d20/2,0,0,1,20,1.0,1.0,0.03,staggered-cycle,soft-quadratic,0.0010357252675306195,True
robustness,robustness/rep0-stream0-regime1-d20/3,0,0,1,20,1.0,1.0,0.03,staggered-cycle,soft-quadratic,0.0008686957141414937,True
robustness,robustness/rep0-stream0-regime1-d20/4,0,0,1,20,1.0,1.0,0.03,staggered-cycle,soft-quadratic,0.0009509517481791233,True
robustness,robustness/rep0-stream0-regime1-d20/5,0,0,1,20,1.0,1.0,0.03,staggered-cycle,soft-quadratic,0.0007539561086221022,True
robustness,robustness/rep0-stream0-regime1-d20/6,0,0,1,20,1.0,1.0,0.03,staggered-cycle,soft-quadratic,0.00089927428393367,True
robustness,robustness/rep0-stream0-regime1-d20/7,0,0,1,20,1.0,1.0,0.03,staggered-cycle,soft-quadratic,0.0012637138900018685,True
robustness,robustness/rep0-stream0-regime1-d20/0,0,0,1,20,1.0,1.0,0.1,staggered-cycle,hybrid-vc,0.010292828007285114,False
robustness,robustness/rep0-stream0-regime1-d20/1,0,0,1,20,1.0,1.0,0.1,staggered-cycle,hybrid-vc,0.008611444993848973,False
robustness,robustness/rep0-stream0-regime1-d20/2,0,0,1,20,1.0,1.0,0.1,staggered-cycle,hybrid-vc,0.008979929155061944,False
robustness,robustness/rep0-stream0-regime1-d20/3,0,0,1,20,1.0,1.0,0.1,staggered-cycle,hybrid-vc,0.010363017325991415,False
robustness,robustness/rep0-stream0-regime1-d20/4,0,0,1,20,1.0,1.0,0.1,staggered-cycle,hybrid-vc,0.008711334301983552,False
robustness,robustness/rep0-stream0-regime1-d20/5,0,0,1,20,1.0,1.0,0.1,staggered-cycle,hybrid-vc,0.009365240054052149,False
robustness,robustness/rep0-stream0-regime1-d20/6,0,0,1,20,1.0,1.0,0.1,staggered-cycle,hybrid-vc,0.00986006561920364,False
robustness,robustness/rep0-stream0-regime1-d20/7,0,0,1,20,1.0,1.0,0.1,staggered-cycle,hybrid-vc,0.00979295891038842,False
robustness,robustness/rep0-stream0-regime1-d20/0,0,0,1,20,1.0,1.0,0.1,staggered-cycle,rank,0.03877667324528471,False
robustness,robustness/rep0-stream0-regime1-d20/1,0,0,1,20,1.0,1.0,0.1,staggered-cycle,rank,0.010660342813400291,False
robustness,robustness/rep0-stream0-regime1-d20/2,0,0,1,20,1.0,1.0,0.1,staggered-cycle,rank,0.021313279512726494,False
robustness,robustness/rep0-stream0-regime1-d20/3,0,0,1,20,1.0,1.0,0.1,staggered-cycle,rank,0.013354151603444688,False
robustness,robustness/rep0-stream0-regime1-d20/4,0,0,1,20,1.0,1.0,0.1,staggered-cycle,rank,0.009528133253693763,False
robustness,robustness/rep0-stream0-regime1-d20/5,0,0,1,20,1.0,1.0,0.1,staggered-cycle,rank,0.04340139439786854,False
robustness,robustness/rep0-stream0-regime1-d20/6,0,0,1,20,1.0,1.0,0.1,staggered-cycle,rank,0.03834634962751757,False
robustness,robustness/rep0-stream0-regime1-d20/7,0,0,1,20,1.0,1.0,0.1,staggered-cycle,rank,0.06569631631232933,False
robustness,robustness/rep0-stream0-regime1-d20/0,0,0,1,20,1.0,1.0,0.1,staggered-cycle,soft-quadratic,0.010293427381289067,False
robustness,robustness/rep0-stream0-regime1-d20/1,0,0,1,20,1.0,1.0,0.1,staggered-cycle,soft-quadratic,0.008758956705916624,False
robustness,robustness/rep0-stream0-regime1-d20/2,0,0,1,20,1.0,1.0,0.1,staggered-cycle,soft-quadratic,0.00896576414672399,False
robustness,robustness/rep0-stream0-regime1-d20/3,0,0,1,20,1.0,1.0,0.1,staggered-cycle,soft-quadratic,0.009895391879419102,False
robustness,robustness/rep0-stream0-regime1-d20/4,0,0,1,20,1.0,1.0,0.1,staggered-cycle,soft-quadratic,0.009701731680277579,False
robustness,robustness/rep0-stream0-regime1-d20/5,0,0,1,20,1.0,1.0,0.1,staggered-cycle,soft-quadratic,0.009115584522768545,False
robustness,robustness/rep0-stream0-regime1-d20/6,0,0,1,20,1.0,1.0,0.1,staggered-cycle,soft-quadratic,0.010105152109062437,False
robustness,robustness/rep0-stream0-regime1-d20/7,0,0,1,20,1.0,1.0,0.1,staggered-cycle,soft-quadratic,0.009679347957363851,False
robustness,robustness/rep0-stream1-regime0-d10/0,0,1,0,10,1.0,1.0,0.0,staggered-cycle,hybrid-vc,0.00044070752436965087,True
robustness,robustness/rep0-stream1-regime0-d10/1,0,1,0,10,1.0,1.0,0.0,staggered-cycle,hybrid-vc,0.00023297644908226966,True
robustness,robustness/rep0-stream1-regime0-d10/2,0,1,0,10,1.0,1.0,0.0,staggered-cycle,hybrid-vc,0.00034614688416476845,True
robustness,robustness/rep0-stream1-regime0-d10/3,0,1,0,10,1.0,1.0,0.0,staggered-cycle,hybrid-vc,0.00040024093457598616,True
robustness,robustness/rep0-stream1-regime0-d10/4,0,1,0,10,1.0,1.0,0.0,staggered-cycle,hybrid-vc,9.489672345077526e-05,True
robustness,robustness/rep0-stream1-regime0-d10/5,0,1,0,10,1.0,1.0,0.0,staggered-cycle,hybrid-vc,0.0004353220084987371,True
robustness,robustness/rep0-stream1-regime0-d10/6,0,1,0,10,1.0,1.0,0.0,staggered-cycle,hybrid-vc,8.066824562711321e-05,True
robustness,robustness/rep0-stream1-regime0-d10/7,0,1,0,10,1.0,1.0,0.0,staggered-cycle,hybrid-vc,4.1478778307860664e-05,True
robustness,robustness/rep0-stream1-regime0-d10/0,0,1,0,10,1.0,1.0,0.0,staggered-cycle,rank,0.005537716352104201,True
robustness,robustness/rep0-stream1-regime0-d10/1,0,1,0,10,1.0,1.0,0.0,staggered-cycle,rank,0.005419241958741243,True
robustness,robustness/rep0-stream1-regime0-d10/2,0,1,0,10,1.0,1.0,0.0,staggered-cycle,rank,0.008990497998074687,True
robustness,robustness/rep0-stream1-regime0-d10/3,0,1,0,10,1.0,1.0,0.0,staggered-cycle,rank,0.012085069849961263,True
robustness,robustness/rep0-stream1-regime0-d10/4,0,1,0,10,1.0,1.0,0.0,staggered-cycle,rank,0.0003335672277653817,True
robustness,robustness/rep0-stream1-regime0-d10/5,0,1,0,10,1.0,1.0,0.0,staggered-cycle,rank,0.000661813477887486,True
robustness,robustness/rep0-stream1-regime0-d10/6,0,1,0,10,1.0,1.0,0.0,staggered-cycle,rank,0.014383112457587926,True
robustness,robustness/rep0-stream1-regime0-d10/7,0,1,0,10,1.0,1.0,0.0,staggered-cycle,rank,0.031863075012017836,True
robustness,robustness/rep0-stream1-regime0-d10/0,0,1,0,10,1.0,1.0,0.0,staggered-cycle,soft-quadratic,0.0005933244362479732,True
robustness,robustness/rep0-stream1-regime0-d10/1,0,1,0,10,1.0,1.0,0.0,staggered-cycle,soft-quadratic,0.00026729081117831885,True
robustness,robustness/rep0-stream1-regime0-d10/2,0,1,0,10,1.0,1.0,0.0,staggered-cycle,soft-quadratic,0.00039847763967228807,True
robustness,robustness/rep0-stream1-regime0-d10/3,0,1,0,10,1.0,1.0,0.0,staggered-cycle,soft-quadratic,0.00031819659359031983,True
robustness,robustness/rep0-stream1-regime0-d10/4,0,1,0,10,1.0,1.0,0.0,staggered-cycle,soft-quadratic,0.00013710845203046145,True
robustness,robustness/rep0-stream1-regime0-d10/5,0,1,0,10,1.0,1.0,0.0,staggered-cycle,soft-quadratic,0.000345587052300416,True
robustness,robustness/rep0-stream1-regime0-d10/6,0,1,0,10,1.0,1.0,0.0,staggered-cycle,soft-quadratic,7.977239508436012e-05,True
robustness,robustness/rep0-stream1-regime0-d10/7,0,1,0,10,1.0,1.0,0.0,staggered-cycle,soft-quadratic,6.272619942937394e-05,True
robustness,robustness/rep0-stream1-regime0-d10/0,0,1,0,10,1.0,1.0,0.01,staggered-cycle,hybrid-vc,0.0005110208778421045,True
robustness,robustness/rep0-stream1-regime0-d10/1,0,1,0,10,1.0,1.0,0.01,staggered-cycle,hybrid-vc,0.0003802651807390771,True
robustness,robustness/rep0-stream1-regime0-d10/2,0,1,0,10,1.0,1.0,0.01,staggered-cycle,hybrid-vc,0.00040718895501087415,True
robustness,robustness/rep0-stream1-regime0-d10/3,0,1,0,10,1.0,1.0,0.01,staggered-cycle,hybrid-vc,0.0008867756335949983,True
robustness,robustness/rep0-stream1-regime0-d10/4,0,1,0,10,1.0,1.0,0.01,staggered-cycle,hybrid-vc,0.00038917469023606616,True
robustness,robustness/rep0-stream1-regime0-d10/5,0,1,0,10,1.0,1.0,0.01,staggered-cycle,hybrid-vc,0.00044059512253043177,True
robustness,robustness/rep0-stream1-regime0-d10/6,0,1,0,10,1.0,1.0,0.01,staggered-cycle,hybrid-vc,0.0001900192533131941,True
robustness,robustness/rep0-stream1-regime0-d10/7,0,1,0,10,1.0,1.0,0.01,staggered-cycle,hybrid-vc,0.00019338287937324124,True
robustness,robustness/rep0-stream1-regime0-d10/0,0,1,0,10,1.0,1.0,0.01,staggered-cycle,rank,0.005948607720287202,True
robustness,robustness/rep0-stream1-regime0-d10/1,0,1,0,10,1.0,1.0,0.01,staggered-cycle,rank,0.005820025769999185,True
robustness,robustness/rep0-stream1-regime0-d10/2,0,1,0,10,1.0,1.0,0.01,staggered-cycle,rank,0.008540871161879552,True
robustness,robustness/rep0-stream1-regime0-d10/3,0,1,0,10,1.0,1.0,0.01,staggered-cycle,rank,0.013663395584090311,True
robustness,robustness/rep0-stream1-regime0-d10/4,0,1,0,10,1.0,1.0,0.01,staggered-cycle,rank,0.0007660398111055715,True
robustness,robustness/rep0-stream1-regime0-d10/5,0,1,0,10,1.0,1.0,0.01,staggered-cycle,rank,0.0003921734356309851,True
robustness,robustness/rep0-stream1-regime0-d10/6,0,1,0,10,1.0,1.0,0.01,staggered-cycle,rank,0.013602151545473779,True
robustness,robustness/rep0-stream1-regime0-d10/7,0,1,0,10,1.0,1.0,0.01,staggered-cycle,rank,0.032328964693839175,True
robustness,robustness/rep0-stream1-regime0-d10/0,0,1,0,10,1.0,1.0,0.01,staggered-cycle,soft-quadratic,0.000740689262942879,True
robustness,robustness/rep0-stream1-regime0-d10/1,0,1,0,10,1.0,1.0,0.01,staggered-cycle,soft-quadratic,0.0005817082941946669,True
robustness,robustness/rep0-stream1-regime0-d10/2,0,1,0,10,1.0,1.0,0.01,staggered-cycle,soft-quadratic,0.00044899403947607115,True
robustness,robustness/rep0-stream1-regime0-d10/3,0,1,0,10,1.0,1.0,0.01,staggered-cycle,soft-quadratic,0.001125771867747734,True
robustness,robustness/rep0-stream1-regime0-d10/4,0,1,0,10,1.0,1.0,0.01,staggered-cycle,soft-quadratic,0.0003713111288215598,True
robustness,robustness/rep0-stream1-regime0-d10/5,0,1,0,10,1.0,1.0,0.01,staggered-cycle,soft-quadratic,0.00024417805268951476,True
robustness,robustness/rep0-stream1-regime0-d10/6,0,1,0,10,1.0,1.0,0.01,staggered-cycle,soft-quadratic,0.00010717978081114443,True
robustness,robustness/rep0-stream1-regime0-d10/7,0,1,0,10,1.0,1.0,0.01,staggered-cycle,soft-quadratic,0.00017776638000785102,True
robustness,robustness/rep0-stream1-regime0-d10/0,0,1,0,10,1.0,1.0,0.03,staggered-cycle,hybrid-vc,0.0016427914714185004,True
robustness,robustness/rep0-stream1-regime0-d10/1,0,1,0,10,1.0,1.0,0.03,staggered-cycle,hybrid-vc,0.0010678962028205577,True
robustness,robustness/rep0-stream1-regime0-d10/2,0,1,0,10,1.0,1.0,0.03,staggered-cycle,hybrid-vc,0.0015484481933957083,True
robustness,robustness/rep0-stream1-regime0-d10/3,0,1,0,10,1.0,1.0,0.03,staggered-cycle,hybrid-vc,0.0023309831182494137,True
robustness,robustness/rep0-stream1-regime0-d10/4,0,1,0,10,1.0,1.0,0.03,staggered-cycle,hybrid-vc,0.0008188240223260029,True
robustness,robustness/rep0-stream1-regime0-d10/5,0,1,0,10,1.0,1.0,0.03,staggered-cycle,hybrid-vc,0.0009312975321346122,True
robustness,robustness/rep0-stream1-regime0-d10/6,0,1,0,10,1.0,1.0,0.03,staggered-cycle,hybrid-vc,0.00045134954247865946,True
robustness,robustness/rep0-stream1-regime0-d10/7,0,1,0,10,1.0,1.0,0.03,staggered-cycle,hybrid-vc,0.0016839972943833367,True
robustness,robustness/rep0-stream1-regime0-d10/0,0,1,0,10,1.0,1.0,0.03,staggered-cycle,rank,0.00824066578040648,True
robustness,robustness/rep0-stream1-regime0-d10/1,0,1,0,10,1.0,1.0,0.03,staggered-cycle,rank,0.006957596702749539,True
robustness,robustness/rep0-stream1-regime0-d10/2,0,1,0,10,1.0,1.0,0.03,staggered-cycle,rank,0.008595550398065789,True
robustness,robustness/rep0-stream1-regime0-d10/3,0,1,0,10,1.0,1.0,0.03,staggered-cycle,rank,0.016138899959093202,True
robustness,robustness/rep0-stream1-regime0-d10/4,0,1,0,10,1.0,1.0,0.03,staggered-cycle,rank,0.0014281878063325093,True
robustness,robustness/rep0-stream1-regime0-d10/5,0,1,0,10,1.0,1.0,0.03,staggered-cycle,rank,0.0005161948100757776,True
robustness,robustness/rep0-stream1-regime0-d10/6,0,1,0,10,1.0,1.0,0.03,staggered-cycle,rank,0.014232087802029007,True
robustness,robustness/rep0-stream1-regime0-d10/7,0,1,0,10,1.0,1.0,0.03,staggered-cycle,rank,0.03267540772088555,True
robustness,robustness/rep0-stream1-regime0-d10/0,0,1,0,10,1.0,1.0,0.03,staggered-cycle,soft-quadratic,0.002230120296563963,True
robustness,robustness/rep0-stream1-regime0-d10/1,0,1,0,10,1.0,1.0,0.03,staggered-cycle,soft-quadratic,0.0010486439695020983,True
robustness,robustness/rep0-stream1-regime0-d10/2,0,1,0,10,1.0,1.0,0.03,staggered-cycle,soft-quadratic,0.0016210175503727795,True
robustness,robustness/rep0-stream1-regime0-d10/3,0,1,0,10,1.0,1.0,0.03,staggered-cycle,soft-quadratic,0.002579434085876301,True
robustness,robustness/rep0-stream1-regime0-d10/4,0,1,0,10,1.0,1.0,0.03,staggered-cycle,soft-quadratic,0.0006900180229186753,True
robustness,robustness/rep0-stream1-regime0-d10/5,0,1,0,10,1.0,1.0,0.03,staggered-cycle,soft-quadratic,0.0007654428260892243,True
robustness,robustness/rep0-stream1-regime0-d10/6,0,1,0,10,1.0,1.0,0.03,staggered-cycle,soft-quadratic,0.0006087863062127624,True
robustness,robustness/rep0-stream1-regime0-d10/7,0,1,0,10,1.0,1.0,0.03,staggered-cycle,soft-quadratic,0.001309388621436629,True
robustness,robustness/rep0-stream1-regime0-d10/0,0,1,0,10,1.0,1.0,0.1,staggered-cycle,hybrid-vc,0.009399564569736597,True
robustness,robustness/rep0-stream1-regime0-d10/1,0,1,0,10,1.0,1.0,0.1,staggered-cycle,hybrid-vc,0.006429461414450842,True
robustness,robustness/rep0-stream1-regime0-d10/2,0,1,0,10,1.0,1.0,0.1,staggered-cycle,hybrid-vc,0.008344835827202933,False
robustness,robustness/rep0-stream1-regime0-d10/3,0,1,0,10,1.0,1.0,0.1,staggered-cycle,hybrid-vc,0.009919939509761914,True
robustness,robustness/rep0-stream1-regime0-d10/4,0,1,0,10,1.0,1.0,0.1,staggered-cycle,hybrid-vc,0.008112709535284821,False
robustness,robustness/rep0-stream1-regime0-d10/5,0,1,0,10,1.0,1.0,0.1,staggered-cycle,hybrid-vc,0.004548054968521092,True
robustness,robustness/rep0-stream1-regime0-d10/6,0,1,0,10,1.0,1.0,0.1,staggered-cycle,hybrid-vc,0.010887934153108915,False
robustness,robustness/rep0-stream1-regime0-d10/7,0,1,0,10,1.0,1.0,0.1,staggered-cycle,hybrid-vc,0.013833172843211767,False
robustness,robustness/rep0-stream1-regime0-d10/0,0,1,0,10,1.0,1.0,0.1,staggered-cycle,rank,0.01765960805145148,True
robustness,robustness/rep0-stream1-regime0-d10/1,0,1,0,10,1.0,1.0,0.1,staggered-cycle,rank,0.009470949471471563,True
robustness,robustness/rep0-stream1-regime0-d10/2,0,1,0,10,1.0,1.0,0.1,staggered-cycle,rank,0.010606704398732377,False
robustness,robustness/rep0-stream1-regime0-d10/3,0,1,0,10,1.0,1.0,0.1,staggered-cycle,rank,0.019940491796852394,True
robustness,robustness/rep0-stream1-regime0-d10/4,0,1,0,10,1.0,1.0,0.1,staggered-cycle,rank,0.009879059818740148,False
robustness,robustness/rep0-stream1-regime0-d10/5,0,1,0,10,1.0,1.0,0.1,staggered-cycle,rank,0.0029904501747806105,True
robustness,robustness/rep0-stream1-regime0-d10/6,0,1,0,10,1.0,1.0,0.1,staggered-cycle,rank,0.023527586330035367,False
robustness,robustness/rep0-stream1-regime0-d10/7,0,1,0,10,1.0,1.0,0.1,staggered-cycle,rank,0.03866975429966454,False
robustness,robustness/rep0-stream1-regime0-d10/0,0,1,0,10,1.0,1.0,0.1,staggered-cycle,soft-quadratic,0.00963526718367196,True
robustness,robustness/rep0-stream1-regime0-d10/1,0,1,0,10,1.0,1.0,0.1,staggered-cycle,soft-quadratic,0.00642078000969889,True
robustness,robustness/rep0-stream1-regime0-d10/2,0,1,0,10,1.0,1.0,0.1,staggered-cycle,soft-quadratic,0.007133070962764765,False
robustness,robustness/rep0-stream1-regime0-d10/3,0,1,0,10,1.0,1.0,0.1,staggered-cycle,soft-quadratic,0.007828427716692047,True
robustness,robustness/rep0-stream1-regime0-d10/4,0,1,0,10,1.0,1.0,0.1,staggered-cycle,soft-quadratic,0.007648299449913852,False
robustness,robustness/rep0-stream1-regime0-d10/5,0,1,0,10,1.0,1.0,0.1,staggered-cycle,soft-quadratic,0.004695222055440521,True
robustness,robustness/rep0-stream1-regime0-d10/6,0,1,0,10,1.0,1.0,0.1,staggered-cycle,soft-quadratic,0.011006853035909451,False
robustness,robustness/rep0-stream1-regime0-d10/7,0,1,0,10,1.0,1.0,0.1,staggered-cycle,soft-quadratic,0.014780400211857005,False
robustness,robustness/rep0-stream1-regime0-d50/0,0,1,0,50,1.0,1.0,0.0,staggered-cycle,hybrid-vc,1.903326723710926e-05,True
robustness,robustness/rep0-stream1-regime0-d50/1,0,1,0,50,1.0,1.0,0.0,staggered-cycle,hybrid-vc,3.0305190979604342e-05,True
robustness,robustness/rep0-stream1-regime0-d50/2,0,1,0,50,1.0,1.0,0.0,staggered-cycle,hybrid-vc,1.492177394086494e-05,True
robustness,robustness/rep0-stream1-regime0-d50/3,0,1,0,50,1.0,1.0,0.0,staggered-cycle,hybrid-vc,1.1927511447026299e-05,True
robustness,robustness/rep0-stream1-regime0-d50/4,0,1,0,50,1.0,1.0,0.0,staggered-cycle,hybrid-vc,1.4688203741409856e-05,True
robustness,robustness/rep0-stream1-regime0-d50/5,0,1,0,50,1.0,1.0,0.0,staggered-cycle,hybrid-vc,1.606803442384244e-05,True
robustness,robustness/rep0-stream1-regime0-d50/6,0,1,0,50,1.0,1.0,0.0,staggered-cycle,hybrid-vc,1.505988137258932e-05,True
robustness,robustness/rep0-stream1-regime0-d50/7,0,1,0,50,1.0,1.0,0.0,staggered-cycle,hybrid-vc,1.741341290531541e-05,True
robustness,robustness/rep0-stream1-regime0-d50/0,0,1,0,50,1.0,1.0,0.0,staggered-cycle,rank,0.027099427871935304,True
robustness,robustness/rep0-stream1-regime0-d50/1,0,1,0,50,1.0,1.0,0.0,staggered-cycle,rank,0.02259242134330497,True
robustness,robustness/rep0-stream1-regime0-d50/2,0,1,0,50,1.0,1.0,0.0,staggered-cycle,rank,0.019023107685459038,True
robustness,robustness/rep0-stream1-regime0-d50/3,0,1,0,50,1.0,1.0,0.0,staggered-cycle,rank,0.02705670340880662,True
robustness,robustness/rep0-stream1-regime0-d50/4,0,1,0,50,1.0,1.0,0.0,staggered-cycle,rank,0.040229450563460695,True
robustness,robustness/rep0-stream1-regime0-d50/5,0,1,0,50,1.0,1.0,0.0,staggered-cycle,rank,0.004348446761185537,True
robustness,robustness/rep0-stream1-regime0-d50/6,0,1,0,50,1.0,1.0,0.0,staggered-cycle,rank,0.035602522642706504,True
robustness,robustness/rep0-stream1-regime0-d50/7,0,1,0,50,1.0,1.0,0.0,staggered-cycle,rank,0.0246424582266579,True
robustness,robustness/rep0-stream1-regime0-d50/0,0,1,0,50,1.0,1.0,0.0,staggered-cycle,soft-quadratic,6.276863657105113e-05,True
robustness,robustness/rep0-stream1-regime0-d50/1,0,1,0,50,1.0,1.0,0.0,staggered-cycle,soft-quadratic,6.244841789863583e-05,True
robustness,robustness/rep0-stream1-regime0-d50/2,0,1,0,50,1.0,1.0,0.0,staggered-cycle,soft-quadratic,4.645621360132426e-05,True
robustness,robustness/rep0-stream1-regime0-d50/3,0,1,0,50,1.0,1.0,0.0,staggered-cycle,soft-quadratic,5.7889371529969456e-05,True
robustness,robustness/rep0-stream1-regime0-d50/4,0,1,0,50,1.0,1.0,0.0,staggered-cycle,soft-quadratic,4.9940342884385815e-05,True
robustness,robustness/rep0-stream1-regime0-d50/5,0,1,0,50,1.0,1.0,0.0,staggered-cycle,soft-quadratic,4.820762647198586e-05,True
robustness,robustness/rep0-stream1-regime0-d50/6,0,1,0,50,1.0,1.0,0.0,staggered-cycle,soft-quadratic,6.012394644246313e-05,True
robustness,robustness/rep0-stream1-regime0-d50/7,0,1,0,50,1.0,1.0,0.0,staggered-cycle,soft-quadratic,6.382833092732395e-05,True
robustness,robustness/rep0-stream1-regime0-d50/0,0,1,0,50,1.0,1.0,0.01,staggered-cycle,hybrid-vc,0.00015028982693198964,True
robustness,robustness/rep0-stream1-regime0-d50/1,0,1,0,50,1.0,1.0,0.01,staggered-cycle,hybrid-vc,0.00011117577375081698,True
robustness,robustness/rep0-stream1-regime0-d50/2,0,1,0,50,1.0,1.0,0.01,staggered-cycle,hybrid-vc,0.00011682971578357787,True
robustness,robustness/rep0-stream1-regime0-d50/3,0,1,0,50,1.0,1.0,0.01,staggered-cycle,hybrid-vc,9.26956143821298e-05,True
robustness,robustness/rep0-stream1-regime0-d50/4,0,1,0,50,1.0,1.0,0.01,staggered-cycle,hybrid-vc,0.00010431263640558805,True
robustness,robustness/rep0-stream1-regime0-d50/5,0,1,0,50,1.0,1.0,0.01,staggered-cycle,hybrid-vc,0.00013427749000648924,True
robustness,robustness/rep0-stream1-regime0-d50/6,0,1,0,50,1.0,1.0,0.01,staggered-cycle,hybrid-vc,0.00011182905050039907,True
robustness,robustness/rep0-stream1-regime0-d50/7,0,1,0,50,1.0,1.0,0.01,staggered-cycle,hybrid-vc,0.0001285484588033495,True
robustness,robustness/rep0-stream1-regime0-d50/0,0,1,0,50,1.0,1.0,0.01,staggered-cycle,rank,0.02754327752115274,True
robustness,robustness/rep0-stream1-regime0-d50/1,0,1,0,50,1.0,1.0,0.01,staggered-cycle,rank,0.023056859556293028,True
robustness,robustness/rep0-stream1-regime0-d50/2,0,1,0,50,1.0,1.0,0.01,staggered-cycle,rank,0.018933894622236568,True
robustness,robustness/rep0-stream1-regime0-d50/3,0,1,0,50,1.0,1.0,0.01,staggered-cycle,rank,0.027200185908360385,True
robustness,robustness/rep0-stream1-regime0-d50/4,0,1,0,50,1.0,1.0,0.01,staggered-cycle,rank,0.040203358894949394,True
robustness,robustness/rep0-stream1-regime0-d50/5,0,1,0,50,1.0,1.0,0.01,staggered-cycle,rank,0.004411721789342352,True
robustness,robustness/rep0-stream1-regime0-d50/6,0,1,0,50,1.0,1.0,0.01,staggered-cycle,rank,0.035526205846978805,True
robustness,robustness/rep0-stream1-regime0-d50/7,0,1,0,50,1.0,1.0,0.01,staggered-cycle,rank,0.0245879995164795,True
robustness,robustness/rep0-stream1-regime0-d50/0,0,1,0,50,1.0,1.0,0.01,staggered-cycle,soft-quadratic,0.0001611875093889405,True
robustness,robustness/rep0-stream1-regime0-d50/1,0,1,0,50,1.0,1.0,0.01,staggered-cycle,soft-quadratic,0.0001349866381901687,True
robustness,robustness/rep0-stream1-regime0-d50/2,0,1,0,50,1.0,1.0,0.01,staggered-cycle,soft-quadratic,0.00010648683225449097,True
robustness,robustness/rep0-stream1-regime0-d50/3,0,1,0,50,1.0,1.0,0.01,staggered-cycle,soft-quadratic,0.00014784921325689153,True
robustness,robustness/rep0-stream1-regime0-d50/4,0,1,0,50,1.0,1.0,0.01,staggered-cycle,soft-quadratic,0.00011840773646980008,True
robustness,robustness/rep0-stream1-regime0-d50/5,0,1,0,50,1.0,1.0,0.01,staggered-cycle,soft-quadratic,0.00015467923076861582,True
robustness,robustness/rep0-stream1-regime0-d50/6,0,1,0,50,1.0,1.0,0.01,staggered-cycle,soft-quadratic,0.00014628783231499675,True
robustness,robustness/rep0-stream1-regime0-d50/7,0,1,0,50,1.0,1.0,0.01,staggered-cycle,soft-quadratic,0.00014449532021251229,True
robustness,robustness/rep0-stream1-regime0-d50/0,0,1,0,50,1.0,1.0,0.03,staggered-cycle,hybrid-vc,0.0008437500600621845,False
robustness,robustness/rep0-stream1-regime0-d50/1,0,1,0,50,1.0,1.0,0.03,staggered-cycle,hybrid-vc,0.0008057063455721993,False
robustness,robustness/rep0-stream1-regime0-d50/2,0,1,0,50,1.0,1.0,0.03,staggered-cycle,hybrid-vc,0.0009133047086217674,False
robustness,robustness/rep0-stream1-regime0-d50/3,0,1,0,50,1.0,1.0,0.03,staggered-cycle,hybrid-vc,0.0008037581985852316,False
robustness,robustness/rep0-stream1-regime0-d50/4,0,1,0,50,1.0,1.0,0.03,staggered-cycle,hybrid-vc,0.0008343013448310719,False
robustness,robustness/rep0-stream1-regime0-d50/5,0,1,0,50,1.0,1.0,0.03,staggered-cycle,hybrid-vc,0.0008316644029511176,False
robustness,robustness/rep0-stream1-regime0-d50/6,0,1,0,50,1.0,1.0,0.03,staggered-cycle,hybrid-vc,0.0007208236634134445,False
robustness,robustness/rep0-stream1-regime0-d50/7,0,1,0,50,1.0,1.0,0.03,staggered-cycle,hybrid-vc,0.0009452737760582057,False
robustness,robustness/rep0-stream1-regime0-d50/0,0,1,0,50,1.0,1.0,0.03,staggered-cycle,rank,0.028653351749838542,False
robustness,robustness/rep0-stream1-regime0-d50/1,0,1,0,50,1.0,1.0,0.03,staggered-cycle,rank,0.024035201713903047,False
robustness,robustness/rep0-stream1-regime0-d50/2,0,1,0,50,1.0,1.0,0.03,staggered-cycle,rank,0.019319751962623543,False
robustness,robustness/rep0-stream1-regime0-d50/3,0,1,0,50,1.0,1.0,0.03,staggered-cycle,rank,0.028187095714887214,False
robustness,robustness/rep0-stream1-regime0-d50/4,0,1,0,50,1.0,1.0,0.03,staggered-cycle,rank,0.04060862380891,False
robustness,robustness/rep0-stream1-regime0-d50/5,0,1,0,50,1.0,1.0,0.03,staggered-cycle,rank,0.005140332773759281,False
robustness,robustness/rep0-stream1-regime0-d50/6,0,1,0,50,1.0,1.0,0.03,staggered-cycle,rank,0.035684182579715784,False
robustness,robustness/rep0-stream1-regime0-d50/7,0,1,0,50,1.0,1.0,0.03,staggered-cycle,rank,0.024980748528627448,False
robustness,robustness/rep0-stream1-regime0-d50/0,0,1,0,50,1.0,1.0,0.03,staggered-cycle,soft-quadratic,0.0008023148471053896,False
robustness,robustness/rep0-stream1-regime0-d50/1,0,1,0,50,1.0,1.0,0.03,staggered-cycle,soft-quadratic,0.0007916473071433432,False
robustness,robustness/rep0-stream1-regime0-d50/2,0,1,0,50,1.0,1.0,0.03,staggered-cycle,soft-quadratic,0.0009225171718473858,False
robustness,robustness/rep0-stream1-regime0-d50/3,0,1,0,50,1.0,1.0,0.03,staggered-cycle,soft-quadratic,0.0007869244585246825,False
robustness,robustness/rep0-stream1-regime0-d50/4,0,1,0,50,1.0,1.0,0.03,staggered-cycle,soft-quadratic,0.0008147468534235512,False
robustness,robustness/rep0-stream1-regime0-d50/5,0,1,0,50,1.0,1.0,0.03,staggered-cycle,soft-quadratic,0.0008369546833021682,False
robustness,robustness/rep0-stream1-regime0-d50/6,0,1,0,50,1.0,1.0,0.03,staggered-cycle,soft-quadratic,0.0007231119612579296,False
robustness,robustness/rep0-stream1-regime0-d50/7,0,1,0,50,1.0,1.0,0.03,staggered-cycle,soft-quadratic,0.0009053289642938668,False
robustness,robustness/rep0-stream1-regime0-d50/0,0,1,0,50,1.0,1.0,0.1,staggered-cycle,hybrid-vc,0.00877094578960455,False
robustness,robustness/rep0-stream1-regime0-d50/1,0,1,0,50,1.0,1.0,0.1,staggered-cycle,hybrid-vc,0.008992340833873827,False
robustness,robustness/rep0-stream1-regime0-d50/2,0,1,0,50,1.0,1.0,0.1,staggered-cycle,hybrid-vc,0.008479932543560843,False
robustness,robustness/rep0-stream1-regime0-d50/3,0,1,0,50,1.0,1.0,0.1,staggered-cycle,hybrid-vc,0.008111064372223158,False
robustness,robustness/rep0-stream1-regime0-d50/4,0,1,0,50,1.0,1.0,0.1,staggered-cycle,hybrid-vc,0.009372753719442664,False
robustness,robustness/rep0-stream1-regime0-d50/5,0,1,0,50,1.0,1.0,0.1,staggered-cycle,hybrid-vc,0.00942876596586258,False
robustness,robustness/rep0-stream1-regime0-d50/6,0,1,0,50,1.0,1.0,0.1,staggered-cycle,hybrid-vc,0.00823375380929462,False
robustness,robustness/rep0-stream1-regime0-d50/7,0,1,0,50,1.0,1.0,0.1,staggered-cycle,hybrid-vc,0.009854092652643327,False
robustness,robustness/rep0-stream1-regime0-d50/0,0,1,0,50,1.0,1.0,0.1,staggered-cycle,rank,0.038615054175379124,False
robustness,robustness/rep0-stream1-regime0-d50/1,0,1,0,50,1.0,1.0,0.1,staggered-cycle,rank,0.03246585897076992,False
robustness,robustness/rep0-stream1-regime0-d50/2,0,1,0,50,1.0,1.0,0.1,staggered-cycle,rank,0.025752088805358942,False
robustness,robustness/rep0-stream1-regime0-d50/3,0,1,0,50,1.0,1.0,0.1,staggered-cycle,rank,0.03842978300507677,False
robustness,robustness/rep0-stream1-regime0-d50/4,0,1,0,50,1.0,1.0,0.1,staggered-cycle,rank,0.04709004192664349,False
robustness,robustness/rep0-stream1-regime0-d50/5,0,1,0,50,1.0,1.0,0.1,staggered-cycle,rank,0.013206924263476076,False
robustness,robustness/rep0-stream1-regime0-d50/6,0,1,0,50,1.0,1.0,0.1,staggered-cycle,rank,0.042081865819630054,False
robustness,robustness/rep0-stream1-regime0-d50/7,0,1,0,50,1.0,1.0,0.1,staggered-cycle,rank,0.033282473104416725,False
robustness,robustness/rep0-stream1-regime0-d50/0,0,1,0,50,1.0,1.0,0.1,staggered-cycle,soft-quadratic,0.008637090644507926,False
robustness,robustness/rep0-stream1-regime0-d50/1,0,1,0,50,1.0,1.0,0.1,staggered-cycle,soft-quadratic,0.00885144688222235,False
robustness,robustness/rep0-stream1-regime0-d50/2,0,1,0,50,1.0,1.0,0.1,staggered-cycle,soft-quadratic,0.008601748866851024,False
robustness,robustness/rep0-stream1-regime0-d50/3,0,1,0,50,1.0,1.0,0.1,staggered-cycle,soft-quadratic,0.008143852395993351,False
robustness,robustness/rep0-stream1-regime0-d50/4,0,1,0,50,1.0,1.0,0.1,staggered-cycle,soft-quadratic,0.00948674778306452,False
robustness,robustness/rep0-stream1-regime0-d50/5,0,1,0,50,1.0,1.0,0.1,staggered-cycle,soft-quadratic,0.009395743753374349,False
robustness,robustness/rep0-stream1-regime0-d50/6,0,1,0,50,1.0,1.0,0.1,staggered-cycle,soft-quadratic,0.008221414287750608,False
robustness,robustness/rep0-stream1-regime0-d50/7,0,1,0,50,1.0,1.0,0.1,staggered-cycle,soft-quadratic,0.009956321005212283,False
robustness,robustness/rep0-stream1-regime1-d20/0,0,1,1,20,1.0,1.0,0.0,staggered-cycle,hybrid-vc,0.00014324054941564494,True
robustness,robustness/rep0-stream1-regime1-d20/1,0,1,1,20,1.0,1.0,0.0,staggered-cycle,hybrid-vc,5.5513682236400235e-05,True
robustness,robustness/rep0-stream1-regime1-d20/2,0,1,1,20,1.0,1.0,0.0,staggered-cycle,hybrid-vc,0.00011507875695323918,True
robustness,robustness/rep0-stream1-regime1-d20/3,0,1,1,20,1.0,1.0,0.0,staggered-cycle,hybrid-vc,7.558085437929934e-05,True
robustness,robustness/rep0-stream1-regime1-d20/4,0,1,1,20,1.0,1.0,0.0,staggered-cycle,hybrid-vc,9.711638087026573e-05,True
robustness,robustness/rep0-stream1-regime1-d20/5,0,1,1,20,1.0,1.0,0.0,staggered-cycle,hybrid-vc,7.148347044753114e-05,True
robustness,robustness/rep0-stream1-regime1-d20/6,0,1,1,20,1.0,1.0,0.0,staggered-cycle,hybrid-vc,6.043232885412996e-05,True
robustness,robustness/rep0-stream1-regime1-d20/7,0,1,1,20,1.0,1.0,0.0,staggered-cycle,hybrid-vc,4.656940095648771e-05,True
robustness,robustness/rep0-stream1-regime1-d20/0,0,1,1,20,1.0,1.0,0.0,staggered-cycle,rank,0.013754956624449954,True
robustness,robustness/rep0-stream1-regime1-d20/1,0,1,1,20,1.0,1.0,0.0,staggered-cycle,rank,0.01076699676194939,True
robustness,robustness/rep0-stream1-regime1-d20/2,0,1,1,20,1.0,1.0,0.0,staggered-cycle,rank,0.10345184599911235,True
robustness,robustness/rep0-stream1-regime1-d20/3,0,1,1,20,1.0,1.0,0.0,staggered-cycle,rank,0.013018862649795782,True
robustness,robustness/rep0-stream1-regime1-d20/4,0,1,1,20,1.0,1.0,0.0,staggered-cycle,rank,0.030965940299562268,True
robustness,robustness/rep0-stream1-regime1-d20/5,0,1,1,20,1.0,1.0,0.0,staggered-cycle,rank,0.048060747889378454,True
robustness,robustness/rep0-stream1-regime1-d20/6,0,1,1,20,1.0,1.0,0.0,staggered-cycle,rank,0.02101095837252757,True
robustness,robustness/rep0-stream1-regime1-d20/7,0,1,1,20,1.0,1.0,0.0,staggered-cycle,rank,0.003096738104541242,True
robustness,robustness/rep0-stream1-regime1-d20/0,0,1,1,20,1.0,1.0,0.0,staggered-cycle,soft-quadratic,6.617151144315244e-05,True
robustness,robustness/rep0-stream1-regime1-d20/1,0,1,1,20,1.0,1.0,0.0,staggered-cycle,soft-quadratic,0.00013559678267481762,True
robustness,robustness/rep0-stream1-regime1-d20/2,0,1,1,20,1.0,1.0,0.0,staggered-cycle,soft-quadratic,0.0003539430696210658,True
robustness,robustness/rep0-stream1-regime1-d20/3,0,1,1,20,1.0,1.0,0.0,staggered-cycle,soft-quadratic,9.43688544754868e-05,True
robustness,robustness/rep0-stream1-regime1-d20/4,0,1,1,20,1.0,1.0,0.0,staggered-cycle,soft-quadratic,0.0002077559237541182,True
robustness,robustness/rep0-stream1-regime1-d20/5,0,1,1,20,1.0,1.0,0.0,staggered-cycle,soft-quadratic,0.00010910667739086197,True
robustness,robustness/rep0-stream1-regime1-d20/6,0,1,1,20,1.0,1.0,0.0,staggered-cycle,soft-quadratic,0.0001270238199899179,True
robustness,robustness/rep0-stream1-regime1-d20/7,0,1,1,20,1.0,1.0,0.0,staggered-cycle,soft-quadratic,0.0001299171218454789,True
robustness,robustness/rep0-stream1-regime1-d20/0,0,1,1,20,1.0,1.0,0.01,staggered-cycle,hybrid-vc,0.00016255384525826961,True
robustness,robustness/rep0-stream1-regime1-d20/1,0,1,1,20,1.0,1.0,0.01,staggered-cycle,hybrid-vc,0.00021629429621108337,True
robustness,robustness/rep0-stream1-regime1-d20/2,0,1,1,20,1.0,1.0,0.01,staggered-cycle,hybrid-vc,0.0001325901007979898,True
robustness,robustness/rep0-stream1-regime1-d20/3,0,1,1,20,1.0,1.0,0.01,staggered-cycle,hybrid-vc,0.00013911549879623526,True
robustness,robustness/rep0-stream1-regime1-d20/4,0,1,1,20,1.0,1.0,0.01,staggered-cycle,hybrid-vc,0.0002012936172401119,True
robustness,robustness/rep0-stream1-regime1-d20/5,0,1,1,20,1.0,1.0,0.01,staggered-cycle,hybrid-vc,0.00025557572182582775,True
robustness,robustness/rep0-stream1-regime1-d20/6,0,1,1,20,1.0,1.0,0.01,staggered-cycle,hybrid-vc,0.0001916914307881248,True
robustness,robustness/rep0-stream1-regime1-d20/7,0,1,1,20,1.0,1.0,0.01,staggered-cycle,hybrid-vc,0.0003112956695627493,True
robustness,robustness/rep0-stream1-regime1-d20/0,0,1,1,20,1.0,1.0,0.01,staggered-cycle,rank,0.014478932475029686,True
robustness,robustness/rep0-stream1-regime1-d20/1,0,1,1,20,1.0,1.0,0.01,staggered-cycle,rank,0.011473720746990835,True
robustness,robustness/rep0-stream1-regime1-d20/2,0,1,1,20,1.0,1.0,0.01,staggered-cycle,rank,0.10369109702929116,True
robustness,robustness/rep0-stream1-regime1-d20/3,0,1,1,20,1.0,1.0,0.01,staggered-cycle,rank,0.013053715143261231,True
robustness,robustness/rep0-stream1-regime1-d20/4,0,1,1,20,1.0,1.0,0.01,staggered-cycle,rank,0.03079191037947227,True
robustness,robustness/rep0-stream1-regime1-d20/5,0,1,1,20,1.0,1.0,0.01,staggered-cycle,rank,0.04896060360991117,True
robustness,robustness/rep0-stream1-regime1-d20/6,0,1,1,20,1.0,1.0,0.01,staggered-cycle,rank,0.021293648227056736,True
robustness,robustness/rep0-stream1-regime1-d20/7,0,1,1,20,1.0,1.0,0.01,staggered-cycle,rank,0.0036035658230730064,True
robustness,robustness/rep0-stream1-regime1-d20/0,0,1,1,20,1.0,1.0,0.01,staggered-cycle,soft-quadratic,0.00015909665475318067,True
robustness,robustness/rep0-stream1-regime1-d20/1,0,1,1,20,1.0,1.0,0.01,staggered-cycle,soft-quadratic,0.0002339724362903693,True
robustness,robustness/rep0-stream1-regime1-d20/2,0,1,1,20,1.0,1.0,0.01,staggered-cycle,soft-quadratic,0.0005578986000372076,True
robustness,robustness/rep0-stream1-regime1-d20/3,0,1,1,20,1.0,1.0,0.01,staggered-cycle,soft-quadratic,0.00015700615891586325,True
robustness,robustness/rep0-stream1-regime1-d20/4,0,1,1,20,1.0,1.0,0.01,staggered-cycle,soft-quadratic,0.00027232848111104435,True
robustness,robustness/rep0-stream1-regime1-d20/5,0,1,1,20,1.0,1.0,0.01,staggered-cycle,soft-quadratic,0.0003322375533279963,True
robustness,robustness/rep0-stream1-regime1-d20/6,0,1,1,20,1.0,1.0,0.01,staggered-cycle,soft-quadratic,0.00028168642934732317,True
robustness,robustness/rep0-stream1-regime1-d20/7,0,1,1,20,1.0,1.0,0.01,staggered-cycle,soft-quadratic,0.0003810341491917335,True
robustness,robustness/rep0-stream1-regime1-d20/0,0,1,1,20,1.0,1.0,0.03,staggered-cycle,hybrid-vc,0.000931935051723146,True
robustness,robustness/rep0-stream1-regime1-d20/1,0,1,1,20,1.0,1.0,0.03,staggered-cycle,hybrid-vc,0.000663383494851628,True
robustness,robustness/rep0-stream1-regime1-d20/2,0,1,1,20,1.0,1.0,0.03,staggered-cycle,hybrid-vc,0.0004884844480753391,True
robustness,robustness/rep0-stream1-regime1-d20/3,0,1,1,20,1.0,1.0,0.03,staggered-cycle,hybrid-vc,0.0010210762655533192,True
robustness,robustness/rep0-stream1-regime1-d20/4,0,1,1,20,1.0,1.0,0.03,staggered-cycle,hybrid-vc,0.0010189980377331184,True
robustness,robustness/rep0-stream1-regime1-d20/5,0,1,1,20,1.0,1.0,0.03,staggered-cycle,hybrid-vc,0.0008908429523731137,True
robustness,robustness/rep0-stream1-regime1-d20/6,0,1,1,20,1.0,1.0,0.03,staggered-cycle,hybrid-vc,0.0008155588340265287,True
robustness,robustness/rep0-stream1-regime1-d20/7,0,1,1,20,1.0,1.0,0.03,staggered-cycle,hybrid-vc,0.0009590777535090059,True
robustness,robustness/rep0-stream1-regime1-d20/0,0,1,1,20,1.0,1.0,0.03,staggered-cycle,rank,0.016602848570295255,True
robustness,robustness/rep0-stream1-regime1-d20/1,0,1,1,20,1.0,1.0,0.03,staggered-cycle,rank,0.012430529859934222,True
robustness,robustness/rep0-stream1-regime1-d20/2,0,1,1,20,1.0,1.0,0.03,staggered-cycle,rank,0.10533034086750588,True
robustness,robustness/rep0-stream1-regime1-d20/3,0,1,1,20,1.0,1.0,0.03,staggered-cycle,rank,0.013260066590085919,True
robustness,robustness/rep0-stream1-regime1-d20/4,0,1,1,20,1.0,1.0,0.03,staggered-cycle,rank,0.030525472722166942,True
robustness,robustness/rep0-stream1-regime1-d20/5,0,1,1,20,1.0,1.0,0.03,staggered-cycle,rank,0.05293816769899011,True
robustness,robustness/rep0-stream1-regime1-d20/6,0,1,1,20,1.0,1.0,0.03,staggered-cycle,rank,0.021542811261624543,True
robustness,robustness/rep0-stream1-regime1-d20/7,0,1,1,20,1.0,1.0,0.03,staggered-cycle,rank,0.004080163232766006,True
robustness,robustness/rep0-stream1-regime1-d20/0,0,1,1,20,1.0,1.0,0.03,staggered-cycle,soft-quadratic,0.0007374017353491903,True
robustness,robustness/rep0-stream1-regime1-d20/1,0,1,1,20,1.0,1.0,0.03,staggered-cycle,soft-quadratic,0.0007992640719331347,True
robustness,robustness/rep0-stream1-regime1-d20/2,0,1,1,20,1.0,1.0,0.03,staggered-cycle,soft-quadratic,0.001361370144433016,True
robustness,robustness/rep0-stream1-regime1-d20/3,0,1,1,20,1.0,1.0,0.03,staggered-cycle,soft-quadratic,0.000843335447718261,True
robustness,robustness/rep0-stream1-regime1-d20/4,0,1,1,20,1.0,1.0,0.03,staggered-cycle,soft-quadratic,0.0008188537028893013,True
robustness,robustness/rep0-stream1-regime1-d20/5,0,1,1,20,1.0,1.0,0.03,staggered-cycle,soft-quadratic,0.001182912284025369,True
robustness,robustness/rep0-stream1-regime1-d20/6,0,1,1,20,1.0,1.0,0.03,staggered-cycle,soft-quadratic,0.0009055718723508598,True
robustness,robustness/rep0-stream1-regime1-d20/7,0,1,1,20,1.0,1.0,0.03,staggered-cycle,soft-quadratic,0.0008692650730512179,True
robustness,robustness/rep0-stream1-regime1-d20/0,0,1,1,20,1.0,1.0,0.1,staggered-cycle,hybrid-vc,0.007504354077851199,False
robustness,robustness/rep0-stream1-regime1-d20/1,0,1,1,20,1.0,1.0,0.1,staggered-cycle,hybrid-vc,0.007407124029536462,False
robustness,robustness/rep0-stream1-regime1-d20/2,0,1,1,20,1.0,1.0,0.1,staggered-cycle,hybrid-vc,0.007102349110155511,False
robustness,robustness/rep0-stream1-regime1-d20/3,0,1,1,20,1.0,1.0,0.1,staggered-cycle,hybrid-vc,0.00798377785970652,False
robustness,robustness/rep0-stream1-regime1-d20/4,0,1,1,20,1.0,1.0,0.1,staggered-cycle,hybrid-vc,0.010521404163073234,False
robustness,robustness/rep0-stream1-regime1-d20/5,0,1,1,20,1.0,1.0,0.1,staggered-cycle,hybrid-vc,0.007499779976954388,False
robustness,robustness/rep0-stream1-regime1-d20/6,0,1,1,20,1.0,1.0,0.1,staggered-cycle,hybrid-vc,0.00794105823543361,False
robustness,robustness/rep0-stream1-regime1-d20/7,0,1,1,20,1.0,1.0,0.1,staggered-cycle,hybrid-vc,0.008834530667964689,False
robustness,robustness/rep0-stream1-regime1-d20/0,0,1,1,20,1.0,1.0,0.1,staggered-cycle,rank,0.027445814702167056,False
robustness,robustness/rep0-stream1-regime1-d20/1,0,1,1,20,1.0,1.0,0.1,staggered-cycle,rank,0.01966815350321266,False
robustness,robustness/rep0-stream1-regime1-d20/2,0,1,1,20,1.0,1.0,0.1,staggered-cycle,rank,0.11191974618863698,False
robustness,robustness/rep0-stream1-regime1-d20/3,0,1,1,20,1.0,1.0,0.1,staggered-cycle,rank,0.020310725898143745,False
robustness,robustness/rep0-stream1-regime1-d20/4,0,1,1,20,1.0,1.0,0.1,staggered-cycle,rank,0.037446931729788246,False
robustness,robustness/rep0-stream1-regime1-d20/5,0,1,1,20,1.0,1.0,0.1,staggered-cycle,rank,0.06758770747115973,False
robustness,robustness/rep0-stream1-regime1-d20/6,0,1,1,20,1.0,1.0,0.1,staggered-cycle,rank,0.027723990712722777,False
robustness,robustness/rep0-stream1-regime1-d20/7,0,1,1,20,1.0,1.0,0.1,staggered-cycle,rank,0.013779289299567605,False
robustness,robustness/rep0-stream1-regime1-d20/0,0,1,1,20,1.0,1.0,0.1,staggered-cycle,soft-quadratic,0.007554212835056748,False
robustness,robustness/rep0-stream1-regime1-d20/1,0,1,1,20,1.0,1.0,0.1,staggered-cycle,soft-quadratic,0.007643213346797267,False
robustness,robustness/rep0-stream1-regime1-d20/2,0,1,1,20,1.0,1.0,0.1,staggered-cycle,soft-quadratic,0.007182232805764213,False
robustness,robustness/rep0-stream1-regime1-d20/3,0,1,1,20,1.0,1.0,0.1,staggered-cycle,soft-quadratic,0.008370523233759029,False
robustness,robustness/rep0-stream1-regime1-d20/4,0,1,1,20,1.0,1.0,0.1,staggered-cycle,soft-quadratic,0.010012510983984221,False
robustness,robustness/rep0-stream1-regime1-d20/5,0,1,1,20,1.0,1.0,0.1,staggered-cycle,soft-quadratic,0.00798822207322064,False
robustness,robustness/rep0-stream1-regime1-d20/6,0,1,1,20,1.0,1.0,0.1,staggered-cycle,soft-quadratic,0.00788173781563214,False
robustness,robustness/rep0-stream1-regime1-d20/7,0,1,1,20,1.0,1.0,0.1,staggered-cycle,soft-quadratic,0.00933476988992862,False
robustness,robustness/rep1-stream0-regime0-d10/0,1,0,0,10,1.0,1.0,0.0,staggered-cycle,hybrid-vc,0.0002418075513847622,True
robustness,robustness/rep1-stream0-regime0-d10/1,1,0,0,10,1.0,1.0,0.0,staggered-cycle,hybrid-vc,0.00018760578525111766,True
robustness,robustness/rep1-stream0-regime0-d10/2,1,0,0,10,1.0,1.0,0.0,staggered-cycle,hybrid-vc,0.0002598917157661462,True
robustness,robustness/rep1-stream0-regime0-d10/3,1,0,0,10,1.0,1.0,0.0,staggered-cycle,hybrid-vc,0.00041153206483894166,True
robustness,robustness/rep1-stream0-regime0-d10/4,1,0,0,10,1.0,1.0,0.0,staggered-cycle,hybrid-vc,0.00028259303522809554,True
robustness,robustness/rep1-stream0-regime0-d10/5,1,0,0,10,1.0,1.0,0.0,staggered-cycle,hybrid-vc,0.00022975278782178725,True
robustness,robustness/rep1-stream0-regime0-d10/6,1,0,0,10,1.0,1.0,0.0,staggered-cycle,hybrid-vc,0.0003329825013418755,True
robustness,robustness/rep1-stream0-regime0-d10/7,1,0,0,10,1.0,1.0,0.0,staggered-cycle,hybrid-vc,0.0002205904491096557,True
robustness,robustness/rep1-stream0-regime0-d10/0,1,0,0,10,1.0,1.0,0.0,staggered-cycle,rank,0.010468503868930728,True
robustness,robustness/rep1-stream0-regime0-d10/1,1,0,0,10,1.0,1.0,0.0,staggered-cycle,rank,0.001483724209753855,True
robustness,robustness/rep1-stream0-regime0-d10/2,1,0,0,10,1.0,1.0,0.0,staggered-cycle,rank,0.012269682330145628,True
robustness,robustness/rep1-stream0-regime0-d10/3,1,0,0,10,1.0,1.0,0.0,staggered-cycle,rank,0.04103666396263088,True
robustness,robustness/rep1-stream0-regime0-d10/4,1,0,0,10,1.0,1.0,0.0,staggered-cycle,rank,0.08254942960180911,True
robustness,robustness/rep1-stream0-regime0-d10/5,1,0,0,10,1.0,1.0,0.0,staggered-cycle,rank,0.007894594121184057,True
robustness,robustness/rep1-stream0-regime0-d10/6,1,0,0,10,1.0,1.0,0.0,staggered-cycle,rank,0.0008714741722507715,True
robustness,robustness/rep1-stream0-regime0-d10/7,1,0,0,10,1.0,1.0,0.0,staggered-cycle,rank,0.0015564367526752882,True
robustness,robustness/rep1-stream0-regime0-d10/0,1,0,0,10,1.0,1.0,0.0,staggered-cycle,soft-quadratic,0.00029411223569410786,True
robustness,robustness/rep1-stream0-regime0-d10/1,1,0,0,10,1.0,1.0,0.0,staggered-cycle,soft-quadratic,0.0002930423417874829,True
robustness,robustness/rep1-stream0-regime0-d10/2,1,0,0,10,1.0,1.0,0.0,staggered-cycle,soft-quadratic,0.0002107199686332483,True
robustness,robustness/rep1-stream0-regime0-d10/3,1,0,0,10,1.0,1.0,0.0,staggered-cycle,soft-quadratic,0.00018547395828208017,True
robustness,robustness/rep1-stream0-regime0-d10/4,1,0,0,10,1.0,1.0,0.0,staggered-cycle,soft-quadratic,0.0005515786124016866,True
robustness,robustness/rep1-stream0-regime0-d10/5,1,0,0,10,1.0,1.0,0.0,staggered-cycle,soft-quadratic,0.0002475169231393489,True
robustness,robustness/rep1-stream0-regime0-d10/6,1,0,0,10,1.0,1.0,0.0,staggered-cycle,soft-quadratic,0.0003638261098697948,True
robustness,robustness/rep1-stream0-regime0-d10/7,1,0,0,10,1.0,1.0,0.0,staggered-cycle,soft-quadratic,0.0003356694529138018,True
robustness,robustness/rep1-stream0-regime0-d10/0,1,0,0,10,1.0,1.0,0.01,staggered-cycle,hybrid-vc,0.0001870637185536814,True
robustness,robustness/rep1-stream0-regime0-d10/1,1,0,0,10,1.0,1.0,0.01,staggered-cycle,hybrid-vc,0.00043248300845654937,True
robustness,robustness/rep1-stream0-regime0-d10/2,1,0,0,10,1.0,1.0,0.01,staggered-cycle,hybrid-vc,0.0002892045306060185,True
robustness,robustness/rep1-stream0-regime0-d10/3,1,0,0,10,1.0,1.0,0.01,staggered-cycle,hybrid-vc,0.00026768212113315124,True
robustness,robustness/rep1-stream0-regime0-d10/4,1,0,0,10,1.0,1.0,0.01,staggered-cycle,hybrid-vc,0.00024211229326508027,True
robustness,robustness/rep1-stream0-regime0-d10/5,1,0,0,10,1.0,1.0,0.01,staggered-cycle,hybrid-vc,0.00034942738402289695,True
robustness,robustness/rep1-stream0-regime0-d10/6,1,0,0,10,1.0,1.0,0.01,staggered-cycle,hybrid-vc,0.0003302900521452202,True
robustness,robustness/rep1-stream0-regime0-d10/7,1,0,0,10,1.0,1.0,0.01,staggered-cycle,hybrid-vc,0.00016634368166584495,True
robustness,robustness/rep1-stream0-regime0-d10/0,1,0,0,10,1.0,1.0,0.01,staggered-cycle,rank,0.010385374851399518,True
robustness,robustness/rep1-stream0-regime0-d10/1,1,0,0,10,1.0,1.0,0.01,staggered-cycle,rank,0.0014245017139067327,True
robustness,robustness/rep1-stream0-regime0-d10/2,1,0,0,10,1.0,1.0,0.01,staggered-cycle,rank,0.013665026002635588,True
robustness,robustness/rep1-stream0-regime0-d10/3,1,0,0,10,1.0,1.0,0.01,staggered-cycle,rank,0.041482834135283544,True
robustness,robustness/rep1-stream0-regime0-d10/4,1,0,0,10,1.0,1.0,0.01,staggered-cycle,rank,0.08796119354371368,True
robustness,robustness/rep1-stream0-regime0-d10/5,1,0,0,10,1.0,1.0,0.01,staggered-cycle,rank,0.008099491270143054,True
robustness,robustness/rep1-stream0-regime0-d10/6,1,0,0,10,1.0,1.0,0.01,staggered-cycle,rank,0.0013757787258899337,True
robustness,robustness/rep1-stream0-regime0-d10/7,1,0,0,10,1.0,1.0,0.01,staggered-cycle,rank,0.0017722326312320593,True
robustness,robustness/rep1-stream0-regime0-d10/0,1,0,0,10,1.0,1.0,0.01,staggered-cycle,soft-quadratic,0.00019594243566956686,True
robustness,robustness/rep1-stream0-regime0-d10/1,1,0,0,10,1.0,1.0,0.01,staggered-cycle,soft-quadratic,0.0005247480123843687,True
robustness,robustness/rep1-stream0-regime0-d10/2,1,0,0,10,1.0,1.0,0.01,staggered-cycle,soft-quadratic,0.0002921798241230182,True
robustness,robustness/rep1-stream0-regime0-d10/3,1,0,0,10,1.0,1.0,0.01,staggered-cycle,soft-quadratic,0.0001751683428032883,True
robustness,robustness/rep1-stream0-regime0-d10/4,1,0,0,10,1.0,1.0,0.01,staggered-cycle,soft-quadratic,0.0006079898376721102,True
robustness,robustness/rep1-stream0-regime0-d10/5,1,0,0,10,1.0,1.0,0.01,staggered-cycle,soft-quadratic,0.0003645862180171318,True
robustness,robustness/rep1-stream0-regime0-d10/6,1,0,0,10,1.0,1.0,0.01,staggered-cycle,soft-quadratic,0.00042679254519815784,True
robustness,robustness/rep1-stream0-regime0-d10/7,1,0,0,10,1.0,1.0,0.01,staggered-cycle,soft-quadratic,0.00026696713157730624,True
robustness,robustness/rep1-stream0-regime0-d10/0,1,0,0,10,1.0,1.0,0.03,staggered-cycle,hybrid-vc,0.0006181209327273852,True
robustness,robustness/rep1-stream0-regime0-d10/1,1,0,0,10,1.0,1.0,0.03,staggered-cycle,hybrid-vc,0.0018293254733294164,True
robustness,robustness/rep1-stream0-regime0-d10/2,1,0,0,10,1.0,1.0,0.03,staggered-cycle,hybrid-vc,0.0007450716236669007,True
robustness,robustness/rep1-stream0-regime0-d10/3,1,0,0,10,1.0,1.0,0.03,staggered-cycle,hybrid-vc,0.0006820333888567658,True
robustness,robustness/rep1-stream0-regime0-d10/4,1,0,0,10,1.0,1.0,0.03,staggered-cycle,hybrid-vc,0.0008279828279344919,True
robustness,robustness/rep1-stream0-regime0-d10/5,1,0,0,10,1.0,1.0,0.03,staggered-cycle,hybrid-vc,0.0012991307546196948,True
robustness,robustness/rep1-stream0-regime0-d10/6,1,0,0,10,1.0,1.0,0.03,staggered-cycle,hybrid-vc,0.0015643358596887738,True
robustness,robustness/rep1-stream0-regime0-d10/7,1,0,0,10,1.0,1.0,0.03,staggered-cycle,hybrid-vc,0.0013732696528316287,True
robustness,robustness/rep1-stream0-regime0-d10/0,1,0,0,10,1.0,1.0,0.03,staggered-cycle,rank,0.010961308466169302,True
robustness,robustness/rep1-stream0-regime0-d10/1,1,0,0,10,1.0,1.0,0.03,staggered-cycle,rank,0.0018316478269863703,True
robustness,robustness/rep1-stream0-regime0-d10/2,1,0,0,10,1.0,1.0,0.03,staggered-cycle,rank,0.014637052407621913,True
robustness,robustness/rep1-stream0-regime0-d10/3,1,0,0,10,1.0,1.0,0.03,staggered-cycle,rank,0.0402438780630829,True
robustness,robustness/rep1-stream0-regime0-d10/4,1,0,0,10,1.0,1.0,0.03,staggered-cycle,rank,0.09346598088507936,True
robustness,robustness/rep1-stream0-regime0-d10/5,1,0,0,10,1.0,1.0,0.03,staggered-cycle,rank,0.0069775449187571776,True
robustness,robustness/rep1-stream0-regime0-d10/6,1,0,0,10,1.0,1.0,0.03,staggered-cycle,rank,0.003410088706727208,True
robustness,robustness/rep1-stream0-regime0-d10/7,1,0,0,10,1.0,1.0,0.03,staggered-cycle,rank,0.003196525723513322,True
robustness,robustness/rep1-stream0-regime0-d10/0,1,0,0,10,1.0,1.0,0.03,staggered-cycle,soft-quadratic,0.0004449051745029671,True
robustness,robustness/rep1-stream0-regime0-d10/1,1,0,0,10,1.0,1.0,0.03,staggered-cycle,soft-quadratic,0.0021234806312476168,True
robustness,robustness/rep1-stream0-regime0-d10/2,1,0,0,10,1.0,1.0,0.03,staggered-cycle,soft-quadratic,0.0007322464994462089,True
robustness,robustness/rep1-stream0-regime0-d10/3,1,0,0,10,1.0,1.0,0.03,staggered-cycle,soft-quadratic,0.000573716253441168,True
robustness,robustness/rep1-stream0-regime0-d10/4,1,0,0,10,1.0,1.0,0.03,staggered-cycle,soft-quadratic,0.0010776564989253932,True
robustness,robustness/rep1-stream0-regime0-d10/5,1,0,0,10,1.0,1.0,0.03,staggered-cycle,soft-quadratic,0.0011828059586040708,True
robustness,robustness/rep1-stream0-regime0-d10/6,1,0,0,10,1.0,1.0,0.03,staggered-cycle,soft-quadratic,0.001616941733263032,True
robustness,robustness/rep1-stream0-regime0-d10/7,1,0,0,10,1.0,1.0,0.03,staggered-cycle,soft-quadratic,0.0013599754630295741,True
robustness,robustness/rep1-stream0-regime0-d10/0,1,0,0,10,1.0,1.0,0.1,staggered-cycle,hybrid-vc,0.007499220075507563,False
robustness,robustness/rep1-stream0-regime0-d10/1,1,0,0,10,1.0,1.0,0.1,staggered-cycle,hybrid-vc,0.00892397054151093,True
robustness,robustness/rep1-stream0-regime0-d10/2,1,0,0,10,1.0,1.0,0.1,staggered-cycle,hybrid-vc,0.004179124596818792,False
robustness,robustness/rep1-stream0-regime0-d10/3,1,0,0,10,1.0,1.0,0.1,staggered-cycle,hybrid-vc,0.009560755206109947,True
robustness,robustness/rep1-stream0-regime0-d10/4,1,0,0,10,1.0,1.0,0.1,staggered-cycle,hybrid-vc,0.008472868459924194,False
robustness,robustness/rep1-stream0-regime0-d10/5,1,0,0,10,1.0,1.0,0.1,staggered-cycle,hybrid-vc,0.007352715625851095,True
robustness,robustness/rep1-stream0-regime0-d10/6,1,0,0,10,1.0,1.0,0.1,staggered-cycle,hybrid-vc,0.011869261037689137,True
robustness,robustness/rep1-stream0-regime0-d10/7,1,0,0,10,1.0,1.0,0.1,staggered-cycle,hybrid-vc,0.008661779336413922,True
robustness,robustness/rep1-stream0-regime0-d10/0,1,0,0,10,1.0,1.0,0.1,staggered-cycle,rank,0.019399395694722817,False
robustness,robustness/rep1-stream0-regime0-d10/1,1,0,0,10,1.0,1.0,0.1,staggered-cycle,rank,0.0026576104510371438,True
robustness,robustness/rep1-stream0-regime0-d10/2,1,0,0,10,1.0,1.0,0.1,staggered-cycle,rank,0.021209973291972776,False
robustness,robustness/rep1-stream0-regime0-d10/3,1,0,0,10,1.0,1.0,0.1,staggered-cycle,rank,0.03770677897000482,True
robustness,robustness/rep1-stream0-regime0-d10/4,1,0,0,10,1.0,1.0,0.1,staggered-cycle,rank,0.11789388454272562,False
robustness,robustness/rep1-stream0-regime0-d10/5,1,0,0,10,1.0,1.0,0.1,staggered-cycle,rank,0.011534286042613095,True
robustness,robustness/rep1-stream0-regime0-d10/6,1,0,0,10,1.0,1.0,0.1,staggered-cycle,rank,0.011081585770876558,True
robustness,robustness/rep1-stream0-regime0-d10/7,1,0,0,10,1.0,1.0,0.1,staggered-cycle,rank,0.008902434674164576,True
robustness,robustness/rep1-stream0-regime0-d10/0,1,0,0,10,1.0,1.0,0.1,staggered-cycle,soft-quadratic,0.008664193091247507,False
robustness,robustness/rep1-stream0-regime0-d10/1,1,0,0,10,1.0,1.0,0.1,staggered-cycle,soft-quadratic,0.00833326396109634,True
robustness,robustness/rep1-stream0-regime0-d10/2,1,0,0,10,1.0,1.0,0.1,staggered-cycle,soft-quadratic,0.004990424041758157,False
robustness,robustness/rep1-stream0-regime0-d10/3,1,0,0,10,1.0,1.0,0.1,staggered-cycle,soft-quadratic,0.007862211898850955,True
robustness,robustness/rep1-stream0-regime0-d10/4,1,0,0,10,1.0,1.0,0.1,staggered-cycle,soft-quadratic,0.008272683571780697,False
robustness,robustness/rep1-stream0-regime0-d10/5,1,0,0,10,1.0,1.0,0.1,staggered-cycle,soft-quadratic,0.007753358451921866,True
robustness,robustness/rep1-stream0-regime0-d10/6,1,0,0,10,1.0,1.0,0.1,staggered-cycle,soft-quadratic,0.010275409814975362,True
robustness,robustness/rep1-stream0-regime0-d10/7,1,0,0,10,1.0,1.0,0.1,staggered-cycle,soft-quadratic,0.008563686873105573,True
robustness,robustness/rep1-stream0-regime0-d50/0,1,0,0,50,1.0,1.0,0.0,staggered-cycle,hybrid-vc,3.6789817262962596e-05,True
robustness,robustness/rep1-stream0-regime0-d50/1,1,0,0,50,1.0,1.0,0.0,staggered-cycle,hybrid-vc,9.820961695278854e-06,True
robustness,robustness/rep1-stream0-regime0-d50/2,1,0,0,50,1.0,1.0,0.0,staggered-cycle,hybrid-vc,2.0111733498313443e-05,True
robustness,robustness/rep1-stream0-regime0-d50/3,1,0,0,50,1.0,1.0,0.0,staggered-cycle,hybrid-vc,1.7967582103177803e-05,True
robustness,robustness/rep1-stream0-regime0-d50/4,1,0,0,50,1.0,1.0,0.0,staggered-cycle,hybrid-vc,1.3758269285203729e-05,True
robustness,robustness/rep1-stream0-regime0-d50/5,1,0,0,50,1.0,1.0,0.0,staggered-cycle,hybrid-vc,2.7664096688850507e-05,True
robustness,robustness/rep1-stream0-regime0-d50/6,1,0,0,50,1.0,1.0,0.0,staggered-cycle,hybrid-vc,1.3578156141442831e-05,True
robustness,robustness/rep1-stream0-regime0-d50/7,1,0,0,50,1.0,1.0,0.0,staggered-cycle,hybrid-vc,1.1939662489421491e-05,True
robustness,robustness/rep1-stream0-regime0-d50/0,1,0,0,50,1.0,1.0,0.0,staggered-cycle,rank,0.027063949606783495,True
robustness,robustness/rep1-stream0-regime0-d50/1,1,0,0,50,1.0,1.0,0.0,staggered-cycle,rank,0.01930536534761932,True
robustness,robustness/rep1-stream0-regime0-d50/2,1,0,0,50,1.0,1.0,0.0,staggered-cycle,rank,0.024101145933414607,True
robustness,robustness/rep1-stream0-regime0-d50/3,1,0,0,50,1.0,1.0,0.0,staggered-cycle,rank,0.005698995395835623,True
robustness,robustness/rep1-stream0-regime0-d50/4,1,0,0,50,1.0,1.0,0.0,staggered-cycle,rank,0.04592384431158592,True
robustness,robustness/rep1-stream0-regime0-d50/5,1,0,0,50,1.0,1.0,0.0,staggered-cycle,rank,0.032591070206675114,True
robustness,robustness/rep1-stream0-regime0-d50/6,1,0,0,50,1.0,1.0,0.0,staggered-cycle,rank,0.005922952650408721,True
robustness,robustness/rep1-stream0-regime0-d50/7,1,0,0,50,1.0,1.0,0.0,staggered-cycle,rank,0.018642057843723026,True
robustness,robustness/rep1-stream0-regime0-d50/0,1,0,0,50,1.0,1.0,0.0,staggered-cycle,soft-quadratic,7.849337870365185e-05,True
robustness,robustness/rep1-stream0-regime0-d50/1,1,0,0,50,1.0,1.0,0.0,staggered-cycle,soft-quadratic,4.6044843313453454e-05,True
robustness,robustness/rep1-stream0-regime0-d50/2,1,0,0,50,1.0,1.0,0.0,staggered-cycle,soft-quadratic,4.631558801758886e-05,True
robustness,robustness/rep1-stream0-regime0-d50/3,1,0,0,50,1.0,1.0,0.0,staggered-cycle,soft-quadratic,4.760804225502797e-05,True
robustness,robustness/rep1-stream0-regime0-d50/4,1,0,0,50,1.0,1.0,0.0,staggered-cycle,soft-quadratic,7.228360335154438e-05,True
robustness,robustness/rep1-stream0-regime0-d50/5,1,0,0,50,1.0,1.0,0.0,staggered-cycle,soft-quadratic,7.761957859930791e-05,True
robustness,robustness/rep1-stream0-regime0-d50/6,1,0,0,50,1.0,1.0,0.0,staggered-cycle,soft-quadratic,3.324245037414689e-05,True
robustness,robustness/rep1-stream0-regime0-d50/7,1,0,0,50,1.0,1.0,0.0,staggered-cycle,soft-quadratic,3.869065125071878e-05,True
robustness,robustness/rep1-stream0-regime0-d50/0,1,0,0,50,1.0,1.0,0.01,staggered-cycle,hybrid-vc,0.00013427504674161042,True
robustness,robustness/rep1-stream0-regime0-d50/1,1,0,0,50,1.0,1.0,0.01,staggered-cycle,hybrid-vc,8.363163277575936e-05,True
robustness,robustness/rep1-stream0-regime0-d50/2,1,0,0,50,1.0,1.0,0.01,staggered-cycle,hybrid-vc,9.392791266545002e-05,True
robustness,robustness/rep1-stream0-regime0-d50/3,1,0,0,50,1.0,1.0,0.01,staggered-cycle,hybrid-vc,0.00013962259364668918,True
robustness,robustness/rep1-stream0-regime0-d50/4,1,0,0,50,1.0,1.0,0.01,staggered-cycle,hybrid-vc,9.856174795505083e-05,True
robustness,robustness/rep1-stream0-regime0-d50/5,1,0,0,50,1.0,1.0,0.01,staggered-cycle,hybrid-vc,0.00013283777681878637,True
robustness,robustness/rep1-stream0-regime0-d50/6,1,0,0,50,1.0,1.0,0.01,staggered-cycle,hybrid-vc,0.00010509933891844113,True
robustness,robustness/rep1-stream0-regime0-d50/7,1,0,0,50,1.0,1.0,0.01,staggered-cycle,hybrid-vc,0.00011853108395057251,True
robustness,robustness/rep1-stream0-regime0-d50/0,1,0,0,50,1.0,1.0,0.01,staggered-cycle,rank,0.02700413503595126,True
robustness,robustness/rep1-stream0-regime0-d50/1,1,0,0,50,1.0,1.0,0.01,staggered-cycle,rank,0.019690313475876655,True
robustness,robustness/rep1-stream0-regime0-d50/2,1,0,0,50,1.0,1.0,0.01,staggered-cycle,rank,0.024189909727361878,True
robustness,robustness/rep1-stream0-regime0-d50/3,1,0,0,50,1.0,1.0,0.01,staggered-cycle,rank,0.005628741931363708,True
robustness,robustness/rep1-stream0-regime0-d50/4,1,0,0,50,1.0,1.0,0.01,staggered-cycle,rank,0.046134174405829585,True
robustness,robustness/rep1-stream0-regime0-d50/5,1,0,0,50,1.0,1.0,0.01,staggered-cycle,rank,0.03274472428561312,True
robustness,robustness/rep1-stream0-regime0-d50/6,1,0,0,50,1.0,1.0,0.01,staggered-cycle,rank,0.005885228051432813,True
robustness,robustness/rep1-stream0-regime0-d50/7,1,0,0,50,1.0,1.0,0.01,staggered-cycle,rank,0.0189661533378185,True
robustness,robustness/rep1-stream0-regime0-d50/0,1,0,0,50,1.0,1.0,0.01,staggered-cycle,soft-quadratic,0.00013808683830527767,True
robustness,robustness/rep1-stream0-regime0-d50/1,1,0,0,50,1.0,1.0,0.01,staggered-cycle,soft-quadratic,0.00010214117121813266,True
robustness,robustness/rep1-stream0-regime0-d50/2,1,0,0,50,1.0,1.0,0.01,staggered-cycle,soft-quadratic,0.00010313167711315122,True
robustness,robustness/rep1-stream0-regime0-d50/3,1,0,0,50,1.0,1.0,0.01,staggered-cycle,soft-quadratic,0.0001319681151215488,True
robustness,robustness/rep1-stream0-regime0-d50/4,1,0,0,50,1.0,1.0,0.01,staggered-cycle,soft-quadratic,0.00019636094324198652,True
robustness,robustness/rep1-stream0-regime0-d50/5,1,0,0,50,1.0,1.0,0.01,staggered-cycle,soft-quadratic,0.00016697097443609207,True
robustness,robustness/rep1-stream0-regime0-d50/6,1,0,0,50,1.0,1.0,0.01,staggered-cycle,soft-quadratic,0.00012467478424780246,True
robustness,robustness/rep1-stream0-regime0-d50/7,1,0,0,50,1.0,1.0,0.01,staggered-cycle,soft-quadratic,0.00013447859312654505,True
robustness,robustness/rep1-stream0-regime0-d50/0,1,0,0,50,1.0,1.0,0.03,staggered-cycle,hybrid-vc,0.0006849288630486124,False
robustness,robustness/rep1-stream0-regime0-d50/1,1,0,0,50,1.0,1.0,0.03,staggered-cycle,hybrid-vc,0.0007937587232998088,False
robustness,robustness/rep1-stream0-regime0-d50/2,1,0,0,50,1.0,1.0,0.03,staggered-cycle,hybrid-vc,0.0006414916002257924,False
robustness,robustness/rep1-stream0-regime0-d50/3,1,0,0,50,1.0,1.0,0.03,staggered-cycle,hybrid-vc,0.0008836894040273839,False
robustness,robustness/rep1-stream0-regime0-d50/4,1,0,0,50,1.0,1.0,0.03,staggered-cycle,hybrid-vc,0.0009510203584303711,False
robustness,robustness/rep1-stream0-regime0-d50/5,1,0,0,50,1.0,1.0,0.03,staggered-cycle,hybrid-vc,0.0008629029499548608,False
robustness,robustness/rep1-stream0-regime0-d50/6,1,0,0,50,1.0,1.0,0.03,staggered-cycle,hybrid-vc,0.0009308538713424247,False
robustness,robustness/rep1-stream0-regime0-d50/7,1,0,0,50,1.0,1.0,0.03,staggered-cycle,hybrid-vc,0.0008918474397196272,False
robustness,robustness/rep1-stream0-regime0-d50/0,1,0,0,50,1.0,1.0,0.03,staggered-cycle,rank,0.027347395427295657,False
robustness,robustness/rep1-stream0-regime0-d50/1,1,0,0,50,1.0,1.0,0.03,staggered-cycle,rank,0.020368286405967797,False
robustness,robustness/rep1-stream0-regime0-d50/2,1,0,0,50,1.0,1.0,0.03,staggered-cycle,rank,0.024825077796212507,False
robustness,robustness/rep1-stream0-regime0-d50/3,1,0,0,50,1.0,1.0,0.03,staggered-cycle,rank,0.0059156755376096135,False
robustness,robustness/rep1-stream0-regime0-d50/4,1,0,0,50,1.0,1.0,0.03,staggered-cycle,rank,0.046682914272113865,False
robustness,robustness/rep1-stream0-regime0-d50/5,1,0,0,50,1.0,1.0,0.03,staggered-cycle,rank,0.03328377979915308,False
robustness,robustness/rep1-stream0-regime0-d50/6,1,0,0,50,1.0,1.0,0.03,staggered-cycle,rank,0.006604189841458351,False
robustness,robustness/rep1-stream0-regime0-d50/7,1,0,0,50,1.0,1.0,0.03,staggered-cycle,rank,0.019520624572289858,False
robustness,robustness/rep1-stream0-regime0-d50/0,1,0,0,50,1.0,1.0,0.03,staggered-cycle,soft-quadratic,0.0007043999342344584,False
robustness,robustness/rep1-stream0-regime0-d50/1,1,0,0,50,1.0,1.0,0.03,staggered-cycle,soft-quadratic,0.0008509516367818695,False
robustness,robustness/rep1-stream0-regime0-d50/2,1,0,0,50,1.0,1.0,0.03,staggered-cycle,soft-quadratic,0.0006639808180518793,False
robustness,robustness/rep1-stream0-regime0-d50/3,1,0,0,50,1.0,1.0,0.03,staggered-cycle,soft-quadratic,0.0008771488065953913,False
robustness,robustness/rep1-stream0-regime0-d50/4,1,0,0,50,1.0,1.0,0.03,staggered-cycle,soft-quadratic,0.0009209584106109355,False
robustness,robustness/rep1-stream0-regime0-d50/5,1,0,0,50,1.0,1.0,0.03,staggered-cycle,soft-quadratic,0.000894246709477428,False
robustness,robustness/rep1-stream0-regime0-d50/6,1,0,0,50,1.0,1.0,0.03,staggered-cycle,soft-quadratic,0.0008965655528145606,False
robustness,robustness/rep1-stream0-regime0-d50/7,1,0,0,50,1.0,1.0,0.03,staggered-cycle,soft-quadratic,0.000831459420928221,False
robustness,robustness/rep1-stream0-regime0-d50/0,1,0,0,50,1.0,1.0,0.1,staggered-cycle,hybrid-vc,0.008813708172152561,False
robustness,robustness/rep1-stream0-regime0-d50/1,1,0,0,50,1.0,1.0,0.1,staggered-cycle,hybrid-vc,0.008760347361109469,False
robustness,robustness/rep1-stream0-regime0-d50/2,1,0,0,50,1.0,1.0,0.1,staggered-cycle,hybrid-vc,0.007541833816296585,False
robustness,robustness/rep1-stream0-regime0-d50/3,1,0,0,50,1.0,1.0,0.1,staggered-cycle,hybrid-vc,0.00817589354592109,False
robustness,robustness/rep1-stream0-regime0-d50/4,1,0,0,50,1.0,1.0,0.1,staggered-cycle,hybrid-vc,0.00927483107885275,False
robustness,robustness/rep1-stream0-regime0-d50/5,1,0,0,50,1.0,1.0,0.1,staggered-cycle,hybrid-vc,0.009373588046671641,False
robustness,robustness/rep1-stream0-regime0-d50/6,1,0,0,50,1.0,1.0,0.1,staggered-cycle,hybrid-vc,0.008438646803704129,False
robustness,robustness/rep1-stream0-regime0-d50/7,1,0,0,50,1.0,1.0,0.1,staggered-cycle,hybrid-vc,0.008727590810632633,False
robustness,robustness/rep1-stream0-regime0-d50/0,1,0,0,50,1.0,1.0,0.1,staggered-cycle,rank,0.03339260722609199,False
robustness,robustness/rep1-stream0-regime0-d50/1,1,0,0,50,1.0,1.0,0.1,staggered-cycle,rank,0.02924489157837288,False
robustness,robustness/rep1-stream0-regime0-d50/2,1,0,0,50,1.0,1.0,0.1,staggered-cycle,rank,0.0314591878339893,False
robustness,robustness/rep1-stream0-regime0-d50/3,1,0,0,50,1.0,1.0,0.1,staggered-cycle,rank,0.012221913328050341,False
robustness,robustness/rep1-stream0-regime0-d50/4,1,0,0,50,1.0,1.0,0.1,staggered-cycle,rank,0.05396884138742266,False
robustness,robustness/rep1-stream0-regime0-d50/5,1,0,0,50,1.0,1.0,0.1,staggered-cycle,rank,0.042707980921694366,False
robustness,robustness/rep1-stream0-regime0-d50/6,1,0,0,50,1.0,1.0,0.1,staggered-cycle,rank,0.014001042362501999,False
robustness,robustness/rep1-stream0-regime0-d50/7,1,0,0,50,1.0,1.0,0.1,staggered-cycle,rank,0.027336255931673673,False
robustness,robustness/rep1-stream0-regime0-d50/0,1,0,0,50,1.0,1.0,0.1,staggered-cycle,soft-quadratic,0.008558230655786224,False
robustness,robustness/rep1-stream0-regime0-d50/1,1,0,0,50,1.0,1.0,0.1,staggered-cycle,soft-quadratic,0.00862192583127283,False
robustness,robustness/rep1-stream0-regime0-d50/2,1,0,0,50,1.0,1.0,0.1,staggered-cycle,soft-quadratic,0.007639654197315811,False
robustness,robustness/rep1-stream0-regime0-d50/3,1,0,0,50,1.0,1.0,0.1,staggered-cycle,soft-quadratic,0.008216168338358467,False
robustness,robustness/rep1-stream0-regime0-d50/4,1,0,0,50,1.0,1.0,0.1,staggered-cycle,soft-quadratic,0.009056680155548266,False
robustness,robustness/rep1-stream0-regime0-d50/5,1,0,0,50,1.0,1.0,0.1,staggered-cycle,soft-quadratic,0.009343241918042056,False
robustness,robustness/rep1-stream0-regime0-d50/6,1,0,0,50,1.0,1.0,0.1,staggered-cycle,soft-quadratic,0.008560568573876758,False
robustness,robustness/rep1-stream0-regime0-d50/7,1,0,0,50,1.0,1.0,0.1,staggered-cycle,soft-quadratic,0.008691264208036743,False
robustness,robustness/rep1-stream0-regime1-d20/0,1,0,1,20,1.0,1.0,0.0,staggered-cycle,hybrid-vc,7.986565547111057e-05,True
robustness,robustness/rep1-stream0-regime1-d20/1,1,0,1,20,1.0,1.0,0.0,staggered-cycle,hybrid-vc,8.48390536183163e-05,True
robustness,robustness/rep1-stream0-regime1-d20/2,1,0,1,20,1.0,1.0,0.0,staggered-cycle,hybrid-vc,0.00010641132532966914,True
robustness,robustness/rep1-stream0-regime1-d20/3,1,0,1,20,1.0,1.0,0.0,staggered-cycle,hybrid-vc,0.0002264551989958592,True
robustness,robustness/rep1-stream0-regime1-d20/4,1,0,1,20,1.0,1.0,0.0,staggered-cycle,hybrid-vc,6.509172090597825e-05,True
robustness,robustness/rep1-stream0-regime1-d20/5,1,0,1,20,1.0,1.0,0.0,staggered-cycle,hybrid-vc,4.8924629947570705e-05,True
robustness,robustness/rep1-stream0-regime1-d20/6,1,0,1,20,1.0,1.0,0.0,staggered-cycle,hybrid-vc,0.00012324148630725562,True
robustness,robustness/rep1-stream0-regime1-d20/7,1,0,1,20,1.0,1.0,0.0,staggered-cycle,hybrid-vc,5.4133179216434815e-05,True
robustness,robustness/rep1-stream0-regime1-d20/0,1,0,1,20,1.0,1.0,0.0,staggered-cycle,rank,0.004996490362787387,True
robustness,robustness/rep1-stream0-regime1-d20/1,1,0,1,20,1.0,1.0,0.0,staggered-cycle,rank,0.011732085074965422,True
robustness,robustness/rep1-stream0-regime1-d20/2,1,0,1,20,1.0,1.0,0.0,staggered-cycle,rank,0.02037283462493556,True
robustness,robustness/rep1-stream0-regime1-d20/3,1,0,1,20,1.0,1.0,0.0,staggered-cycle,rank,0.012176285671766564,True
robustness,robustness/rep1-stream0-regime1-d20/4,1,0,1,20,1.0,1.0,0.0,staggered-cycle,rank,0.020287242441036375,True
robustness,robustness/rep1-stream0-regime1-d20/5,1,0,1,20,1.0,1.0,0.0,staggered-cycle,rank,0.0010625863770534006,True
robustness,robustness/rep1-stream0-regime1-d20/6,1,0,1,20,1.0,1.0,0.0,staggered-cycle,rank,0.02542458880669549,True
robustness,robustness/rep1-stream0-regime1-d20/7,1,0,1,20,1.0,1.0,0.0,staggered-cycle,rank,0.004071945672212854,True
robustness,robustness/rep1-stream0-regime1-d20/0,1,0,1,20,1.0,1.0,0.0,staggered-cycle,soft-quadratic,0.00011897076948493857,True
robustness,robustness/rep1-stream0-regime1-d20/1,1,0,1,20,1.0,1.0,0.0,staggered-cycle,soft-quadratic,0.00010393870990333073,True
robustness,robustness/rep1-stream0-regime1-d20/2,1,0,1,20,1.0,1.0,0.0,staggered-cycle,soft-quadratic,0.0001683165650154492,True
robustness,robustness/rep1-stream0-regime1-d20/3,1,0,1,20,1.0,1.0,0.0,staggered-cycle,soft-quadratic,0.00025696354019013907,True
robustness,robustness/rep1-stream0-regime1-d20/4,1,0,1,20,1.0,1.0,0.0,staggered-cycle,soft-quadratic,6.768130562830061e-05,True
robustness,robustness/rep1-stream0-regime1-d20/5,1,0,1,20,1.0,1.0,0.0,staggered-cycle,soft-quadratic,0.00010267212731077272,True
robustness,robustness/rep1-stream0-regime1-d20/6,1,0,1,20,1.0,1.0,0.0,staggered-cycle,soft-quadratic,0.00014257581099290503,True
robustness,robustness/rep1-stream0-regime1-d20/7,1,0,1,20,1.0,1.0,0.0,staggered-cycle,soft-quadratic,7.610642970221637e-05,True
robustness,robustness/rep1-stream0-regime1-d20/0,1,0,1,20,1.0,1.0,0.01,staggered-cycle,hybrid-vc,0.00011761886611010757,True
robustness,robustness/rep1-stream0-regime1-d20/1,1,0,1,20,1.0,1.0,0.01,staggered-cycle,hybrid-vc,0.00021128399347654175,True
robustness,robustness/rep1-stream0-regime1-d20/2,1,0,1,20,1.0,1.0,0.01,staggered-cycle,hybrid-vc,0.00013970213702295801,True
robustness,robustness/rep1-stream0-regime1-d20/3,1,0,1,20,1.0,1.0,0.01,staggered-cycle,hybrid-vc,0.00025503902181445067,True
robustness,robustness/rep1-stream0-regime1-d20/4,1,0,1,20,1.0,1.0,0.01,staggered-cycle,hybrid-vc,9.344754868471713e-05,True
robustness,robustness/rep1-stream0-regime1-d20/5,1,0,1,20,1.0,1.0,0.01,staggered-cycle,hybrid-vc,0.00020553270358178273,True
robustness,robustness/rep1-stream0-regime1-d20/6,1,0,1,20,1.0,1.0,0.01,staggered-cycle,hybrid-vc,0.0001678962639218444,True
robustness,robustness/rep1-stream0-regime1-d20/7,1,0,1,20,1.0,1.0,0.01,staggered-cycle,hybrid-vc,0.00013633505937741188,True
robustness,robustness/rep1-stream0-regime1-d20/0,1,0,1,20,1.0,1.0,0.01,staggered-cycle,rank,0.004961966136836672,True
robustness,robustness/rep1-stream0-regime1-d20/1,1,0,1,20,1.0,1.0,0.01,staggered-cycle,rank,0.011670666957119276,True
robustness,robustness/rep1-stream0-regime1-d20/2,1,0,1,20,1.0,1.0,0.01,staggered-cycle,rank,0.02031043041676546,True
robustness,robustness/rep1-stream0-regime1-d20/3,1,0,1,20,1.0,1.0,0.01,staggered-cycle,rank,0.011776295373393066,True
robustness,robustness/rep1-stream0-regime1-d20/4,1,0,1,20,1.0,1.0,0.01,staggered-cycle,rank,0.020002905109529887,True
robustness,robustness/rep1-stream0-regime1-d20/5,1,0,1,20,1.0,1.0,0.01,staggered-cycle,rank,0.001378688695600502,True
robustness,robustness/rep1-stream0-regime1-d20/6,1,0,1,20,1.0,1.0,0.01,staggered-cycle,rank,0.025740105642034047,True
robustness,robustness/rep1-stream0-regime1-d20/7,1,0,1,20,1.0,1.0,0.01,staggered-cycle,rank,0.004149967018320963,True
robustness,robustness/rep1-stream0-regime1-d20/0,1,0,1,20,1.0,1.0,0.01,staggered-cycle,soft-quadratic,0.00013322847672228444,True
robustness,robustness/rep1-stream0-regime1-d20/1,1,0,1,20,1.0,1.0,0.01,staggered-cycle,soft-quadratic,0.00022046200532521078,True
robustness,robustness/rep1-stream0-regime1-d20/2,1,0,1,20,1.0,1.0,0.01,staggered-cycle,soft-quadratic,0.00011614546507400086,True
robustness,robustness/rep1-stream0-regime1-d20/3,1,0,1,20,1.0,1.0,0.01,staggered-cycle,soft-quadratic,0.00035753244257666795,True
robustness,robustness/rep1-stream0-regime1-d20/4,1,0,1,20,1.0,1.0,0.01,staggered-cycle,soft-quadratic,0.0001823379169259389,True
robustness,robustness/rep1-stream0-regime1-d20/5,1,0,1,20,1.0,1.0,0.01,staggered-cycle,soft-quadratic,0.00023973964761263012,True
robustness,robustness/rep1-stream0-regime1-d20/6,1,0,1,20,1.0,1.0,0.01,staggered-cycle,soft-quadratic,0.0002334716841939065,True
robustness,robustness/rep1-stream0-regime1-d20/7,1,0,1,20,1.0,1.0,0.01,staggered-cycle,soft-quadratic,0.0001836214548598299,True
robustness,robustness/rep1-stream0-regime1-d20/0,1,0,1,20,1.0,1.0,0.03,staggered-cycle,hybrid-vc,0.0008403362105937986,True
robustness,robustness/rep1-stream0-regime1-d20/1,1,0,1,20,1.0,1.0,0.03,staggered-cycle,hybrid-vc,0.001013284405147221,True
robustness,robustness/rep1-stream0-regime1-d20/2,1,0,1,20,1.0,1.0,0.03,staggered-cycle,hybrid-vc,0.0005779701781243741,True
robustness,robustness/rep1-stream0-regime1-d20/3,1,0,1,20,1.0,1.0,0.03,staggered-cycle,hybrid-vc,0.00047574581650354627,True
robustness,robustness/rep1-stream0-regime1-d20/4,1,0,1,20,1.0,1.0,0.03,staggered-cycle,hybrid-vc,0.0008077548680159685,True
robustness,robustness/rep1-stream0-regime1-d20/5,1,0,1,20,1.0,1.0,0.03,staggered-cycle,hybrid-vc,0.0010470013621639318,True
robustness,robustness/rep1-stream0-regime1-d20/6,1,0,1,20,1.0,1.0,0.03,staggered-cycle,hybrid-vc,0.000780710576026074,True
robustness,robustness/rep1-stream0-regime1-d20/7,1,0,1,20,1.0,1.0,0.03,staggered-cycle,hybrid-vc,0.0009503563324870328,True
robustness,robustness/rep1-stream0-regime1-d20/0,1,0,1,20,1.0,1.0,0.03,staggered-cycle,rank,0.006021827887890649,True
robustness,robustness/rep1-stream0-regime1-d20/1,1,0,1,20,1.0,1.0,0.03,staggered-cycle,rank,0.012642250171628757,True
robustness,robustness/rep1-stream0-regime1-d20/2,1,0,1,20,1.0,1.0,0.03,staggered-cycle,rank,0.0197058850370758,True
robustness,robustness/rep1-stream0-regime1-d20/3,1,0,1,20,1.0,1.0,0.03,staggered-cycle,rank,0.011980891058998196,True
robustness,robustness/rep1-stream0-regime1-d20/4,1,0,1,20,1.0,1.0,0.03,staggered-cycle,rank,0.020880913547657812,True
robustness,robustness/rep1-stream0-regime1-d20/5,1,0,1,20,1.0,1.0,0.03,staggered-cycle,rank,0.0024898393692452006,True
robustness,robustness/rep1-stream0-regime1-d20/6,1,0,1,20,1.0,1.0,0.03,staggered-cycle,rank,0.026804677119809137,True
robustness,robustness/rep1-stream0-regime1-d20/7,1,0,1,20,1.0,1.0,0.03,staggered-cycle,rank,0.004820599558983747,True
robustness,robustness/rep1-stream0-regime1-d20/0,1,0,1,20,1.0,1.0,0.03,staggered-cycle,soft-quadratic,0.000812491948592401,True
robustness,robustness/rep1-stream0-regime1-d20/1,1,0,1,20,1.0,1.0,0.03,staggered-cycle,soft-quadratic,0.0008413390373442093,True
robustness,robustness/rep1-stream0-regime1-d20/2,1,0,1,20,1.0,1.0,0.03,staggered-cycle,soft-quadratic,0.000460172304428343,True
robustness,robustness/rep1-stream0-regime1-d20/3,1,0,1,20,1.0,1.0,0.03,staggered-cycle,soft-quadratic,0.00067043408672293,True
robustness,robustness/rep1-stream0-regime1-d20/4,1,0,1,20,1.0,1.0,0.03,staggered-cycle,soft-quadratic,0.0010550672789184751,True
robustness,robustness/rep1-stream0-regime1-d20/5,1,0,1,20,1.0,1.0,0.03,staggered-cycle,soft-quadratic,0.0010263910529335575,True
robustness,robustness/rep1-stream0-regime1-d20/6,1,0,1,20,1.0,1.0,0.03,staggered-cycle,soft-quadratic,0.0008636329278826888,True
robustness,robustness/rep1-stream0-regime1-d20/7,1,0,1,20,1.0,1.0,0.03,staggered-cycle,soft-quadratic,0.0008981447032685559,True
robustness,robustness/rep1-stream0-regime1-d20/0,1,0,1,20,1.0,1.0,0.1,staggered-cycle,hybrid-vc,0.007848940954884046,False
robustness,robustness/rep1-stream0-regime1-d20/1,1,0,1,20,1.0,1.0,0.1,staggered-cycle,hybrid-vc,0.00840723262444477,False
robustness,robustness/rep1-stream0-regime1-d20/2,1,0,1,20,1.0,1.0,0.1,staggered-cycle,hybrid-vc,0.004426018228718377,False
robustness,robustness/rep1-stream0-regime1-d20/3,1,0,1,20,1.0,1.0,0.1,staggered-cycle,hybrid-vc,0.006890915497496526,False
robustness,robustness/rep1-stream0-regime1-d20/4,1,0,1,20,1.0,1.0,0.1,staggered-cycle,hybrid-vc,0.008554964757303893,False
robustness,robustness/rep1-stream0-regime1-d20/5,1,0,1,20,1.0,1.0,0.1,staggered-cycle,hybrid-vc,0.009044903484960443,False
robustness,robustness/rep1-stream0-regime1-d20/6,1,0,1,20,1.0,1.0,0.1,staggered-cycle,hybrid-vc,0.009415040549628054,False
robustness,robustness/rep1-stream0-regime1-d20/7,1,0,1,20,1.0,1.0,0.1,staggered-cycle,hybrid-vc,0.009166438454646429,False
robustness,robustness/rep1-stream0-regime1-d20/0,1,0,1,20,1.0,1.0,0.1,staggered-cycle,rank,0.012688112315473869,False
robustness,robustness/rep1-stream0-regime1-d20/1,1,0,1,20,1.0,1.0,0.1,staggered-cycle,rank,0.021732739511665534,False
robustness,robustness/rep1-stream0-regime1-d20/2,1,0,1,20,1.0,1.0,0.1,staggered-cycle,rank,0.01969891618213363,False
robustness,robustness/rep1-stream0-regime1-d20/3,1,0,1,20,1.0,1.0,0.1,staggered-cycle,rank,0.01467017765636188,False
robustness,robustness/rep1-stream0-regime1-d20/4,1,0,1,20,1.0,1.0,0.1,staggered-cycle,rank,0.027065883696437976,False
robustness,robustness/rep1-stream0-regime1-d20/5,1,0,1,20,1.0,1.0,0.1,staggered-cycle,rank,0.010520299105357227,False
robustness,robustness/rep1-stream0-regime1-d20/6,1,0,1,20,1.0,1.0,0.1,staggered-cycle,rank,0.032669111928469996,False
robustness,robustness/rep1-stream0-regime1-d20/7,1,0,1,20,1.0,1.0,0.1,staggered-cycle,rank,0.01146169172082964,False
robustness,robustness/rep1-stream0-regime1-d20/0,1,0,1,20,1.0,1.0,0.1,staggered-cycle,soft-quadratic,0.00781729814384562,False
robustness,robustness/rep1-stream0-regime1-d20/1,1,0,1,20,1.0,1.0,0.1,staggered-cycle,soft-quadratic,0.008716714899552652,False
robustness,robustness/rep1-stream0-regime1-d20/2,1,0,1,20,1.0,1.0,0.1,staggered-cycle,soft-quadratic,0.004070601448386665,False
robustness,robustness/rep1-stream0-regime1-d20/3,1,0,1,20,1.0,1.0,0.1,staggered-cycle,soft-quadratic,0.007344386101147175,False
robustness,robustness/rep1-stream0-regime1-d20/4,1,0,1,20,1.0,1.0,0.1,staggered-cycle,soft-quadratic,0.009003211846620014,False
robustness,robustness/rep1-stream0-regime1-d20/5,1,0,1,20,1.0,1.0,0.1,staggered-cycle,soft-quadratic,0.008726527333485046,False
robustness,robustness/rep1-stream0-regime1-d20/6,1,0,1,20,1.0,1.0,0.1,staggered-cycle,soft-quadratic,0.008000908520200667,False
robustness,robustness/rep1-stream0-regime1-d20/7,1,0,1,20,1.0,1.0,0.1,staggered-cycle,soft-quadratic,0.008964335866768548,False
robustness,robustness/rep1-stream1-regime0-d10/0,1,1,0,10,1.0,1.0,0.0,staggered-cycle,hybrid-vc,0.00028607149913500865,True
robustness,robustness/rep1-stream1-regime0-d10/1,1,1,0,10,1.0,1.0,0.0,staggered-cycle,hybrid-vc,0.00017106223858440577,True
robustness,robustness/rep1-stream1-regime0-d10/2,1,1,0,10,1.0,1.0,0.0,staggered-cycle,hybrid-vc,0.00022651848772133474,True
robustness,robustness/rep1-stream1-regime0-d10/3,1,1,0,10,1.0,1.0,0.0,staggered-cycle,hybrid-vc,0.0005527556985733041,True
robustness,robustness/rep1-stream1-regime0-d10/4,1,1,0,10,1.0,1.0,0.0,staggered-cycle,hybrid-vc,0.00015957141537852558,True
robustness,robustness/rep1-stream1-regime0-d10/5,1,1,0,10,1.0,1.0,0.0,staggered-cycle,hybrid-vc,0.00017893143288414196,True
robustness,robustness/rep1-stream1-regime0-d10/6,1,1,0,10,1.0,1.0,0.0,staggered-cycle,hybrid-vc,0.00023934610800030803,True
robustness,robustness/rep1-stream1-regime0-d10/7,1,1,0,10,1.0,1.0,0.0,staggered-cycle,hybrid-vc,0.00015937927670606994,True
robustness,robustness/rep1-stream1-regime0-d10/0,1,1,0,10,1.0,1.0,0.0,staggered-cycle,rank,0.0020957264550296637,True
robustness,robustness/rep1-stream1-regime0-d10/1,1,1,0,10,1.0,1.0,0.0,staggered-cycle,rank,0.018955199565474912,True
robustness,robustness/rep1-stream1-regime0-d10/2,1,1,0,10,1.0,1.0,0.0,staggered-cycle,rank,0.028293970200805783,True
robustness,robustness/rep1-stream1-regime0-d10/3,1,1,0,10,1.0,1.0,0.0,staggered-cycle,rank,0.007658335449300193,True
robustness,robustness/rep1-stream1-regime0-d10/4,1,1,0,10,1.0,1.0,0.0,staggered-cycle,rank,0.004973158645932904,True
robustness,robustness/rep1-stream1-regime0-d10/5,1,1,0,10,1.0,1.0,0.0,staggered-cycle,rank,0.013856515545033156,True
robustness,robustness/rep1-stream1-regime0-d10/6,1,1,0,10,1.0,1.0,0.0,staggered-cycle,rank,0.003434950036816138,True
robustness,robustness/rep1-stream1-regime0-d10/7,1,1,0,10,1.0,1.0,0.0,staggered-cycle,rank,0.025555843072795674,True
robustness,robustness/rep1-stream1-regime0-d10/0,1,1,0,10,1.0,1.0,0.0,staggered-cycle,soft-quadratic,0.0004742720315864432,True
robustness,robustness/rep1-stream1-regime0-d10/1,1,1,0,10,1.0,1.0,0.0,staggered-cycle,soft-quadratic,0.0002847540259933594,True
robustness,robustness/rep1-stream1-regime0-d10/2,1,1,0,10,1.0,1.0,0.0,staggered-cycle,soft-quadratic,0.00029202533668064426,True
robustness,robustness/rep1-stream1-regime0-d10/3,1,1,0,10,1.0,1.0,0.0,staggered-cycle,soft-quadratic,0.000488553308885419,True
robustness,robustness/rep1-stream1-regime0-d10/4,1,1,0,10,1.0,1.0,0.0,staggered-cycle,soft-quadratic,0.00020203269208270562,True
robustness,robustness/rep1-stream1-regime0-d10/5,1,1,0,10,1.0,1.0,0.0,staggered-cycle,soft-quadratic,0.00022859977417355814,True
robustness,robustness/rep1-stream1-regime0-d10/6,1,1,0,10,1.0,1.0,0.0,staggered-cycle,soft-quadratic,0.00021549644460143157,True
robustness,robustness/rep1-stream1-regime0-d10/7,1,1,0,10,1.0,1.0,0.0,staggered-cycle,soft-quadratic,0.00026979641376647116,True
robustness,robustness/rep1-stream1-regime0-d10/0,1,1,0,10,1.0,1.0,0.01,staggered-cycle,hybrid-vc,0.0003847623613242426,True
robustness,robustness/rep1-stream1-regime0-d10/1,1,1,0,10,1.0,1.0,0.01,staggered-cycle,hybrid-vc,0.0004095729504090894,True
robustness,robustness/rep1-stream1-regime0-d10/2,1,1,0,10,1.0,1.0,0.01,staggered-cycle,hybrid-vc,0.0008078112578501183,True
robustness,robustness/rep1-stream1-regime0-d10/3,1,1,0,10,1.0,1.0,0.01,staggered-cycle,hybrid-vc,0.0004637623076693093,True
robustness,robustness/rep1-stream1-regime0-d10/4,1,1,0,10,1.0,1.0,0.01,staggered-cycle,hybrid-vc,0.00017765479374787875,True
robustness,robustness/rep1-stream1-regime0-d10/5,1,1,0,10,1.0,1.0,0.01,staggered-cycle,hybrid-vc,0.00023871522627005157,True
robustness,robustness/rep1-stream1-regime0-d10/6,1,1,0,10,1.0,1.0,0.01,staggered-cycle,hybrid-vc,0.0001605066104883602,True
robustness,robustness/rep1-stream1-regime0-d10/7,1,1,0,10,1.0,1.0,0.01,staggered-cycle,hybrid-vc,0.00040972700642968185,True
robustness,robustness/rep1-stream1-regime0-d10/0,1,1,0,10,1.0,1.0,0.01,staggered-cycle,rank,0.0023135419456744278,True
robustness,robustness/rep1-stream1-regime0-d10/1,1,1,0,10,1.0,1.0,0.01,staggered-cycle,rank,0.018650453550513108,True
robustness,robustness/rep1-stream1-regime0-d10/2,1,1,0,10,1.0,1.0,0.01,staggered-cycle,rank,0.028234813393633824,True
robustness,robustness/rep1-stream1-regime0-d10/3,1,1,0,10,1.0,1.0,0.01,staggered-cycle,rank,0.008332995254083866,True
robustness,robustness/rep1-stream1-regime0-d10/4,1,1,0,10,1.0,1.0,0.01,staggered-cycle,rank,0.004273303092914096,True
robustness,robustness/rep1-stream1-regime0-d10/5,1,1,0,10,1.0,1.0,0.01,staggered-cycle,rank,0.014579832646035308,True
robustness,robustness/rep1-stream1-regime0-d10/6,1,1,0,10,1.0,1.0,0.01,staggered-cycle,rank,0.003260327046920116,True
robustness,robustness/rep1-stream1-regime0-d10/7,1,1,0,10,1.0,1.0,0.01,staggered-cycle,rank,0.026743266179696825,True
robustness,robustness/rep1-stream1-regime0-d10/0,1,1,0,10,1.0,1.0,0.01,staggered-cycle,soft-quadratic,0.0005797910346829696,True
robustness,robustness/rep1-stream1-regime0-d10/1,1,1,0,10,1.0,1.0,0.01,staggered-cycle,soft-quadratic,0.0005337449986937636,True
robustness,robustness/rep1-stream1-regime0-d10/2,1,1,0,10,1.0,1.0,0.01,staggered-cycle,soft-quadratic,0.0007764394616262528,True
robustness,robustness/rep1-stream1-regime0-d10/3,1,1,0,10,1.0,1.0,0.01,staggered-cycle,soft-quadratic,0.0002681657083727868,True
robustness,robustness/rep1-stream1-regime0-d10/4,1,1,0,10,1.0,1.0,0.01,staggered-cycle,soft-quadratic,0.0001552041227480509,True
robustness,robustness/rep1-stream1-regime0-d10/5,1,1,0,10,1.0,1.0,0.01,staggered-cycle,soft-quadratic,0.00019501232778413352,True
robustness,robustness/rep1-stream1-regime0-d10/6,1,1,0,10,1.0,1.0,0.01,staggered-cycle,soft-quadratic,0.00014342380559730092,True
robustness,robustness/rep1-stream1-regime0-d10/7,1,1,0,10,1.0,1.0,0.01,staggered-cycle,soft-quadratic,0.0007219250240649728,True
robustness,robustness/rep1-stream1-regime0-d10/0,1,1,0,10,1.0,1.0,0.03,staggered-cycle,hybrid-vc,0.0015665960157472262,True
robustness,robustness/rep1-stream1-regime0-d10/1,1,1,0,10,1.0,1.0,0.03,staggered-cycle,hybrid-vc,0.0011140318402338859,True
robustness,robustness/rep1-stream1-regime0-d10/2,1,1,0,10,1.0,1.0,0.03,staggered-cycle,hybrid-vc,0.0016143515412264916,True
robustness,robustness/rep1-stream1-regime0-d10/3,1,1,0,10,1.0,1.0,0.03,staggered-cycle,hybrid-vc,0.0007836465376208332,True
robustness,robustness/rep1-stream1-regime0-d10/4,1,1,0,10,1.0,1.0,0.03,staggered-cycle,hybrid-vc,0.0007392374344289847,True
robustness,robustness/rep1-stream1-regime0-d10/5,1,1,0,10,1.0,1.0,0.03,staggered-cycle,hybrid-vc,0.00073434586863871,True
robustness,robustness/rep1-stream1-regime0-d10/6,1,1,0,10,1.0,1.0,0.03,staggered-cycle,hybrid-vc,0.0010654074168173352,False
robustness,robustness/rep1-stream1-regime0-d10/7,1,1,0,10,1.0,1.0,0.03,staggered-cycle,hybrid-vc,0.0008612596816692198,True
robustness,robustness/rep1-stream1-regime0-d10/0,1,1,0,10,1.0,1.0,0.03,staggered-cycle,rank,0.0029789041410310073,True
robustness,robustness/rep1-stream1-regime0-d10/1,1,1,0,10,1.0,1.0,0.03,staggered-cycle,rank,0.02197005636105612,True
robustness,robustness/rep1-stream1-regime0-d10/2,1,1,0,10,1.0,1.0,0.03,staggered-cycle,rank,0.0325210133298455,True
robustness,robustness/rep1-stream1-regime0-d10/3,1,1,0,10,1.0,1.0,0.03,staggered-cycle,rank,0.008760510089614384,True
robustness,robustness/rep1-stream1-regime0-d10/4,1,1,0,10,1.0,1.0,0.03,staggered-cycle,rank,0.004869398312718001,True
robustness,robustness/rep1-stream1-regime0-d10/5,1,1,0,10,1.0,1.0,0.03,staggered-cycle,rank,0.015001114174405307,True
robustness,robustness/rep1-stream1-regime0-d10/6,1,1,0,10,1.0,1.0,0.03,staggered-cycle,rank,0.0029700310671017098,False
robustness,robustness/rep1-stream1-regime0-d10/7,1,1,0,10,1.0,1.0,0.03,staggered-cycle,rank,0.028559819600062104,True
robustness,robustness/rep1-stream1-regime0-d10/0,1,1,0,10,1.0,1.0,0.03,staggered-cycle,soft-quadratic,0.00152770413103505,True
robustness,robustness/rep1-stream1-regime0-d10/1,1,1,0,10,1.0,1.0,0.03,staggered-cycle,soft-quadratic,0.0011856343477879862,True
robustness,robustness/rep1-stream1-regime0-d10/2,1,1,0,10,1.0,1.0,0.03,staggered-cycle,soft-quadratic,0.0013916130207332605,True
robustness,robustness/rep1-stream1-regime0-d10/3,1,1,0,10,1.0,1.0,0.03,staggered-cycle,soft-quadratic,0.0005807899376162372,True
robustness,robustness/rep1-stream1-regime0-d10/4,1,1,0,10,1.0,1.0,0.03,staggered-cycle,soft-quadratic,0.0008411889229511307,True
robustness,robustness/rep1-stream1-regime0-d10/5,1,1,0,10,1.0,1.0,0.03,staggered-cycle,soft-quadratic,0.0007158810995507104,True
robustness,robustness/rep1-stream1-regime0-d10/6,1,1,0,10,1.0,1.0,0.03,staggered-cycle,soft-quadratic,0.001148683509674113,False
robustness,robustness/rep1-stream1-regime0-d10/7,1,1,0,10,1.0,1.0,0.03,staggered-cycle,soft-quadratic,0.000752521458973592,True
robustness,robustness/rep1-stream1-regime0-d10/0,1,1,0,10,1.0,1.0,0.1,staggered-cycle,hybrid-vc,0.0070743464603560255,True
robustness,robustness/rep1-stream1-regime0-d10/1,1,1,0,10,1.0,1.0,0.1,staggered-cycle,hybrid-vc,0.0062462583452604315,False
robustness,robustness/rep1-stream1-regime0-d10/2,1,1,0,10,1.0,1.0,0.1,staggered-cycle,hybrid-vc,0.009826438439332641,False
robustness,robustness/rep1-stream1-regime0-d10/3,1,1,0,10,1.0,1.0,0.1,staggered-cycle,hybrid-vc,0.005647170122986314,False
robustness,robustness/rep1-stream1-regime0-d10/4,1,1,0,10,1.0,1.0,0.1,staggered-cycle,hybrid-vc,0.011451085875783465,False
robustness,robustness/rep1-stream1-regime0-d10/5,1,1,0,10,1.0,1.0,0.1,staggered-cycle,hybrid-vc,0.0054220595229860025,False
robustness,robustness/rep1-stream1-regime0-d10/6,1,1,0,10,1.0,1.0,0.1,staggered-cycle,hybrid-vc,0.01154223384646787,True
robustness,robustness/rep1-stream1-regime0-d10/7,1,1,0,10,1.0,1.0,0.1,staggered-cycle,hybrid-vc,0.009239663781264618,False
robustness,robustness/rep1-stream1-regime0-d10/0,1,1,0,10,1.0,1.0,0.1,staggered-cycle,rank,0.00828256840373696,True
robustness,robustness/rep1-stream1-regime0-d10/1,1,1,0,10,1.0,1.0,0.1,staggered-cycle,rank,0.02841638902217081,False
robustness,robustness/rep1-stream1-regime0-d10/2,1,1,0,10,1.0,1.0,0.1,staggered-cycle,rank,0.04463051779150092,False
robustness,robustness/rep1-stream1-regime0-d10/3,1,1,0,10,1.0,1.0,0.1,staggered-cycle,rank,0.01794146168256173,False
robustness,robustness/rep1-stream1-regime0-d10/4,1,1,0,10,1.0,1.0,0.1,staggered-cycle,rank,0.012837416137780795,False
robustness,robustness/rep1-stream1-regime0-d10/5,1,1,0,10,1.0,1.0,0.1,staggered-cycle,rank,0.018855818081145816,False
robustness,robustness/rep1-stream1-regime0-d10/6,1,1,0,10,1.0,1.0,0.1,staggered-cycle,rank,0.009557296710593946,True
robustness,robustness/rep1-stream1-regime0-d10/7,1,1,0,10,1.0,1.0,0.1,staggered-cycle,rank,0.037168771692277495,False
robustness,robustness/rep1-stream1-regime0-d10/0,1,1,0,10,1.0,1.0,0.1,staggered-cycle,soft-quadratic,0.007608330334245981,True
robustness,robustness/rep1-stream1-regime0-d10/1,1,1,0,10,1.0,1.0,0.1,staggered-cycle,soft-quadratic,0.005658778534612581,False
robustness,robustness/rep1-stream1-regime0-d10/2,1,1,0,10,1.0,1.0,0.1,staggered-cycle,soft-quadratic,0.008160815577652938,False
robustness,robustness/rep1-stream1-regime0-d10/3,1,1,0,10,1.0,1.0,0.1,staggered-cycle,soft-quadratic,0.0069902035583648365,False
robustness,robustness/rep1-stream1-regime0-d10/4,1,1,0,10,1.0,1.0,0.1,staggered-cycle,soft-quadratic,0.013064689172311437,False
robustness,robustness/rep1-stream1-regime0-d10/5,1,1,0,10,1.0,1.0,0.1,staggered-cycle,soft-quadratic,0.003190812211780182,False
robustness,robustness/rep1-stream1-regime0-d10/6,1,1,0,10,1.0,1.0,0.1,staggered-cycle,soft-quadratic,0.00909529238822612,True
robustness,robustness/rep1-stream1-regime0-d10/7,1,1,0,10,1.0,1.0,0.1,staggered-cycle,soft-quadratic,0.008012542803528993,False
robustness,robustness/rep1-stream1-regime0-d50/0,1,1,0,50,1.0,1.0,0.0,staggered-cycle,hybrid-vc,1.0542866305746042e-05,True
robustness,robustness/rep1-stream1-regime0-d50/1,1,1,0,50,1.0,1.0,0.0,staggered-cycle,hybrid-vc,1.4974647227864735e-05,True
robustness,robustness/rep1-stream1-regime0-d50/2,1,1,0,50,1.0,1.0,0.0,staggered-cycle,hybrid-vc,1.4343387481527722e-05,True
robustness,robustness/rep1-stream1-regime0-d50/3,1,1,0,50,1.0,1.0,0.0,staggered-cycle,hybrid-vc,1.039556511401702e-05,True
robustness,robustness/rep1-stream1-regime0-d50/4,1,1,0,50,1.0,1.0,0.0,staggered-cycle,hybrid-vc,2.193098060085891e-05,True
robustness,robustness/rep1-stream1-regime0-d50/5,1,1,0,50,1.0,1.0,0.0,staggered-cycle,hybrid-vc,1.826377540549737e-05,True
robustness,robustness/rep1-stream1-regime0-d50/6,1,1,0,50,1.0,1.0,0.0,staggered-cycle,hybrid-vc,1.638354044442793e-05,True
robustness,robustness/rep1-stream1-regime0-d50/7,1,1,0,50,1.0,1.0,0.0,staggered-cycle,hybrid-vc,1.6385837198075327e-05,True
robustness,robustness/rep1-stream1-regime0-d50/0,1,1,0,50,1.0,1.0,0.0,staggered-cycle,rank,0.04519965855767196,True
robustness,robustness/rep1-stream1-regime0-d50/1,1,1,0,50,1.0,1.0,0.0,staggered-cycle,rank,0.01716268177385411,True
robustness,robustness/rep1-stream1-regime0-d50/2,1,1,0,50,1.0,1.0,0.0,staggered-cycle,rank,0.023418843664900046,True
robustness,robustness/rep1-stream1-regime0-d50/3,1,1,0,50,1.0,1.0,0.0,staggered-cycle,rank,0.011606550337803691,True
robustness,robustness/rep1-stream1-regime0-d50/4,1,1,0,50,1.0,1.0,0.0,staggered-cycle,rank,0.012078821218869667,True
robustness,robustness/rep1-stream1-regime0-d50/5,1,1,0,50,1.0,1.0,0.0,staggered-cycle,rank,0.03288447860863392,True
robustness,robustness/rep1-stream1-regime0-d50/6,1,1,0,50,1.0,1.0,0.0,staggered-cycle,rank,0.03150752426438369,True
robustness,robustness/rep1-stream1-regime0-d50/7,1,1,0,50,1.0,1.0,0.0,staggered-cycle,rank,0.019914341742078845,True
robustness,robustness/rep1-stream1-regime0-d50/0,1,1,0,50,1.0,1.0,0.0,staggered-cycle,soft-quadratic,4.4158344633474746e-05,True
robustness,robustness/rep1-stream1-regime0-d50/1,1,1,0,50,1.0,1.0,0.0,staggered-cycle,soft-quadratic,3.770275538367704e-05,True
robustness,robustness/rep1-stream1-regime0-d50/2,1,1,0,50,1.0,1.0,0.0,staggered-cycle,soft-quadratic,0.00010683906902559172,True
robustness,robustness/rep1-stream1-regime0-d50/3,1,1,0,50,1.0,1.0,0.0,staggered-cycle,soft-quadratic,8.627160737809683e-05,True
robustness,robustness/rep1-stream1-regime0-d50/4,1,1,0,50,1.0,1.0,0.0,staggered-cycle,soft-quadratic,5.3869223709794635e-05,True
robustness,robustness/rep1-stream1-regime0-d50/5,1,1,0,50,1.0,1.0,0.0,staggered-cycle,soft-quadratic,5.969925185150364e-05,True
robustness,robustness/rep1-stream1-regime0-d50/6,1,1,0,50,1.0,1.0,0.0,staggered-cycle,soft-quadratic,7.080068190259605e-05,True
robustness,robustness/rep1-stream1-regime0-d50/7,1,1,0,50,1.0,1.0,0.0,staggered-cycle,soft-quadratic,7.791580247876907e-05,True
robustness,robustness/rep1-stream1-regime0-d50/0,1,1,0,50,1.0,1.0,0.01,staggered-cycle,hybrid-vc,9.663284842505252e-05,True
robustness,robustness/rep1-stream1-regime0-d50/1,1,1,0,50,1.0,1.0,0.01,staggered-cycle,hybrid-vc,0.00014289006297386398,False
robustness,robustness/rep1-stream1-regime0-d50/2,1,1,0,50,1.0,1.0,0.01,staggered-cycle,hybrid-vc,0.0001193508552016857,True
robustness,robustness/rep1-stream1-regime0-d50/3,1,1,0,50,1.0,1.0,0.01,staggered-cycle,hybrid-vc,0.0001265911850080034,True
robustness,robustness/rep1-stream1-regime0-d50/4,1,1,0,50,1.0,1.0,0.01,staggered-cycle,hybrid-vc,0.00011570152688819321,True
robustness,robustness/rep1-stream1-regime0-d50/5,1,1,0,50,1.0,1.0,0.01,staggered-cycle,hybrid-vc,0.00013033526768249816,True
robustness,robustness/rep1-stream1-regime0-d50/6,1,1,0,50,1.0,1.0,0.01,staggered-cycle,hybrid-vc,0.00010009227510657457,True
robustness,robustness/rep1-stream1-regime0-d50/7,1,1,0,50,1.0,1.0,0.01,staggered-cycle,hybrid-vc,0.00010398587402220204,True
robustness,robustness/rep1-stream1-regime0-d50/0,1,1,0,50,1.0,1.0,0.01,staggered-cycle,rank,0.04476837619906812,True
robustness,robustness/rep1-stream1-regime0-d50/1,1,1,0,50,1.0,1.0,0.01,staggered-cycle,rank,0.017181715671429655,False
robustness,robustness/rep1-stream1-regime0-d50/2,1,1,0,50,1.0,1.0,0.01,staggered-cycle,rank,0.02349970579284257,True
robustness,robustness/rep1-stream1-regime0-d50/3,1,1,0,50,1.0,1.0,0.01,staggered-cycle,rank,0.01168578579565361,True
robustness,robustness/rep1-stream1-regime0-d50/4,1,1,0,50,1.0,1.0,0.01,staggered-cycle,rank,0.012089985181681704,True
robustness,robustness/rep1-stream1-regime0-d50/5,1,1,0,50,1.0,1.0,0.01,staggered-cycle,rank,0.032741286433461275,True
robustness,robustness/rep1-stream1-regime0-d50/6,1,1,0,50,1.0,1.0,0.01,staggered-cycle,rank,0.03175268139162066,True
robustness,robustness/rep1-stream1-regime0-d50/7,1,1,0,50,1.0,1.0,0.01,staggered-cycle,rank,0.019921097795880454,True
robustness,robustness/rep1-stream1-regime0-d50/0,1,1,0,50,1.0,1.0,0.01,staggered-cycle,soft-quadratic,9.571336007733984e-05,True
robustness,robustness/rep1-stream1-regime0-d50/1,1,1,0,50,1.0,1.0,0.01,staggered-cycle,soft-quadratic,0.00013581994928086588,False
robustness,robustness/rep1-stream1-regime0-d50/2,1,1,0,50,1.0,1.0,0.01,staggered-cycle,soft-quadratic,0.00026823727165213086,True
robustness,robustness/rep1-stream1-regime0-d50/3,1,1,0,50,1.0,1.0,0.01,staggered-cycle,soft-quadratic,0.0002072964585360149,True
robustness,robustness/rep1-stream1-regime0-d50/4,1,1,0,50,1.0,1.0,0.01,staggered-cycle,soft-quadratic,0.0001273249243309772,True
robustness,robustness/rep1-stream1-regime0-d50/5,1,1,0,50,1.0,1.0,0.01,staggered-cycle,soft-quadratic,0.0001492324459883333,True
robustness,robustness/rep1-stream1-regime0-d50/6,1,1,0,50,1.0,1.0,0.01,staggered-cycle,soft-quadratic,0.00017526106018711212,True
robustness,robustness/rep1-stream1-regime0-d50/7,1,1,0,50,1.0,1.0,0.01,staggered-cycle,soft-quadratic,0.0001334517823958136,True
robustness,robustness/rep1-stream1-regime0-d50/0,1,1,0,50,1.0,1.0,0.03,staggered-cycle,hybrid-vc,0.0007354216172937342,False
robustness,robustness/rep1-stream1-regime0-d50/1,1,1,0,50,1.0,1.0,0.03,staggered-cycle,hybrid-vc,0.0008865889924360777,False
robustness,robustness/rep1-stream1-regime0-d50/2,1,1,0,50,1.0,1.0,0.03,staggered-cycle,hybrid-vc,0.0009806765024082936,False
robustness,robustness/rep1-stream1-regime0-d50/3,1,1,0,50,1.0,1.0,0.03,staggered-cycle,hybrid-vc,0.0010226745744163217,False
robustness,robustness/rep1-stream1-regime0-d50/4,1,1,0,50,1.0,1.0,0.03,staggered-cycle,hybrid-vc,0.000980484966752451,False
robustness,robustness/rep1-stream1-regime0-d50/5,1,1,0,50,1.0,1.0,0.03,staggered-cycle,hybrid-vc,0.0008720056458494022,False
robustness,robustness/rep1-stream1-regime0-d50/6,1,1,0,50,1.0,1.0,0.03,staggered-cycle,hybrid-vc,0.0011198474593606823,False
robustness,robustness/rep1-stream1-regime0-d50/7,1,1,0,50,1.0,1.0,0.03,staggered-cycle,hybrid-vc,0.0008632613708139529,False
robustness,robustness/rep1-stream1-regime0-d50/0,1,1,0,50,1.0,1.0,0.03,staggered-cycle,rank,0.04444574262282729,False
robustness,robustness/rep1-stream1-regime0-d50/1,1,1,0,50,1.0,1.0,0.03,staggered-cycle,rank,0.017922252832331075,False
robustness,robustness/rep1-stream1-regime0-d50/2,1,1,0,50,1.0,1.0,0.03,staggered-cycle,rank,0.02377579745652602,False
robustness,robustness/rep1-stream1-regime0-d50/3,1,1,0,50,1.0,1.0,0.03,staggered-cycle,rank,0.012238244284213154,False
robustness,robustness/rep1-stream1-regime0-d50/4,1,1,0,50,1.0,1.0,0.03,staggered-cycle,rank,0.012760520584382025,False
robustness,robustness/rep1-stream1-regime0-d50/5,1,1,0,50,1.0,1.0,0.03,staggered-cycle,rank,0.03371784024660269,False
robustness,robustness/rep1-stream1-regime0-d50/6,1,1,0,50,1.0,1.0,0.03,staggered-cycle,rank,0.03308219387683687,False
robustness,robustness/rep1-stream1-regime0-d50/7,1,1,0,50,1.0,1.0,0.03,staggered-cycle,rank,0.020717851928105775,False
robustness,robustness/rep1-stream1-regime0-d50/0,1,1,0,50,1.0,1.0,0.03,staggered-cycle,soft-quadratic,0.0007292453257669329,False
robustness,robustness/rep1-stream1-regime0-d50/1,1,1,0,50,1.0,1.0,0.03,staggered-cycle,soft-quadratic,0.0008909524074527872,False
robustness,robustness/rep1-stream1-regime0-d50/2,1,1,0,50,1.0,1.0,0.03,staggered-cycle,soft-quadratic,0.0009584805851127499,False
robustness,robustness/rep1-stream1-regime0-d50/3,1,1,0,50,1.0,1.0,0.03,staggered-cycle,soft-quadratic,0.0009649281836383327,False
robustness,robustness/rep1-stream1-regime0-d50/4,1,1,0,50,1.0,1.0,0.03,staggered-cycle,soft-quadratic,0.0009382839933228418,False
robustness,robustness/rep1-stream1-regime0-d50/5,1,1,0,50,1.0,1.0,0.03,staggered-cycle,soft-quadratic,0.000792223190840127,False
robustness,robustness/rep1-stream1-regime0-d50/6,1,1,0,50,1.0,1.0,0.03,staggered-cycle,soft-quadratic,0.001069006406803416,False
robustness,robustness/rep1-stream1-regime0-d50/7,1,1,0,50,1.0,1.0,0.03,staggered-cycle,soft-quadratic,0.0008773850166936613,False
robustness,robustness/rep1-stream1-regime0-d50/0,1,1,0,50,1.0,1.0,0.1,staggered-cycle,hybrid-vc,0.008238701016941765,False
robustness,robustness/rep1-stream1-regime0-d50/1,1,1,0,50,1.0,1.0,0.1,staggered-cycle,hybrid-vc,0.00923056027577566,False
robustness,robustness/rep1-stream1-regime0-d50/2,1,1,0,50,1.0,1.0,0.1,staggered-cycle,hybrid-vc,0.009104637638536184,False
robustness,robustness/rep1-stream1-regime0-d50/3,1,1,0,50,1.0,1.0,0.1,staggered-cycle,hybrid-vc,0.009741106698114737,False
robustness,robustness/rep1-stream1-regime0-d50/4,1,1,0,50,1.0,1.0,0.1,staggered-cycle,hybrid-vc,0.008944997302166711,False
robustness,robustness/rep1-stream1-regime0-d50/5,1,1,0,50,1.0,1.0,0.1,staggered-cycle,hybrid-vc,0.008523249697647084,False
robustness,robustness/rep1-stream1-regime0-d50/6,1,1,0,50,1.0,1.0,0.1,staggered-cycle,hybrid-vc,0.00870895031124445,False
robustness,robustness/rep1-stream1-regime0-d50/7,1,1,0,50,1.0,1.0,0.1,staggered-cycle,hybrid-vc,0.008566835101632345,False
robustness,robustness/rep1-stream1-regime0-d50/0,1,1,0,50,1.0,1.0,0.1,staggered-cycle,rank,0.05031773210727511,False
robustness,robustness/rep1-stream1-regime0-d50/1,1,1,0,50,1.0,1.0,0.1,staggered-cycle,rank,0.0267820951287111,False
robustness,robustness/rep1-stream1-regime0-d50/2,1,1,0,50,1.0,1.0,0.1,staggered-cycle,rank,0.028800456372873616,False
robustness,robustness/rep1-stream1-regime0-d50/3,1,1,0,50,1.0,1.0,0.1,staggered-cycle,rank,0.0195551864407543,False
robustness,robustness/rep1-stream1-regime0-d50/4,1,1,0,50,1.0,1.0,0.1,staggered-cycle,rank,0.018223258145913895,False
robustness,robustness/rep1-stream1-regime0-d50/5,1,1,0,50,1.0,1.0,0.1,staggered-cycle,rank,0.04202663190759496,False
robustness,robustness/rep1-stream1-regime0-d50/6,1,1,0,50,1.0,1.0,0.1,staggered-cycle,rank,0.04086885496093673,False
robustness,robustness/rep1-stream1-regime0-d50/7,1,1,0,50,1.0,1.0,0.1,staggered-cycle,rank,0.02649527582443589,False
robustness,robustness/rep1-stream1-regime0-d50/0,1,1,0,50,1.0,1.0,0.1,staggered-cycle,soft-quadratic,0.008237375242455734,False
robustness,robustness/rep1-stream1-regime0-d50/1,1,1,0,50,1.0,1.0,0.1,staggered-cycle,soft-quadratic,0.00911531914723177,False
robustness,robustness/rep1-stream1-regime0-d50/2,1,1,0,50,1.0,1.0,0.1,staggered-cycle,soft-quadratic,0.009103777638443424,False
robustness,robustness/rep1-stream1-regime0-d50/3,1,1,0,50,1.0,1.0,0.1,staggered-cycle,soft-quadratic,0.009559415120632691,False
robustness,robustness/rep1-stream1-regime0-d50/4,1,1,0,50,1.0,1.0,0.1,staggered-cycle,soft-quadratic,0.008775968369610565,False
robustness,robustness/rep1-stream1-regime0-d50/5,1,1,0,50,1.0,1.0,0.1,staggered-cycle,soft-quadratic,0.008656490528701963,False
robustness,robustness/rep1-stream1-regime0-d50/6,1,1,0,50,1.0,1.0,0.1,staggered-cycle,soft-quadratic,0.008836802447824947,False
robustness,robustness/rep1-stream1-regime0-d50/7,1,1,0,50,1.0,1.0,0.1,staggered-cycle,soft-quadratic,0.008688142377904008,False
robustness,robustness/rep1-stream1-regime1-d20/0,1,1,1,20,1.0,1.0,0.0,staggered-cycle,hybrid-vc,3.367052124916229e-05,True
robustness,robustness/rep1-stream1-regime1-d20/1,1,1,1,20,1.0,1.0,0.0,staggered-cycle,hybrid-vc,7.419522920972968e-05,True
robustness,robustness/rep1-stream1-regime1-d20/2,1,1,1,20,1.0,1.0,0.0,staggered-cycle,hybrid-vc,0.0001292107797672677,True
robustness,robustness/rep1-stream1-regime1-d20/3,1,1,1,20,1.0,1.0,0.0,staggered-cycle,hybrid-vc,3.74091611921948e-05,True
robustness,robustness/rep1-stream1-regime1-d20/4,1,1,1,20,1.0,1.0,0.0,staggered-cycle,hybrid-vc,6.32079676495748e-05,True
robustness,robustness/rep1-stream1-regime1-d20/5,1,1,1,20,1.0,1.0,0.0,staggered-cycle,hybrid-vc,0.0001030165166817839,True
robustness,robustness/rep1-stream1-regime1-d20/6,1,1,1,20,1.0,1.0,0.0,staggered-cycle,hybrid-vc,7.171473751587473e-05,True
robustness,robustness/rep1-stream1-regime1-d20/7,1,1,1,20,1.0,1.0,0.0,staggered-cycle,hybrid-vc,6.0185817729615494e-05,True
robustness,robustness/rep1-stream1-regime1-d20/0,1,1,1,20,1.0,1.0,0.0,staggered-cycle,rank,0.022397698068898148,True
robustness,robustness/rep1-stream1-regime1-d20/1,1,1,1,20,1.0,1.0,0.0,staggered-cycle,rank,0.005646702828181922,True
robustness,robustness/rep1-stream1-regime1-d20/2,1,1,1,20,1.0,1.0,0.0,staggered-cycle,rank,0.009675542765635783,True
robustness,robustness/rep1-stream1-regime1-d20/3,1,1,1,20,1.0,1.0,0.0,staggered-cycle,rank,0.06627623872779975,True
robustness,robustness/rep1-stream1-regime1-d20/4,1,1,1,20,1.0,1.0,0.0,staggered-cycle,rank,0.009968054776613026,True
robustness,robustness/rep1-stream1-regime1-d20/5,1,1,1,20,1.0,1.0,0.0,staggered-cycle,rank,0.015806122148267283,True
robustness,robustness/rep1-stream1-regime1-d20/6,1,1,1,20,1.0,1.0,0.0,staggered-cycle,rank,0.009700978343626212,True
robustness,robustness/rep1-stream1-regime1-d20/7,1,1,1,20,1.0,1.0,0.0,staggered-cycle,rank,0.006989308079668138,True
robustness,robustness/rep1-stream1-regime1-d20/0,1,1,1,20,1.0,1.0,0.0,staggered-cycle,soft-quadratic,5.97792986347291e-05,True
robustness,robustness/rep1-stream1-regime1-d20/1,1,1,1,20,1.0,1.0,0.0,staggered-cycle,soft-quadratic,9.082801513483111e-05,True
robustness,robustness/rep1-stream1-regime1-d20/2,1,1,1,20,1.0,1.0,0.0,staggered-cycle,soft-quadratic,0.0001702128257047376,True
robustness,robustness/rep1-stream1-regime1-d20/3,1,1,1,20,1.0,1.0,0.0,staggered-cycle,soft-quadratic,0.00015282600458990726,True
robustness,robustness/rep1-stream1-regime1-d20/4,1,1,1,20,1.0,1.0,0.0,staggered-cycle,soft-quadratic,0.00012983062819121912,True
robustness,robustness/rep1-stream1-regime1-d20/5,1,1,1,20,1.0,1.0,0.0,staggered-cycle,soft-quadratic,0.00013364925960256913,True
robustness,robustness/rep1-stream1-regime1-d20/6,1,1,1,20,1.0,1.0,0.0,staggered-cycle,soft-quadratic,9.494346508261631e-05,True
robustness,robustness/rep1-stream1-regime1-d20/7,1,1,1,20,1.0,1.0,0.0,staggered-cycle,soft-quadratic,7.294000217252751e-05,True
robustness,robustness/rep1-stream1-regime1-d20/0,1,1,1,20,1.0,1.0,0.01,staggered-cycle,hybrid-vc,0.00015996575529355153,True
robustness,robustness/rep1-stream1-regime1-d20/1,1,1,1,20,1.0,1.0,0.01,staggered-cycle,hybrid-vc,0.0003345144256360405,True
robustness,robustness/rep1-stream1-regime1-d20/2,1,1,1,20,1.0,1.0,0.01,staggered-cycle,hybrid-vc,0.00019527704392258786,True
robustness,robustness/rep1-stream1-regime1-d20/3,1,1,1,20,1.0,1.0,0.01,staggered-cycle,hybrid-vc,0.00019424577707899732,True
robustness,robustness/rep1-stream1-regime1-d20/4,1,1,1,20,1.0,1.0,0.01,staggered-cycle,hybrid-vc,0.00012565218960409037,True
robustness,robustness/rep1-stream1-regime1-d20/5,1,1,1,20,1.0,1.0,0.01,staggered-cycle,hybrid-vc,0.0001444321367889927,True
robustness,robustness/rep1-stream1-regime1-d20/6,1,1,1,20,1.0,1.0,0.01,staggered-cycle,hybrid-vc,0.00017664324358756178,True
robustness,robustness/rep1-stream1-regime1-d20/7,1,1,1,20,1.0,1.0,0.01,staggered-cycle,hybrid-vc,0.0001441502568870007,True
robustness,robustness/rep1-stream1-regime1-d20/0,1,1,1,20,1.0,1.0,0.01,staggered-cycle,rank,0.022380069659289233,True
robustness,robustness/rep1-stream1-regime1-d20/1,1,1,1,20,1.0,1.0,0.01,staggered-cycle,rank,0.006115045859825634,True
robustness,robustness/rep1-stream1-regime1-d20/2,1,1,1,20,1.0,1.0,0.01,staggered-cycle,rank,0.010045955573952709,True
robustness,robustness/rep1-stream1-regime1-d20/3,1,1,1,20,1.0,1.0,0.01,staggered-cycle,rank,0.06744537277224864,True
robustness,robustness/rep1-stream1-regime1-d20/4,1,1,1,20,1.0,1.0,0.01,staggered-cycle,rank,0.01015132603553946,True
robustness,robustness/rep1-stream1-regime1-d20/5,1,1,1,20,1.0,1.0,0.01,staggered-cycle,rank,0.01557976960359299,True
robustness,robustness/rep1-stream1-regime1-d20/6,1,1,1,20,1.0,1.0,0.01,staggered-cycle,rank,0.009971952628353856,True
robustness,robustness/rep1-stream1-regime1-d20/7,1,1,1,20,1.0,1.0,0.01,staggered-cycle,rank,0.006745848974990254,True
robustness,robustness/rep1-stream1-regime1-d20/0,1,1,1,20,1.0,1.0,0.01,staggered-cycle,soft-quadratic,0.0001402551534232268,True
robustness,robustness/rep1-stream1-regime1-d20/1,1,1,1,20,1.0,1.0,0.01,staggered-cycle,soft-quadratic,0.00021087082752296692,True
robustness,robustness/rep1-stream1-regime1-d20/2,1,1,1,20,1.0,1.0,0.01,staggered-cycle,soft-quadratic,0.00026179237332310334,True
robustness,robustness/rep1-stream1-regime1-d20/3,1,1,1,20,1.0,1.0,0.01,staggered-cycle,soft-quadratic,0.0003486355662261877,True
robustness,robustness/rep1-stream1-regime1-d20/4,1,1,1,20,1.0,1.0,0.01,staggered-cycle,soft-quadratic,0.00015021599240321498,True
robustness,robustness/rep1-stream1-regime1-d20/5,1,1,1,20,1.0,1.0,0.01,staggered-cycle,soft-quadratic,0.00022092104562497774,True
robustness,robustness/rep1-stream1-regime1-d20/6,1,1,1,20,1.0,1.0,0.01,staggered-cycle,soft-quadratic,0.00013551123690070258,True
robustness,robustness/rep1-stream1-regime1-d20/7,1,1,1,20,1.0,1.0,0.01,staggered-cycle,soft-quadratic,0.00022816655604546236,True
robustness,robustness/rep1-stream1-regime1-d20/0,1,1,1,20,1.0,1.0,0.03,staggered-cycle,hybrid-vc,0.0010855287818598053,True
robustness,robustness/rep1-stream1-regime1-d20/1,1,1,1,20,1.0,1.0,0.03,staggered-cycle,hybrid-vc,0.0011906446971952358,True
robustness,robustness/rep1-stream1-regime1-d20/2,1,1,1,20,1.0,1.0,0.03,staggered-cycle,hybrid-vc,0.0008860956419561149,True
robustness,robustness/rep1-stream1-regime1-d20/3,1,1,1,20,1.0,1.0,0.03,staggered-cycle,hybrid-vc,0.0012814920364707088,True
robustness,robustness/rep1-stream1-regime1-d20/4,1,1,1,20,1.0,1.0,0.03,staggered-cycle,hybrid-vc,0.0017201369210784908,True
robustness,robustness/rep1-stream1-regime1-d20/5,1,1,1,20,1.0,1.0,0.03,staggered-cycle,hybrid-vc,0.0012071343212612282,True
robustness,robustness/rep1-stream1-regime1-d20/6,1,1,1,20,1.0,1.0,0.03,staggered-cycle,hybrid-vc,0.0009973119539891716,True
robustness,robustness/rep1-stream1-regime1-d20/7,1,1,1,20,1.0,1.0,0.03,staggered-cycle,hybrid-vc,0.0017207901627101791,True
robustness,robustness/rep1-stream1-regime1-d20/0,1,1,1,20,1.0,1.0,0.03,staggered-cycle,rank,0.02335531925479459,True
robustness,robustness/rep1-stream1-regime1-d20/1,1,1,1,20,1.0,1.0,0.03,staggered-cycle,rank,0.007537876604261553,True
robustness,robustness/rep1-stream1-regime1-d20/2,1,1,1,20,1.0,1.0,0.03,staggered-cycle,rank,0.011187992632403892,True
robustness,robustness/rep1-stream1-regime1-d20/3,1,1,1,20,1.0,1.0,0.03,staggered-cycle,rank,0.06911038298861077,True
robustness,robustness/rep1-stream1-regime1-d20/4,1,1,1,20,1.0,1.0,0.03,staggered-cycle,rank,0.011159753364781028,True
robustness,robustness/rep1-stream1-regime1-d20/5,1,1,1,20,1.0,1.0,0.03,staggered-cycle,rank,0.015528575676977076,True
robustness,robustness/rep1-stream1-regime1-d20/6,1,1,1,20,1.0,1.0,0.03,staggered-cycle,rank,0.010746273213660236,True
robustness,robustness/rep1-stream1-regime1-d20/7,1,1,1,20,1.0,1.0,0.03,staggered-cycle,rank,0.007485472543287453,True
robustness,robustness/rep1-stream1-regime1-d20/0,1,1,1,20,1.0,1.0,0.03,staggered-cycle,soft-quadratic,0.00078074672414708,True
robustness,robustness/rep1-stream1-regime1-d20/1,1,1,1,20,1.0,1.0,0.03,staggered-cycle,soft-quadratic,0.00097979892314953,True
robustness,robustness/rep1-stream1-regime1-d20/2,1,1,1,20,1.0,1.0,0.03,staggered-cycle,soft-quadratic,0.0007851932034454008,True
robustness,robustness/rep1-stream1-regime1-d20/3,1,1,1,20,1.0,1.0,0.03,staggered-cycle,soft-quadratic,0.001319516300922015,True
robustness,robustness/rep1-stream1-regime1-d20/4,1,1,1,20,1.0,1.0,0.03,staggered-cycle,soft-quadratic,0.0008001665236957772,True
robustness,robustness/rep1-stream1-regime1-d20/5,1,1,1,20,1.0,1.0,0.03,staggered-cycle,soft-quadratic,0.001126220994679618,True
robustness,robustness/rep1-stream1-regime1-d20/6,1,1,1,20,1.0,1.0,0.03,staggered-cycle,soft-quadratic,0.0007170541279841733,True
robustness,robustness/rep1-stream1-regime1-d20/7,1,1,1,20,1.0,1.0,0.03,staggered-cycle,soft-quadratic,0.0009051468395357222,True
robustness,robustness/rep1-stream1-regime1-d20/0,1,1,1,20,1.0,1.0,0.1,staggered-cycle,hybrid-vc,0.009199725045976973,False
robustness,robustness/rep1-stream1-regime1-d20/1,1,1,1,20,1.0,1.0,0.1,staggered-cycle,hybrid-vc,0.009441784581390212,False
robustness,robustness/rep1-stream1-regime1-d20/2,1,1,1,20,1.0,1.0,0.1,staggered-cycle,hybrid-vc,0.008443900327425436,False
robustness,robustness/rep1-stream1-regime1-d20/3,1,1,1,20,1.0,1.0,0.1,staggered-cycle,hybrid-vc,0.008821620330622526,False
robustness,robustness/rep1-stream1-regime1-d20/4,1,1,1,20,1.0,1.0,0.1,staggered-cycle,hybrid-vc,0.009190527940712448,False
robustness,robustness/rep1-stream1-regime1-d20/5,1,1,1,20,1.0,1.0,0.1,staggered-cycle,hybrid-vc,0.008955939435642024,False
robustness,robustness/rep1-stream1-regime1-d20/6,1,1,1,20,1.0,1.0,0.1,staggered-cycle,hybrid-vc,0.012067434437825781,False
robustness,robustness/rep1-stream1-regime1-d20/7,1,1,1,20,1.0,1.0,0.1,staggered-cycle,hybrid-vc,0.009889497223568534,False
robustness,robustness/rep1-stream1-regime1-d20/0,1,1,1,20,1.0,1.0,0.1,staggered-cycle,rank,0.03271674140464152,False
robustness,robustness/rep1-stream1-regime1-d20/1,1,1,1,20,1.0,1.0,0.1,staggered-cycle,rank,0.016351472778521326,False
robustness,robustness/rep1-stream1-regime1-d20/2,1,1,1,20,1.0,1.0,0.1,staggered-cycle,rank,0.01957736618960401,False
robustness,robustness/rep1-stream1-regime1-d20/3,1,1,1,20,1.0,1.0,0.1,staggered-cycle,rank,0.07745644866599423,False
robustness,robustness/rep1-stream1-regime1-d20/4,1,1,1,20,1.0,1.0,0.1,staggered-cycle,rank,0.02047245054643383,False
robustness,robustness/rep1-stream1-regime1-d20/5,1,1,1,20,1.0,1.0,0.1,staggered-cycle,rank,0.021752862326750878,False
robustness,robustness/rep1-stream1-regime1-d20/6,1,1,1,20,1.0,1.0,0.1,staggered-cycle,rank,0.022822105810741743,False
robustness,robustness/rep1-stream1-regime1-d20/7,1,1,1,20,1.0,1.0,0.1,staggered-cycle,rank,0.014130024487903207,False
robustness,robustness/rep1-stream1-regime1-d20/0,1,1,1,20,1.0,1.0,0.1,staggered-cycle,soft-quadratic,0.008962374998388485,False
robustness,robustness/rep1-stream1-regime1-d20/1,1,1,1,20,1.0,1.0,0.1,staggered-cycle,soft-quadratic,0.009579221538626018,False
robustness,robustness/rep1-stream1-regime1-d20/2,1,1,1,20,1.0,1.0,0.1,staggered-cycle,soft-quadratic,0.008349983778064007,False
robustness,robustness/rep1-stream1-regime1-d20/3,1,1,1,20,1.0,1.0,0.1,staggered-cycle,soft-quadratic,0.00847123340604888,False
robustness,robustness/rep1-stream1-regime1-d20/4,1,1,1,20,1.0,1.0,0.1,staggered-cycle,soft-quadratic,0.009898433564604061,False
robustness,robustness/rep1-stream1-regime1-d20/5,1,1,1,20,1.0,1.0,0.1,staggered-cycle,soft-quadratic,0.008775282015557736,False
robustness,robustness/rep1-stream1-regime1-d20/6,1,1,1,20,1.0,1.0,0.1,staggered-cycle,soft-quadratic,0.0112239439567012,False
robustness,robustness/rep1-stream1-regime1-d20/7,1,1,1,20,1.0,1.0,0.1,staggered-cycle,soft-quadratic,0.008536054331129427,False
robustness,robustness/rep0-stream0-regime0-d20/0,0,0,0,20,1.0,1.0,0.0,staggered-cycle,hybrid-vc,9.931476929407455e-05,True
robustness,robustness/rep0-stream0-regime0-d20/1,0,0,0,20,1.0,1.0,0.0,staggered-cycle,hybrid-vc,7.852891802212836e-05,True
robustness,robustness/rep0-stream0-regime0-d20/2,0,0,0,20,1.0,1.0,0.0,staggered-cycle,hybrid-vc,5.8203265449767376e-05,True
robustness,robustness/rep0-stream0-regime0-d20/3,0,0,0,20,1.0,1.0,0.0,staggered-cycle,hybrid-vc,0.00010642628097702932,True
robustness,robustness/rep0-stream0-regime0-d20/4,0,0,0,20,1.0,1.0,0.0,staggered-cycle,hybrid-vc,4.957714550884674e-05,True
robustness,robustness/rep0-stream0-regime0-d20/5,0,0,0,20,1.0,1.0,0.0,staggered-cycle,hybrid-vc,9.347315637021061e-05,True
robustness,robustness/rep0-stream0-regime0-d20/6,0,0,0,20,1.0,1.0,0.0,staggered-cycle,hybrid-vc,0.00011323648438218249,True
robustness,robustness/rep0-stream0-regime0-d20/7,0,0,0,20,1.0,1.0,0.0,staggered-cycle,hybrid-vc,3.7298130436498267e-05,True
robustness,robustness/rep0-stream0-regime0-d20/0,0,0,0,20,1.0,1.0,0.0,staggered-cycle,rank,0.00936682088373381,True
robustness,robustness/rep0-stream0-regime0-d20/1,0,0,0,20,1.0,1.0,0.0,staggered-cycle,rank,0.007780793298226546,True
robustness,robustness/rep0-stream0-regime0-d20/2,0,0,0,20,1.0,1.0,0.0,staggered-cycle,rank,0.008460305264440787,True
robustness,robustness/rep0-stream0-regime0-d20/3,0,0,0,20,1.0,1.0,0.0,staggered-cycle,rank,0.007552953330362121,True
robustness,robustness/rep0-stream0-regime0-d20/4,0,0,0,20,1.0,1.0,0.0,staggered-cycle,rank,0.014466034620358965,True
robustness,robustness/rep0-stream0-regime0-d20/5,0,0,0,20,1.0,1.0,0.0,staggered-cycle,rank,0.008252022877541629,True
robustness,robustness/rep0-stream0-regime0-d20/6,0,0,0,20,1.0,1.0,0.0,staggered-cycle,rank,0.005224305773505615,True
robustness,robustness/rep0-stream0-regime0-d20/7,0,0,0,20,1.0,1.0,0.0,staggered-cycle,rank,0.007292718657687564,True
robustness,robustness/rep0-stream0-regime0-d20/0,0,0,0,20,1.0,1.0,0.0,staggered-cycle,soft-quadratic,0.00016060763851346083,True
robustness,robustness/rep0-stream0-regime0-d20/1,0,0,0,20,1.0,1.0,0.0,staggered-cycle,soft-quadratic,0.00016482081517236506,True
robustness,robustness/rep0-stream0-regime0-d20/2,0,0,0,20,1.0,1.0,0.0,staggered-cycle,soft-quadratic,0.00013699262559046217,True
robustness,robustness/rep0-stream0-regime0-d20/3,0,0,0,20,1.0,1.0,0.0,staggered-cycle,soft-quadratic,0.00020097307064269014,True
robustness,robustness/rep0-stream0-regime0-d20/4,0,0,0,20,1.0,1.0,0.0,staggered-cycle,soft-quadratic,7.181890325398129e-05,True
robustness,robustness/rep0-stream0-regime0-d20/5,0,0,0,20,1.0,1.0,0.0,staggered-cycle,soft-quadratic,0.00023584018385851545,True
robustness,robustness/rep0-stream0-regime0-d20/6,0,0,0,20,1.0,1.0,0.0,staggered-cycle,soft-quadratic,0.00015140600156110986,True
robustness,robustness/rep0-stream0-regime0-d20/7,0,0,0,20,1.0,1.0,0.0,staggered-cycle,soft-quadratic,0.00014847666010620402,True
robustness,robustness/rep0-stream0-regime0-d20/0,0,0,0,20,1.0,1.0,0.01,staggered-cycle,hybrid-vc,0.00019433929266573024,True
robustness,robustness/rep0-stream0-regime0-d20/1,0,0,0,20,1.0,1.0,0.01,staggered-cycle,hybrid-vc,0.00020088143548432067,True
robustness,robustness/rep0-stream0-regime0-d20/2,0,0,0,20,1.0,1.0,0.01,staggered-cycle,hybrid-vc,0.00027438831209143844,True
robustness,robustness/rep0-stream0-regime0-d20/3,0,0,0,20,1.0,1.0,0.01,staggered-cycle,hybrid-vc,0.00012860143453475445,True
robustness,robustness/rep0-stream0-regime0-d20/4,0,0,0,20,1.0,1.0,0.01,staggered-cycle,hybrid-vc,0.00017932901976728147,True
robustness,robustness/rep0-stream0-regime0-d20/5,0,0,0,20,1.0,1.0,0.01,staggered-cycle,hybrid-vc,0.00023802977601089704,True
robustness,robustness/rep0-stream0-regime0-d20/6,0,0,0,20,1.0,1.0,0.01,staggered-cycle,hybrid-vc,0.00010242462648075138,True
robustness,robustness/rep0-stream0-regime0-d20/7,0,0,0,20,1.0,1.0,0.01,staggered-cycle,hybrid-vc,0.00011750024781052554,True
robustness,robustness/rep0-stream0-regime0-d20/0,0,0,0,20,1.0,1.0,0.01,staggered-cycle,rank,0.009381479573203497,True
robustness,robustness/rep0-stream0-regime0-d20/1,0,0,0,20,1.0,1.0,0.01,staggered-cycle,rank,0.007894690599547434,True
robustness,robustness/rep0-stream0-regime0-d20/2,0,0,0,20,1.0,1.0,0.01,staggered-cycle,rank,0.008856744073319413,True
robustness,robustness/rep0-stream0-regime0-d20/3,0,0,0,20,1.0,1.0,0.01,staggered-cycle,rank,0.007550645018653443,True
robustness,robustness/rep0-stream0-regime0-d20/4,0,0,0,20,1.0,1.0,0.01,staggered-cycle,rank,0.014731007104476663,True
robustness,robustness/rep0-stream0-regime0-d20/5,0,0,0,20,1.0,1.0,0.01,staggered-cycle,rank,0.008176605982557398,True
robustness,robustness/rep0-stream0-regime0-d20/6,0,0,0,20,1.0,1.0,0.01,staggered-cycle,rank,0.005308556680490452,True
robustness,robustness/rep0-stream0-regime0-d20/7,0,0,0,20,1.0,1.0,0.01,staggered-cycle,rank,0.007385594251291058,True
robustness,robustness/rep0-stream0-regime0-d20/0,0,0,0,20,1.0,1.0,0.01,staggered-cycle,soft-quadratic,0.0002226518903798787,True
robustness,robustness/rep0-stream0-regime0-d20/1,0,0,0,20,1.0,1.0,0.01,staggered-cycle,soft-quadratic,0.0002757259427484946,True
robustness,robustness/rep0-stream0-regime0-d20/2,0,0,0,20,1.0,1.0,0.01,staggered-cycle,soft-quadratic,0.0003027227396325676,True
robustness,robustness/rep0-stream0-regime0-d20/3,0,0,0,20,1.0,1.0,0.01,staggered-cycle,soft-quadratic,0.0002178023003552172,True
robustness,robustness/rep0-stream0-regime0-d20/4,0,0,0,20,1.0,1.0,0.01,staggered-cycle,soft-quadratic,0.00014825220927629622,True
robustness,robustness/rep0-stream0-regime0-d20/5,0,0,0,20,1.0,1.0,0.01,staggered-cycle,soft-quadratic,0.0003138664321731575,True
robustness,robustness/rep0-stream0-regime0-d20/6,0,0,0,20,1.0,1.0,0.01,staggered-cycle,soft-quadratic,0.0002503157814999793,True
robustness,robustness/rep0-stream0-regime0-d20/7,0,0,0,20,1.0,1.0,0.01,staggered-cycle,soft-quadratic,0.00019823085158933483,True
robustness,robustness/rep0-stream0-regime0-d20/0,0,0,0,20,1.0,1.0,0.03,staggered-cycle,hybrid-vc,0.0006480838661875195,True
robustness,robustness/rep0-stream0-regime0-d20/1,0,0,0,20,1.0,1.0,0.03,staggered-cycle,hybrid-vc,0.0011055224797205429,True
robustness,robustness/rep0-stream0-regime0-d20/2,0,0,0,20,1.0,1.0,0.03,staggered-cycle,hybrid-vc,0.001094082956419611,True
robustness,robustness/rep0-stream0-regime0-d20/3,0,0,0,20,1.0,1.0,0.03,staggered-cycle,hybrid-vc,0.0007839683266800802,True
robustness,robustness/rep0-stream0-regime0-d20/4,0,0,0,20,1.0,1.0,0.03,staggered-cycle,hybrid-vc,0.0009208252262829508,True
robustness,robustness/rep0-stream0-regime0-d20/5,0,0,0,20,1.0,1.0,0.03,staggered-cycle,hybrid-vc,0.0008226264104143411,True
robustness,robustness/rep0-stream0-regime0-d20/6,0,0,0,20,1.0,1.0,0.03,staggered-cycle,hybrid-vc,0.0009006704775946842,True
robustness,robustness/rep0-stream0-regime0-d20/7,0,0,0,20,1.0,1.0,0.03,staggered-cycle,hybrid-vc,0.0007457989720198862,True
robustness,robustness/rep0-stream0-regime0-d20/0,0,0,0,20,1.0,1.0,0.03,staggered-cycle,rank,0.010426148764590894,True
robustness,robustness/rep0-stream0-regime0-d20/1,0,0,0,20,1.0,1.0,0.03,staggered-cycle,rank,0.008418801120717688,True
robustness,robustness/rep0-stream0-regime0-d20/2,0,0,0,20,1.0,1.0,0.03,staggered-cycle,rank,0.009758361661409183,True
robustness,robustness/rep0-stream0-regime0-d20/3,0,0,0,20,1.0,1.0,0.03,staggered-cycle,rank,0.008024730033995602,True
robustness,robustness/rep0-stream0-regime0-d20/4,0,0,0,20,1.0,1.0,0.03,staggered-cycle,rank,0.015702478237065543,True
robustness,robustness/rep0-stream0-regime0-d20/5,0,0,0,20,1.0,1.0,0.03,staggered-cycle,rank,0.008311451876698756,True
robustness,robustness/rep0-stream0-regime0-d20/6,0,0,0,20,1.0,1.0,0.03,staggered-cycle,rank,0.005492280724820421,True
robustness,robustness/rep0-stream0-regime0-d20/7,0,0,0,20,1.0,1.0,0.03,staggered-cycle,rank,0.00797163087553874,True
robustness,robustness/rep0-stream0-regime0-d20/0,0,0,0,20,1.0,1.0,0.03,staggered-cycle,soft-quadratic,0.0006646595967818488,True
robustness,robustness/rep0-stream0-regime0-d20/1,0,0,0,20,1.0,1.0,0.03,staggered-cycle,soft-quadratic,0.000976854277198609,True
robustness,robustness/rep0-stream0-regime0-d20/2,0,0,0,20,1.0,1.0,0.03,staggered-cycle,soft-quadratic,0.0010223838071301017,True
robustness,robustness/rep0-stream0-regime0-d20/3,0,0,0,20,1.0,1.0,0.03,staggered-cycle,soft-quadratic,0.0009133164344961749,True
robustness,robustness/rep0-stream0-regime0-d20/4,0,0,0,20,1.0,1.0,0.03,staggered-cycle,soft-quadratic,0.0008761193548552344,True
robustness,robustness/rep0-stream0-regime0-d20/5,0,0,0,20,1.0,1.0,0.03,staggered-cycle,soft-quadratic,0.000766297728115552,True
robustness,robustness/rep0-stream0-regime0-d20/6,0,0,0,20,1.0,1.0,0.03,staggered-cycle,soft-quadratic,0.0010114959368075483,True
robustness,robustness/rep0-stream0-regime0-d20/7,0,0,0,20,1.0,1.0,0.03,staggered-cycle,soft-quadratic,0.000736723092012086,True
robustness,robustness/rep0-stream0-regime0-d20/0,0,0,0,20,1.0,1.0,0.1,staggered-cycle,hybrid-vc,0.0073618592730518686,False
robustness,robustness/rep0-stream0-regime0-d20/1,0,0,0,20,1.0,1.0,0.1,staggered-cycle,hybrid-vc,0.008188363878587391,False
robustness,robustness/rep0-stream0-regime0-d20/2,0,0,0,20,1.0,1.0,0.1,staggered-cycle,hybrid-vc,0.00865735640460649,False
robustness,robustness/rep0-stream0-regime0-d20/3,0,0,0,20,1.0,1.0,0.1,staggered-cycle,hybrid-vc,0.010996159476704116,False
robustness,robustness/rep0-stream0-regime0-d20/4,0,0,0,20,1.0,1.0,0.1,staggered-cycle,hybrid-vc,0.008283824448009762,False
robustness,robustness/rep0-stream0-regime0-d20/5,0,0,0,20,1.0,1.0,0.1,staggered-cycle,hybrid-vc,0.010999540602272491,False
robustness,robustness/rep0-stream0-regime0-d20/6,0,0,0,20,1.0,1.0,0.1,staggered-cycle,hybrid-vc,0.006597901519324103,False
robustness,robustness/rep0-stream0-regime0-d20/7,0,0,0,20,1.0,1.0,0.1,staggered-cycle,hybrid-vc,0.009353734602043997,False
robustness,robustness/rep0-stream0-regime0-d20/0,0,0,0,20,1.0,1.0,0.1,staggered-cycle,rank,0.016952871511265302,False
robustness,robustness/rep0-stream0-regime0-d20/1,0,0,0,20,1.0,1.0,0.1,staggered-cycle,rank,0.015955917975132912,False
robustness,robustness/rep0-stream0-regime0-d20/2,0,0,0,20,1.0,1.0,0.1,staggered-cycle,rank,0.0202768021179029,False
robustness,robustness/rep0-stream0-regime0-d20/3,0,0,0,20,1.0,1.0,0.1,staggered-cycle,rank,0.017193549704719042,False
robustness,robustness/rep0-stream0-regime0-d20/4,0,0,0,20,1.0,1.0,0.1,staggered-cycle,rank,0.022212345962728586,False
robustness,robustness/rep0-stream0-regime0-d20/5,0,0,0,20,1.0,1.0,0.1,staggered-cycle,rank,0.015808067693151157,False
robustness,robustness/rep0-stream0-regime0-d20/6,0,0,0,20,1.0,1.0,0.1,staggered-cycle,rank,0.007300719940726293,False
robustness,robustness/rep0-stream0-regime0-d20/7,0,0,0,20,1.0,1.0,0.1,staggered-cycle,rank,0.014042780450745796,False
robustness,robustness/rep0-stream0-regime0-d20/0,0,0,0,20,1.0,1.0,0.1,staggered-cycle,soft-quadratic,0.007118619420310005,False
robustness,robustness/rep0-stream0-regime0-d20/1,0,0,0,20,1.0,1.0,0.1,staggered-cycle,soft-quadratic,0.008394275658657085,False
robustness,robustness/rep0-stream0-regime0-d20/2,0,0,0,20,1.0,1.0,0.1,staggered-cycle,soft-quadratic,0.009408646563464157,False
robustness,robustness/rep0-stream0-regime0-d20/3,0,0,0,20,1.0,1.0,0.1,staggered-cycle,soft-quadratic,0.011224712986064636,False
robustness,robustness/rep0-stream0-regime0-d20/4,0,0,0,20,1.0,1.0,0.1,staggered-cycle,soft-quadratic,0.008503013919502351,False
robustness,robustness/rep0-stream0-regime0-d20/5,0,0,0,20,1.0,1.0,0.1,staggered-cycle,soft-quadratic,0.01055252617765869,False
robustness,robustness/rep0-stream0-regime0-d20/6,0,0,0,20,1.0,1.0,0.1,staggered-cycle,soft-quadratic,0.006540701306412143,False
robustness,robustness/rep0-stream0-regime0-d20/7,0,0,0,20,1.0,1.0,0.1,staggered-cycle,soft-quadratic,0.008531702571060241,False
robustness,robustness/rep0-stream0-regime1-d10/0,0,0,1,10,1.0,1.0,0.0,staggered-cycle,hybrid-vc,0.00019278594867887247,True
robustness,robustness/rep0-stream0-regime1-d10/1,0,0,1,10,1.0,1.0,0.0,staggered-cycle,hybrid-vc,0.00011619886491734178,True
robustness,robustness/rep0-stream0-regime1-d10/2,0,0,1,10,1.0,1.0,0.0,staggered-cycle,hybrid-vc,0.00018913467327472984,True
robustness,robustness/rep0-stream0-regime1-d10/3,0,0,1,10,1.0,1.0,0.0,staggered-cycle,hybrid-vc,0.00035917465299376114,True
robustness,robustness/rep0-stream0-regime1-d10/4,0,0,1,10,1.0,1.0,0.0,staggered-cycle,hybrid-vc,0.00029380996917591754,True
robustness,robustness/rep0-stream0-regime1-d10/5,0,0,1,10,1.0,1.0,0.0,staggered-cycle,hybrid-vc,0.0002631223664443305,True
robustness,robustness/rep0-stream0-regime1-d10/6,0,0,1,10,1.0,1.0,0.0,staggered-cycle,hybrid-vc,0.00042961152115621344,True
robustness,robustness/rep0-stream0-regime1-d10/7,0,0,1,10,1.0,1.0,0.0,staggered-cycle,hybrid-vc,0.00011920009015576085,True
robustness,robustness/rep0-stream0-regime1-d10/0,0,0,1,10,1.0,1.0,0.0,staggered-cycle,rank,0.011273152867236336,True
robustness,robustness/rep0-stream0-regime1-d10/1,0,0,1,10,1.0,1.0,0.0,staggered-cycle,rank,0.00786456429406884,True
robustness,robustness/rep0-stream0-regime1-d10/2,0,0,1,10,1.0,1.0,0.0,staggered-cycle,rank,0.0038701581788495114,True
robustness,robustness/rep0-stream0-regime1-d10/3,0,0,1,10,1.0,1.0,0.0,staggered-cycle,rank,0.0011789397964767573,True
robustness,robustness/rep0-stream0-regime1-d10/4,0,0,1,10,1.0,1.0,0.0,staggered-cycle,rank,0.001951903184893589,True
robustness,robustness/rep0-stream0-regime1-d10/5,0,0,1,10,1.0,1.0,0.0,staggered-cycle,rank,0.0380369399276671,True
robustness,robustness/rep0-stream0-regime1-d10/6,0,0,1,10,1.0,1.0,0.0,staggered-cycle,rank,0.0015659104452586396,True
robustness,robustness/rep0-stream0-regime1-d10/7,0,0,1,10,1.0,1.0,0.0,staggered-cycle,rank,0.014563589807185705,True
robustness,robustness/rep0-stream0-regime1-d10/0,0,0,1,10,1.0,1.0,0.0,staggered-cycle,soft-quadratic,0.00021208607081977913,True
robustness,robustness/rep0-stream0-regime1-d10/1,0,0,1,10,1.0,1.0,0.0,staggered-cycle,soft-quadratic,0.00021144791026656652,True
robustness,robustness/rep0-stream0-regime1-d10/2,0,0,1,10,1.0,1.0,0.0,staggered-cycle,soft-quadratic,0.00024424311945417767,True
robustness,robustness/rep0-stream0-regime1-d10/3,0,0,1,10,1.0,1.0,0.0,staggered-cycle,soft-quadratic,0.0003445049565645204,True
robustness,robustness/rep0-stream0-regime1-d10/4,0,0,1,10,1.0,1.0,0.0,staggered-cycle,soft-quadratic,0.00035825617894914385,True
robustness,robustness/rep0-stream0-regime1-d10/5,0,0,1,10,1.0,1.0,0.0,staggered-cycle,soft-quadratic,0.00021909581103119087,True
robustness,robustness/rep0-stream0-regime1-d10/6,0,0,1,10,1.0,1.0,0.0,staggered-cycle,soft-quadratic,0.0004849818153682195,True
robustness,robustness/rep0-stream0-regime1-d10/7,0,0,1,10,1.0,1.0,0.0,staggered-cycle,soft-quadratic,0.00018541213310104663,True
robustness,robustness/rep0-stream0-regime1-d10/0,0,0,1,10,1.0,1.0,0.01,staggered-cycle,hybrid-vc,0.0003328743918958138,True
robustness,robustness/rep0-stream0-regime1-d10/1,0,0,1,10,1.0,1.0,0.01,staggered-cycle,hybrid-vc,0.0004902991184346025,True
robustness,robustness/rep0-stream0-regime1-d10/2,0,0,1,10,1.0,1.0,0.01,staggered-cycle,hybrid-vc,0.00022241635517199736,True
robustness,robustness/rep0-stream0-regime1-d10/3,0,0,1,10,1.0,1.0,0.01,staggered-cycle,hybrid-vc,0.00018885156145654963,True
robustness,robustness/rep0-stream0-regime1-d10/4,0,0,1,10,1.0,1.0,0.01,staggered-cycle,hybrid-vc,0.00020167341250648826,True
robustness,robustness/rep0-stream0-regime1-d10/5,0,0,1,10,1.0,1.0,0.01,staggered-cycle,hybrid-vc,0.0001868788490722995,True
robustness,robustness/rep0-stream0-regime1-d10/6,0,0,1,10,1.0,1.0,0.01,staggered-cycle,hybrid-vc,0.00022730694769723268,True
robustness,robustness/rep0-stream0-regime1-d10/7,0,0,1,10,1.0,1.0,0.01,staggered-cycle,hybrid-vc,0.00018750722803447618,True
robustness,robustness/rep0-stream0-regime1-d10/0,0,0,1,10,1.0,1.0,0.01,staggered-cycle,rank,0.010974667919373852,True
robustness,robustness/rep0-stream0-regime1-d10/1,0,0,1,10,1.0,1.0,0.01,staggered-cycle,rank,0.006786925967627865,True
robustness,robustness/rep0-stream0-regime1-d10/2,0,0,1,10,1.0,1.0,0.01,staggered-cycle,rank,0.003479856492812867,True
robustness,robustness/rep0-stream0-regime1-d10/3,0,0,1,10,1.0,1.0,0.01,staggered-cycle,rank,0.0011775454332108085,True
robustness,robustness/rep0-stream0-regime1-d10/4,0,0,1,10,1.0,1.0,0.01,staggered-cycle,rank,0.0019337508683397774,True
robustness,robustness/rep0-stream0-regime1-d10/5,0,0,1,10,1.0,1.0,0.01,staggered-cycle,rank,0.037031076889851695,True
robustness,robustness/rep0-stream0-regime1-d10/6,0,0,1,10,1.0,1.0,0.01,staggered-cycle,rank,0.001592862648050831,True
robustness,robustness/rep0-stream0-regime1-d10/7,0,0,1,10,1.0,1.0,0.01,staggered-cycle,rank,0.014412580369155345,True
robustness,robustness/rep0-stream0-regime1-d10/0,0,0,1,10,1.0,1.0,0.01,staggered-cycle,soft-quadratic,0.00046152689134951435,True
robustness,robustness/rep0-stream0-regime1-d10/1,0,0,1,10,1.0,1.0,0.01,staggered-cycle,soft-quadratic,0.0004878154406517198,True
robustness,robustness/rep0-stream0-regime1-d10/2,0,0,1,10,1.0,1.0,0.01,staggered-cycle,soft-quadratic,0.00026404401113911264,True
robustness,robustness/rep0-stream0-regime1-d10/3,0,0,1,10,1.0,1.0,0.01,staggered-cycle,soft-quadratic,0.00013945980338582491,True
robustness,robustness/rep0-stream0-regime1-d10/4,0,0,1,10,1.0,1.0,0.01,staggered-cycle,soft-quadratic,0.00013766662502384683,True
robustness,robustness/rep0-stream0-regime1-d10/5,0,0,1,10,1.0,1.0,0.01,staggered-cycle,soft-quadratic,0.0002722819047740708,True
robustness,robustness/rep0-stream0-regime1-d10/6,0,0,1,10,1.0,1.0,0.01,staggered-cycle,soft-quadratic,0.0002943435336106182,True
robustness,robustness/rep0-stream0-regime1-d10/7,0,0,1,10,1.0,1.0,0.01,staggered-cycle,soft-quadratic,0.00020785064916742534,True
robustness,robustness/rep0-stream0-regime1-d10/0,0,0,1,10,1.0,1.0,0.03,staggered-cycle,hybrid-vc,0.00259848445619193,True
robustness,robustness/rep0-stream0-regime1-d10/1,0,0,1,10,1.0,1.0,0.03,staggered-cycle,hybrid-vc,0.0006569306982396655,True
robustness,robustness/rep0-stream0-regime1-d10/2,0,0,1,10,1.0,1.0,0.03,staggered-cycle,hybrid-vc,0.00080575802698298,True
robustness,robustness/rep0-stream0-regime1-d10/3,0,0,1,10,1.0,1.0,0.03,staggered-cycle,hybrid-vc,0.0007488090032265699,True
robustness,robustness/rep0-stream0-regime1-d10/4,0,0,1,10,1.0,1.0,0.03,staggered-cycle,hybrid-vc,0.0010881302977626484,True
robustness,robustness/rep0-stream0-regime1-d10/5,0,0,1,10,1.0,1.0,0.03,staggered-cycle,hybrid-vc,0.0011434110606654824,True
robustness,robustness/rep0-stream0-regime1-d10/6,0,0,1,10,1.0,1.0,0.03,staggered-cycle,hybrid-vc,0.00108102948377833,True
robustness,robustness/rep0-stream0-regime1-d10/7,0,0,1,10,1.0,1.0,0.03,staggered-cycle,hybrid-vc,0.0005849613411681599,True
robustness,robustness/rep0-stream0-regime1-d10/0,0,0,1,10,1.0,1.0,0.03,staggered-cycle,rank,0.012925281892487688,True
robustness,robustness/rep0-stream0-regime1-d10/1,0,0,1,10,1.0,1.0,0.03,staggered-cycle,rank,0.004945981553182997,True
robustness,robustness/rep0-stream0-regime1-d10/2,0,0,1,10,1.0,1.0,0.03,staggered-cycle,rank,0.003504986839725072,True
robustness,robustness/rep0-stream0-regime1-d10/3,0,0,1,10,1.0,1.0,0.03,staggered-cycle,rank,0.0022201032696728576,True
robustness,robustness/rep0-stream0-regime1-d10/4,0,0,1,10,1.0,1.0,0.03,staggered-cycle,rank,0.001708292719612709,True
robustness,robustness/rep0-stream0-regime1-d10/5,0,0,1,10,1.0,1.0,0.03,staggered-cycle,rank,0.035399589465504304,True
robustness,robustness/rep0-stream0-regime1-d10/6,0,0,1,10,1.0,1.0,0.03,staggered-cycle,rank,0.0027884954207110647,True
robustness,robustness/rep0-stream0-regime1-d10/7,0,0,1,10,1.0,1.0,0.03,staggered-cycle,rank,0.015262408927470864,True
robustness,robustness/rep0-stream0-regime1-d10/0,0,0,1,10,1.0,1.0,0.03,staggered-cycle,soft-quadratic,0.0026467303981710993,True
robustness,robustness/rep0-stream0-regime1-d10/1,0,0,1,10,1.0,1.0,0.03,staggered-cycle,soft-quadratic,0.00046089913812091853,True
robustness,robustness/rep0-stream0-regime1-d10/2,0,0,1,10,1.0,1.0,0.03,staggered-cycle,soft-quadratic,0.00080395456057152,True
robustness,robustness/rep0-stream0-regime1-d10/3,0,0,1,10,1.0,1.0,0.03,staggered-cycle,soft-quadratic,0.0007041893612976064,True
robustness,robustness/rep0-stream0-regime1-d10/4,0,0,1,10,1.0,1.0,0.03,staggered-cycle,soft-quadratic,0.0011457005903307827,True
robustness,robustness/rep0-stream0-regime1-d10/5,0,0,1,10,1.0,1.0,0.03,staggered-cycle,soft-quadratic,0.0009918547095423744,True
robustness,robustness/rep0-stream0-regime1-d10/6,0,0,1,10,1.0,1.0,0.03,staggered-cycle,soft-quadratic,0.0011555042584611467,True
robustness,robustness/rep0-stream0-regime1-d10/7,0,0,1,10,1.0,1.0,0.03,staggered-cycle,soft-quadratic,0.0005918805199313348,True
robustness,robustness/rep0-stream0-regime1-d10/0,0,0,1,10,1.0,1.0,0.1,staggered-cycle,hybrid-vc,0.011541216881275433,False
robustness,robustness/rep0-stream0-regime1-d10/1,0,0,1,10,1.0,1.0,0.1,staggered-cycle,hybrid-vc,0.005994566831162475,True
robustness,robustness/rep0-stream0-regime1-d10/2,0,0,1,10,1.0,1.0,0.1,staggered-cycle,hybrid-vc,0.00606689607584199,True
robustness,robustness/rep0-stream0-regime1-d10/3,0,0,1,10,1.0,1.0,0.1,staggered-cycle,hybrid-vc,0.009214334644856907,False
robustness,robustness/rep0-stream0-regime1-d10/4,0,0,1,10,1.0,1.0,0.1,staggered-cycle,hybrid-vc,0.008707579213414043,False
robustness,robustness/rep0-stream0-regime1-d10/5,0,0,1,10,1.0,1.0,0.1,staggered-cycle,hybrid-vc,0.010107476172744092,False
robustness,robustness/rep0-stream0-regime1-d10/6,0,0,1,10,1.0,1.0,0.1,staggered-cycle,hybrid-vc,0.016312713699283523,True
robustness,robustness/rep0-stream0-regime1-d10/7,0,0,1,10,1.0,1.0,0.1,staggered-cycle,hybrid-vc,0.011260159849666966,False
robustness,robustness/rep0-stream0-regime1-d10/0,0,0,1,10,1.0,1.0,0.1,staggered-cycle,rank,0.022412169144627566,False
robustness,robustness/rep0-stream0-regime1-d10/1,0,0,1,10,1.0,1.0,0.1,staggered-cycle,rank,0.004544051283203306,True
robustness,robustness/rep0-stream0-regime1-d10/2,0,0,1,10,1.0,1.0,0.1,staggered-cycle,rank,0.0060612183433143875,True
robustness,robustness/rep0-stream0-regime1-d10/3,0,0,1,10,1.0,1.0,0.1,staggered-cycle,rank,0.00898461735612811,False
robustness,robustness/rep0-stream0-regime1-d10/4,0,0,1,10,1.0,1.0,0.1,staggered-cycle,rank,0.00875391364199292,False
robustness,robustness/rep0-stream0-regime1-d10/5,0,0,1,10,1.0,1.0,0.1,staggered-cycle,rank,0.04388280314257827,False
robustness,robustness/rep0-stream0-regime1-d10/6,0,0,1,10,1.0,1.0,0.1,staggered-cycle,rank,0.013716140412621185,True
robustness,robustness/rep0-stream0-regime1-d10/7,0,0,1,10,1.0,1.0,0.1,staggered-cycle,rank,0.02411110518889362,False
robustness,robustness/rep0-stream0-regime1-d10/0,0,0,1,10,1.0,1.0,0.1,staggered-cycle,soft-quadratic,0.013328450190522841,False
robustness,robustness/rep0-stream0-regime1-d10/1,0,0,1,10,1.0,1.0,0.1,staggered-cycle,soft-quadratic,0.005192148222450775,True
robustness,robustness/rep0-stream0-regime1-d10/2,0,0,1,10,1.0,1.0,0.1,staggered-cycle,soft-quadratic,0.006239163046377974,True
robustness,robustness/rep0-stream0-regime1-d10/3,0,0,1,10,1.0,1.0,0.1,staggered-cycle,soft-quadratic,0.007073931411625963,False
robustness,robustness/rep0-stream0-regime1-d10/4,0,0,1,10,1.0,1.0,0.1,staggered-cycle,soft-quadratic,0.010498588048295907,False
robustness,robustness/rep0-stream0-regime1-d10/5,0,0,1,10,1.0,1.0,0.1,staggered-cycle,soft-quadratic,0.009519912765578451,False
robustness,robustness/rep0-stream0-regime1-d10/6,0,0,1,10,1.0,1.0,0.1,staggered-cycle,soft-quadratic,0.014656319565507179,True
robustness,robustness/rep0-stream0-regime1-d10/7,0,0,1,10,1.0,1.0,0.1,staggered-cycle,soft-quadratic,0.01015818891837461,False
robustness,robustness/rep0-stream0-regime1-d50/0,0,0,1,50,1.0,1.0,0.0,staggered-cycle,hybrid-vc,1.0271639630711517e-05,True
robustness,robustness/rep0-stream0-regime1-d50/1,0,0,1,50,1.0,1.0,0.0,staggered-cycle,hybrid-vc,8.504778797862204e-06,True
robustness,robustness/rep0-stream0-regime1-d50/2,0,0,1,50,1.0,1.0,0.0,staggered-cycle,hybrid-vc,9.579645881094509e-06,True
robustness,robustness/rep0-stream0-regime1-d50/3,0,0,1,50,1.0,1.0,0.0,staggered-cycle,hybrid-vc,2.0477204860078432e-05,True
robustness,robustness/rep0-stream0-regime1-d50/4,0,0,1,50,1.0,1.0,0.0,staggered-cycle,hybrid-vc,2.88906039737683e-05,True
robustness,robustness/rep0-stream0-regime1-d50/5,0,0,1,50,1.0,1.0,0.0,staggered-cycle,hybrid-vc,1.1891702846128933e-05,True
robustness,robustness/rep0-stream0-regime1-d50/6,0,0,1,50,1.0,1.0,0.0,staggered-cycle,hybrid-vc,2.135638834471386e-05,True
robustness,robustness/rep0-stream0-regime1-d50/7,0,0,1,50,1.0,1.0,0.0,staggered-cycle,hybrid-vc,1.5255309301574811e-05,True
robustness,robustness/rep0-stream0-regime1-d50/0,0,0,1,50,1.0,1.0,0.0,staggered-cycle,rank,0.015456438384852954,True
robustness,robustness/rep0-stream0-regime1-d50/1,0,0,1,50,1.0,1.0,0.0,staggered-cycle,rank,0.027363274303959084,True
robustness,robustness/rep0-stream0-regime1-d50/2,0,0,1,50,1.0,1.0,0.0,staggered-cycle,rank,0.013785747295355276,True
robustness,robustness/rep0-stream0-regime1-d50/3,0,0,1,50,1.0,1.0,0.0,staggered-cycle,rank,0.04218903802612663,True
robustness,robustness/rep0-stream0-regime1-d50/4,0,0,1,50,1.0,1.0,0.0,staggered-cycle,rank,0.013809706739097599,True
robustness,robustness/rep0-stream0-regime1-d50/5,0,0,1,50,1.0,1.0,0.0,staggered-cycle,rank,0.007612606303958345,True
robustness,robustness/rep0-stream0-regime1-d50/6,0,0,1,50,1.0,1.0,0.0,staggered-cycle,rank,0.009798641163089799,True
robustness,robustness/rep0-stream0-regime1-d50/7,0,0,1,50,1.0,1.0,0.0,staggered-cycle,rank,0.010644569583439244,True
robustness,robustness/rep0-stream0-regime1-d50/0,0,0,1,50,1.0,1.0,0.0,staggered-cycle,soft-quadratic,6.643974398829192e-05,True
robustness,robustness/rep0-stream0-regime1-d50/1,0,0,1,50,1.0,1.0,0.0,staggered-cycle,soft-quadratic,4.7788900329003e-05,True
robustness,robustness/rep0-stream0-regime1-d50/2,0,0,1,50,1.0,1.0,0.0,staggered-cycle,soft-quadratic,3.691325290382899e-05,True
robustness,robustness/rep0-stream0-regime1-d50/3,0,0,1,50,1.0,1.0,0.0,staggered-cycle,soft-quadratic,5.495920166373322e-05,True
robustness,robustness/rep0-stream0-regime1-d50/4,0,0,1,50,1.0,1.0,0.0,staggered-cycle,soft-quadratic,8.630305750877497e-05,True
robustness,robustness/rep0-stream0-regime1-d50/5,0,0,1,50,1.0,1.0,0.0,staggered-cycle,soft-quadratic,4.606977411114721e-05,True
robustness,robustness/rep0-stream0-regime1-d50/6,0,0,1,50,1.0,1.0,0.0,staggered-cycle,soft-quadratic,4.924616722462984e-05,True
robustness,robustness/rep0-stream0-regime1-d50/7,0,0,1,50,1.0,1.0,0.0,staggered-cycle,soft-quadratic,5.69667610097603e-05,True
robustness,robustness/rep0-stream0-regime1-d50/0,0,0,1,50,1.0,1.0,0.01,staggered-cycle,hybrid-vc,0.00011210688704672691,True
robustness,robustness/rep0-stream0-regime1-d50/1,0,0,1,50,1.0,1.0,0.01,staggered-cycle,hybrid-vc,0.00013588886996987194,True
robustness,robustness/rep0-stream0-regime1-d50/2,0,0,1,50,1.0,1.0,0.01,staggered-cycle,hybrid-vc,9.868142842695326e-05,True
robustness,robustness/rep0-stream0-regime1-d50/3,0,0,1,50,1.0,1.0,0.01,staggered-cycle,hybrid-vc,0.00012313048746407014,True
robustness,robustness/rep0-stream0-regime1-d50/4,0,0,1,50,1.0,1.0,0.01,staggered-cycle,hybrid-vc,0.00013193731119717252,True
robustness,robustness/rep0-stream0-regime1-d50/5,0,0,1,50,1.0,1.0,0.01,staggered-cycle,hybrid-vc,0.00012863587098541944,True
robustness,robustness/rep0-stream0-regime1-d50/6,0,0,1,50,1.0,1.0,0.01,staggered-cycle,hybrid-vc,9.639313279846959e-05,True
robustness,robustness/rep0-stream0-regime1-d50/7,0,0,1,50,1.0,1.0,0.01,staggered-cycle,hybrid-vc,0.00015242494365899384,True
robustness,robustness/rep0-stream0-regime1-d50/0,0,0,1,50,1.0,1.0,0.01,staggered-cycle,rank,0.015477148205012364,True
robustness,robustness/rep0-stream0-regime1-d50/1,0,0,1,50,1.0,1.0,0.01,staggered-cycle,rank,0.027340543005535005,True
robustness,robustness/rep0-stream0-regime1-d50/2,0,0,1,50,1.0,1.0,0.01,staggered-cycle,rank,0.013992110419574362,True
robustness,robustness/rep0-stream0-regime1-d50/3,0,0,1,50,1.0,1.0,0.01,staggered-cycle,rank,0.04248254046405969,True
robustness,robustness/rep0-stream0-regime1-d50/4,0,0,1,50,1.0,1.0,0.01,staggered-cycle,rank,0.013648272967362698,True
robustness,robustness/rep0-stream0-regime1-d50/5,0,0,1,50,1.0,1.0,0.01,staggered-cycle,rank,0.007662769036132913,True
robustness,robustness/rep0-stream0-regime1-d50/6,0,0,1,50,1.0,1.0,0.01,staggered-cycle,rank,0.009999718275158961,True
robustness,robustness/rep0-stream0-regime1-d50/7,0,0,1,50,1.0,1.0,0.01,staggered-cycle,rank,0.010709598948981361,True
robustness,robustness/rep0-stream0-regime1-d50/0,0,0,1,50,1.0,1.0,0.01,staggered-cycle,soft-quadratic,0.0001612642111375918,True
robustness,robustness/rep0-stream0-regime1-d50/1,0,0,1,50,1.0,1.0,0.01,staggered-cycle,soft-quadratic,0.00010649883303581692,True
robustness,robustness/rep0-stream0-regime1-d50/2,0,0,1,50,1.0,1.0,0.01,staggered-cycle,soft-quadratic,8.917367488924709e-05,True
robustness,robustness/rep0-stream0-regime1-d50/3,0,0,1,50,1.0,1.0,0.01,staggered-cycle,soft-quadratic,0.0001348837174449889,True
robustness,robustness/rep0-stream0-regime1-d50/4,0,0,1,50,1.0,1.0,0.01,staggered-cycle,soft-quadratic,0.00014270251990372397,True
robustness,robustness/rep0-stream0-regime1-d50/5,0,0,1,50,1.0,1.0,0.01,staggered-cycle,soft-quadratic,0.00014362593580430054,True
robustness,robustness/rep0-stream0-regime1-d50/6,0,0,1,50,1.0,1.0,0.01,staggered-cycle,soft-quadratic,0.00012299994215287567,True
robustness,robustness/rep0-stream0-regime1-d50/7,0,0,1,50,1.0,1.0,0.01,staggered-cycle,soft-quadratic,0.00013730524247208253,True
robustness,robustness/rep0-stream0-regime1-d50/0,0,0,1,50,1.0,1.0,0.03,staggered-cycle,hybrid-vc,0.0008529757812328735,False
robustness,robustness/rep0-stream0-regime1-d50/1,0,0,1,50,1.0,1.0,0.03,staggered-cycle,hybrid-vc,0.0008337302600972681,False
robustness,robustness/rep0-stream0-regime1-d50/2,0,0,1,50,1.0,1.0,0.03,staggered-cycle,hybrid-vc,0.0008819869012218068,True
robustness,robustness/rep0-stream0-regime1-d50/3,0,0,1,50,1.0,1.0,0.03,staggered-cycle,hybrid-vc,0.0011202787944713114,False
robustness,robustness/rep0-stream0-regime1-d50/4,0,0,1,50,1.0,1.0,0.03,staggered-cycle,hybrid-vc,0.0008422421722541372,False
robustness,robustness/rep0-stream0-regime1-d50/5,0,0,1,50,1.0,1.0,0.03,staggered-cycle,hybrid-vc,0.0008445223847688463,False
robustness,robustness/rep0-stream0-regime1-d50/6,0,0,1,50,1.0,1.0,0.03,staggered-cycle,hybrid-vc,0.0008149587359227754,False
robustness,robustness/rep0-stream0-regime1-d50/7,0,0,1,50,1.0,1.0,0.03,staggered-cycle,hybrid-vc,0.0008159959005977894,False
robustness,robustness/rep0-stream0-regime1-d50/0,0,0,1,50,1.0,1.0,0.03,staggered-cycle,rank,0.016183245282564696,False
robustness,robustness/rep0-stream0-regime1-d50/1,0,0,1,50,1.0,1.0,0.03,staggered-cycle,rank,0.027826064906975,False
robustness,robustness/rep0-stream0-regime1-d50/2,0,0,1,50,1.0,1.0,0.03,staggered-cycle,rank,0.014487635018787732,True
robustness,robustness/rep0-stream0-regime1-d50/3,0,0,1,50,1.0,1.0,0.03,staggered-cycle,rank,0.04351791510309711,False
robustness,robustness/rep0-stream0-regime1-d50/4,0,0,1,50,1.0,1.0,0.03,staggered-cycle,rank,0.014217126601487546,False
robustness,robustness/rep0-stream0-regime1-d50/5,0,0,1,50,1.0,1.0,0.03,staggered-cycle,rank,0.007968547734355128,False
robustness,robustness/rep0-stream0-regime1-d50/6,0,0,1,50,1.0,1.0,0.03,staggered-cycle,rank,0.010899126106059202,False
robustness,robustness/rep0-stream0-regime1-d50/7,0,0,1,50,1.0,1.0,0.03,staggered-cycle,rank,0.011133442642091082,False
robustness,robustness/rep0-stream0-regime1-d50/0,0,0,1,50,1.0,1.0,0.03,staggered-cycle,soft-quadratic,0.0008150487099754038,False
robustness,robustness/rep0-stream0-regime1-d50/1,0,0,1,50,1.0,1.0,0.03,staggered-cycle,soft-quadratic,0.0007942858331028407,False
robustness,robustness/rep0-stream0-regime1-d50/2,0,0,1,50,1.0,1.0,0.03,staggered-cycle,soft-quadratic,0.0007536242024943619,True
robustness,robustness/rep0-stream0-regime1-d50/3,0,0,1,50,1.0,1.0,0.03,staggered-cycle,soft-quadratic,0.0009949485219862444,False
robustness,robustness/rep0-stream0-regime1-d50/4,0,0,1,50,1.0,1.0,0.03,staggered-cycle,soft-quadratic,0.0008225101204624318,False
robustness,robustness/rep0-stream0-regime1-d50/5,0,0,1,50,1.0,1.0,0.03,staggered-cycle,soft-quadratic,0.000866554637306915,False
robustness,robustness/rep0-stream0-regime1-d50/6,0,0,1,50,1.0,1.0,0.03,staggered-cycle,soft-quadratic,0.0007811240210833669,False
robustness,robustness/rep0-stream0-regime1-d50/7,0,0,1,50,1.0,1.0,0.03,staggered-cycle,soft-quadratic,0.0008387924903036766,False
robustness,robustness/rep0-stream0-regime1-d50/0,0,0,1,50,1.0,1.0,0.1,staggered-cycle,hybrid-vc,0.009232983549605316,False
robustness,robustness/rep0-stream0-regime1-d50/1,0,0,1,50,1.0,1.0,0.1,staggered-cycle,hybrid-vc,0.008025816686209566,False
robustness,robustness/rep0-stream0-regime1-d50/2,0,0,1,50,1.0,1.0,0.1,staggered-cycle,hybrid-vc,0.009063154240110569,False
robustness,robustness/rep0-stream0-regime1-d50/3,0,0,1,50,1.0,1.0,0.1,staggered-cycle,hybrid-vc,0.014353023583053506,False
robustness,robustness/rep0-stream0-regime1-d50/4,0,0,1,50,1.0,1.0,0.1,staggered-cycle,hybrid-vc,0.009166684146880568,False
robustness,robustness/rep0-stream0-regime1-d50/5,0,0,1,50,1.0,1.0,0.1,staggered-cycle,hybrid-vc,0.009351852961825502,False
robustness,robustness/rep0-stream0-regime1-d50/6,0,0,1,50,1.0,1.0,0.1,staggered-cycle,hybrid-vc,0.008498358603930946,False
robustness,robustness/rep0-stream0-regime1-d50/7,0,0,1,50,1.0,1.0,0.1,staggered-cycle,hybrid-vc,0.008545993644768381,False
robustness,robustness/rep0-stream0-regime1-d50/0,0,0,1,50,1.0,1.0,0.1,staggered-cycle,rank,0.024183620499992946,False
robustness,robustness/rep0-stream0-regime1-d50/1,0,0,1,50,1.0,1.0,0.1,staggered-cycle,rank,0.03557684025883215,False
robustness,robustness/rep0-stream0-regime1-d50/2,0,0,1,50,1.0,1.0,0.1,staggered-cycle,rank,0.022371931250514076,False
robustness,robustness/rep0-stream0-regime1-d50/3,0,0,1,50,1.0,1.0,0.1,staggered-cycle,rank,0.05220593874754314,False
robustness,robustness/rep0-stream0-regime1-d50/4,0,0,1,50,1.0,1.0,0.1,staggered-cycle,rank,0.021830260752208345,False
robustness,robustness/rep0-stream0-regime1-d50/5,0,0,1,50,1.0,1.0,0.1,staggered-cycle,rank,0.015697990394843472,False
robustness,robustness/rep0-stream0-regime1-d50/6,0,0,1,50,1.0,1.0,0.1,staggered-cycle,rank,0.019161087436235198,False
robustness,robustness/rep0-stream0-regime1-d50/7,0,0,1,50,1.0,1.0,0.1,staggered-cycle,rank,0.01630205754017166,False
robustness,robustness/rep0-stream0-regime1-d50/0,0,0,1,50,1.0,1.0,0.1,staggered-cycle,soft-quadratic,0.009089010248097376,False
robustness,robustness/rep0-stream0-regime1-d50/1,0,0,1,50,1.0,1.0,0.1,staggered-cycle,soft-quadratic,0.008157902221220032,False
robustness,robustness/rep0-stream0-regime1-d50/2,0,0,1,50,1.0,1.0,0.1,staggered-cycle,soft-quadratic,0.008951702710543801,False
robustness,robustness/rep0-stream0-regime1-d50/3,0,0,1,50,1.0,1.0,0.1,staggered-cycle,soft-quadratic,0.014579845913602639,False
robustness,robustness/rep0-stream0-regime1-d50/4,0,0,1,50,1.0,1.0,0.1,staggered-cycle,soft-quadratic,0.009086782011885593,False
robustness,robustness/rep0-stream0-regime1-d50/5,0,0,1,50,1.0,1.0,0.1,staggered-cycle,soft-quadratic,0.0092266347695404,False
robustness,robustness/rep0-stream0-regime1-d50/6,0,0,1,50,1.0,1.0,0.1,staggered-cycle,soft-quadratic,0.008354168363848924,False
robustness,robustness/rep0-stream0-regime1-d50/7,0,0,1,50,1.0,1.0,0.1,staggered-cycle,soft-quadratic,0.00843090995811936,False
robustness,robustness/rep0-stream1-regime0-d20/0,0,1,0,20,1.0,1.0,0.0,staggered-cycle,hybrid-vc,9.579194525514009e-05,True
robustness,robustness/rep0-stream1-regime0-d20/1,0,1,0,20,1.0,1.0,0.0,staggered-cycle,hybrid-vc,9.059504828819771e-05,True
robustness,robustness/rep0-stream1-regime0-d20/2,0,1,0,20,1.0,1.0,0.0,staggered-cycle,hybrid-vc,6.838109425754676e-05,True
robustness,robustness/rep0-stream1-regime0-d20/3,0,1,0,20,1.0,1.0,0.0,staggered-cycle,hybrid-vc,7.165085602123456e-05,True
robustness,robustness/rep0-stream1-regime0-d20/4,0,1,0,20,1.0,1.0,0.0,staggered-cycle,hybrid-vc,6.627314085443965e-05,True
robustness,robustness/rep0-stream1-regime0-d20/5,0,1,0,20,1.0,1.0,0.0,staggered-cycle,hybrid-vc,5.9850640103524796e-05,True
robustness,robustness/rep0-stream1-regime0-d20/6,0,1,0,20,1.0,1.0,0.0,staggered-cycle,hybrid-vc,5.82014687548121e-05,True
robustness,robustness/rep0-stream1-regime0-d20/7,0,1,0,20,1.0,1.0,0.0,staggered-cycle,hybrid-vc,6.805547466058254e-05,True
robustness,robustness/rep0-stream1-regime0-d20/0,0,1,0,20,1.0,1.0,0.0,staggered-cycle,rank,0.013548459405801724,True
robustness,robustness/rep0-stream1-regime0-d20/1,0,1,0,20,1.0,1.0,0.0,staggered-cycle,rank,0.017309537491135493,True
robustness,robustness/rep0-stream1-regime0-d20/2,0,1,0,20,1.0,1.0,0.0,staggered-cycle,rank,0.01829833996206918,True
robustness,robustness/rep0-stream1-regime0-d20/3,0,1,0,20,1.0,1.0,0.0,staggered-cycle,rank,0.024189608773159805,True
robustness,robustness/rep0-stream1-regime0-d20/4,0,1,0,20,1.0,1.0,0.0,staggered-cycle,rank,0.011299042870575206,True
robustness,robustness/rep0-stream1-regime0-d20/5,0,1,0,20,1.0,1.0,0.0,staggered-cycle,rank,0.04295825715986872,True
robustness,robustness/rep0-stream1-regime0-d20/6,0,1,0,20,1.0,1.0,0.0,staggered-cycle,rank,0.041671314400950704,True
robustness,robustness/rep0-stream1-regime0-d20/7,0,1,0,20,1.0,1.0,0.0,staggered-cycle,rank,0.018410334946657492,True
robustness,robustness/rep0-stream1-regime0-d20/0,0,1,0,20,1.0,1.0,0.0,staggered-cycle,soft-quadratic,0.00016737230659606854,True
robustness,robustness/rep0-stream1-regime0-d20/1,0,1,0,20,1.0,1.0,0.0,staggered-cycle,soft-quadratic,0.00010840969308184895,True
robustness,robustness/rep0-stream1-regime0-d20/2,0,1,0,20,1.0,1.0,0.0,staggered-cycle,soft-quadratic,0.0001944150785475671,True
robustness,robustness/rep0-stream1-regime0-d20/3,0,1,0,20,1.0,1.0,0.0,staggered-cycle,soft-quadratic,9.957386514303523e-05,True
robustness,robustness/rep0-stream1-regime0-d20/4,0,1,0,20,1.0,1.0,0.0,staggered-cycle,soft-quadratic,0.00012115011654858786,True
robustness,robustness/rep0-stream1-regime0-d20/5,0,1,0,20,1.0,1.0,0.0,staggered-cycle,soft-quadratic,0.00011457628098513475,True
robustness,robustness/rep0-stream1-regime0-d20/6,0,1,0,20,1.0,1.0,0.0,staggered-cycle,soft-quadratic,7.797515092857377e-05,True
robustness,robustness/rep0-stream1-regime0-d20/7,0,1,0,20,1.0,1.0,0.0,staggered-cycle,soft-quadratic,0.00011452958053206596,True
robustness,robustness/rep0-stream1-regime0-d20/0,0,1,0,20,1.0,1.0,0.01,staggered-cycle,hybrid-vc,0.0002590914933121159,True
robustness,robustness/rep0-stream1-regime0-d20/1,0,1,0,20,1.0,1.0,0.01,staggered-cycle,hybrid-vc,0.0001395804225456976,True
robustness,robustness/rep0-stream1-regime0-d20/2,0,1,0,20,1.0,1.0,0.01,staggered-cycle,hybrid-vc,0.00016514452395408348,True
robustness,robustness/rep0-stream1-regime0-d20/3,0,1,0,20,1.0,1.0,0.01,staggered-cycle,hybrid-vc,0.0004503551753331018,True
robustness,robustness/rep0-stream1-regime0-d20/4,0,1,0,20,1.0,1.0,0.01,staggered-cycle,hybrid-vc,0.00015583854141511784,True
robustness,robustness/rep0-stream1-regime0-d20/5,0,1,0,20,1.0,1.0,0.01,staggered-cycle,hybrid-vc,0.00034749426375575677,True
robustness,robustness/rep0-stream1-regime0-d20/6,0,1,0,20,1.0,1.0,0.01,staggered-cycle,hybrid-vc,0.00018496540894187363,True
robustness,robustness/rep0-stream1-regime0-d20/7,0,1,0,20,1.0,1.0,0.01,staggered-cycle,hybrid-vc,0.0001719593632837162,True
robustness,robustness/rep0-stream1-regime0-d20/0,0,1,0,20,1.0,1.0,0.01,staggered-cycle,rank,0.01374616165174141,True
robustness,robustness/rep0-stream1-regime0-d20/1,0,1,0,20,1.0,1.0,0.01,staggered-cycle,rank,0.017334270486361582,True
robustness,robustness/rep0-stream1-regime0-d20/2,0,1,0,20,1.0,1.0,0.01,staggered-cycle,rank,0.019578819990535786,True
robustness,robustness/rep0-stream1-regime0-d20/3,0,1,0,20,1.0,1.0,0.01,staggered-cycle,rank,0.023265729753756757,True
robustness,robustness/rep0-stream1-regime0-d20/4,0,1,0,20,1.0,1.0,0.01,staggered-cycle,rank,0.011664598367340389,True
robustness,robustness/rep0-stream1-regime0-d20/5,0,1,0,20,1.0,1.0,0.01,staggered-cycle,rank,0.043426995993896524,True
robustness,robustness/rep0-stream1-regime0-d20/6,0,1,0,20,1.0,1.0,0.01,staggered-cycle,rank,0.041397528543097674,True
robustness,robustness/rep0-stream1-regime0-d20/7,0,1,0,20,1.0,1.0,0.01,staggered-cycle,rank,0.018020388713442224,True
robustness,robustness/rep0-stream1-regime0-d20/0,0,1,0,20,1.0,1.0,0.01,staggered-cycle,soft-quadratic,0.0003454683057472012,True
robustness,robustness/rep0-stream1-regime0-d20/1,0,1,0,20,1.0,1.0,0.01,staggered-cycle,soft-quadratic,0.00013156610800070688,True
robustness,robustness/rep0-stream1-regime0-d20/2,0,1,0,20,1.0,1.0,0.01,staggered-cycle,soft-quadratic,0.00032335449645569815,True
robustness,robustness/rep0-stream1-regime0-d20/3,0,1,0,20,1.0,1.0,0.01,staggered-cycle,soft-quadratic,0.0003014272949227203,True
robustness,robustness/rep0-stream1-regime0-d20/4,0,1,0,20,1.0,1.0,0.01,staggered-cycle,soft-quadratic,0.00012901942987616284,True
robustness,robustness/rep0-stream1-regime0-d20/5,0,1,0,20,1.0,1.0,0.01,staggered-cycle,soft-quadratic,0.0003959884944672756,True
robustness,robustness/rep0-stream1-regime0-d20/6,0,1,0,20,1.0,1.0,0.01,staggered-cycle,soft-quadratic,9.913964309803691e-05,True
robustness,robustness/rep0-stream1-regime0-d20/7,0,1,0,20,1.0,1.0,0.01,staggered-cycle,soft-quadratic,0.0001905708728878954,True
robustness,robustness/rep0-stream1-regime0-d20/0,0,1,0,20,1.0,1.0,0.03,staggered-cycle,hybrid-vc,0.000726888480947123,True
robustness,robustness/rep0-stream1-regime0-d20/1,0,1,0,20,1.0,1.0,0.03,staggered-cycle,hybrid-vc,0.0007057826556386496,True
robustness,robustness/rep0-stream1-regime0-d20/2,0,1,0,20,1.0,1.0,0.03,staggered-cycle,hybrid-vc,0.001637044380586855,True
robustness,robustness/rep0-stream1-regime0-d20/3,0,1,0,20,1.0,1.0,0.03,staggered-cycle,hybrid-vc,0.0010577956702393916,True
robustness,robustness/rep0-stream1-regime0-d20/4,0,1,0,20,1.0,1.0,0.03,staggered-cycle,hybrid-vc,0.0011944943320454325,True
robustness,robustness/rep0-stream1-regime0-d20/5,0,1,0,20,1.0,1.0,0.03,staggered-cycle,hybrid-vc,0.0009442663396296273,True
robustness,robustness/rep0-stream1-regime0-d20/6,0,1,0,20,1.0,1.0,0.03,staggered-cycle,hybrid-vc,0.0008002755761933433,True
robustness,robustness/rep0-stream1-regime0-d20/7,0,1,0,20,1.0,1.0,0.03,staggered-cycle,hybrid-vc,0.0010917629746972407,True
robustness,robustness/rep0-stream1-regime0-d20/0,0,1,0,20,1.0,1.0,0.03,staggered-cycle,rank,0.01440091824452166,True
robustness,robustness/rep0-stream1-regime0-d20/1,0,1,0,20,1.0,1.0,0.03,staggered-cycle,rank,0.018278360556830225,True
robustness,robustness/rep0-stream1-regime0-d20/2,0,1,0,20,1.0,1.0,0.03,staggered-cycle,rank,0.022555158413170937,True
robustness,robustness/rep0-stream1-regime0-d20/3,0,1,0,20,1.0,1.0,0.03,staggered-cycle,rank,0.022780643284295705,True
robustness,robustness/rep0-stream1-regime0-d20/4,0,1,0,20,1.0,1.0,0.03,staggered-cycle,rank,0.012299164932577933,True
robustness,robustness/rep0-stream1-regime0-d20/5,0,1,0,20,1.0,1.0,0.03,staggered-cycle,rank,0.044400805721585716,True
robustness,robustness/rep0-stream1-regime0-d20/6,0,1,0,20,1.0,1.0,0.03,staggered-cycle,rank,0.04280374144551865,True
robustness,robustness/rep0-stream1-regime0-d20/7,0,1,0,20,1.0,1.0,0.03,staggered-cycle,rank,0.018551353303018714,True
robustness,robustness/rep0-stream1-regime0-d20/0,0,1,0,20,1.0,1.0,0.03,staggered-cycle,soft-quadratic,0.0007300094831566721,True
robustness,robustness/rep0-stream1-regime0-d20/1,0,1,0,20,1.0,1.0,0.03,staggered-cycle,soft-quadratic,0.000727691272963488,True
robustness,robustness/rep0-stream1-regime0-d20/2,0,1,0,20,1.0,1.0,0.03,staggered-cycle,soft-quadratic,0.001446448514865992,True
robustness,robustness/rep0-stream1-regime0-d20/3,0,1,0,20,1.0,1.0,0.03,staggered-cycle,soft-quadratic,0.0009797508056544927,True
robustness,robustness/rep0-stream1-regime0-d20/4,0,1,0,20,1.0,1.0,0.03,staggered-cycle,soft-quadratic,0.000995584157279234,True
robustness,robustness/rep0-stream1-regime0-d20/5,0,1,0,20,1.0,1.0,0.03,staggered-cycle,soft-quadratic,0.001058738897442083,True
robustness,robustness/rep0-stream1-regime0-d20/6,0,1,0,20,1.0,1.0,0.03,staggered-cycle,soft-quadratic,0.0006973592404060822,True
robustness,robustness/rep0-stream1-regime0-d20/7,0,1,0,20,1.0,1.0,0.03,staggered-cycle,soft-quadratic,0.0009661278216383427,True
robustness,robustness/rep0-stream1-regime0-d20/0,0,1,0,20,1.0,1.0,0.1,staggered-cycle,hybrid-vc,0.008930484271900048,False
robustness,robustness/rep0-stream1-regime0-d20/1,0,1,0,20,1.0,1.0,0.1,staggered-cycle,hybrid-vc,0.008459550821692231,False
robustness,robustness/rep0-stream1-regime0-d20/2,0,1,0,20,1.0,1.0,0.1,staggered-cycle,hybrid-vc,0.00941741149645967,False
robustness,robustness/rep0-stream1-regime0-d20/3,0,1,0,20,1.0,1.0,0.1,staggered-cycle,hybrid-vc,0.010845787767856913,False
robustness,robustness/rep0-stream1-regime0-d20/4,0,1,0,20,1.0,1.0,0.1,staggered-cycle,hybrid-vc,0.008412491454139194,False
robustness,robustness/rep0-stream1-regime0-d20/5,0,1,0,20,1.0,1.0,0.1,staggered-cycle,hybrid-vc,0.01021098094568714,False
robustness,robustness/rep0-stream1-regime0-d20/6,0,1,0,20,1.0,1.0,0.1,staggered-cycle,hybrid-vc,0.008053085812410479,False
robustness,robustness/rep0-stream1-regime0-d20/7,0,1,0,20,1.0,1.0,0.1,staggered-cycle,hybrid-vc,0.009472088610653902,False
robustness,robustness/rep0-stream1-regime0-d20/0,0,1,0,20,1.0,1.0,0.1,staggered-cycle,rank,0.023566828181551407,False
robustness,robustness/rep0-stream1-regime0-d20/1,0,1,0,20,1.0,1.0,0.1,staggered-cycle,rank,0.029862978077297504,False
robustness,robustness/rep0-stream1-regime0-d20/2,0,1,0,20,1.0,1.0,0.1,staggered-cycle,rank,0.034628469650012664,False
robustness,robustness/rep0-stream1-regime0-d20/3,0,1,0,20,1.0,1.0,0.1,staggered-cycle,rank,0.023795268745221535,False
robustness,robustness/rep0-stream1-regime0-d20/4,0,1,0,20,1.0,1.0,0.1,staggered-cycle,rank,0.018112631614799046,False
robustness,robustness/rep0-stream1-regime0-d20/5,0,1,0,20,1.0,1.0,0.1,staggered-cycle,rank,0.05831236844637563,False
robustness,robustness/rep0-stream1-regime0-d20/6,0,1,0,20,1.0,1.0,0.1,staggered-cycle,rank,0.04876072230298601,False
robustness,robustness/rep0-stream1-regime0-d20/7,0,1,0,20,1.0,1.0,0.1,staggered-cycle,rank,0.02751377941608657,False
robustness,robustness/rep0-stream1-regime0-d20/0,0,1,0,20,1.0,1.0,0.1,staggered-cycle,soft-quadratic,0.009189887362531554,False
robustness,robustness/rep0-stream1-regime0-d20/1,0,1,0,20,1.0,1.0,0.1,staggered-cycle,soft-quadratic,0.00831631576766656,False
robustness,robustness/rep0-stream1-regime0-d20/2,0,1,0,20,1.0,1.0,0.1,staggered-cycle,soft-quadratic,0.009837407673719618,False
robustness,robustness/rep0-stream1-regime0-d20/3,0,1,0,20,1.0,1.0,0.1,staggered-cycle,soft-quadratic,0.011329969047321321,False
robustness,robustness/rep0-stream1-regime0-d20/4,0,1,0,20,1.0,1.0,0.1,staggered-cycle,soft-quadratic,0.008850780529893168,False
robustness,robustness/rep0-stream1-regime0-d20/5,0,1,0,20,1.0,1.0,0.1,staggered-cycle,soft-quadratic,0.01029743962753731,False
robustness,robustness/rep0-stream1-regime0-d20/6,0,1,0,20,1.0,1.0,0.1,staggered-cycle,soft-quadratic,0.007750232455156174,False
robustness,robustness/rep0-stream1-regime0-d20/7,0,1,0,20,1.0,1.0,0.1,staggered-cycle,soft-quadratic,0.009732228600076423,False
robustness,robustness/rep0-stream1-regime1-d10/0,0,1,1,10,1.0,1.0,0.0,staggered-cycle,hybrid-vc,0.00046858315230104933,True
robustness,robustness/rep0-stream1-regime1-d10/1,0,1,1,10,1.0,1.0,0.0,staggered-cycle,hybrid-vc,0.00017044514000987264,True
robustness,robustness/rep0-stream1-regime1-d10/2,0,1,1,10,1.0,1.0,0.0,staggered-cycle,hybrid-vc,0.0004691601768612248,True
robustness,robustness/rep0-stream1-regime1-d10/3,0,1,1,10,1.0,1.0,0.0,staggered-cycle,hybrid-vc,0.00026208039915633785,True
robustness,robustness/rep0-stream1-regime1-d10/4,0,1,1,10,1.0,1.0,0.0,staggered-cycle,hybrid-vc,0.000172224239535426,True
robustness,robustness/rep0-stream1-regime1-d10/5,0,1,1,10,1.0,1.0,0.0,staggered-cycle,hybrid-vc,0.00018408409551437887,True
robustness,robustness/rep0-stream1-regime1-d10/6,0,1,1,10,1.0,1.0,0.0,staggered-cycle,hybrid-vc,0.0002481523465371987,True
robustness,robustness/rep0-stream1-regime1-d10/7,0,1,1,10,1.0,1.0,0.0,staggered-cycle,hybrid-vc,0.0001449965829122103,True
robustness,robustness/rep0-stream1-regime1-d10/0,0,1,1,10,1.0,1.0,0.0,staggered-cycle,rank,0.004460905812271971,True
robustness,robustness/rep0-stream1-regime1-d10/1,0,1,1,10,1.0,1.0,0.0,staggered-cycle,rank,0.00271482060351844,True
robustness,robustness/rep0-stream1-regime1-d10/2,0,1,1,10,1.0,1.0,0.0,staggered-cycle,rank,0.009057273486414576,True
robustness,robustness/rep0-stream1-regime1-d10/3,0,1,1,10,1.0,1.0,0.0,staggered-cycle,rank,0.0008510082860347432,True
robustness,robustness/rep0-stream1-regime1-d10/4,0,1,1,10,1.0,1.0,0.0,staggered-cycle,rank,0.01597172793782023,True
robustness,robustness/rep0-stream1-regime1-d10/5,0,1,1,10,1.0,1.0,0.0,staggered-cycle,rank,0.004234607231782651,True
robustness,robustness/rep0-stream1-regime1-d10/6,0,1,1,10,1.0,1.0,0.0,staggered-cycle,rank,0.013215235795829054,True
robustness,robustness/rep0-stream1-regime1-d10/7,0,1,1,10,1.0,1.0,0.0,staggered-cycle,rank,0.013238624830279792,True
robustness,robustness/rep0-stream1-regime1-d10/0,0,1,1,10,1.0,1.0,0.0,staggered-cycle,soft-quadratic,0.0003983780439721849,True
robustness,robustness/rep0-stream1-regime1-d10/1,0,1,1,10,1.0,1.0,0.0,staggered-cycle,soft-quadratic,0.00024231086994317593,True
robustness,robustness/rep0-stream1-regime1-d10/2,0,1,1,10,1.0,1.0,0.0,staggered-cycle,soft-quadratic,0.0003731321450777056,True
robustness,robustness/rep0-stream1-regime1-d10/3,0,1,1,10,1.0,1.0,0.0,staggered-cycle,soft-quadratic,0.00027069710350377345,True
robustness,robustness/rep0-stream1-regime1-d10/4,0,1,1,10,1.0,1.0,0.0,staggered-cycle,soft-quadratic,0.00037113195094252754,True
robustness,robustness/rep0-stream1-regime1-d10/5,0,1,1,10,1.0,1.0,0.0,staggered-cycle,soft-quadratic,0.0002784964403636691,True
robustness,robustness/rep0-stream1-regime1-d10/6,0,1,1,10,1.0,1.0,0.0,staggered-cycle,soft-quadratic,0.00026824970581228397,True
robustness,robustness/rep0-stream1-regime1-d10/7,0,1,1,10,1.0,1.0,0.0,staggered-cycle,soft-quadratic,0.00022195606899763802,True
robustness,robustness/rep0-stream1-regime1-d10/0,0,1,1,10,1.0,1.0,0.01,staggered-cycle,hybrid-vc,0.00041445262610583823,True
robustness,robustness/rep0-stream1-regime1-d10/1,0,1,1,10,1.0,1.0,0.01,staggered-cycle,hybrid-vc,0.00013676187178215385,True
robustness,robustness/rep0-stream1-regime1-d10/2,0,1,1,10,1.0,1.0,0.01,staggered-cycle,hybrid-vc,0.0006292152578078505,True
robustness,robustness/rep0-stream1-regime1-d10/3,0,1,1,10,1.0,1.0,0.01,staggered-cycle,hybrid-vc,0.0005716469730006032,True
robustness,robustness/rep0-stream1-regime1-d10/4,0,1,1,10,1.0,1.0,0.01,staggered-cycle,hybrid-vc,0.00045526188661608046,True
robustness,robustness/rep0-stream1-regime1-d10/5,0,1,1,10,1.0,1.0,0.01,staggered-cycle,hybrid-vc,0.0008828766910455564,True
robustness,robustness/rep0-stream1-regime1-d10/6,0,1,1,10,1.0,1.0,0.01,staggered-cycle,hybrid-vc,0.00023428176551937828,True
robustness,robustness/rep0-stream1-regime1-d10/7,0,1,1,10,1.0,1.0,0.01,staggered-cycle,hybrid-vc,0.0005630521222596696,True
robustness,robustness/rep0-stream1-regime1-d10/0,0,1,1,10,1.0,1.0,0.01,staggered-cycle,rank,0.0038948678990467426,True
robustness,robustness/rep0-stream1-regime1-d10/1,0,1,1,10,1.0,1.0,0.01,staggered-cycle,rank,0.0026844609557853823,True
robustness,robustness/rep0-stream1-regime1-d10/2,0,1,1,10,1.0,1.0,0.01,staggered-cycle,rank,0.010442162895292565,True
robustness,robustness/rep0-stream1-regime1-d10/3,0,1,1,10,1.0,1.0,0.01,staggered-cycle,rank,0.001172392354449195,True
robustness,robustness/rep0-stream1-regime1-d10/4,0,1,1,10,1.0,1.0,0.01,staggered-cycle,rank,0.015793411946638677,True
robustness,robustness/rep0-stream1-regime1-d10/5,0,1,1,10,1.0,1.0,0.01,staggered-cycle,rank,0.004672509204703236,True
robustness,robustness/rep0-stream1-regime1-d10/6,0,1,1,10,1.0,1.0,0.01,staggered-cycle,rank,0.011975150096327545,True
robustness,robustness/rep0-stream1-regime1-d10/7,0,1,1,10,1.0,1.0,0.01,staggered-cycle,rank,0.012708274993517423,True
robustness,robustness/rep0-stream1-regime1-d10/0,0,1,1,10,1.0,1.0,0.01,staggered-cycle,soft-quadratic,0.0003227439639595838,True
robustness,robustness/rep0-stream1-regime1-d10/1,0,1,1,10,1.0,1.0,0.01,staggered-cycle,soft-quadratic,0.00013617416212375347,True
robustness,robustness/rep0-stream1-regime1-d10/2,0,1,1,10,1.0,1.0,0.01,staggered-cycle,soft-quadratic,0.0006330240946582542,True
robustness,robustness/rep0-stream1-regime1-d10/3,0,1,1,10,1.0,1.0,0.01,staggered-cycle,soft-quadratic,0.0005798243881400632,True
robustness,robustness/rep0-stream1-regime1-d10/4,0,1,1,10,1.0,1.0,0.01,staggered-cycle,soft-quadratic,0.0006815711027500829,True
robustness,robustness/rep0-stream1-regime1-d10/5,0,1,1,10,1.0,1.0,0.01,staggered-cycle,soft-quadratic,0.000946664848163753,True
robustness,robustness/rep0-stream1-regime1-d10/6,0,1,1,10,1.0,1.0,0.01,staggered-cycle,soft-quadratic,0.0001876032484584705,True
robustness,robustness/rep0-stream1-regime1-d10/7,0,1,1,10,1.0,1.0,0.01,staggered-cycle,soft-quadratic,0.0007456061829686608,True
robustness,robustness/rep0-stream1-regime1-d10/0,0,1,1,10,1.0,1.0,0.03,staggered-cycle,hybrid-vc,0.0013958747392211217,True
robustness,robustness/rep0-stream1-regime1-d10/1,0,1,1,10,1.0,1.0,0.03,staggered-cycle,hybrid-vc,0.0010160732184309124,True
robustness,robustness/rep0-stream1-regime1-d10/2,0,1,1,10,1.0,1.0,0.03,staggered-cycle,hybrid-vc,0.0015598837634202651,True
robustness,robustness/rep0-stream1-regime1-d10/3,0,1,1,10,1.0,1.0,0.03,staggered-cycle,hybrid-vc,0.0005249352166882383,True
robustness,robustness/rep0-stream1-regime1-d10/4,0,1,1,10,1.0,1.0,0.03,staggered-cycle,hybrid-vc,0.0016215110931147253,True
robustness,robustness/rep0-stream1-regime1-d10/5,0,1,1,10,1.0,1.0,0.03,staggered-cycle,hybrid-vc,0.0011883022807577456,True
robustness,robustness/rep0-stream1-regime1-d10/6,0,1,1,10,1.0,1.0,0.03,staggered-cycle,hybrid-vc,0.0016776178638402489,True
robustness,robustness/rep0-stream1-regime1-d10/7,0,1,1,10,1.0,1.0,0.03,staggered-cycle,hybrid-vc,0.0026002265671145985,True
robustness,robustness/rep0-stream1-regime1-d10/0,0,1,1,10,1.0,1.0,0.03,staggered-cycle,rank,0.0033700398349669988,True
robustness,robustness/rep0-stream1-regime1-d10/1,0,1,1,10,1.0,1.0,0.03,staggered-cycle,rank,0.004454784008628058,True
robustness,robustness/rep0-stream1-regime1-d10/2,0,1,1,10,1.0,1.0,0.03,staggered-cycle,rank,0.014447750938952895,True
robustness,robustness/rep0-stream1-regime1-d10/3,0,1,1,10,1.0,1.0,0.03,staggered-cycle,rank,0.0009475525881861661,True
robustness,robustness/rep0-stream1-regime1-d10/4,0,1,1,10,1.0,1.0,0.03,staggered-cycle,rank,0.019284614322420176,True
robustness,robustness/rep0-stream1-regime1-d10/5,0,1,1,10,1.0,1.0,0.03,staggered-cycle,rank,0.004970096401517822,True
robustness,robustness/rep0-stream1-regime1-d10/6,0,1,1,10,1.0,1.0,0.03,staggered-cycle,rank,0.012251476951116308,True
robustness,robustness/rep0-stream1-regime1-d10/7,0,1,1,10,1.0,1.0,0.03,staggered-cycle,rank,0.01319766578958302,True
robustness,robustness/rep0-stream1-regime1-d10/0,0,1,1,10,1.0,1.0,0.03,staggered-cycle,soft-quadratic,0.0017314343984421651,True
robustness,robustness/rep0-stream1-regime1-d10/1,0,1,1,10,1.0,1.0,0.03,staggered-cycle,soft-quadratic,0.0010897264561232029,True
robustness,robustness/rep0-stream1-regime1-d10/2,0,1,1,10,1.0,1.0,0.03,staggered-cycle,soft-quadratic,0.0016708880047943632,True
robustness,robustness/rep0-stream1-regime1-d10/3,0,1,1,10,1.0,1.0,0.03,staggered-cycle,soft-quadratic,0.000526144104367002,True
robustness,robustness/rep0-stream1-regime1-d10/4,0,1,1,10,1.0,1.0,0.03,staggered-cycle,soft-quadratic,0.0020058093420243163,True
robustness,robustness/rep0-stream1-regime1-d10/5,0,1,1,10,1.0,1.0,0.03,staggered-cycle,soft-quadratic,0.0011123372648824204,True
robustness,robustness/rep0-stream1-regime1-d10/6,0,1,1,10,1.0,1.0,0.03,staggered-cycle,soft-quadratic,0.0013779378732177707,True
robustness,robustness/rep0-stream1-regime1-d10/7,0,1,1,10,1.0,1.0,0.03,staggered-cycle,soft-quadratic,0.0024768315685225564,True
robustness,robustness/rep0-stream1-regime1-d10/0,0,1,1,10,1.0,1.0,0.1,staggered-cycle,hybrid-vc,0.010712994133609922,False
robustness,robustness/rep0-stream1-regime1-d10/1,0,1,1,10,1.0,1.0,0.1,staggered-cycle,hybrid-vc,0.007569446273941322,False
robustness,robustness/rep0-stream1-regime1-d10/2,0,1,1,10,1.0,1.0,0.1,staggered-cycle,hybrid-vc,0.013998365694226406,False
robustness,robustness/rep0-stream1-regime1-d10/3,0,1,1,10,1.0,1.0,0.1,staggered-cycle,hybrid-vc,0.011011132128437478,False
robustness,robustness/rep0-stream1-regime1-d10/4,0,1,1,10,1.0,1.0,0.1,staggered-cycle,hybrid-vc,0.0062094211332445375,True
robustness,robustness/rep0-stream1-regime1-d10/5,0,1,1,10,1.0,1.0,0.1,staggered-cycle,hybrid-vc,0.013156751318140751,True
robustness,robustness/rep0-stream1-regime1-d10/6,0,1,1,10,1.0,1.0,0.1,staggered-cycle,hybrid-vc,0.00748227115436326,False
robustness,robustness/rep0-stream1-regime1-d10/7,0,1,1,10,1.0,1.0,0.1,staggered-cycle,hybrid-vc,0.015844181578733456,False
robustness,robustness/rep0-stream1-regime1-d10/0,0,1,1,10,1.0,1.0,0.1,staggered-cycle,rank,0.01188486888427514,False
robustness,robustness/rep0-stream1-regime1-d10/1,0,1,1,10,1.0,1.0,0.1,staggered-cycle,rank,0.01159956387246245,False
robustness,robustness/rep0-stream1-regime1-d10/2,0,1,1,10,1.0,1.0,0.1,staggered-cycle,rank,0.029154793520428542,False
robustness,robustness/rep0-stream1-regime1-d10/3,0,1,1,10,1.0,1.0,0.1,staggered-cycle,rank,0.013015049127355984,False
robustness,robustness/rep0-stream1-regime1-d10/4,0,1,1,10,1.0,1.0,0.1,staggered-cycle,rank,0.02509713703157131,True
robustness,robustness/rep0-stream1-regime1-d10/5,0,1,1,10,1.0,1.0,0.1,staggered-cycle,rank,0.015279995719630148,True
robustness,robustness/rep0-stream1-regime1-d10/6,0,1,1,10,1.0,1.0,0.1,staggered-cycle,rank,0.017159891055248316,False
robustness,robustness/rep0-stream1-regime1-d10/7,0,1,1,10,1.0,1.0,0.1,staggered-cycle,rank,0.02199626133836257,False
robustness,robustness/rep0-stream1-regime1-d10/0,0,1,1,10,1.0,1.0,0.1,staggered-cycle,soft-quadratic,0.009880795876895483,False
robustness,robustness/rep0-stream1-regime1-d10/1,0,1,1,10,1.0,1.0,0.1,staggered-cycle,soft-quadratic,0.0065448225873484065,False
robustness,robustness/rep0-stream1-regime1-d10/2,0,1,1,10,1.0,1.0,0.1,staggered-cycle,soft-quadratic,0.015037003145146237,False
robustness,robustness/rep0-stream1-regime1-d10/3,0,1,1,10,1.0,1.0,0.1,staggered-cycle,soft-quadratic,0.00989376974611583,False
robustness,robustness/rep0-stream1-regime1-d10/4,0,1,1,10,1.0,1.0,0.1,staggered-cycle,soft-quadratic,0.006022962180713513,True
robustness,robustness/rep0-stream1-regime1-d10/5,0,1,1,10,1.0,1.0,0.1,staggered-cycle,soft-quadratic,0.011200532485925157,True
robustness,robustness/rep0-stream1-regime1-d10/6,0,1,1,10,1.0,1.0,0.1,staggered-cycle,soft-quadratic,0.008452595415391057,False
robustness,robustness/rep0-stream1-regime1-d10/7,0,1,1,10,1.0,1.0,0.1,staggered-cycle,soft-quadratic,0.017406795761786328,False
robustness,robustness/rep0-stream1-regime1-d50/0,0,1,1,50,1.0,1.0,0.0,staggered-cycle,hybrid-vc,1.1866539086488965e-05,True
robustness,robustness/rep0-stream1-regime1-d50/1,0,1,1,50,1.0,1.0,0.0,staggered-cycle,hybrid-vc,2.590806625650404e-05,True
robustness,robustness/rep0-stream1-regime1-d50/2,0,1,1,50,1.0,1.0,0.0,staggered-cycle,hybrid-vc,9.70545724482481e-06,True
robustness,robustness/rep0-stream1-regime1-d50/3,0,1,1,50,1.0,1.0,0.0,staggered-cycle,hybrid-vc,1.3746483307034086e-05,True
robustness,robustness/rep0-stream1-regime1-d50/4,0,1,1,50,1.0,1.0,0.0,staggered-cycle,hybrid-vc,6.20900515889029e-05,True
robustness,robustness/rep0-stream1-regime1-d50/5,0,1,1,50,1.0,1.0,0.0,staggered-cycle,hybrid-vc,1.1309081030206213e-05,True
robustness,robustness/rep0-stream1-regime1-d50/6,0,1,1,50,1.0,1.0,0.0,staggered-cycle,hybrid-vc,1.5701155679906745e-05,True
robustness,robustness/rep0-stream1-regime1-d50/7,0,1,1,50,1.0,1.0,0.0,staggered-cycle,hybrid-vc,1.124236967004741e-05,True
robustness,robustness/rep0-stream1-regime1-d50/0,0,1,1,50,1.0,1.0,0.0,staggered-cycle,rank,0.0178901498517324,True
robustness,robustness/rep0-stream1-regime1-d50/1,0,1,1,50,1.0,1.0,0.0,staggered-cycle,rank,0.013748592666968354,True
robustness,robustness/rep0-stream1-regime1-d50/2,0,1,1,50,1.0,1.0,0.0,staggered-cycle,rank,0.017416400678008714,True
robustness,robustness/rep0-stream1-regime1-d50/3,0,1,1,50,1.0,1.0,0.0,staggered-cycle,rank,0.02036770828343245,True
robustness,robustness/rep0-stream1-regime1-d50/4,0,1,1,50,1.0,1.0,0.0,staggered-cycle,rank,0.05858897030839825,True
robustness,robustness/rep0-stream1-regime1-d50/5,0,1,1,50,1.0,1.0,0.0,staggered-cycle,rank,0.013071369323636513,True
robustness,robustness/rep0-stream1-regime1-d50/6,0,1,1,50,1.0,1.0,0.0,staggered-cycle,rank,0.013673369566305174,True
robustness,robustness/rep0-stream1-regime1-d50/7,0,1,1,50,1.0,1.0,0.0,staggered-cycle,rank,0.023784460348490476,True
robustness,robustness/rep0-stream1-regime1-d50/0,0,1,1,50,1.0,1.0,0.0,staggered-cycle,soft-quadratic,6.096649984608057e-05,True
robustness,robustness/rep0-stream1-regime1-d50/1,0,1,1,50,1.0,1.0,0.0,staggered-cycle,soft-quadratic,8.719728071778413e-05,True
robustness,robustness/rep0-stream1-regime1-d50/2,0,1,1,50,1.0,1.0,0.0,staggered-cycle,soft-quadratic,6.355053320329888e-05,True
robustness,robustness/rep0-stream1-regime1-d50/3,0,1,1,50,1.0,1.0,0.0,staggered-cycle,soft-quadratic,6.25996659294323e-05,True
robustness,robustness/rep0-stream1-regime1-d50/4,0,1,1,50,1.0,1.0,0.0,staggered-cycle,soft-quadratic,3.976997379383226e-05,True
robustness,robustness/rep0-stream1-regime1-d50/5,0,1,1,50,1.0,1.0,0.0,staggered-cycle,soft-quadratic,4.1708858047762556e-05,True
robustness,robustness/rep0-stream1-regime1-d50/6,0,1,1,50,1.0,1.0,0.0,staggered-cycle,soft-quadratic,7.714189030298525e-05,True
robustness,robustness/rep0-stream1-regime1-d50/7,0,1,1,50,1.0,1.0,0.0,staggered-cycle,soft-quadratic,4.4269201018702056e-05,True
robustness,robustness/rep0-stream1-regime1-d50/0,0,1,1,50,1.0,1.0,0.01,staggered-cycle,hybrid-vc,0.00011885252468890787,True
robustness,robustness/rep0-stream1-regime1-d50/1,0,1,1,50,1.0,1.0,0.01,staggered-cycle,hybrid-vc,9.750821373368928e-05,True
robustness,robustness/rep0-stream1-regime1-d50/2,0,1,1,50,1.0,1.0,0.01,staggered-cycle,hybrid-vc,0.00012656659642388768,True
robustness,robustness/rep0-stream1-regime1-d50/3,0,1,1,50,1.0,1.0,0.01,staggered-cycle,hybrid-vc,0.00011974774744694798,True
robustness,robustness/rep0-stream1-regime1-d50/4,0,1,1,50,1.0,1.0,0.01,staggered-cycle,hybrid-vc,0.00012917914527606455,True
robustness,robustness/rep0-stream1-regime1-d50/5,0,1,1,50,1.0,1.0,0.01,staggered-cycle,hybrid-vc,0.00011423142970180104,True
robustness,robustness/rep0-stream1-regime1-d50/6,0,1,1,50,1.0,1.0,0.01,staggered-cycle,hybrid-vc,0.00010636157258568703,True
robustness,robustness/rep0-stream1-regime1-d50/7,0,1,1,50,1.0,1.0,0.01,staggered-cycle,hybrid-vc,8.844124208928601e-05,True
robustness,robustness/rep0-stream1-regime1-d50/0,0,1,1,50,1.0,1.0,0.01,staggered-cycle,rank,0.017831048863819383,True
robustness,robustness/rep0-stream1-regime1-d50/1,0,1,1,50,1.0,1.0,0.01,staggered-cycle,rank,0.013630392316082773,True
robustness,robustness/rep0-stream1-regime1-d50/2,0,1,1,50,1.0,1.0,0.01,staggered-cycle,rank,0.017073221510893476,True
robustness,robustness/rep0-stream1-regime1-d50/3,0,1,1,50,1.0,1.0,0.01,staggered-cycle,rank,0.020534245051742256,True
robustness,robustness/rep0-stream1-regime1-d50/4,0,1,1,50,1.0,1.0,0.01,staggered-cycle,rank,0.05847571110887514,True
robustness,robustness/rep0-stream1-regime1-d50/5,0,1,1,50,1.0,1.0,0.01,staggered-cycle,rank,0.013311056132593712,True
robustness,robustness/rep0-stream1-regime1-d50/6,0,1,1,50,1.0,1.0,0.01,staggered-cycle,rank,0.013663344159943892,True
robustness,robustness/rep0-stream1-regime1-d50/7,0,1,1,50,1.0,1.0,0.01,staggered-cycle,rank,0.023676281735153175,True
robustness,robustness/rep0-stream1-regime1-d50/0,0,1,1,50,1.0,1.0,0.01,staggered-cycle,soft-quadratic,0.00014487511367314667,True
robustness,robustness/rep0-stream1-regime1-d50/1,0,1,1,50,1.0,1.0,0.01,staggered-cycle,soft-quadratic,0.00017735442914357342,True
robustness,robustness/rep0-stream1-regime1-d50/2,0,1,1,50,1.0,1.0,0.01,staggered-cycle,soft-quadratic,0.00017667830418625262,True
robustness,robustness/rep0-stream1-regime1-d50/3,0,1,1,50,1.0,1.0,0.01,staggered-cycle,soft-quadratic,0.00013925431462973853,True
robustness,robustness/rep0-stream1-regime1-d50/4,0,1,1,50,1.0,1.0,0.01,staggered-cycle,soft-quadratic,0.00016059964412513437,True
robustness,robustness/rep0-stream1-regime1-d50/5,0,1,1,50,1.0,1.0,0.01,staggered-cycle,soft-quadratic,0.0001529045762947147,True
robustness,robustness/rep0-stream1-regime1-d50/6,0,1,1,50,1.0,1.0,0.01,staggered-cycle,soft-quadratic,0.0001352215946989089,True
robustness,robustness/rep0-stream1-regime1-d50/7,0,1,1,50,1.0,1.0,0.01,staggered-cycle,soft-quadratic,0.00011943882423843451,True
robustness,robustness/rep0-stream1-regime1-d50/0,0,1,1,50,1.0,1.0,0.03,staggered-cycle,hybrid-vc,0.0008810455491727964,False
robustness,robustness/rep0-stream1-regime1-d50/1,0,1,1,50,1.0,1.0,0.03,staggered-cycle,hybrid-vc,0.0007572626465767913,False
robustness,robustness/rep0-stream1-regime1-d50/2,0,1,1,50,1.0,1.0,0.03,staggered-cycle,hybrid-vc,0.0008424435964335247,False
robustness,robustness/rep0-stream1-regime1-d50/3,0,1,1,50,1.0,1.0,0.03,staggered-cycle,hybrid-vc,0.0007939781824774712,False
robustness,robustness/rep0-stream1-regime1-d50/4,0,1,1,50,1.0,1.0,0.03,staggered-cycle,hybrid-vc,0.0009574937521312525,False
robustness,robustness/rep0-stream1-regime1-d50/5,0,1,1,50,1.0,1.0,0.03,staggered-cycle,hybrid-vc,0.0009847304091723898,False
robustness,robustness/rep0-stream1-regime1-d50/6,0,1,1,50,1.0,1.0,0.03,staggered-cycle,hybrid-vc,0.0008922443175171484,False
robustness,robustness/rep0-stream1-regime1-d50/7,0,1,1,50,1.0,1.0,0.03,staggered-cycle,hybrid-vc,0.0008279236090508725,False
robustness,robustness/rep0-stream1-regime1-d50/0,0,1,1,50,1.0,1.0,0.03,staggered-cycle,rank,0.018841616119550125,False
robustness,robustness/rep0-stream1-regime1-d50/1,0,1,1,50,1.0,1.0,0.03,staggered-cycle,rank,0.013614618091712298,False
robustness,robustness/rep0-stream1-regime1-d50/2,0,1,1,50,1.0,1.0,0.03,staggered-cycle,rank,0.017155460540518922,False
robustness,robustness/rep0-stream1-regime1-d50/3,0,1,1,50,1.0,1.0,0.03,staggered-cycle,rank,0.021257472411446442,False
robustness,robustness/rep0-stream1-regime1-d50/4,0,1,1,50,1.0,1.0,0.03,staggered-cycle,rank,0.058374135027811254,False
robustness,robustness/rep0-stream1-regime1-d50/5,0,1,1,50,1.0,1.0,0.03,staggered-cycle,rank,0.014142457333528485,False
robustness,robustness/rep0-stream1-regime1-d50/6,0,1,1,50,1.0,1.0,0.03,staggered-cycle,rank,0.014665093619404464,False
robustness,robustness/rep0-stream1-regime1-d50/7,0,1,1,50,1.0,1.0,0.03,staggered-cycle,rank,0.0241477178558227,False
robustness,robustness/rep0-stream1-regime1-d50/0,0,1,1,50,1.0,1.0,0.03,staggered-cycle,soft-quadratic,0.0008329967477018999,False
robustness,robustness/rep0-stream1-regime1-d50/1,0,1,1,50,1.0,1.0,0.03,staggered-cycle,soft-quadratic,0.0008056710140717712,False
robustness,robustness/rep0-stream1-regime1-d50/2,0,1,1,50,1.0,1.0,0.03,staggered-cycle,soft-quadratic,0.0008181789060544411,False
robustness,robustness/rep0-stream1-regime1-d50/3,0,1,1,50,1.0,1.0,0.03,staggered-cycle,soft-quadratic,0.0007729493701799928,False
robustness,robustness/rep0-stream1-regime1-d50/4,0,1,1,50,1.0,1.0,0.03,staggered-cycle,soft-quadratic,0.000868992567358616,False
robustness,robustness/rep0-stream1-regime1-d50/5,0,1,1,50,1.0,1.0,0.03,staggered-cycle,soft-quadratic,0.0010204822206313342,False
robustness,robustness/rep0-stream1-regime1-d50/6,0,1,1,50,1.0,1.0,0.03,staggered-cycle,soft-quadratic,0.0008983905455319674,False
robustness,robustness/rep0-stream1-regime1-d50/7,0,1,1,50,1.0,1.0,0.03,staggered-cycle,soft-quadratic,0.0008066742501334082,False
robustness,robustness/rep0-stream1-regime1-d50/0,0,1,1,50,1.0,1.0,0.1,staggered-cycle,hybrid-vc,0.009184351363829604,False
robustness,robustness/rep0-stream1-regime1-d50/1,0,1,1,50,1.0,1.0,0.1,staggered-cycle,hybrid-vc,0.008347677639454725,False
robustness,robustness/rep0-stream1-regime1-d50/2,0,1,1,50,1.0,1.0,0.1,staggered-cycle,hybrid-vc,0.0076806817679725735,False
robustness,robustness/rep0-stream1-regime1-d50/3,0,1,1,50,1.0,1.0,0.1,staggered-cycle,hybrid-vc,0.00906708431986094,False
robustness,robustness/rep0-stream1-regime1-d50/4,0,1,1,50,1.0,1.0,0.1,staggered-cycle,hybrid-vc,0.009615257119452797,False
robustness,robustness/rep0-stream1-regime1-d50/5,0,1,1,50,1.0,1.0,0.1,staggered-cycle,hybrid-vc,0.009373356649661048,False
robustness,robustness/rep0-stream1-regime1-d50/6,0,1,1,50,1.0,1.0,0.1,staggered-cycle,hybrid-vc,0.008919445406507812,False
robustness,robustness/rep0-stream1-regime1-d50/7,0,1,1,50,1.0,1.0,0.1,staggered-cycle,hybrid-vc,0.00898667415519742,False
robustness,robustness/rep0-stream1-regime1-d50/0,0,1,1,50,1.0,1.0,0.1,staggered-cycle,rank,0.027970387474077305,False
robustness,robustness/rep0-stream1-regime1-d50/1,0,1,1,50,1.0,1.0,0.1,staggered-cycle,rank,0.01788089761204436,False
robustness,robustness/rep0-stream1-regime1-d50/2,0,1,1,50,1.0,1.0,0.1,staggered-cycle,rank,0.022100690526661075,False
robustness,robustness/rep0-stream1-regime1-d50/3,0,1,1,50,1.0,1.0,0.1,staggered-cycle,rank,0.03204825367558324,False
robustness,robustness/rep0-stream1-regime1-d50/4,0,1,1,50,1.0,1.0,0.1,staggered-cycle,rank,0.06442743978307353,False
robustness,robustness/rep0-stream1-regime1-d50/5,0,1,1,50,1.0,1.0,0.1,staggered-cycle,rank,0.02246705104594168,False
robustness,robustness/rep0-stream1-regime1-d50/6,0,1,1,50,1.0,1.0,0.1,staggered-cycle,rank,0.022966619940016763,False
robustness,robustness/rep0-stream1-regime1-d50/7,0,1,1,50,1.0,1.0,0.1,staggered-cycle,rank,0.03188526894056895,False
robustness,robustness/rep0-stream1-regime1-d50/0,0,1,1,50,1.0,1.0,0.1,staggered-cycle,soft-quadratic,0.00924757327199975,False
robustness,robustness/rep0-stream1-regime1-d50/1,0,1,1,50,1.0,1.0,0.1,staggered-cycle,soft-quadratic,0.008301091779507606,False
robustness,robustness/rep0-stream1-regime1-d50/2,0,1,1,50,1.0,1.0,0.1,staggered-cycle,soft-quadratic,0.007758198148247058,False
robustness,robustness/rep0-stream1-regime1-d50/3,0,1,1,50,1.0,1.0,0.1,staggered-cycle,soft-quadratic,0.008990377541265618,False
robustness,robustness/rep0-stream1-regime1-d50/4,0,1,1,50,1.0,1.0,0.1,staggered-cycle,soft-quadratic,0.00960277354873207,False
robustness,robustness/rep0-stream1-regime1-d50/5,0,1,1,50,1.0,1.0,0.1,staggered-cycle,soft-quadratic,0.009473080666978733,False
robustness,robustness/rep0-stream1-regime1-d50/6,0,1,1,50,1.0,1.0,0.1,staggered-cycle,soft-quadratic,0.0089588297018291,False
robustness,robustness/rep0-stream1-regime1-d50/7,0,1,1,50,1.0,1.0,0.1,staggered-cycle,soft-quadratic,0.008824828229873643,False
robustness,robustness/rep1-stream0-regime0-d20/0,1,0,0,20,1.0,1.0,0.0,staggered-cycle,hybrid-vc,8.565159560903393e-05,True
robustness,robustness/rep1-stream0-regime0-d20/1,1,0,0,20,1.0,1.0,0.0,staggered-cycle,hybrid-vc,5.014485864821277e-05,True
robustness,robustness/rep1-stream0-regime0-d20/2,1,0,0,20,1.0,1.0,0.0,staggered-cycle,hybrid-vc,0.0002712920922122999,True
robustness,robustness/rep1-stream0-regime0-d20/3,1,0,0,20,1.0,1.0,0.0,staggered-cycle,hybrid-vc,0.00012243364344047803,True
robustness,robustness/rep1-stream0-regime0-d20/4,1,0,0,20,1.0,1.0,0.0,staggered-cycle,hybrid-vc,8.693405483145637e-05,True
robustness,robustness/rep1-stream0-regime0-d20/5,1,0,0,20,1.0,1.0,0.0,staggered-cycle,hybrid-vc,0.0001002680789243284,True
robustness,robustness/rep1-stream0-regime0-d20/6,1,0,0,20,1.0,1.0,0.0,staggered-cycle,hybrid-vc,9.797891587918738e-05,True
robustness,robustness/rep1-stream0-regime0-d20/7,1,0,0,20,1.0,1.0,0.0,staggered-cycle,hybrid-vc,8.562191443790048e-05,True
robustness,robustness/rep1-stream0-regime0-d20/0,1,0,0,20,1.0,1.0,0.0,staggered-cycle,rank,0.00930828372860953,True
robustness,robustness/rep1-stream0-regime0-d20/1,1,0,0,20,1.0,1.0,0.0,staggered-cycle,rank,0.006627305659059789,True
robustness,robustness/rep1-stream0-regime0-d20/2,1,0,0,20,1.0,1.0,0.0,staggered-cycle,rank,0.045878409109044525,True
robustness,robustness/rep1-stream0-regime0-d20/3,1,0,0,20,1.0,1.0,0.0,staggered-cycle,rank,0.005853322426458646,True
robustness,robustness/rep1-stream0-regime0-d20/4,1,0,0,20,1.0,1.0,0.0,staggered-cycle,rank,0.012762197090056994,True
robustness,robustness/rep1-stream0-regime0-d20/5,1,0,0,20,1.0,1.0,0.0,staggered-cycle,rank,0.03067945789963385,True
robustness,robustness/rep1-stream0-regime0-d20/6,1,0,0,20,1.0,1.0,0.0,staggered-cycle,rank,0.007000458378518837,True
robustness,robustness/rep1-stream0-regime0-d20/7,1,0,0,20,1.0,1.0,0.0,staggered-cycle,rank,0.008413576819517047,True
robustness,robustness/rep1-stream0-regime0-d20/0,1,0,0,20,1.0,1.0,0.0,staggered-cycle,soft-quadratic,0.00017831552016241443,True
robustness,robustness/rep1-stream0-regime0-d20/1,1,0,0,20,1.0,1.0,0.0,staggered-cycle,soft-quadratic,0.00012421855660815434,True
robustness,robustness/rep1-stream0-regime0-d20/2,1,0,0,20,1.0,1.0,0.0,staggered-cycle,soft-quadratic,0.0003902392676458405,True
robustness,robustness/rep1-stream0-regime0-d20/3,1,0,0,20,1.0,1.0,0.0,staggered-cycle,soft-quadratic,0.0001525936307334706,True
robustness,robustness/rep1-stream0-regime0-d20/4,1,0,0,20,1.0,1.0,0.0,staggered-cycle,soft-quadratic,0.00016003416436332864,True
robustness,robustness/rep1-stream0-regime0-d20/5,1,0,0,20,1.0,1.0,0.0,staggered-cycle,soft-quadratic,0.00010861171849916477,True
robustness,robustness/rep1-stream0-regime0-d20/6,1,0,0,20,1.0,1.0,0.0,staggered-cycle,soft-quadratic,0.00022540448844488319,True
robustness,robustness/rep1-stream0-regime0-d20/7,1,0,0,20,1.0,1.0,0.0,staggered-cycle,soft-quadratic,0.00010114292066871261,True
robustness,robustness/rep1-stream0-regime0-d20/0,1,0,0,20,1.0,1.0,0.01,staggered-cycle,hybrid-vc,0.00022894032292105542,True
robustness,robustness/rep1-stream0-regime0-d20/1,1,0,0,20,1.0,1.0,0.01,staggered-cycle,hybrid-vc,0.00016415771201259378,True
robustness,robustness/rep1-stream0-regime0-d20/2,1,0,0,20,1.0,1.0,0.01,staggered-cycle,hybrid-vc,0.00026581608514514104,True
robustness,robustness/rep1-stream0-regime0-d20/3,1,0,0,20,1.0,1.0,0.01,staggered-cycle,hybrid-vc,0.00034018412007210265,True
robustness,robustness/rep1-stream0-regime0-d20/4,1,0,0,20,1.0,1.0,0.01,staggered-cycle,hybrid-vc,0.00025094986961278075,True
robustness,robustness/rep1-stream0-regime0-d20/5,1,0,0,20,1.0,1.0,0.01,staggered-cycle,hybrid-vc,0.00024465640986384935,True
robustness,robustness/rep1-stream0-regime0-d20/6,1,0,0,20,1.0,1.0,0.01,staggered-cycle,hybrid-vc,0.0001019087427642755,True
robustness,robustness/rep1-stream0-regime0-d20/7,1,0,0,20,1.0,1.0,0.01,staggered-cycle,hybrid-vc,0.0002731851242613391,True
robustness,robustness/rep1-stream0-regime0-d20/0,1,0,0,20,1.0,1.0,0.01,staggered-cycle,rank,0.009663736715374197,True
robustness,robustness/rep1-stream0-regime0-d20/1,1,0,0,20,1.0,1.0,0.01,staggered-cycle,rank,0.006772116170033657,True
robustness,robustness/rep1-stream0-regime0-d20/2,1,0,0,20,1.0,1.0,0.01,staggered-cycle,rank,0.046092178903835004,True
robustness,robustness/rep1-stream0-regime0-d20/3,1,0,0,20,1.0,1.0,0.01,staggered-cycle,rank,0.005935193250179263,True
robustness,robustness/rep1-stream0-regime0-d20/4,1,0,0,20,1.0,1.0,0.01,staggered-cycle,rank,0.012989553234765194,True
robustness,robustness/rep1-stream0-regime0-d20/5,1,0,0,20,1.0,1.0,0.01,staggered-cycle,rank,0.03044393106124288,True
robustness,robustness/rep1-stream0-regime0-d20/6,1,0,0,20,1.0,1.0,0.01,staggered-cycle,rank,0.006519626617036178,True
robustness,robustness/rep1-stream0-regime0-d20/7,1,0,0,20,1.0,1.0,0.01,staggered-cycle,rank,0.008484288588484714,True
robustness,robustness/rep1-stream0-regime0-d20/0,1,0,0,20,1.0,1.0,0.01,staggered-cycle,soft-quadratic,0.0003391212977830971,True
robustness,robustness/rep1-stream0-regime0-d20/1,1,0,0,20,1.0,1.0,0.01,staggered-cycle,soft-quadratic,0.00017396184052358073,True
robustness,robustness/rep1-stream0-regime0-d20/2,1,0,0,20,1.0,1.0,0.01,staggered-cycle,soft-quadratic,0.0003279521745202794,True
robustness,robustness/rep1-stream0-regime0-d20/3,1,0,0,20,1.0,1.0,0.01,staggered-cycle,soft-quadratic,0.00037033679378917363,True
robustness,robustness/rep1-stream0-regime0-d20/4,1,0,0,20,1.0,1.0,0.01,staggered-cycle,soft-quadratic,0.0002909301737396642,True
robustness,robustness/rep1-stream0-regime0-d20/5,1,0,0,20,1.0,1.0,0.01,staggered-cycle,soft-quadratic,0.0002435501079157534,True
robustness,robustness/rep1-stream0-regime0-d20/6,1,0,0,20,1.0,1.0,0.01,staggered-cycle,soft-quadratic,0.00023448787677693515,True
robustness,robustness/rep1-stream0-regime0-d20/7,1,0,0,20,1.0,1.0,0.01,staggered-cycle,soft-quadratic,0.00021250014679310376,True
robustness,robustness/rep1-stream0-regime0-d20/0,1,0,0,20,1.0,1.0,0.03,staggered-cycle,hybrid-vc,0.0011212597357155895,True
robustness,robustness/rep1-stream0-regime0-d20/1,1,0,0,20,1.0,1.0,0.03,staggered-cycle,hybrid-vc,0.0008942956921979266,False
robustness,robustness/rep1-stream0-regime0-d20/2,1,0,0,20,1.0,1.0,0.03,staggered-cycle,hybrid-vc,0.0008830602719654333,True
robustness,robustness/rep1-stream0-regime0-d20/3,1,0,0,20,1.0,1.0,0.03,staggered-cycle,hybrid-vc,0.0009326310427849226,True
robustness,robustness/rep1-stream0-regime0-d20/4,1,0,0,20,1.0,1.0,0.03,staggered-cycle,hybrid-vc,0.0008036483783148044,True
robustness,robustness/rep1-stream0-regime0-d20/5,1,0,0,20,1.0,1.0,0.03,staggered-cycle,hybrid-vc,0.0009198545153035398,True
robustness,robustness/rep1-stream0-regime0-d20/6,1,0,0,20,1.0,1.0,0.03,staggered-cycle,hybrid-vc,0.0010484211617874475,True
robustness,robustness/rep1-stream0-regime0-d20/7,1,0,0,20,1.0,1.0,0.03,staggered-cycle,hybrid-vc,0.0011182619060577568,True
robustness,robustness/rep1-stream0-regime0-d20/0,1,0,0,20,1.0,1.0,0.03,staggered-cycle,rank,0.01091257905909915,True
robustness,robustness/rep1-stream0-regime0-d20/1,1,0,0,20,1.0,1.0,0.03,staggered-cycle,rank,0.007396945071154854,False
robustness,robustness/rep1-stream0-regime0-d20/2,1,0,0,20,1.0,1.0,0.03,staggered-cycle,rank,0.0465866892895621,True
robustness,robustness/rep1-stream0-regime0-d20/3,1,0,0,20,1.0,1.0,0.03,staggered-cycle,rank,0.006738280945472332,True
robustness,robustness/rep1-stream0-regime0-d20/4,1,0,0,20,1.0,1.0,0.03,staggered-cycle,rank,0.015147132114083962,True
robustness,robustness/rep1-stream0-regime0-d20/5,1,0,0,20,1.0,1.0,0.03,staggered-cycle,rank,0.03169120446495854,True
robustness,robustness/rep1-stream0-regime0-d20/6,1,0,0,20,1.0,1.0,0.03,staggered-cycle,rank,0.007660385973790478,True
robustness,robustness/rep1-stream0-regime0-d20/7,1,0,0,20,1.0,1.0,0.03,staggered-cycle,rank,0.009466251983427284,True
robustness,robustness/rep1-stream0-regime0-d20/0,1,0,0,20,1.0,1.0,0.03,staggered-cycle,soft-quadratic,0.0009641450647338999,True
robustness,robustness/rep1-stream0-regime0-d20/1,1,0,0,20,1.0,1.0,0.03,staggered-cycle,soft-quadratic,0.0008103597534181106,False
robustness,robustness/rep1-stream0-regime0-d20/2,1,0,0,20,1.0,1.0,0.03,staggered-cycle,soft-quadratic,0.0011069450324826563,True
robustness,robustness/rep1-stream0-regime0-d20/3,1,0,0,20,1.0,1.0,0.03,staggered-cycle,soft-quadratic,0.0009233779789169321,True
robustness,robustness/rep1-stream0-regime0-d20/4,1,0,0,20,1.0,1.0,0.03,staggered-cycle,soft-quadratic,0.0009244405353506996,True
robustness,robustness/rep1-stream0-regime0-d20/5,1,0,0,20,1.0,1.0,0.03,staggered-cycle,soft-quadratic,0.0008994156695148885,True
robustness,robustness/rep1-stream0-regime0-d20/6,1,0,0,20,1.0,1.0,0.03,staggered-cycle,soft-quadratic,0.001150724205507689,True
robustness,robustness/rep1-stream0-regime0-d20/7,1,0,0,20,1.0,1.0,0.03,staggered-cycle,soft-quadratic,0.0010487556418941931,True
robustness,robustness/rep1-stream0-regime0-d20/0,1,0,0,20,1.0,1.0,0.1,staggered-cycle,hybrid-vc,0.008427673221824198,False
robustness,robustness/rep1-stream0-regime0-d20/1,1,0,0,20,1.0,1.0,0.1,staggered-cycle,hybrid-vc,0.00821671079986392,False
robustness,robustness/rep1-stream0-regime0-d20/2,1,0,0,20,1.0,1.0,0.1,staggered-cycle,hybrid-vc,0.00975281032331777,False
robustness,robustness/rep1-stream0-regime0-d20/3,1,0,0,20,1.0,1.0,0.1,staggered-cycle,hybrid-vc,0.010336595337070422,False
robustness,robustness/rep1-stream0-regime0-d20/4,1,0,0,20,1.0,1.0,0.1,staggered-cycle,hybrid-vc,0.008416222034352714,False
robustness,robustness/rep1-stream0-regime0-d20/5,1,0,0,20,1.0,1.0,0.1,staggered-cycle,hybrid-vc,0.006931118673251893,False
robustness,robustness/rep1-stream0-regime0-d20/6,1,0,0,20,1.0,1.0,0.1,staggered-cycle,hybrid-vc,0.009821150157968984,False
robustness,robustness/rep1-stream0-regime0-d20/7,1,0,0,20,1.0,1.0,0.1,staggered-cycle,hybrid-vc,0.010077300436302278,False
robustness,robustness/rep1-stream0-regime0-d20/0,1,0,0,20,1.0,1.0,0.1,staggered-cycle,rank,0.018496190558345522,False
robustness,robustness/rep1-stream0-regime0-d20/1,1,0,0,20,1.0,1.0,0.1,staggered-cycle,rank,0.01604869354620776,False
robustness,robustness/rep1-stream0-regime0-d20/2,1,0,0,20,1.0,1.0,0.1,staggered-cycle,rank,0.05284297409890929,False
robustness,robustness/rep1-stream0-regime0-d20/3,1,0,0,20,1.0,1.0,0.1,staggered-cycle,rank,0.017698154123836258,False
robustness,robustness/rep1-stream0-regime0-d20/4,1,0,0,20,1.0,1.0,0.1,staggered-cycle,rank,0.021391955699107037,False
robustness,robustness/rep1-stream0-regime0-d20/5,1,0,0,20,1.0,1.0,0.1,staggered-cycle,rank,0.03687992037162906,False
robustness,robustness/rep1-stream0-regime0-d20/6,1,0,0,20,1.0,1.0,0.1,staggered-cycle,rank,0.01947499669657308,False
robustness,robustness/rep1-stream0-regime0-d20/7,1,0,0,20,1.0,1.0,0.1,staggered-cycle,rank,0.018360422260976794,False
robustness,robustness/rep1-stream0-regime0-d20/0,1,0,0,20,1.0,1.0,0.1,staggered-cycle,soft-quadratic,0.008491501007714527,False
robustness,robustness/rep1-stream0-regime0-d20/1,1,0,0,20,1.0,1.0,0.1,staggered-cycle,soft-quadratic,0.008259224857005426,False
robustness,robustness/rep1-stream0-regime0-d20/2,1,0,0,20,1.0,1.0,0.1,staggered-cycle,soft-quadratic,0.009775174723233889,False
robustness,robustness/rep1-stream0-regime0-d20/3,1,0,0,20,1.0,1.0,0.1,staggered-cycle,soft-quadratic,0.00980771661525928,False
robustness,robustness/rep1-stream0-regime0-d20/4,1,0,0,20,1.0,1.0,0.1,staggered-cycle,soft-quadratic,0.008223712223742734,False
robustness,robustness/rep1-stream0-regime0-d20/5,1,0,0,20,1.0,1.0,0.1,staggered-cycle,soft-quadratic,0.007372002015738841,False
robustness,robustness/rep1-stream0-regime0-d20/6,1,0,0,20,1.0,1.0,0.1,staggered-cycle,soft-quadratic,0.010211930057363127,False
robustness,robustness/rep1-stream0-regime0-d20/7,1,0,0,20,1.0,1.0,0.1,staggered-cycle,soft-quadratic,0.009533107527685903,False
robustness,robustness/rep1-stream0-regime1-d10/0,1,0,1,10,1.0,1.0,0.0,staggered-cycle,hybrid-vc,0.0002541244551621583,True
robustness,robustness/rep1-stream0-regime1-d10/1,1,0,1,10,1.0,1.0,0.0,staggered-cycle,hybrid-vc,0.000480561114360359,True
robustness,robustness/rep1-stream0-regime1-d10/2,1,0,1,10,1.0,1.0,0.0,staggered-cycle,hybrid-vc,0.00033777137168246215,True
robustness,robustness/rep1-stream0-regime1-d10/3,1,0,1,10,1.0,1.0,0.0,staggered-cycle,hybrid-vc,0.00034215804358146733,True
robustness,robustness/rep1-stream0-regime1-d10/4,1,0,1,10,1.0,1.0,0.0,staggered-cycle,hybrid-vc,0.0003664245370589318,True
robustness,robustness/rep1-stream0-regime1-d10/5,1,0,1,10,1.0,1.0,0.0,staggered-cycle,hybrid-vc,0.0004580857037457679,True
robustness,robustness/rep1-stream0-regime1-d10/6,1,0,1,10,1.0,1.0,0.0,staggered-cycle,hybrid-vc,0.0005674394229256169,True
robustness,robustness/rep1-stream0-regime1-d10/7,1,0,1,10,1.0,1.0,0.0,staggered-cycle,hybrid-vc,8.230813407535608e-05,True
robustness,robustness/rep1-stream0-regime1-d10/0,1,0,1,10,1.0,1.0,0.0,staggered-cycle,rank,0.004882380301693732,True
robustness,robustness/rep1-stream0-regime1-d10/1,1,0,1,10,1.0,1.0,0.0,staggered-cycle,rank,0.009131750814260918,True
robustness,robustness/rep1-stream0-regime1-d10/2,1,0,1,10,1.0,1.0,0.0,staggered-cycle,rank,0.06482062346951385,True
robustness,robustness/rep1-stream0-regime1-d10/3,1,0,1,10,1.0,1.0,0.0,staggered-cycle,rank,0.005704651437869725,True
robustness,robustness/rep1-stream0-regime1-d10/4,1,0,1,10,1.0,1.0,0.0,staggered-cycle,rank,0.016566367712417564,True
robustness,robustness/rep1-stream0-regime1-d10/5,1,0,1,10,1.0,1.0,0.0,staggered-cycle,rank,0.012300281578572459,True
robustness,robustness/rep1-stream0-regime1-d10/6,1,0,1,10,1.0,1.0,0.0,staggered-cycle,rank,0.0038641261880760828,True
robustness,robustness/rep1-stream0-regime1-d10/7,1,0,1,10,1.0,1.0,0.0,staggered-cycle,rank,0.015806038725859967,True
robustness,robustness/rep1-stream0-regime1-d10/0,1,0,1,10,1.0,1.0,0.0,staggered-cycle,soft-quadratic,0.0002324032468740714,True
robustness,robustness/rep1-stream0-regime1-d10/1,1,0,1,10,1.0,1.0,0.0,staggered-cycle,soft-quadratic,0.0004649503561201269,True
robustness,robustness/rep1-stream0-regime1-d10/2,1,0,1,10,1.0,1.0,0.0,staggered-cycle,soft-quadratic,0.0003728338941830979,True
robustness,robustness/rep1-stream0-regime1-d10/3,1,0,1,10,1.0,1.0,0.0,staggered-cycle,soft-quadratic,0.00027772458634297165,True
robustness,robustness/rep1-stream0-regime1-d10/4,1,0,1,10,1.0,1.0,0.0,staggered-cycle,soft-quadratic,0.0002998191304920148,True
robustness,robustness/rep1-stream0-regime1-d10/5,1,0,1,10,1.0,1.0,0.0,staggered-cycle,soft-quadratic,0.0004883539357271841,True
robustness,robustness/rep1-stream0-regime1-d10/6,1,0,1,10,1.0,1.0,0.0,staggered-cycle,soft-quadratic,0.0005651013080881207,True
robustness,robustness/rep1-stream0-regime1-d10/7,1,0,1,10,1.0,1.0,0.0,staggered-cycle,soft-quadratic,0.00016681652280275597,True
robustness,robustness/rep1-stream0-regime1-d10/0,1,0,1,10,1.0,1.0,0.01,staggered-cycle,hybrid-vc,0.0002697571059689071,True
robustness,robustness/rep1-stream0-regime1-d10/1,1,0,1,10,1.0,1.0,0.01,staggered-cycle,hybrid-vc,0.0005389631272677257,True
robustness,robustness/rep1-stream0-regime1-d10/2,1,0,1,10,1.0,1.0,0.01,staggered-cycle,hybrid-vc,0.0013662413756171104,True
robustness,robustness/rep1-stream0-regime1-d10/3,1,0,1,10,1.0,1.0,0.01,staggered-cycle,hybrid-vc,0.00045262376546437676,True
robustness,robustness/rep1-stream0-regime1-d10/4,1,0,1,10,1.0,1.0,0.01,staggered-cycle,hybrid-vc,0.0010028018232942435,True
robustness,robustness/rep1-stream0-regime1-d10/5,1,0,1,10,1.0,1.0,0.01,staggered-cycle,hybrid-vc,0.00031717537741791577,True
robustness,robustness/rep1-stream0-regime1-d10/6,1,0,1,10,1.0,1.0,0.01,staggered-cycle,hybrid-vc,0.0008586401467345209,True
robustness,robustness/rep1-stream0-regime1-d10/7,1,0,1,10,1.0,1.0,0.01,staggered-cycle,hybrid-vc,9.709031451494354e-05,True
robustness,robustness/rep1-stream0-regime1-d10/0,1,0,1,10,1.0,1.0,0.01,staggered-cycle,rank,0.005021424777184906,True
robustness,robustness/rep1-stream0-regime1-d10/1,1,0,1,10,1.0,1.0,0.01,staggered-cycle,rank,0.00874437764453074,True
robustness,robustness/rep1-stream0-regime1-d10/2,1,0,1,10,1.0,1.0,0.01,staggered-cycle,rank,0.06474127093843866,True
robustness,robustness/rep1-stream0-regime1-d10/3,1,0,1,10,1.0,1.0,0.01,staggered-cycle,rank,0.0056825572081885345,True
robustness,robustness/rep1-stream0-regime1-d10/4,1,0,1,10,1.0,1.0,0.01,staggered-cycle,rank,0.01639441706785798,True
robustness,robustness/rep1-stream0-regime1-d10/5,1,0,1,10,1.0,1.0,0.01,staggered-cycle,rank,0.011552616392814737,True
robustness,robustness/rep1-stream0-regime1-d10/6,1,0,1,10,1.0,1.0,0.01,staggered-cycle,rank,0.0036455289136937095,True
robustness,robustness/rep1-stream0-regime1-d10/7,1,0,1,10,1.0,1.0,0.01,staggered-cycle,rank,0.01659204679258299,True
robustness,robustness/rep1-stream0-regime1-d10/0,1,0,1,10,1.0,1.0,0.01,staggered-cycle,soft-quadratic,0.00030831164089304493,True
robustness,robustness/rep1-stream0-regime1-d10/1,1,0,1,10,1.0,1.0,0.01,staggered-cycle,soft-quadratic,0.0005067823282720778,True
robustness,robustness/rep1-stream0-regime1-d10/2,1,0,1,10,1.0,1.0,0.01,staggered-cycle,soft-quadratic,0.0006669283384550959,True
robustness,robustness/rep1-stream0-regime1-d10/3,1,0,1,10,1.0,1.0,0.01,staggered-cycle,soft-quadratic,0.0003979791921783175,True
robustness,robustness/rep1-stream0-regime1-d10/4,1,0,1,10,1.0,1.0,0.01,staggered-cycle,soft-quadratic,0.0007365282707938623,True
robustness,robustness/rep1-stream0-regime1-d10/5,1,0,1,10,1.0,1.0,0.01,staggered-cycle,soft-quadratic,0.0003599793480709327,True
robustness,robustness/rep1-stream0-regime1-d10/6,1,0,1,10,1.0,1.0,0.01,staggered-cycle,soft-quadratic,0.0006711889772186338,True
robustness,robustness/rep1-stream0-regime1-d10/7,1,0,1,10,1.0,1.0,0.01,staggered-cycle,soft-quadratic,0.00020227739783240922,True
robustness,robustness/rep1-stream0-regime1-d10/0,1,0,1,10,1.0,1.0,0.03,staggered-cycle,hybrid-vc,0.001139512306855706,True
robustness,robustness/rep1-stream0-regime1-d10/1,1,0,1,10,1.0,1.0,0.03,staggered-cycle,hybrid-vc,0.0009152379455009232,True
robustness,robustness/rep1-stream0-regime1-d10/2,1,0,1,10,1.0,1.0,0.03,staggered-cycle,hybrid-vc,0.004638119917267935,True
robustness,robustness/rep1-stream0-regime1-d10/3,1,0,1,10,1.0,1.0,0.03,staggered-cycle,hybrid-vc,0.0010490264971344792,True
robustness,robustness/rep1-stream0-regime1-d10/4,1,0,1,10,1.0,1.0,0.03,staggered-cycle,hybrid-vc,0.002617740970485774,True
robustness,robustness/rep1-stream0-regime1-d10/5,1,0,1,10,1.0,1.0,0.03,staggered-cycle,hybrid-vc,0.0006767523700296277,True
robustness,robustness/rep1-stream0-regime1-d10/6,1,0,1,10,1.0,1.0,0.03,staggered-cycle,hybrid-vc,0.0011320718376201927,True
robustness,robustness/rep1-stream0-regime1-d10/7,1,0,1,10,1.0,1.0,0.03,staggered-cycle,hybrid-vc,0.00045966488170555935,True
robustness,robustness/rep1-stream0-regime1-d10/0,1,0,1,10,1.0,1.0,0.03,staggered-cycle,rank,0.005626520667027523,True
robustness,robustness/rep1-stream0-regime1-d10/1,1,0,1,10,1.0,1.0,0.03,staggered-cycle,rank,0.009745210042373933,True
robustness,robustness/rep1-stream0-regime1-d10/2,1,0,1,10,1.0,1.0,0.03,staggered-cycle,rank,0.06747896856456795,True
robustness,robustness/rep1-stream0-regime1-d10/3,1,0,1,10,1.0,1.0,0.03,staggered-cycle,rank,0.006427901775224742,True
robustness,robustness/rep1-stream0-regime1-d10/4,1,0,1,10,1.0,1.0,0.03,staggered-cycle,rank,0.015839902971042413,True
robustness,robustness/rep1-stream0-regime1-d10/5,1,0,1,10,1.0,1.0,0.03,staggered-cycle,rank,0.011684690604860633,True
robustness,robustness/rep1-stream0-regime1-d10/6,1,0,1,10,1.0,1.0,0.03,staggered-cycle,rank,0.00392991523856708,True
robustness,robustness/rep1-stream0-regime1-d10/7,1,0,1,10,1.0,1.0,0.03,staggered-cycle,rank,0.019674024989361806,True
robustness,robustness/rep1-stream0-regime1-d10/0,1,0,1,10,1.0,1.0,0.03,staggered-cycle,soft-quadratic,0.0010379866215041022,True
robustness,robustness/rep1-stream0-regime1-d10/1,1,0,1,10,1.0,1.0,0.03,staggered-cycle,soft-quadratic,0.0010236374083869776,True
robustness,robustness/rep1-stream0-regime1-d10/2,1,0,1,10,1.0,1.0,0.03,staggered-cycle,soft-quadratic,0.00458862563124642,True
robustness,robustness/rep1-stream0-regime1-d10/3,1,0,1,10,1.0,1.0,0.03,staggered-cycle,soft-quadratic,0.0011447155620830914,True
robustness,robustness/rep1-stream0-regime1-d10/4,1,0,1,10,1.0,1.0,0.03,staggered-cycle,soft-quadratic,0.0019862639722665982,True
robustness,robustness/rep1-stream0-regime1-d10/5,1,0,1,10,1.0,1.0,0.03,staggered-cycle,soft-quadratic,0.0006371765245351776,True
robustness,robustness/rep1-stream0-regime1-d10/6,1,0,1,10,1.0,1.0,0.03,staggered-cycle,soft-quadratic,0.0010048921483936052,True
robustness,robustness/rep1-stream0-regime1-d10/7,1,0,1,10,1.0,1.0,0.03,staggered-cycle,soft-quadratic,0.0006396818019996133,True
robustness,robustness/rep1-stream0-regime1-d10/0,1,0,1,10,1.0,1.0,0.1,staggered-cycle,hybrid-vc,0.008478659078965809,False
robustness,robustness/rep1-stream0-regime1-d10/1,1,0,1,10,1.0,1.0,0.1,staggered-cycle,hybrid-vc,0.0045854227077105035,True
robustness,robustness/rep1-stream0-regime1-d10/2,1,0,1,10,1.0,1.0,0.1,staggered-cycle,hybrid-vc,0.008730819750838404,False
robustness,robustness/rep1-stream0-regime1-d10/3,1,0,1,10,1.0,1.0,0.1,staggered-cycle,hybrid-vc,0.01910226388725525,True
robustness,robustness/rep1-stream0-regime1-d10/4,1,0,1,10,1.0,1.0,0.1,staggered-cycle,hybrid-vc,0.008123174220480867,False
robustness,robustness/rep1-stream0-regime1-d10/5,1,0,1,10,1.0,1.0,0.1,staggered-cycle,hybrid-vc,0.008645461311291451,False
robustness,robustness/rep1-stream0-regime1-d10/6,1,0,1,10,1.0,1.0,0.1,staggered-cycle,hybrid-vc,0.00679857864182499,False
robustness,robustness/rep1-stream0-regime1-d10/7,1,0,1,10,1.0,1.0,0.1,staggered-cycle,hybrid-vc,0.00730197149033509,True
robustness,robustness/rep1-stream0-regime1-d10/0,1,0,1,10,1.0,1.0,0.1,staggered-cycle,rank,0.012431578678745467,False
robustness,robustness/rep1-stream0-regime1-d10/1,1,0,1,10,1.0,1.0,0.1,staggered-cycle,rank,0.013696331185264317,True
robustness,robustness/rep1-stream0-regime1-d10/2,1,0,1,10,1.0,1.0,0.1,staggered-cycle,rank,0.07435872404414377,False
robustness,robustness/rep1-stream0-regime1-d10/3,1,0,1,10,1.0,1.0,0.1,staggered-cycle,rank,0.013714571226173991,True
robustness,robustness/rep1-stream0-regime1-d10/4,1,0,1,10,1.0,1.0,0.1,staggered-cycle,rank,0.020760897609011553,False
robustness,robustness/rep1-stream0-regime1-d10/5,1,0,1,10,1.0,1.0,0.1,staggered-cycle,rank,0.02047237131223737,False
robustness,robustness/rep1-stream0-regime1-d10/6,1,0,1,10,1.0,1.0,0.1,staggered-cycle,rank,0.007123299682635012,False
robustness,robustness/rep1-stream0-regime1-d10/7,1,0,1,10,1.0,1.0,0.1,staggered-cycle,rank,0.0311557848410433,True
robustness,robustness/rep1-stream0-regime1-d10/0,1,0,1,10,1.0,1.0,0.1,staggered-cycle,soft-quadratic,0.00729352026716014,False
robustness,robustness/rep1-stream0-regime1-d10/1,1,0,1,10,1.0,1.0,0.1,staggered-cycle,soft-quadratic,0.00460872684157867,True
robustness,robustness/rep1-stream0-regime1-d10/2,1,0,1,10,1.0,1.0,0.1,staggered-cycle,soft-quadratic,0.006690716239354468,False
robustness,robustness/rep1-stream0-regime1-d10/3,1,0,1,10,1.0,1.0,0.1,staggered-cycle,soft-quadratic,0.014943026039316892,True
robustness,robustness/rep1-stream0-regime1-d10/4,1,0,1,10,1.0,1.0,0.1,staggered-cycle,soft-quadratic,0.007451311231914076,False
robustness,robustness/rep1-stream0-regime1-d10/5,1,0,1,10,1.0,1.0,0.1,staggered-cycle,soft-quadratic,0.008921781770884455,False
robustness,robustness/rep1-stream0-regime1-d10/6,1,0,1,10,1.0,1.0,0.1,staggered-cycle,soft-quadratic,0.006753077224659993,False
robustness,robustness/rep1-stream0-regime1-d10/7,1,0,1,10,1.0,1.0,0.1,staggered-cycle,soft-quadratic,0.005450346250738518,True
robustness,robustness/rep1-stream0-regime1-d50/0,1,0,1,50,1.0,1.0,0.0,staggered-cycle,hybrid-vc,1.0197543723601825e-05,True
robustness,robustness/rep1-stream0-regime1-d50/1,1,0,1,50,1.0,1.0,0.0,staggered-cycle,hybrid-vc,8.671547147889532e-06,True
robustness,robustness/rep1-stream0-regime1-d50/2,1,0,1,50,1.0,1.0,0.0,staggered-cycle,hybrid-vc,1.130484449365351e-05,True
robustness,robustness/rep1-stream0-regime1-d50/3,1,0,1,50,1.0,1.0,0.0,staggered-cycle,hybrid-vc,1.2464079335331496e-05,True
robustness,robustness/rep1-stream0-regime1-d50/4,1,0,1,50,1.0,1.0,0.0,staggered-cycle,hybrid-vc,1.8150981513312375e-05,True
robustness,robustness/rep1-stream0-regime1-d50/5,1,0,1,50,1.0,1.0,0.0,staggered-cycle,hybrid-vc,3.691687046209186e-05,True
robustness,robustness/rep1-stream0-regime1-d50/6,1,0,1,50,1.0,1.0,0.0,staggered-cycle,hybrid-vc,2.1770919520013476e-05,True
robustness,robustness/rep1-stream0-regime1-d50/7,1,0,1,50,1.0,1.0,0.0,staggered-cycle,hybrid-vc,3.665579160159506e-05,True
robustness,robustness/rep1-stream0-regime1-d50/0,1,0,1,50,1.0,1.0,0.0,staggered-cycle,rank,0.007980416952577063,True
robustness,robustness/rep1-stream0-regime1-d50/1,1,0,1,50,1.0,1.0,0.0,staggered-cycle,rank,0.023422587656921706,True
robustness,robustness/rep1-stream0-regime1-d50/2,1,0,1,50,1.0,1.0,0.0,staggered-cycle,rank,0.025768203315259176,True
robustness,robustness/rep1-stream0-regime1-d50/3,1,0,1,50,1.0,1.0,0.0,staggered-cycle,rank,0.02348641979177257,True
robustness,robustness/rep1-stream0-regime1-d50/4,1,0,1,50,1.0,1.0,0.0,staggered-cycle,rank,0.00947614443774888,True
robustness,robustness/rep1-stream0-regime1-d50/5,1,0,1,50,1.0,1.0,0.0,staggered-cycle,rank,0.03698659494379512,True
robustness,robustness/rep1-stream0-regime1-d50/6,1,0,1,50,1.0,1.0,0.0,staggered-cycle,rank,0.017960957453490974,True
robustness,robustness/rep1-stream0-regime1-d50/7,1,0,1,50,1.0,1.0,0.0,staggered-cycle,rank,0.07357402300777822,True
robustness,robustness/rep1-stream0-regime1-d50/0,1,0,1,50,1.0,1.0,0.0,staggered-cycle,soft-quadratic,5.090769935777456e-05,True
robustness,robustness/rep1-stream0-regime1-d50/1,1,0,1,50,1.0,1.0,0.0,staggered-cycle,soft-quadratic,6.635777404052538e-05,True
robustness,robustness/rep1-stream0-regime1-d50/2,1,0,1,50,1.0,1.0,0.0,staggered-cycle,soft-quadratic,4.629851218622213e-05,True
robustness,robustness/rep1-stream0-regime1-d50/3,1,0,1,50,1.0,1.0,0.0,staggered-cycle,soft-quadratic,7.076977820392571e-05,True
robustness,robustness/rep1-stream0-regime1-d50/4,1,0,1,50,1.0,1.0,0.0,staggered-cycle,soft-quadratic,3.3087047103919307e-05,True
robustness,robustness/rep1-stream0-regime1-d50/5,1,0,1,50,1.0,1.0,0.0,staggered-cycle,soft-quadratic,5.2096409348673384e-05,True
robustness,robustness/rep1-stream0-regime1-d50/6,1,0,1,50,1.0,1.0,0.0,staggered-cycle,soft-quadratic,5.512970776799143e-05,True
robustness,robustness/rep1-stream0-regime1-d50/7,1,0,1,50,1.0,1.0,0.0,staggered-cycle,soft-quadratic,0.00025748121358815454,True
robustness,robustness/rep1-stream0-regime1-d50/0,1,0,1,50,1.0,1.0,0.01,staggered-cycle,hybrid-vc,9.757273293678733e-05,True
robustness,robustness/rep1-stream0-regime1-d50/1,1,0,1,50,1.0,1.0,0.01,staggered-cycle,hybrid-vc,0.00010758963480754541,True
robustness,robustness/rep1-stream0-regime1-d50/2,1,0,1,50,1.0,1.0,0.01,staggered-cycle,hybrid-vc,8.350674610253712e-05,True
robustness,robustness/rep1-stream0-regime1-d50/3,1,0,1,50,1.0,1.0,0.01,staggered-cycle,hybrid-vc,0.0001431766935538372,True
robustness,robustness/rep1-stream0-regime1-d50/4,1,0,1,50,1.0,1.0,0.01,staggered-cycle,hybrid-vc,0.00011349188349694805,True
robustness,robustness/rep1-stream0-regime1-d50/5,1,0,1,50,1.0,1.0,0.01,staggered-cycle,hybrid-vc,0.0001372401556166804,True
robustness,robustness/rep1-stream0-regime1-d50/6,1,0,1,50,1.0,1.0,0.01,staggered-cycle,hybrid-vc,0.00011386591521352554,True
robustness,robustness/rep1-stream0-regime1-d50/7,1,0,1,50,1.0,1.0,0.01,staggered-cycle,hybrid-vc,0.00016708543323966008,True
robustness,robustness/rep1-stream0-regime1-d50/0,1,0,1,50,1.0,1.0,0.01,staggered-cycle,rank,0.008165896997848473,True
robustness,robustness/rep1-stream0-regime1-d50/1,1,0,1,50,1.0,1.0,0.01,staggered-cycle,rank,0.02333488057761196,True
robustness,robustness/rep1-stream0-regime1-d50/2,1,0,1,50,1.0,1.0,0.01,staggered-cycle,rank,0.026021688301542605,True
robustness,robustness/rep1-stream0-regime1-d50/3,1,0,1,50,1.0,1.0,0.01,staggered-cycle,rank,0.023634399235168402,True
robustness,robustness/rep1-stream0-regime1-d50/4,1,0,1,50,1.0,1.0,0.01,staggered-cycle,rank,0.009625378458092873,True
robustness,robustness/rep1-stream0-regime1-d50/5,1,0,1,50,1.0,1.0,0.01,staggered-cycle,rank,0.036930900787660315,True
robustness,robustness/rep1-stream0-regime1-d50/6,1,0,1,50,1.0,1.0,0.01,staggered-cycle,rank,0.018284029023212255,True
robustness,robustness/rep1-stream0-regime1-d50/7,1,0,1,50,1.0,1.0,0.01,staggered-cycle,rank,0.07344937127088974,True
robustness,robustness/rep1-stream0-regime1-d50/0,1,0,1,50,1.0,1.0,0.01,staggered-cycle,soft-quadratic,0.0001232109339331194,True
robustness,robustness/rep1-stream0-regime1-d50/1,1,0,1,50,1.0,1.0,0.01,staggered-cycle,soft-quadratic,0.0001275851686876855,True
robustness,robustness/rep1-stream0-regime1-d50/2,1,0,1,50,1.0,1.0,0.01,staggered-cycle,soft-quadratic,0.00012925919892786895,True
robustness,robustness/rep1-stream0-regime1-d50/3,1,0,1,50,1.0,1.0,0.01,staggered-cycle,soft-quadratic,0.0001790502044509364,True
robustness,robustness/rep1-stream0-regime1-d50/4,1,0,1,50,1.0,1.0,0.01,staggered-cycle,soft-quadratic,0.00015929559506806776,True
robustness,robustness/rep1-stream0-regime1-d50/5,1,0,1,50,1.0,1.0,0.01,staggered-cycle,soft-quadratic,0.00013968017339915063,True
robustness,robustness/rep1-stream0-regime1-d50/6,1,0,1,50,1.0,1.0,0.01,staggered-cycle,soft-quadratic,0.00010977017738980287,True
robustness,robustness/rep1-stream0-regime1-d50/7,1,0,1,50,1.0,1.0,0.01,staggered-cycle,soft-quadratic,0.00037667156966224893,True
robustness,robustness/rep1-stream0-regime1-d50/0,1,0,1,50,1.0,1.0,0.03,staggered-cycle,hybrid-vc,0.0008557967500325375,False
robustness,robustness/rep1-stream0-regime1-d50/1,1,0,1,50,1.0,1.0,0.03,staggered-cycle,hybrid-vc,0.0007959563226849911,False
robustness,robustness/rep1-stream0-regime1-d50/2,1,0,1,50,1.0,1.0,0.03,staggered-cycle,hybrid-vc,0.000685660222827403,False
robustness,robustness/rep1-stream0-regime1-d50/3,1,0,1,50,1.0,1.0,0.03,staggered-cycle,hybrid-vc,0.0008404258879818135,False
robustness,robustness/rep1-stream0-regime1-d50/4,1,0,1,50,1.0,1.0,0.03,staggered-cycle,hybrid-vc,0.0007953722647885119,False
robustness,robustness/rep1-stream0-regime1-d50/5,1,0,1,50,1.0,1.0,0.03,staggered-cycle,hybrid-vc,0.0008296603846601552,False
robustness,robustness/rep1-stream0-regime1-d50/6,1,0,1,50,1.0,1.0,0.03,staggered-cycle,hybrid-vc,0.0008870058644171817,False
robustness,robustness/rep1-stream0-regime1-d50/7,1,0,1,50,1.0,1.0,0.03,staggered-cycle,hybrid-vc,0.0010878649304912529,False
robustness,robustness/rep1-stream0-regime1-d50/0,1,0,1,50,1.0,1.0,0.03,staggered-cycle,rank,0.00879203890901951,False
robustness,robustness/rep1-stream0-regime1-d50/1,1,0,1,50,1.0,1.0,0.03,staggered-cycle,rank,0.02387298168354696,False
robustness,robustness/rep1-stream0-regime1-d50/2,1,0,1,50,1.0,1.0,0.03,staggered-cycle,rank,0.02694941270022114,False
robustness,robustness/rep1-stream0-regime1-d50/3,1,0,1,50,1.0,1.0,0.03,staggered-cycle,rank,0.02428944001758675,False
robustness,robustness/rep1-stream0-regime1-d50/4,1,0,1,50,1.0,1.0,0.03,staggered-cycle,rank,0.01019979511027644,False
robustness,robustness/rep1-stream0-regime1-d50/5,1,0,1,50,1.0,1.0,0.03,staggered-cycle,rank,0.03743865384669557,False
robustness,robustness/rep1-stream0-regime1-d50/6,1,0,1,50,1.0,1.0,0.03,staggered-cycle,rank,0.019667574276914134,False
robustness,robustness/rep1-stream0-regime1-d50/7,1,0,1,50,1.0,1.0,0.03,staggered-cycle,rank,0.0735430848289218,False
robustness,robustness/rep1-stream0-regime1-d50/0,1,0,1,50,1.0,1.0,0.03,staggered-cycle,soft-quadratic,0.0007950362023813522,False
robustness,robustness/rep1-stream0-regime1-d50/1,1,0,1,50,1.0,1.0,0.03,staggered-cycle,soft-quadratic,0.0007737188714711395,False
robustness,robustness/rep1-stream0-regime1-d50/2,1,0,1,50,1.0,1.0,0.03,staggered-cycle,soft-quadratic,0.000711281236735006,False
robustness,robustness/rep1-stream0-regime1-d50/3,1,0,1,50,1.0,1.0,0.03,staggered-cycle,soft-quadratic,0.0008505389771810335,False
robustness,robustness/rep1-stream0-regime1-d50/4,1,0,1,50,1.0,1.0,0.03,staggered-cycle,soft-quadratic,0.0008018679449847579,False
robustness,robustness/rep1-stream0-regime1-d50/5,1,0,1,50,1.0,1.0,0.03,staggered-cycle,soft-quadratic,0.0008565045818080321,False
robustness,robustness/rep1-stream0-regime1-d50/6,1,0,1,50,1.0,1.0,0.03,staggered-cycle,soft-quadratic,0.00083220473241195,False
robustness,robustness/rep1-stream0-regime1-d50/7,1,0,1,50,1.0,1.0,0.03,staggered-cycle,soft-quadratic,0.0011466115519729262,False
robustness,robustness/rep1-stream0-regime1-d50/0,1,0,1,50,1.0,1.0,0.1,staggered-cycle,hybrid-vc,0.008404154560074378,False
robustness,robustness/rep1-stream0-regime1-d50/1,1,0,1,50,1.0,1.0,0.1,staggered-cycle,hybrid-vc,0.008159473527655807,False
robustness,robustness/rep1-stream0-regime1-d50/2,1,0,1,50,1.0,1.0,0.1,staggered-cycle,hybrid-vc,0.006950806260699494,False
robustness,robustness/rep1-stream0-regime1-d50/3,1,0,1,50,1.0,1.0,0.1,staggered-cycle,hybrid-vc,0.008612723337825376,False
robustness,robustness/rep1-stream0-regime1-d50/4,1,0,1,50,1.0,1.0,0.1,staggered-cycle,hybrid-vc,0.00896764871460729,False
robustness,robustness/rep1-stream0-regime1-d50/5,1,0,1,50,1.0,1.0,0.1,staggered-cycle,hybrid-vc,0.008938306257626809,False
robustness,robustness/rep1-stream0-regime1-d50/6,1,0,1,50,1.0,1.0,0.1,staggered-cycle,hybrid-vc,0.008541344678459366,False
robustness,robustness/rep1-stream0-regime1-d50/7,1,0,1,50,1.0,1.0,0.1,staggered-cycle,hybrid-vc,0.00936673169149393,False
robustness,robustness/rep1-stream0-regime1-d50/0,1,0,1,50,1.0,1.0,0.1,staggered-cycle,rank,0.015587897170335492,False
robustness,robustness/rep1-stream0-regime1-d50/1,1,0,1,50,1.0,1.0,0.1,staggered-cycle,rank,0.029496275731180292,False
robustness,robustness/rep1-stream0-regime1-d50/2,1,0,1,50,1.0,1.0,0.1,staggered-cycle,rank,0.0330398889143976,False
robustness,robustness/rep1-stream0-regime1-d50/3,1,0,1,50,1.0,1.0,0.1,staggered-cycle,rank,0.032456323367888056,False
robustness,robustness/rep1-stream0-regime1-d50/4,1,0,1,50,1.0,1.0,0.1,staggered-cycle,rank,0.01800983788170379,False
robustness,robustness/rep1-stream0-regime1-d50/5,1,0,1,50,1.0,1.0,0.1,staggered-cycle,rank,0.04552010028924886,False
robustness,robustness/rep1-stream0-regime1-d50/6,1,0,1,50,1.0,1.0,0.1,staggered-cycle,rank,0.029496415402591597,False
robustness,robustness/rep1-stream0-regime1-d50/7,1,0,1,50,1.0,1.0,0.1,staggered-cycle,rank,0.08346706929214916,False
robustness,robustness/rep1-stream0-regime1-d50/0,1,0,1,50,1.0,1.0,0.1,staggered-cycle,soft-quadratic,0.00847294990564906,False
robustness,robustness/rep1-stream0-regime1-d50/1,1,0,1,50,1.0,1.0,0.1,staggered-cycle,soft-quadratic,0.008044849155578453,False
robustness,robustness/rep1-stream0-regime1-d50/2,1,0,1,50,1.0,1.0,0.1,staggered-cycle,soft-quadratic,0.006819078035975476,False
robustness,robustness/rep1-stream0-regime1-d50/3,1,0,1,50,1.0,1.0,0.1,staggered-cycle,soft-quadratic,0.00863746691492995,False
robustness,robustness/rep1-stream0-regime1-d50/4,1,0,1,50,1.0,1.0,0.1,staggered-cycle,soft-quadratic,0.008847298564426037,False
robustness,robustness/rep1-stream0-regime1-d50/5,1,0,1,50,1.0,1.0,0.1,staggered-cycle,soft-quadratic,0.009029838963134364,False
robustness,robustness/rep1-stream0-regime1-d50/6,1,0,1,50,1.0,1.0,0.1,staggered-cycle,soft-quadratic,0.008552548495131389,False
robustness,robustness/rep1-stream0-regime1-d50/7,1,0,1,50,1.0,1.0,0.1,staggered-cycle,soft-quadratic,0.009536637566825063,False
robustness,robustness/rep1-stream1-regime0-d20/0,1,1,0,20,1.0,1.0,0.0,staggered-cycle,hybrid-vc,5.043567037243226e-05,True
robustness,robustness/rep1-stream1-regime0-d20/1,1,1,0,20,1.0,1.0,0.0,staggered-cycle,hybrid-vc,5.832404573832751e-05,True
robustness,robustness/rep1-stream1-regime0-d20/2,1,1,0,20,1.0,1.0,0.0,staggered-cycle,hybrid-vc,6.343835577019809e-05,True
robustness,robustness/rep1-stream1-regime0-d20/3,1,1,0,20,1.0,1.0,0.0,staggered-cycle,hybrid-vc,5.4077321923712335e-05,True
robustness,robustness/rep1-stream1-regime0-d20/4,1,1,0,20,1.0,1.0,0.0,staggered-cycle,hybrid-vc,5.848468976572982e-05,True
robustness,robustness/rep1-stream1-regime0-d20/5,1,1,0,20,1.0,1.0,0.0,staggered-cycle,hybrid-vc,9.816867680968252e-05,True
robustness,robustness/rep1-stream1-regime0-d20/6,1,1,0,20,1.0,1.0,0.0,staggered-cycle,hybrid-vc,7.628247287061792e-05,True
robustness,robustness/rep1-stream1-regime0-d20/7,1,1,0,20,1.0,1.0,0.0,staggered-cycle,hybrid-vc,8.557254852232934e-05,True
robustness,robustness/rep1-stream1-regime0-d20/0,1,1,0,20,1.0,1.0,0.0,staggered-cycle,rank,0.0073599540298625475,True
robustness,robustness/rep1-stream1-regime0-d20/1,1,1,0,20,1.0,1.0,0.0,staggered-cycle,rank,0.026771235950701733,True
robustness,robustness/rep1-stream1-regime0-d20/2,1,1,0,20,1.0,1.0,0.0,staggered-cycle,rank,0.026657736175891008,True
robustness,robustness/rep1-stream1-regime0-d20/3,1,1,0,20,1.0,1.0,0.0,staggered-cycle,rank,0.022787614264602275,True
robustness,robustness/rep1-stream1-regime0-d20/4,1,1,0,20,1.0,1.0,0.0,staggered-cycle,rank,0.01650947999861398,True
robustness,robustness/rep1-stream1-regime0-d20/5,1,1,0,20,1.0,1.0,0.0,staggered-cycle,rank,0.013898659895425885,True
robustness,robustness/rep1-stream1-regime0-d20/6,1,1,0,20,1.0,1.0,0.0,staggered-cycle,rank,0.006628642425981633,True
robustness,robustness/rep1-stream1-regime0-d20/7,1,1,0,20,1.0,1.0,0.0,staggered-cycle,rank,0.012093117466210989,True
robustness,robustness/rep1-stream1-regime0-d20/0,1,1,0,20,1.0,1.0,0.0,staggered-cycle,soft-quadratic,8.910737325586401e-05,True
robustness,robustness/rep1-stream1-regime0-d20/1,1,1,0,20,1.0,1.0,0.0,staggered-cycle,soft-quadratic,0.00027847444017690037,True
robustness,robustness/rep1-stream1-regime0-d20/2,1,1,0,20,1.0,1.0,0.0,staggered-cycle,soft-quadratic,9.728424567372145e-05,True
robustness,robustness/rep1-stream1-regime0-d20/3,1,1,0,20,1.0,1.0,0.0,staggered-cycle,soft-quadratic,8.540700764526966e-05,True
robustness,robustness/rep1-stream1-regime0-d20/4,1,1,0,20,1.0,1.0,0.0,staggered-cycle,soft-quadratic,6.931352064030401e-05,True
robustness,robustness/rep1-stream1-regime0-d20/5,1,1,0,20,1.0,1.0,0.0,staggered-cycle,soft-quadratic,0.00014255198662625312,True
robustness,robustness/rep1-stream1-regime0-d20/6,1,1,0,20,1.0,1.0,0.0,staggered-cycle,soft-quadratic,0.00020597856810584576,True
robustness,robustness/rep1-stream1-regime0-d20/7,1,1,0,20,1.0,1.0,0.0,staggered-cycle,soft-quadratic,0.00010251381084612517,True
robustness,robustness/rep1-stream1-regime0-d20/0,1,1,0,20,1.0,1.0,0.01,staggered-cycle,hybrid-vc,0.00016450897473167735,True
robustness,robustness/rep1-stream1-regime0-d20/1,1,1,0,20,1.0,1.0,0.01,staggered-cycle,hybrid-vc,0.00018061658560148487,True
robustness,robustness/rep1-stream1-regime0-d20/2,1,1,0,20,1.0,1.0,0.01,staggered-cycle,hybrid-vc,9.414617767261564e-05,True
robustness,robustness/rep1-stream1-regime0-d20/3,1,1,0,20,1.0,1.0,0.01,staggered-cycle,hybrid-vc,0.00026819712648877005,True
robustness,robustness/rep1-stream1-regime0-d20/4,1,1,0,20,1.0,1.0,0.01,staggered-cycle,hybrid-vc,0.00014456176483020834,True
robustness,robustness/rep1-stream1-regime0-d20/5,1,1,0,20,1.0,1.0,0.01,staggered-cycle,hybrid-vc,0.00015273705573037196,True
robustness,robustness/rep1-stream1-regime0-d20/6,1,1,0,20,1.0,1.0,0.01,staggered-cycle,hybrid-vc,0.000148899883955376,True
robustness,robustness/rep1-stream1-regime0-d20/7,1,1,0,20,1.0,1.0,0.01,staggered-cycle,hybrid-vc,0.00030775546343176843,True
robustness,robustness/rep1-stream1-regime0-d20/0,1,1,0,20,1.0,1.0,0.01,staggered-cycle,rank,0.007356158883866375,True
robustness,robustness/rep1-stream1-regime0-d20/1,1,1,0,20,1.0,1.0,0.01,staggered-cycle,rank,0.026824672145307947,True
robustness,robustness/rep1-stream1-regime0-d20/2,1,1,0,20,1.0,1.0,0.01,staggered-cycle,rank,0.027062416192916217,True
robustness,robustness/rep1-stream1-regime0-d20/3,1,1,0,20,1.0,1.0,0.01,staggered-cycle,rank,0.0230401336808517,True
robustness,robustness/rep1-stream1-regime0-d20/4,1,1,0,20,1.0,1.0,0.01,staggered-cycle,rank,0.016695657889151477,True
robustness,robustness/rep1-stream1-regime0-d20/5,1,1,0,20,1.0,1.0,0.01,staggered-cycle,rank,0.014303332550145417,True
robustness,robustness/rep1-stream1-regime0-d20/6,1,1,0,20,1.0,1.0,0.01,staggered-cycle,rank,0.006761378713115258,True
robustness,robustness/rep1-stream1-regime0-d20/7,1,1,0,20,1.0,1.0,0.01,staggered-cycle,rank,0.012091584384784006,True
robustness,robustness/rep1-stream1-regime0-d20/0,1,1,0,20,1.0,1.0,0.01,staggered-cycle,soft-quadratic,0.0002031360084150875,True
robustness,robustness/rep1-stream1-regime0-d20/1,1,1,0,20,1.0,1.0,0.01,staggered-cycle,soft-quadratic,0.00020048348937299948,True
robustness,robustness/rep1-stream1-regime0-d20/2,1,1,0,20,1.0,1.0,0.01,staggered-cycle,soft-quadratic,0.0001478884681095174,True
robustness,robustness/rep1-stream1-regime0-d20/3,1,1,0,20,1.0,1.0,0.01,staggered-cycle,soft-quadratic,0.00020917204531559411,True
robustness,robustness/rep1-stream1-regime0-d20/4,1,1,0,20,1.0,1.0,0.01,staggered-cycle,soft-quadratic,0.00015951144024129097,True
robustness,robustness/rep1-stream1-regime0-d20/5,1,1,0,20,1.0,1.0,0.01,staggered-cycle,soft-quadratic,0.00025555933116333675,True
robustness,robustness/rep1-stream1-regime0-d20/6,1,1,0,20,1.0,1.0,0.01,staggered-cycle,soft-quadratic,0.0002711661505208258,True
robustness,robustness/rep1-stream1-regime0-d20/7,1,1,0,20,1.0,1.0,0.01,staggered-cycle,soft-quadratic,0.00023196191826393132,True
robustness,robustness/rep1-stream1-regime0-d20/0,1,1,0,20,1.0,1.0,0.03,staggered-cycle,hybrid-vc,0.0011279585822788977,True
robustness,robustness/rep1-stream1-regime0-d20/1,1,1,0,20,1.0,1.0,0.03,staggered-cycle,hybrid-vc,0.0007252407445242655,True
robustness,robustness/rep1-stream1-regime0-d20/2,1,1,0,20,1.0,1.0,0.03,staggered-cycle,hybrid-vc,0.0005274994860453347,True
robustness,robustness/rep1-stream1-regime0-d20/3,1,1,0,20,1.0,1.0,0.03,staggered-cycle,hybrid-vc,0.0015672582573151264,True
robustness,robustness/rep1-stream1-regime0-d20/4,1,1,0,20,1.0,1.0,0.03,staggered-cycle,hybrid-vc,0.0008401405289455702,True
robustness,robustness/rep1-stream1-regime0-d20/5,1,1,0,20,1.0,1.0,0.03,staggered-cycle,hybrid-vc,0.0013410575682850578,True
robustness,robustness/rep1-stream1-regime0-d20/6,1,1,0,20,1.0,1.0,0.03,staggered-cycle,hybrid-vc,0.0011195961014530723,True
robustness,robustness/rep1-stream1-regime0-d20/7,1,1,0,20,1.0,1.0,0.03,staggered-cycle,hybrid-vc,0.0008882264832651268,True
robustness,robustness/rep1-stream1-regime0-d20/0,1,1,0,20,1.0,1.0,0.03,staggered-cycle,rank,0.007601155822382994,True
robustness,robustness/rep1-stream1-regime0-d20/1,1,1,0,20,1.0,1.0,0.03,staggered-cycle,rank,0.02612291647090322,True
robustness,robustness/rep1-stream1-regime0-d20/2,1,1,0,20,1.0,1.0,0.03,staggered-cycle,rank,0.027701174148807888,True
robustness,robustness/rep1-stream1-regime0-d20/3,1,1,0,20,1.0,1.0,0.03,staggered-cycle,rank,0.023766692653233296,True
robustness,robustness/rep1-stream1-regime0-d20/4,1,1,0,20,1.0,1.0,0.03,staggered-cycle,rank,0.017998382508346716,True
robustness,robustness/rep1-stream1-regime0-d20/5,1,1,0,20,1.0,1.0,0.03,staggered-cycle,rank,0.014924744023523529,True
robustness,robustness/rep1-stream1-regime0-d20/6,1,1,0,20,1.0,1.0,0.03,staggered-cycle,rank,0.007935955482504215,True
robustness,robustness/rep1-stream1-regime0-d20/7,1,1,0,20,1.0,1.0,0.03,staggered-cycle,rank,0.011848988684628546,True
robustness,robustness/rep1-stream1-regime0-d20/0,1,1,0,20,1.0,1.0,0.03,staggered-cycle,soft-quadratic,0.0010019726986925724,True
robustness,robustness/rep1-stream1-regime0-d20/1,1,1,0,20,1.0,1.0,0.03,staggered-cycle,soft-quadratic,0.0006674354051492522,True
robustness,robustness/rep1-stream1-regime0-d20/2,1,1,0,20,1.0,1.0,0.03,staggered-cycle,soft-quadratic,0.0004618435105513485,True
robustness,robustness/rep1-stream1-regime0-d20/3,1,1,0,20,1.0,1.0,0.03,staggered-cycle,soft-quadratic,0.0008272039807094069,True
robustness,robustness/rep1-stream1-regime0-d20/4,1,1,0,20,1.0,1.0,0.03,staggered-cycle,soft-quadratic,0.000983277688893543,True
robustness,robustness/rep1-stream1-regime0-d20/5,1,1,0,20,1.0,1.0,0.03,staggered-cycle,soft-quadratic,0.0009698865709146699,True
robustness,robustness/rep1-stream1-regime0-d20/6,1,1,0,20,1.0,1.0,0.03,staggered-cycle,soft-quadratic,0.0010036210444777374,True
robustness,robustness/rep1-stream1-regime0-d20/7,1,1,0,20,1.0,1.0,0.03,staggered-cycle,soft-quadratic,0.0007117474994676875,True
robustness,robustness/rep1-stream1-regime0-d20/0,1,1,0,20,1.0,1.0,0.1,staggered-cycle,hybrid-vc,0.009371842059042299,False
robustness,robustness/rep1-stream1-regime0-d20/1,1,1,0,20,1.0,1.0,0.1,staggered-cycle,hybrid-vc,0.006245910592633245,False
robustness,robustness/rep1-stream1-regime0-d20/2,1,1,0,20,1.0,1.0,0.1,staggered-cycle,hybrid-vc,0.007467560547745918,False
robustness,robustness/rep1-stream1-regime0-d20/3,1,1,0,20,1.0,1.0,0.1,staggered-cycle,hybrid-vc,0.007493903189881685,False
robustness,robustness/rep1-stream1-regime0-d20/4,1,1,0,20,1.0,1.0,0.1,staggered-cycle,hybrid-vc,0.00882166391182343,False
robustness,robustness/rep1-stream1-regime0-d20/5,1,1,0,20,1.0,1.0,0.1,staggered-cycle,hybrid-vc,0.009166869128329836,False
robustness,robustness/rep1-stream1-regime0-d20/6,1,1,0,20,1.0,1.0,0.1,staggered-cycle,hybrid-vc,0.008570144456117496,False
robustness,robustness/rep1-stream1-regime0-d20/7,1,1,0,20,1.0,1.0,0.1,staggered-cycle,hybrid-vc,0.010330285674907664,False
robustness,robustness/rep1-stream1-regime0-d20/0,1,1,0,20,1.0,1.0,0.1,staggered-cycle,rank,0.014811652182587577,False
robustness,robustness/rep1-stream1-regime0-d20/1,1,1,0,20,1.0,1.0,0.1,staggered-cycle,rank,0.03053510485729981,False
robustness,robustness/rep1-stream1-regime0-d20/2,1,1,0,20,1.0,1.0,0.1,staggered-cycle,rank,0.03456239042390539,False
robustness,robustness/rep1-stream1-regime0-d20/3,1,1,0,20,1.0,1.0,0.1,staggered-cycle,rank,0.03464677799587806,False
robustness,robustness/rep1-stream1-regime0-d20/4,1,1,0,20,1.0,1.0,0.1,staggered-cycle,rank,0.027950845224827103,False
robustness,robustness/rep1-stream1-regime0-d20/5,1,1,0,20,1.0,1.0,0.1,staggered-cycle,rank,0.023345433010042643,False
robustness,robustness/rep1-stream1-regime0-d20/6,1,1,0,20,1.0,1.0,0.1,staggered-cycle,rank,0.014304927040986059,False
robustness,robustness/rep1-stream1-regime0-d20/7,1,1,0,20,1.0,1.0,0.1,staggered-cycle,rank,0.021703203533023317,False
robustness,robustness/rep1-stream1-regime0-d20/0,1,1,0,20,1.0,1.0,0.1,staggered-cycle,soft-quadratic,0.009788957424496399,False
robustness,robustness/rep1-stream1-regime0-d20/1,1,1,0,20,1.0,1.0,0.1,staggered-cycle,soft-quadratic,0.006095592399526364,False
robustness,robustness/rep1-stream1-regime0-d20/2,1,1,0,20,1.0,1.0,0.1,staggered-cycle,soft-quadratic,0.007537573034849133,False
robustness,robustness/rep1-stream1-regime0-d20/3,1,1,0,20,1.0,1.0,0.1,staggered-cycle,soft-quadratic,0.007769368719784219,False
robustness,robustness/rep1-stream1-regime0-d20/4,1,1,0,20,1.0,1.0,0.1,staggered-cycle,soft-quadratic,0.009006261028669206,False
robustness,robustness/rep1-stream1-regime0-d20/5,1,1,0,20,1.0,1.0,0.1,staggered-cycle,soft-quadratic,0.00926609641837519,False
robustness,robustness/rep1-stream1-regime0-d20/6,1,1,0,20,1.0,1.0,0.1,staggered-cycle,soft-quadratic,0.008083799953107148,False
robustness,robustness/rep1-stream1-regime0-d20/7,1,1,0,20,1.0,1.0,0.1,staggered-cycle,soft-quadratic,0.010266426606170966,False
robustness,robustness/rep1-stream1-regime1-d10/0,1,1,1,10,1.0,1.0,0.0,staggered-cycle,hybrid-vc,0.000498459505992151,True
robustness,robustness/rep1-stream1-regime1-d10/1,1,1,1,10,1.0,1.0,0.0,staggered-cycle,hybrid-vc,0.00024226890633841872,True
robustness,robustness/rep1-stream1-regime1-d10/2,1,1,1,10,1.0,1.0,0.0,staggered-cycle,hybrid-vc,0.0001494072512471277,True
robustness,robustness/rep1-stream1-regime1-d10/3,1,1,1,10,1.0,1.0,0.0,staggered-cycle,hybrid-vc,0.0003299295617124903,True
robustness,robustness/rep1-stream1-regime1-d10/4,1,1,1,10,1.0,1.0,0.0,staggered-cycle,hybrid-vc,0.0003911333580979886,True
robustness,robustness/rep1-stream1-regime1-d10/5,1,1,1,10,1.0,1.0,0.0,staggered-cycle,hybrid-vc,0.0001801982310743124,True
robustness,robustness/rep1-stream1-regime1-d10/6,1,1,1,10,1.0,1.0,0.0,staggered-cycle,hybrid-vc,0.00022690992102179466,True
robustness,robustness/rep1-stream1-regime1-d10/7,1,1,1,10,1.0,1.0,0.0,staggered-cycle,hybrid-vc,0.0005832846474921388,True
robustness,robustness/rep1-stream1-regime1-d10/0,1,1,1,10,1.0,1.0,0.0,staggered-cycle,rank,0.005834198701164332,True
robustness,robustness/rep1-stream1-regime1-d10/1,1,1,1,10,1.0,1.0,0.0,staggered-cycle,rank,0.011251510882768948,True
robustness,robustness/rep1-stream1-regime1-d10/2,1,1,1,10,1.0,1.0,0.0,staggered-cycle,rank,0.016775473385694586,True
robustness,robustness/rep1-stream1-regime1-d10/3,1,1,1,10,1.0,1.0,0.0,staggered-cycle,rank,0.005356720188016678,True
robustness,robustness/rep1-stream1-regime1-d10/4,1,1,1,10,1.0,1.0,0.0,staggered-cycle,rank,0.008416062111092535,True
robustness,robustness/rep1-stream1-regime1-d10/5,1,1,1,10,1.0,1.0,0.0,staggered-cycle,rank,0.015274979703100634,True
robustness,robustness/rep1-stream1-regime1-d10/6,1,1,1,10,1.0,1.0,0.0,staggered-cycle,rank,0.011196651502534218,True
robustness,robustness/rep1-stream1-regime1-d10/7,1,1,1,10,1.0,1.0,0.0,staggered-cycle,rank,0.00694580441036117,True
robustness,robustness/rep1-stream1-regime1-d10/0,1,1,1,10,1.0,1.0,0.0,staggered-cycle,soft-quadratic,0.0007151955607170494,True
robustness,robustness/rep1-stream1-regime1-d10/1,1,1,1,10,1.0,1.0,0.0,staggered-cycle,soft-quadratic,0.0002525977457499002,True
robustness,robustness/rep1-stream1-regime1-d10/2,1,1,1,10,1.0,1.0,0.0,staggered-cycle,soft-quadratic,0.00019476478487053485,True
robustness,robustness/rep1-stream1-regime1-d10/3,1,1,1,10,1.0,1.0,0.0,staggered-cycle,soft-quadratic,0.00022730598298099068,True
robustness,robustness/rep1-stream1-regime1-d10/4,1,1,1,10,1.0,1.0,0.0,staggered-cycle,soft-quadratic,0.00040732424757339124,True
robustness,robustness/rep1-stream1-regime1-d10/5,1,1,1,10,1.0,1.0,0.0,staggered-cycle,soft-quadratic,0.00017169200079357282,True
robustness,robustness/rep1-stream1-regime1-d10/6,1,1,1,10,1.0,1.0,0.0,staggered-cycle,soft-quadratic,0.00030335066238381444,True
robustness,robustness/rep1-stream1-regime1-d10/7,1,1,1,10,1.0,1.0,0.0,staggered-cycle,soft-quadratic,0.0005204690436198574,True
robustness,robustness/rep1-stream1-regime1-d10/0,1,1,1,10,1.0,1.0,0.01,staggered-cycle,hybrid-vc,0.0008983609808488328,True
robustness,robustness/rep1-stream1-regime1-d10/1,1,1,1,10,1.0,1.0,0.01,staggered-cycle,hybrid-vc,0.0002193343175300154,True
robustness,robustness/rep1-stream1-regime1-d10/2,1,1,1,10,1.0,1.0,0.01,staggered-cycle,hybrid-vc,0.00024217338139844222,True
robustness,robustness/rep1-stream1-regime1-d10/3,1,1,1,10,1.0,1.0,0.01,staggered-cycle,hybrid-vc,0.0006668276378865458,True
robustness,robustness/rep1-stream1-regime1-d10/4,1,1,1,10,1.0,1.0,0.01,staggered-cycle,hybrid-vc,0.0005902632414959037,True
robustness,robustness/rep1-stream1-regime1-d10/5,1,1,1,10,1.0,1.0,0.01,staggered-cycle,hybrid-vc,0.00022228428436589702,True
robustness,robustness/rep1-stream1-regime1-d10/6,1,1,1,10,1.0,1.0,0.01,staggered-cycle,hybrid-vc,0.00030340853796028116,True
robustness,robustness/rep1-stream1-regime1-d10/7,1,1,1,10,1.0,1.0,0.01,staggered-cycle,hybrid-vc,0.0005942671735200318,True
robustness,robustness/rep1-stream1-regime1-d10/0,1,1,1,10,1.0,1.0,0.01,staggered-cycle,rank,0.00609585362576168,True
robustness,robustness/rep1-stream1-regime1-d10/1,1,1,1,10,1.0,1.0,0.01,staggered-cycle,rank,0.01178485077826484,True
robustness,robustness/rep1-stream1-regime1-d10/2,1,1,1,10,1.0,1.0,0.01,staggered-cycle,rank,0.01782573802290022,True
robustness,robustness/rep1-stream1-regime1-d10/3,1,1,1,10,1.0,1.0,0.01,staggered-cycle,rank,0.005691110309299729,True
robustness,robustness/rep1-stream1-regime1-d10/4,1,1,1,10,1.0,1.0,0.01,staggered-cycle,rank,0.00849395988000689,True
robustness,robustness/rep1-stream1-regime1-d10/5,1,1,1,10,1.0,1.0,0.01,staggered-cycle,rank,0.01587598493444326,True
robustness,robustness/rep1-stream1-regime1-d10/6,1,1,1,10,1.0,1.0,0.01,staggered-cycle,rank,0.012255161873416721,True
robustness,robustness/rep1-stream1-regime1-d10/7,1,1,1,10,1.0,1.0,0.01,staggered-cycle,rank,0.008039520921109693,True
robustness,robustness/rep1-stream1-regime1-d10/0,1,1,1,10,1.0,1.0,0.01,staggered-cycle,soft-quadratic,0.0008216559466516856,True
robustness,robustness/rep1-stream1-regime1-d10/1,1,1,1,10,1.0,1.0,0.01,staggered-cycle,soft-quadratic,0.0001793398653165958,True
robustness,robustness/rep1-stream1-regime1-d10/2,1,1,1,10,1.0,1.0,0.01,staggered-cycle,soft-quadratic,0.0005616324200451952,True
robustness,robustness/rep1-stream1-regime1-d10/3,1,1,1,10,1.0,1.0,0.01,staggered-cycle,soft-quadratic,0.0006611303897355034,True
robustness,robustness/rep1-stream1-regime1-d10/4,1,1,1,10,1.0,1.0,0.01,staggered-cycle,soft-quadratic,0.0005592057392545353,True
robustness,robustness/rep1-stream1-regime1-d10/5,1,1,1,10,1.0,1.0,0.01,staggered-cycle,soft-quadratic,0.00016555766174511448,True
robustness,robustness/rep1-stream1-regime1-d10/6,1,1,1,10,1.0,1.0,0.01,staggered-cycle,soft-quadratic,0.00042086491779701993,True
robustness,robustness/rep1-stream1-regime1-d10/7,1,1,1,10,1.0,1.0,0.01,staggered-cycle,soft-quadratic,0.0006344948452601297,True
robustness,robustness/rep1-stream1-regime1-d10/0,1,1,1,10,1.0,1.0,0.03,staggered-cycle,hybrid-vc,0.0016211683418040446,True
robustness,robustness/rep1-stream1-regime1-d10/1,1,1,1,10,1.0,1.0,0.03,staggered-cycle,hybrid-vc,0.0004883596946043649,True
robustness,robustness/rep1-stream1-regime1-d10/2,1,1,1,10,1.0,1.0,0.03,staggered-cycle,hybrid-vc,0.0008528732358971696,True
robustness,robustness/rep1-stream1-regime1-d10/3,1,1,1,10,1.0,1.0,0.03,staggered-cycle,hybrid-vc,0.0012262450132521036,True
robustness,robustness/rep1-stream1-regime1-d10/4,1,1,1,10,1.0,1.0,0.03,staggered-cycle,hybrid-vc,0.0009775916248852103,True
robustness,robustness/rep1-stream1-regime1-d10/5,1,1,1,10,1.0,1.0,0.03,staggered-cycle,hybrid-vc,0.0011666304001352172,True
robustness,robustness/rep1-stream1-regime1-d10/6,1,1,1,10,1.0,1.0,0.03,staggered-cycle,hybrid-vc,0.0007294335375545249,True
robustness,robustness/rep1-stream1-regime1-d10/7,1,1,1,10,1.0,1.0,0.03,staggered-cycle,hybrid-vc,0.0008675829437116383,True
robustness,robustness/rep1-stream1-regime1-d10/0,1,1,1,10,1.0,1.0,0.03,staggered-cycle,rank,0.007273446739662337,True
robustness,robustness/rep1-stream1-regime1-d10/1,1,1,1,10,1.0,1.0,0.03,staggered-cycle,rank,0.012779499904768007,True
robustness,robustness/rep1-stream1-regime1-d10/2,1,1,1,10,1.0,1.0,0.03,staggered-cycle,rank,0.018375367208678297,True
robustness,robustness/rep1-stream1-regime1-d10/3,1,1,1,10,1.0,1.0,0.03,staggered-cycle,rank,0.00615197346844711,True
robustness,robustness/rep1-stream1-regime1-d10/4,1,1,1,10,1.0,1.0,0.03,staggered-cycle,rank,0.007599327890734186,True
robustness,robustness/rep1-stream1-regime1-d10/5,1,1,1,10,1.0,1.0,0.03,staggered-cycle,rank,0.015381837981517587,True
robustness,robustness/rep1-stream1-regime1-d10/6,1,1,1,10,1.0,1.0,0.03,staggered-cycle,rank,0.014108174825161206,True
robustness,robustness/rep1-stream1-regime1-d10/7,1,1,1,10,1.0,1.0,0.03,staggered-cycle,rank,0.008718032331603736,True
robustness,robustness/rep1-stream1-regime1-d10/0,1,1,1,10,1.0,1.0,0.03,staggered-cycle,soft-quadratic,0.0014037903177909023,True
robustness,robustness/rep1-stream1-regime1-d10/1,1,1,1,10,1.0,1.0,0.03,staggered-cycle,soft-quadratic,0.0005449484240741937,True
robustness,robustness/rep1-stream1-regime1-d10/2,1,1,1,10,1.0,1.0,0.03,staggered-cycle,soft-quadratic,0.0009333193446048346,True
robustness,robustness/rep1-stream1-regime1-d10/3,1,1,1,10,1.0,1.0,0.03,staggered-cycle,soft-quadratic,0.0008929195628566147,True
robustness,robustness/rep1-stream1-regime1-d10/4,1,1,1,10,1.0,1.0,0.03,staggered-cycle,soft-quadratic,0.0008895585826548711,True
robustness,robustness/rep1-stream1-regime1-d10/5,1,1,1,10,1.0,1.0,0.03,staggered-cycle,soft-quadratic,0.00090667342627018,True
robustness,robustness/rep1-stream1-regime1-d10/6,1,1,1,10,1.0,1.0,0.03,staggered-cycle,soft-quadratic,0.0008139455624121899,True
robustness,robustness/rep1-stream1-regime1-d10/7,1,1,1,10,1.0,1.0,0.03,staggered-cycle,soft-quadratic,0.0009810716438863653,True
robustness,robustness/rep1-stream1-regime1-d10/0,1,1,1,10,1.0,1.0,0.1,staggered-cycle,hybrid-vc,0.007847676083323948,True
robustness,robustness/rep1-stream1-regime1-d10/1,1,1,1,10,1.0,1.0,0.1,staggered-cycle,hybrid-vc,0.0014317214126662136,True
robustness,robustness/rep1-stream1-regime1-d10/2,1,1,1,10,1.0,1.0,0.1,staggered-cycle,hybrid-vc,0.006565289832328815,False
robustness,robustness/rep1-stream1-regime1-d10/3,1,1,1,10,1.0,1.0,0.1,staggered-cycle,hybrid-vc,0.010563464415205151,False
robustness,robustness/rep1-stream1-regime1-d10/4,1,1,1,10,1.0,1.0,0.1,staggered-cycle,hybrid-vc,0.00862176377231295,True
robustness,robustness/rep1-stream1-regime1-d10/5,1,1,1,10,1.0,1.0,0.1,staggered-cycle,hybrid-vc,0.008502451352785498,True
robustness,robustness/rep1-stream1-regime1-d10/6,1,1,1,10,1.0,1.0,0.1,staggered-cycle,hybrid-vc,0.011922462069411485,False
robustness,robustness/rep1-stream1-regime1-d10/7,1,1,1,10,1.0,1.0,0.1,staggered-cycle,hybrid-vc,0.005609827862367643,False
robustness,robustness/rep1-stream1-regime1-d10/0,1,1,1,10,1.0,1.0,0.1,staggered-cycle,rank,0.018146583755010638,True
robustness,robustness/rep1-stream1-regime1-d10/1,1,1,1,10,1.0,1.0,0.1,staggered-cycle,rank,0.014181213247161518,True
robustness,robustness/rep1-stream1-regime1-d10/2,1,1,1,10,1.0,1.0,0.1,staggered-cycle,rank,0.02711990825371832,False
robustness,robustness/rep1-stream1-regime1-d10/3,1,1,1,10,1.0,1.0,0.1,staggered-cycle,rank,0.016118954251759382,False
robustness,robustness/rep1-stream1-regime1-d10/4,1,1,1,10,1.0,1.0,0.1,staggered-cycle,rank,0.009393132738877282,True
robustness,robustness/rep1-stream1-regime1-d10/5,1,1,1,10,1.0,1.0,0.1,staggered-cycle,rank,0.019965414363803377,True
robustness,robustness/rep1-stream1-regime1-d10/6,1,1,1,10,1.0,1.0,0.1,staggered-cycle,rank,0.02553126054140851,False
robustness,robustness/rep1-stream1-regime1-d10/7,1,1,1,10,1.0,1.0,0.1,staggered-cycle,rank,0.016677114699095677,False
robustness,robustness/rep1-stream1-regime1-d10/0,1,1,1,10,1.0,1.0,0.1,staggered-cycle,soft-quadratic,0.006993831582455583,True
robustness,robustness/rep1-stream1-regime1-d10/1,1,1,1,10,1.0,1.0,0.1,staggered-cycle,soft-quadratic,0.0011417995788940273,True
robustness,robustness/rep1-stream1-regime1-d10/2,1,1,1,10,1.0,1.0,0.1,staggered-cycle,soft-quadratic,0.006113905151644001,False
robustness,robustness/rep1-stream1-regime1-d10/3,1,1,1,10,1.0,1.0,0.1,staggered-cycle,soft-quadratic,0.010431593948871007,False
robustness,robustness/rep1-stream1-regime1-d10/4,1,1,1,10,1.0,1.0,0.1,staggered-cycle,soft-quadratic,0.007278683442012454,True
robustness,robustness/rep1-stream1-regime1-d10/5,1,1,1,10,1.0,1.0,0.1,staggered-cycle,soft-quadratic,0.007574804495919226,True
robustness,robustness/rep1-stream1-regime1-d10/6,1,1,1,10,1.0,1.0,0.1,staggered-cycle,soft-quadratic,0.009788548766611437,False
robustness,robustness/rep1-stream1-regime1-d10/7,1,1,1,10,1.0,1.0,0.1,staggered-cycle,soft-quadratic,0.006341777175737926,False
robustness,robustness/rep1-stream1-regime1-d50/0,1,1,1,50,1.0,1.0,0.0,staggered-cycle,hybrid-vc,1.0357360646009026e-05,True
robustness,robustness/rep1-stream1-regime1-d50/1,1,1,1,50,1.0,1.0,0.0,staggered-cycle,hybrid-vc,1.0939954887291615e-05,True
robustness,robustness/rep1-stream1-regime1-d50/2,1,1,1,50,1.0,1.0,0.0,staggered-cycle,hybrid-vc,1.3965798834675318e-05,True
robustness,robustness/rep1-stream1-regime1-d50/3,1,1,1,50,1.0,1.0,0.0,staggered-cycle,hybrid-vc,9.05573151273983e-06,True
robustness,robustness/rep1-stream1-regime1-d50/4,1,1,1,50,1.0,1.0,0.0,staggered-cycle,hybrid-vc,1.5386265540122315e-05,True
robustness,robustness/rep1-stream1-regime1-d50/5,1,1,1,50,1.0,1.0,0.0,staggered-cycle,hybrid-vc,1.8678766397085785e-05,True
robustness,robustness/rep1-stream1-regime1-d50/6,1,1,1,50,1.0,1.0,0.0,staggered-cycle,hybrid-vc,1.6376454936570783e-05,True
robustness,robustness/rep1-stream1-regime1-d50/7,1,1,1,50,1.0,1.0,0.0,staggered-cycle,hybrid-vc,1.240378766536411e-05,True
robustness,robustness/rep1-stream1-regime1-d50/0,1,1,1,50,1.0,1.0,0.0,staggered-cycle,rank,0.014941718161619846,True
robustness,robustness/rep1-stream1-regime1-d50/1,1,1,1,50,1.0,1.0,0.0,staggered-cycle,rank,0.03877528385070001,True
robustness,robustness/rep1-stream1-regime1-d50/2,1,1,1,50,1.0,1.0,0.0,staggered-cycle,rank,0.023285257886896914,True
robustness,robustness/rep1-stream1-regime1-d50/3,1,1,1,50,1.0,1.0,0.0,staggered-cycle,rank,0.012198112575401243,True
robustness,robustness/rep1-stream1-regime1-d50/4,1,1,1,50,1.0,1.0,0.0,staggered-cycle,rank,0.025056187531114826,True
robustness,robustness/rep1-stream1-regime1-d50/5,1,1,1,50,1.0,1.0,0.0,staggered-cycle,rank,0.0057596883340413655,True
robustness,robustness/rep1-stream1-regime1-d50/6,1,1,1,50,1.0,1.0,0.0,staggered-cycle,rank,0.009232091603750209,True
robustness,robustness/rep1-stream1-regime1-d50/7,1,1,1,50,1.0,1.0,0.0,staggered-cycle,rank,0.007913825522924753,True
robustness,robustness/rep1-stream1-regime1-d50/0,1,1,1,50,1.0,1.0,0.0,staggered-cycle,soft-quadratic,6.198234911800568e-05,True
robustness,robustness/rep1-stream1-regime1-d50/1,1,1,1,50,1.0,1.0,0.0,staggered-cycle,soft-quadratic,7.107014494739748e-05,True
robustness,robustness/rep1-stream1-regime1-d50/2,1,1,1,50,1.0,1.0,0.0,staggered-cycle,soft-quadratic,4.0017476257080485e-05,True
robustness,robustness/rep1-stream1-regime1-d50/3,1,1,1,50,1.0,1.0,0.0,staggered-cycle,soft-quadratic,5.404948535425688e-05,True
robustness,robustness/rep1-stream1-regime1-d50/4,1,1,1,50,1.0,1.0,0.0,staggered-cycle,soft-quadratic,9.674042971876623e-05,True
robustness,robustness/rep1-stream1-regime1-d50/5,1,1,1,50,1.0,1.0,0.0,staggered-cycle,soft-quadratic,6.919179224924655e-05,True
robustness,robustness/rep1-stream1-regime1-d50/6,1,1,1,50,1.0,1.0,0.0,staggered-cycle,soft-quadratic,7.057648014535239e-05,True
robustness,robustness/rep1-stream1-regime1-d50/7,1,1,1,50,1.0,1.0,0.0,staggered-cycle,soft-quadratic,5.399764672210872e-05,True
robustness,robustness/rep1-stream1-regime1-d50/0,1,1,1,50,1.0,1.0,0.01,staggered-cycle,hybrid-vc,0.0001292798698429995,True
robustness,robustness/rep1-stream1-regime1-d50/1,1,1,1,50,1.0,1.0,0.01,staggered-cycle,hybrid-vc,0.00012013352414963045,True
robustness,robustness/rep1-stream1-regime1-d50/2,1,1,1,50,1.0,1.0,0.01,staggered-cycle,hybrid-vc,0.0001060464107993362,True
robustness,robustness/rep1-stream1-regime1-d50/3,1,1,1,50,1.0,1.0,0.01,staggered-cycle,hybrid-vc,0.0001108542076999993,True
robustness,robustness/rep1-stream1-regime1-d50/4,1,1,1,50,1.0,1.0,0.01,staggered-cycle,hybrid-vc,0.00012735843934221292,True
robustness,robustness/rep1-stream1-regime1-d50/5,1,1,1,50,1.0,1.0,0.01,staggered-cycle,hybrid-vc,0.0001089596345774419,True
robustness,robustness/rep1-stream1-regime1-d50/6,1,1,1,50,1.0,1.0,0.01,staggered-cycle,hybrid-vc,0.00014611838152340292,True
robustness,robustness/rep1-stream1-regime1-d50/7,1,1,1,50,1.0,1.0,0.01,staggered-cycle,hybrid-vc,0.0001383488499647091,True
robustness,robustness/rep1-stream1-regime1-d50/0,1,1,1,50,1.0,1.0,0.01,staggered-cycle,rank,0.015092242298912413,True
robustness,robustness/rep1-stream1-regime1-d50/1,1,1,1,50,1.0,1.0,0.01,staggered-cycle,rank,0.03866140904508143,True
robustness,robustness/rep1-stream1-regime1-d50/2,1,1,1,50,1.0,1.0,0.01,staggered-cycle,rank,0.02319815181074016,True
robustness,robustness/rep1-stream1-regime1-d50/3,1,1,1,50,1.0,1.0,0.01,staggered-cycle,rank,0.012253951410373418,True
robustness,robustness/rep1-stream1-regime1-d50/4,1,1,1,50,1.0,1.0,0.01,staggered-cycle,rank,0.02511141643650512,True
robustness,robustness/rep1-stream1-regime1-d50/5,1,1,1,50,1.0,1.0,0.01,staggered-cycle,rank,0.005608880397833516,True
robustness,robustness/rep1-stream1-regime1-d50/6,1,1,1,50,1.0,1.0,0.01,staggered-cycle,rank,0.009306284313854142,True
robustness,robustness/rep1-stream1-regime1-d50/7,1,1,1,50,1.0,1.0,0.01,staggered-cycle,rank,0.007870357876867292,True
robustness,robustness/rep1-stream1-regime1-d50/0,1,1,1,50,1.0,1.0,0.01,staggered-cycle,soft-quadratic,0.00018759850250071267,True
robustness,robustness/rep1-stream1-regime1-d50/1,1,1,1,50,1.0,1.0,0.01,staggered-cycle,soft-quadratic,0.0001388185325089897,True
robustness,robustness/rep1-stream1-regime1-d50/2,1,1,1,50,1.0,1.0,0.01,staggered-cycle,soft-quadratic,0.00011622700918463258,True
robustness,robustness/rep1-stream1-regime1-d50/3,1,1,1,50,1.0,1.0,0.01,staggered-cycle,soft-quadratic,0.00013846168854355265,True
robustness,robustness/rep1-stream1-regime1-d50/4,1,1,1,50,1.0,1.0,0.01,staggered-cycle,soft-quadratic,0.0001416665492628648,True
robustness,robustness/rep1-stream1-regime1-d50/5,1,1,1,50,1.0,1.0,0.01,staggered-cycle,soft-quadratic,0.00017462741730086222,True
robustness,robustness/rep1-stream1-regime1-d50/6,1,1,1,50,1.0,1.0,0.01,staggered-cycle,soft-quadratic,0.00017749859930170752,True
robustness,robustness/rep1-stream1-regime1-d50/7,1,1,1,50,1.0,1.0,0.01,staggered-cycle,soft-quadratic,0.0001769879461164606,True
robustness,robustness/rep1-stream1-regime1-d50/0,1,1,1,50,1.0,1.0,0.03,staggered-cycle,hybrid-vc,0.0007556633310951288,False
robustness,robustness/rep1-stream1-regime1-d50/1,1,1,1,50,1.0,1.0,0.03,staggered-cycle,hybrid-vc,0.0009474498992016109,False
robustness,robustness/rep1-stream1-regime1-d50/2,1,1,1,50,1.0,1.0,0.03,staggered-cycle,hybrid-vc,0.0008453970489399981,False
robustness,robustness/rep1-stream1-regime1-d50/3,1,1,1,50,1.0,1.0,0.03,staggered-cycle,hybrid-vc,0.0008710668088058521,False
robustness,robustness/rep1-stream1-regime1-d50/4,1,1,1,50,1.0,1.0,0.03,staggered-cycle,hybrid-vc,0.0009274445210204516,False
robustness,robustness/rep1-stream1-regime1-d50/5,1,1,1,50,1.0,1.0,0.03,staggered-cycle,hybrid-vc,0.0008386271840010436,False
robustness,robustness/rep1-stream1-regime1-d50/6,1,1,1,50,1.0,1.0,0.03,staggered-cycle,hybrid-vc,0.0010099336101704489,False
robustness,robustness/rep1-stream1-regime1-d50/7,1,1,1,50,1.0,1.0,0.03,staggered-cycle,hybrid-vc,0.0009210434309832486,False
robustness,robustness/rep1-stream1-regime1-d50/0,1,1,1,50,1.0,1.0,0.03,staggered-cycle,rank,0.015348417681950879,False
robustness,robustness/rep1-stream1-regime1-d50/1,1,1,1,50,1.0,1.0,0.03,staggered-cycle,rank,0.039038891264479174,False
robustness,robustness/rep1-stream1-regime1-d50/2,1,1,1,50,1.0,1.0,0.03,staggered-cycle,rank,0.023416304403458314,False
robustness,robustness/rep1-stream1-regime1-d50/3,1,1,1,50,1.0,1.0,0.03,staggered-cycle,rank,0.013192570338734336,False
robustness,robustness/rep1-stream1-regime1-d50/4,1,1,1,50,1.0,1.0,0.03,staggered-cycle,rank,0.025710027737692813,False
robustness,robustness/rep1-stream1-regime1-d50/5,1,1,1,50,1.0,1.0,0.03,staggered-cycle,rank,0.005869406678770707,False
robustness,robustness/rep1-stream1-regime1-d50/6,1,1,1,50,1.0,1.0,0.03,staggered-cycle,rank,0.010195612108085969,False
robustness,robustness/rep1-stream1-regime1-d50/7,1,1,1,50,1.0,1.0,0.03,staggered-cycle,rank,0.00844361344486897,False
robustness,robustness/rep1-stream1-regime1-d50/0,1,1,1,50,1.0,1.0,0.03,staggered-cycle,soft-quadratic,0.0007569074081291611,False
robustness,robustness/rep1-stream1-regime1-d50/1,1,1,1,50,1.0,1.0,0.03,staggered-cycle,soft-quadratic,0.0009376290200704134,False
robustness,robustness/rep1-stream1-regime1-d50/2,1,1,1,50,1.0,1.0,0.03,staggered-cycle,soft-quadratic,0.0008323142647394431,False
robustness,robustness/rep1-stream1-regime1-d50/3,1,1,1,50,1.0,1.0,0.03,staggered-cycle,soft-quadratic,0.0009194446154747116,False
robustness,robustness/rep1-stream1-regime1-d50/4,1,1,1,50,1.0,1.0,0.03,staggered-cycle,soft-quadratic,0.000874762176590491,False
robustness,robustness/rep1-stream1-regime1-d50/5,1,1,1,50,1.0,1.0,0.03,staggered-cycle,soft-quadratic,0.0008308606701638208,False
robustness,robustness/rep1-stream1-regime1-d50/6,1,1,1,50,1.0,1.0,0.03,staggered-cycle,soft-quadratic,0.0009592374815549379,False
robustness,robustness/rep1-stream1-regime1-d50/7,1,1,1,50,1.0,1.0,0.03,staggered-cycle,soft-quadratic,0.0008666921650924597,False
robustness,robustness/rep1-stream1-regime1-d50/0,1,1,1,50,1.0,1.0,0.1,staggered-cycle,hybrid-vc,0.008853119364517815,False
robustness,robustness/rep1-stream1-regime1-d50/1,1,1,1,50,1.0,1.0,0.1,staggered-cycle,hybrid-vc,0.009264073122662609,False
robustness,robustness/rep1-stream1-regime1-d50/2,1,1,1,50,1.0,1.0,0.1,staggered-cycle,hybrid-vc,0.009379470165418706,False
robustness,robustness/rep1-stream1-regime1-d50/3,1,1,1,50,1.0,1.0,0.1,staggered-cycle,hybrid-vc,0.0090242535086246,False
robustness,robustness/rep1-stream1-regime1-d50/4,1,1,1,50,1.0,1.0,0.1,staggered-cycle,hybrid-vc,0.008832361229767272,False
robustness,robustness/rep1-stream1-regime1-d50/5,1,1,1,50,1.0,1.0,0.1,staggered-cycle,hybrid-vc,0.007357884502635271,False
robustness,robustness/rep1-stream1-regime1-d50/6,1,1,1,50,1.0,1.0,0.1,staggered-cycle,hybrid-vc,0.009506773059691947,False
robustness,robustness/rep1-stream1-regime1-d50/7,1,1,1,50,1.0,1.0,0.1,staggered-cycle,hybrid-vc,0.009195264473333183,False
robustness,robustness/rep1-stream1-regime1-d50/0,1,1,1,50,1.0,1.0,0.1,staggered-cycle,rank,0.022384548320437653,False
robustness,robustness/rep1-stream1-regime1-d50/1,1,1,1,50,1.0,1.0,0.1,staggered-cycle,rank,0.04687251074388295,False
robustness,robustness/rep1-stream1-regime1-d50/2,1,1,1,50,1.0,1.0,0.1,staggered-cycle,rank,0.02927709048200342,False
robustness,robustness/rep1-stream1-regime1-d50/3,1,1,1,50,1.0,1.0,0.1,staggered-cycle,rank,0.021445339080605037,False
robustness,robustness/rep1-stream1-regime1-d50/4,1,1,1,50,1.0,1.0,0.1,staggered-cycle,rank,0.03303641171251214,False
robustness,robustness/rep1-stream1-regime1-d50/5,1,1,1,50,1.0,1.0,0.1,staggered-cycle,rank,0.011177448836025552,False
robustness,robustness/rep1-stream1-regime1-d50/6,1,1,1,50,1.0,1.0,0.1,staggered-cycle,rank,0.01915848751940658,False
robustness,robustness/rep1-stream1-regime1-d50/7,1,1,1,50,1.0,1.0,0.1,staggered-cycle,rank,0.014579109156634998,False
robustness,robustness/rep1-stream1-regime1-d50/0,1,1,1,50,1.0,1.0,0.1,staggered-cycle,soft-quadratic,0.008917020099945376,False
robustness,robustness/rep1-stream1-regime1-d50/1,1,1,1,50,1.0,1.0,0.1,staggered-cycle,soft-quadratic,0.009322327785232478,False
robustness,robustness/rep1-stream1-regime1-d50/2,1,1,1,50,1.0,1.0,0.1,staggered-cycle,soft-quadratic,0.009353636713651739,False
robustness,robustness/rep1-stream1-regime1-d50/3,1,1,1,50,1.0,1.0,0.1,staggered-cycle,soft-quadratic,0.00896793007659189,False
robustness,robustness/rep1-stream1-regime1-d50/4,1,1,1,50,1.0,1.0,0.1,staggered-cycle,soft-quadratic,0.00895397046063895,False
robustness,robustness/rep1-stream1-regime1-d50/5,1,1,1,50,1.0,1.0,0.1,staggered-cycle,soft-quadratic,0.0073410641533126104,False
robustness,robustness/rep1-stream1-regime1-d50/6,1,1,1,50,1.0,1.0,0.1,staggered-cycle,soft-quadratic,0.009492333943848354,False
robustness,robustness/rep1-stream1-regime1-d50/7,1,1,1,50,1.0,1.0,0.1,staggered-cycle,soft-quadratic,0.00920485468117141,False
