cohort,target_id,replica,stream,regime,dimension,radius,gamma,strength,geometry,decoder,squared_angle_radians,hard_success
main,main/rep0-stream0-regime0-d10/0,0,0,0,10,0.1,1.0,0.0,staggered-cycle,quadratic-ac,0.00028624616253272245,
main,main/rep0-stream0-regime0-d10/1,0,0,0,10,0.1,1.0,0.0,staggered-cycle,quadratic-ac,2.54358326144042e-05,
main,main/rep0-stream0-regime0-d10/2,0,0,0,10,0.1,1.0,0.0,staggered-cycle,quadratic-ac,8.877128810406775e-05,
main,main/rep0-stream0-regime0-d10/3,0,0,0,10,0.1,1.0,0.0,staggered-cycle,quadratic-ac,0.00014713834711026154,
main,main/rep0-stream0-regime0-d10/4,0,0,0,10,0.1,1.0,0.0,staggered-cycle,quadratic-ac,0.00017308663901744714,
main,main/rep0-stream0-regime0-d10/5,0,0,0,10,0.1,1.0,0.0,staggered-cycle,quadratic-ac,3.221154276675492e-05,
main,main/rep0-stream0-regime0-d10/6,0,0,0,10,0.1,1.0,0.0,staggered-cycle,quadratic-ac,0.00024160085358168343,
main,main/rep0-stream0-regime0-d10/7,0,0,0,10,0.1,1.0,0.0,staggered-cycle,quadratic-ac,0.00014147267214581147,
main,main/rep0-stream0-regime0-d10/0,0,0,0,10,0.1,1.0,0.0,staggered-cycle,quadratic-vc,0.0002834747579699178,
main,main/rep0-stream0-regime0-d10/1,0,0,0,10,0.1,1.0,0.0,staggered-cycle,quadratic-vc,3.6069854766184065e-05,
main,main/rep0-stream0-regime0-d10/2,0,0,0,10,0.1,1.0,0.0,staggered-cycle,quadratic-vc,0.0001056732557982594,
main,main/rep0-stream0-regime0-d10/3,0,0,0,10,0.1,1.0,0.0,staggered-cycle,quadratic-vc,0.0001242734618638757,
main,main/rep0-stream0-regime0-d10/4,0,0,0,10,0.1,1.0,0.0,staggered-cycle,quadratic-vc,0.0001574578327829399,
main,main/rep0-stream0-regime0-d10/5,0,0,0,10,0.1,1.0,0.0,staggered-cycle,quadratic-vc,3.742061193382992e-05,
main,main/rep0-stream0-regime0-d10/6,0,0,0,10,0.1,1.0,0.0,staggered-cycle,quadratic-vc,0.00022220158964094625,
main,main/rep0-stream0-regime0-d10/7,0,0,0,10,0.1,1.0,0.0,staggered-cycle,quadratic-vc,0.00016483757712963958,
main,main/rep0-stream0-regime0-d10/0,0,0,0,10,0.1,1.0,0.0,random-mirrors,quadratic-ac,0.0010212721898741506,
main,main/rep0-stream0-regime0-d10/1,0,0,0,10,0.1,1.0,0.0,random-mirrors,quadratic-ac,0.00015383916024469684,
main,main/rep0-stream0-regime0-d10/2,0,0,0,10,0.1,1.0,0.0,random-mirrors,quadratic-ac,1.655450494644999e-05,
main,main/rep0-stream0-regime0-d10/3,0,0,0,10,0.1,1.0,0.0,random-mirrors,quadratic-ac,0.000245557713013039,
main,main/rep0-stream0-regime0-d10/4,0,0,0,10,0.1,1.0,0.0,random-mirrors,quadratic-ac,8.196918764290663e-05,
main,main/rep0-stream0-regime0-d10/5,0,0,0,10,0.1,1.0,0.0,random-mirrors,quadratic-ac,0.0002464860525952677,
main,main/rep0-stream0-regime0-d10/6,0,0,0,10,0.1,1.0,0.0,random-mirrors,quadratic-ac,0.00015544351319310697,
main,main/rep0-stream0-regime0-d10/7,0,0,0,10,0.1,1.0,0.0,random-mirrors,quadratic-ac,9.827771227317141e-05,
main,main/rep0-stream0-regime0-d10/0,0,0,0,10,0.1,1.0,0.0,random-mirrors,quadratic-vc,0.0010072494347169812,
main,main/rep0-stream0-regime0-d10/1,0,0,0,10,0.1,1.0,0.0,random-mirrors,quadratic-vc,0.00015578132751220983,
main,main/rep0-stream0-regime0-d10/2,0,0,0,10,0.1,1.0,0.0,random-mirrors,quadratic-vc,3.485576864687584e-05,
main,main/rep0-stream0-regime0-d10/3,0,0,0,10,0.1,1.0,0.0,random-mirrors,quadratic-vc,0.00028902786179007265,
main,main/rep0-stream0-regime0-d10/4,0,0,0,10,0.1,1.0,0.0,random-mirrors,quadratic-vc,0.00011337725931034014,
main,main/rep0-stream0-regime0-d10/5,0,0,0,10,0.1,1.0,0.0,random-mirrors,quadratic-vc,0.00021233702984864458,
main,main/rep0-stream0-regime0-d10/6,0,0,0,10,0.1,1.0,0.0,random-mirrors,quadratic-vc,0.00014343863670270078,
main,main/rep0-stream0-regime0-d10/7,0,0,0,10,0.1,1.0,0.0,random-mirrors,quadratic-vc,8.391375571833831e-05,
main,main/rep0-stream0-regime0-d10/0,0,0,0,10,1.0,1.0,0.0,staggered-cycle,quadratic-ac,0.00024870182450217285,
main,main/rep0-stream0-regime0-d10/1,0,0,0,10,1.0,1.0,0.0,staggered-cycle,quadratic-ac,0.00016152463014604634,
main,main/rep0-stream0-regime0-d10/2,0,0,0,10,1.0,1.0,0.0,staggered-cycle,quadratic-ac,4.21162763118087e-05,
main,main/rep0-stream0-regime0-d10/3,0,0,0,10,1.0,1.0,0.0,staggered-cycle,quadratic-ac,0.00027316085776596974,
main,main/rep0-stream0-regime0-d10/4,0,0,0,10,1.0,1.0,0.0,staggered-cycle,quadratic-ac,0.0003490283156047125,
main,main/rep0-stream0-regime0-d10/5,0,0,0,10,1.0,1.0,0.0,staggered-cycle,quadratic-ac,0.00024736677616997595,
main,main/rep0-stream0-regime0-d10/6,0,0,0,10,1.0,1.0,0.0,staggered-cycle,quadratic-ac,0.00018938861009228886,
main,main/rep0-stream0-regime0-d10/7,0,0,0,10,1.0,1.0,0.0,staggered-cycle,quadratic-ac,0.00031451900481033505,
main,main/rep0-stream0-regime0-d10/0,0,0,0,10,1.0,1.0,0.0,staggered-cycle,quadratic-vc,0.0002320246198125155,
main,main/rep0-stream0-regime0-d10/1,0,0,0,10,1.0,1.0,0.0,staggered-cycle,quadratic-vc,0.00015433331511451935,
main,main/rep0-stream0-regime0-d10/2,0,0,0,10,1.0,1.0,0.0,staggered-cycle,quadratic-vc,6.287172084009981e-05,
main,main/rep0-stream0-regime0-d10/3,0,0,0,10,1.0,1.0,0.0,staggered-cycle,quadratic-vc,0.0002576522788707759,
main,main/rep0-stream0-regime0-d10/4,0,0,0,10,1.0,1.0,0.0,staggered-cycle,quadratic-vc,0.00027761734818548557,
main,main/rep0-stream0-regime0-d10/5,0,0,0,10,1.0,1.0,0.0,staggered-cycle,quadratic-vc,0.00022453222049885536,
main,main/rep0-stream0-regime0-d10/6,0,0,0,10,1.0,1.0,0.0,staggered-cycle,quadratic-vc,0.00018146641388734058,
main,main/rep0-stream0-regime0-d10/7,0,0,0,10,1.0,1.0,0.0,staggered-cycle,quadratic-vc,0.0003031183924459215,
main,main/rep0-stream0-regime0-d10/0,0,0,0,10,1.0,1.0,0.0,random-mirrors,quadratic-ac,0.00040683862051233143,
main,main/rep0-stream0-regime0-d10/1,0,0,0,10,1.0,1.0,0.0,random-mirrors,quadratic-ac,0.00020261245641137396,
main,main/rep0-stream0-regime0-d10/2,0,0,0,10,1.0,1.0,0.0,random-mirrors,quadratic-ac,0.0006629493626989807,
main,main/rep0-stream0-regime0-d10/3,0,0,0,10,1.0,1.0,0.0,random-mirrors,quadratic-ac,0.0002807826659472036,
main,main/rep0-stream0-regime0-d10/4,0,0,0,10,1.0,1.0,0.0,random-mirrors,quadratic-ac,0.0007186431220241554,
main,main/rep0-stream0-regime0-d10/5,0,0,0,10,1.0,1.0,0.0,random-mirrors,quadratic-ac,0.00102738434766754,
main,main/rep0-stream0-regime0-d10/6,0,0,0,10,1.0,1.0,0.0,random-mirrors,quadratic-ac,0.00037609389023056085,
main,main/rep0-stream0-regime0-d10/7,0,0,0,10,1.0,1.0,0.0,random-mirrors,quadratic-ac,0.0002188873260291679,
main,main/rep0-stream0-regime0-d10/0,0,0,0,10,1.0,1.0,0.0,random-mirrors,quadratic-vc,0.0003468035317136402,
main,main/rep0-stream0-regime0-d10/1,0,0,0,10,1.0,1.0,0.0,random-mirrors,quadratic-vc,0.00020014263364613046,
main,main/rep0-stream0-regime0-d10/2,0,0,0,10,1.0,1.0,0.0,random-mirrors,quadratic-vc,0.0007635682872864989,
main,main/rep0-stream0-regime0-d10/3,0,0,0,10,1.0,1.0,0.0,random-mirrors,quadratic-vc,0.00023084163828908827,
main,main/rep0-stream0-regime0-d10/4,0,0,0,10,1.0,1.0,0.0,random-mirrors,quadratic-vc,0.0006652963880213958,
main,main/rep0-stream0-regime0-d10/5,0,0,0,10,1.0,1.0,0.0,random-mirrors,quadratic-vc,0.0011331821152744178,
main,main/rep0-stream0-regime0-d10/6,0,0,0,10,1.0,1.0,0.0,random-mirrors,quadratic-vc,0.00037383142636364863,
main,main/rep0-stream0-regime0-d10/7,0,0,0,10,1.0,1.0,0.0,random-mirrors,quadratic-vc,0.00020939703656394198,
main,main/rep0-stream0-regime0-d10/0,0,0,0,10,10.0,1.0,0.0,staggered-cycle,quadratic-ac,0.0007562554683423987,
main,main/rep0-stream0-regime0-d10/1,0,0,0,10,10.0,1.0,0.0,staggered-cycle,quadratic-ac,0.000722832940984261,
main,main/rep0-stream0-regime0-d10/2,0,0,0,10,10.0,1.0,0.0,staggered-cycle,quadratic-ac,0.0005818216589498884,
main,main/rep0-stream0-regime0-d10/3,0,0,0,10,10.0,1.0,0.0,staggered-cycle,quadratic-ac,0.0008832125464828765,
main,main/rep0-stream0-regime0-d10/4,0,0,0,10,10.0,1.0,0.0,staggered-cycle,quadratic-ac,0.0007027109840853587,
main,main/rep0-stream0-regime0-d10/5,0,0,0,10,10.0,1.0,0.0,staggered-cycle,quadratic-ac,0.0015817117252178725,
main,main/rep0-stream0-regime0-d10/6,0,0,0,10,10.0,1.0,0.0,staggered-cycle,quadratic-ac,0.0020588606691565054,
main,main/rep0-stream0-regime0-d10/7,0,0,0,10,10.0,1.0,0.0,staggered-cycle,quadratic-ac,0.00035957001789907987,
main,main/rep0-stream0-regime0-d10/0,0,0,0,10,10.0,1.0,0.0,staggered-cycle,quadratic-vc,0.0008783805147940812,
main,main/rep0-stream0-regime0-d10/1,0,0,0,10,10.0,1.0,0.0,staggered-cycle,quadratic-vc,0.0005248650018163458,
main,main/rep0-stream0-regime0-d10/2,0,0,0,10,10.0,1.0,0.0,staggered-cycle,quadratic-vc,0.000644405722152005,
main,main/rep0-stream0-regime0-d10/3,0,0,0,10,10.0,1.0,0.0,staggered-cycle,quadratic-vc,0.0009989803036591074,
main,main/rep0-stream0-regime0-d10/4,0,0,0,10,10.0,1.0,0.0,staggered-cycle,quadratic-vc,0.0006407117317121734,
main,main/rep0-stream0-regime0-d10/5,0,0,0,10,10.0,1.0,0.0,staggered-cycle,quadratic-vc,0.0018326680997963545,
main,main/rep0-stream0-regime0-d10/6,0,0,0,10,10.0,1.0,0.0,staggered-cycle,quadratic-vc,0.0016645915385847874,
main,main/rep0-stream0-regime0-d10/7,0,0,0,10,10.0,1.0,0.0,staggered-cycle,quadratic-vc,0.0002918416912236001,
main,main/rep0-stream0-regime0-d10/0,0,0,0,10,10.0,1.0,0.0,random-mirrors,quadratic-ac,0.0004473099429769761,
main,main/rep0-stream0-regime0-d10/1,0,0,0,10,10.0,1.0,0.0,random-mirrors,quadratic-ac,0.0017704312092405377,
main,main/rep0-stream0-regime0-d10/2,0,0,0,10,10.0,1.0,0.0,random-mirrors,quadratic-ac,0.002091488601230732,
main,main/rep0-stream0-regime0-d10/3,0,0,0,10,10.0,1.0,0.0,random-mirrors,quadratic-ac,0.0022591856635801833,
main,main/rep0-stream0-regime0-d10/4,0,0,0,10,10.0,1.0,0.0,random-mirrors,quadratic-ac,0.001395442120700563,
main,main/rep0-stream0-regime0-d10/5,0,0,0,10,10.0,1.0,0.0,random-mirrors,quadratic-ac,0.0010308175927572036,
main,main/rep0-stream0-regime0-d10/6,0,0,0,10,10.0,1.0,0.0,random-mirrors,quadratic-ac,0.0016227145592389298,
main,main/rep0-stream0-regime0-d10/7,0,0,0,10,10.0,1.0,0.0,random-mirrors,quadratic-ac,0.001307760471319448,
main,main/rep0-stream0-regime0-d10/0,0,0,0,10,10.0,1.0,0.0,random-mirrors,quadratic-vc,0.0003871883541067189,
main,main/rep0-stream0-regime0-d10/1,0,0,0,10,10.0,1.0,0.0,random-mirrors,quadratic-vc,0.0017175252875349487,
main,main/rep0-stream0-regime0-d10/2,0,0,0,10,10.0,1.0,0.0,random-mirrors,quadratic-vc,0.0016031182709649163,
main,main/rep0-stream0-regime0-d10/3,0,0,0,10,10.0,1.0,0.0,random-mirrors,quadratic-vc,0.0023634812632558418,
main,main/rep0-stream0-regime0-d10/4,0,0,0,10,10.0,1.0,0.0,random-mirrors,quadratic-vc,0.0013178325116274,
main,main/rep0-stream0-regime0-d10/5,0,0,0,10,10.0,1.0,0.0,random-mirrors,quadratic-vc,0.0008230794999922104,
main,main/rep0-stream0-regime0-d10/6,0,0,0,10,10.0,1.0,0.0,random-mirrors,quadratic-vc,0.0017292085431266139,
main,main/rep0-stream0-regime0-d10/7,0,0,0,10,10.0,1.0,0.0,random-mirrors,quadratic-vc,0.0012385471472677618,
main,main/rep0-stream0-regime0-d50/0,0,0,0,50,0.1,1.0,0.0,staggered-cycle,quadratic-ac,1.2596730140987934e-05,
main,main/rep0-stream0-regime0-d50/1,0,0,0,50,0.1,1.0,0.0,staggered-cycle,quadratic-ac,1.0365570096248524e-05,
main,main/rep0-stream0-regime0-d50/2,0,0,0,50,0.1,1.0,0.0,staggered-cycle,quadratic-ac,1.5100749290857023e-05,
main,main/rep0-stream0-regime0-d50/3,0,0,0,50,0.1,1.0,0.0,staggered-cycle,quadratic-ac,1.4864830416489764e-05,
main,main/rep0-stream0-regime0-d50/4,0,0,0,50,0.1,1.0,0.0,staggered-cycle,quadratic-ac,1.174432982015295e-05,
main,main/rep0-stream0-regime0-d50/5,0,0,0,50,0.1,1.0,0.0,staggered-cycle,quadratic-ac,1.626159336166098e-05,
main,main/rep0-stream0-regime0-d50/6,0,0,0,50,0.1,1.0,0.0,staggered-cycle,quadratic-ac,1.289652963488781e-05,
main,main/rep0-stream0-regime0-d50/7,0,0,0,50,0.1,1.0,0.0,staggered-cycle,quadratic-ac,1.1181801079563465e-05,
main,main/rep0-stream0-regime0-d50/0,0,0,0,50,0.1,1.0,0.0,staggered-cycle,quadratic-vc,1.2660875723887651e-05,
main,main/rep0-stream0-regime0-d50/1,0,0,0,50,0.1,1.0,0.0,staggered-cycle,quadratic-vc,1.0941334636630264e-05,
main,main/rep0-stream0-regime0-d50/2,0,0,0,50,0.1,1.0,0.0,staggered-cycle,quadratic-vc,1.4524287428035806e-05,
main,main/rep0-stream0-regime0-d50/3,0,0,0,50,0.1,1.0,0.0,staggered-cycle,quadratic-vc,1.4716132106295376e-05,
main,main/rep0-stream0-regime0-d50/4,0,0,0,50,0.1,1.0,0.0,staggered-cycle,quadratic-vc,1.1892600635375552e-05,
main,main/rep0-stream0-regime0-d50/5,0,0,0,50,0.1,1.0,0.0,staggered-cycle,quadratic-vc,1.4132281818379044e-05,
main,main/rep0-stream0-regime0-d50/6,0,0,0,50,0.1,1.0,0.0,staggered-cycle,quadratic-vc,1.4792689067299129e-05,
main,main/rep0-stream0-regime0-d50/7,0,0,0,50,0.1,1.0,0.0,staggered-cycle,quadratic-vc,1.3596947906456043e-05,
main,main/rep0-stream0-regime0-d50/0,0,0,0,50,0.1,1.0,0.0,random-mirrors,quadratic-ac,1.1237945917269149e-05,
main,main/rep0-stream0-regime0-d50/1,0,0,0,50,0.1,1.0,0.0,random-mirrors,quadratic-ac,1.7265297946139472e-05,
main,main/rep0-stream0-regime0-d50/2,0,0,0,50,0.1,1.0,0.0,random-mirrors,quadratic-ac,2.5656994291498453e-05,
main,main/rep0-stream0-regime0-d50/3,0,0,0,50,0.1,1.0,0.0,random-mirrors,quadratic-ac,1.8134854737023783e-05,
main,main/rep0-stream0-regime0-d50/4,0,0,0,50,0.1,1.0,0.0,random-mirrors,quadratic-ac,7.897909883493019e-06,
main,main/rep0-stream0-regime0-d50/5,0,0,0,50,0.1,1.0,0.0,random-mirrors,quadratic-ac,8.789918782957329e-06,
main,main/rep0-stream0-regime0-d50/6,0,0,0,50,0.1,1.0,0.0,random-mirrors,quadratic-ac,2.3788669873879206e-05,
main,main/rep0-stream0-regime0-d50/7,0,0,0,50,0.1,1.0,0.0,random-mirrors,quadratic-ac,1.5276897502012034e-05,
main,main/rep0-stream0-regime0-d50/0,0,0,0,50,0.1,1.0,0.0,random-mirrors,quadratic-vc,1.1669464469695152e-05,
main,main/rep0-stream0-regime0-d50/1,0,0,0,50,0.1,1.0,0.0,random-mirrors,quadratic-vc,1.6156812317704312e-05,
main,main/rep0-stream0-regime0-d50/2,0,0,0,50,0.1,1.0,0.0,random-mirrors,quadratic-vc,2.5898757212515534e-05,
main,main/rep0-stream0-regime0-d50/3,0,0,0,50,0.1,1.0,0.0,random-mirrors,quadratic-vc,1.8387949526589587e-05,
main,main/rep0-stream0-regime0-d50/4,0,0,0,50,0.1,1.0,0.0,random-mirrors,quadratic-vc,8.098764741964545e-06,
main,main/rep0-stream0-regime0-d50/5,0,0,0,50,0.1,1.0,0.0,random-mirrors,quadratic-vc,8.030363809679625e-06,
main,main/rep0-stream0-regime0-d50/6,0,0,0,50,0.1,1.0,0.0,random-mirrors,quadratic-vc,2.370223320736917e-05,
main,main/rep0-stream0-regime0-d50/7,0,0,0,50,0.1,1.0,0.0,random-mirrors,quadratic-vc,1.593090070987843e-05,
main,main/rep0-stream0-regime0-d50/0,0,0,0,50,1.0,1.0,0.0,staggered-cycle,quadratic-ac,2.2607316222777048e-05,
main,main/rep0-stream0-regime0-d50/1,0,0,0,50,1.0,1.0,0.0,staggered-cycle,quadratic-ac,1.8864292269587277e-05,
main,main/rep0-stream0-regime0-d50/2,0,0,0,50,1.0,1.0,0.0,staggered-cycle,quadratic-ac,1.4556204997690587e-05,
main,main/rep0-stream0-regime0-d50/3,0,0,0,50,1.0,1.0,0.0,staggered-cycle,quadratic-ac,1.3675268930263259e-05,
main,main/rep0-stream0-regime0-d50/4,0,0,0,50,1.0,1.0,0.0,staggered-cycle,quadratic-ac,1.134402934873371e-05,
main,main/rep0-stream0-regime0-d50/5,0,0,0,50,1.0,1.0,0.0,staggered-cycle,quadratic-ac,1.061153679945183e-05,
main,main/rep0-stream0-regime0-d50/6,0,0,0,50,1.0,1.0,0.0,staggered-cycle,quadratic-ac,1.4048633231580275e-05,
main,main/rep0-stream0-regime0-d50/7,0,0,0,50,1.0,1.0,0.0,staggered-cycle,quadratic-ac,1.553855421480837e-05,
main,main/rep0-stream0-regime0-d50/0,0,0,0,50,1.0,1.0,0.0,staggered-cycle,quadratic-vc,2.2479057797307338e-05,
main,main/rep0-stream0-regime0-d50/1,0,0,0,50,1.0,1.0,0.0,staggered-cycle,quadratic-vc,1.8901108280100185e-05,
main,main/rep0-stream0-regime0-d50/2,0,0,0,50,1.0,1.0,0.0,staggered-cycle,quadratic-vc,1.2685874205330274e-05,
main,main/rep0-stream0-regime0-d50/3,0,0,0,50,1.0,1.0,0.0,staggered-cycle,quadratic-vc,1.3369290578678415e-05,
main,main/rep0-stream0-regime0-d50/4,0,0,0,50,1.0,1.0,0.0,staggered-cycle,quadratic-vc,1.0741392564045411e-05,
main,main/rep0-stream0-regime0-d50/5,0,0,0,50,1.0,1.0,0.0,staggered-cycle,quadratic-vc,1.0291672577562194e-05,
main,main/rep0-stream0-regime0-d50/6,0,0,0,50,1.0,1.0,0.0,staggered-cycle,quadratic-vc,1.448910245143162e-05,
main,main/rep0-stream0-regime0-d50/7,0,0,0,50,1.0,1.0,0.0,staggered-cycle,quadratic-vc,1.533822584777825e-05,
main,main/rep0-stream0-regime0-d50/0,0,0,0,50,1.0,1.0,0.0,random-mirrors,quadratic-ac,5.034756318454419e-05,
main,main/rep0-stream0-regime0-d50/1,0,0,0,50,1.0,1.0,0.0,random-mirrors,quadratic-ac,1.6374248195606133e-05,
main,main/rep0-stream0-regime0-d50/2,0,0,0,50,1.0,1.0,0.0,random-mirrors,quadratic-ac,3.3991922426530375e-05,
main,main/rep0-stream0-regime0-d50/3,0,0,0,50,1.0,1.0,0.0,random-mirrors,quadratic-ac,2.6357111274721044e-05,
main,main/rep0-stream0-regime0-d50/4,0,0,0,50,1.0,1.0,0.0,random-mirrors,quadratic-ac,2.5008693227855987e-05,
main,main/rep0-stream0-regime0-d50/5,0,0,0,50,1.0,1.0,0.0,random-mirrors,quadratic-ac,1.8618368055624786e-05,
main,main/rep0-stream0-regime0-d50/6,0,0,0,50,1.0,1.0,0.0,random-mirrors,quadratic-ac,2.3447544596768687e-05,
main,main/rep0-stream0-regime0-d50/7,0,0,0,50,1.0,1.0,0.0,random-mirrors,quadratic-ac,2.4726593967808023e-05,
main,main/rep0-stream0-regime0-d50/0,0,0,0,50,1.0,1.0,0.0,random-mirrors,quadratic-vc,5.163895395009976e-05,
main,main/rep0-stream0-regime0-d50/1,0,0,0,50,1.0,1.0,0.0,random-mirrors,quadratic-vc,1.6137840934290818e-05,
main,main/rep0-stream0-regime0-d50/2,0,0,0,50,1.0,1.0,0.0,random-mirrors,quadratic-vc,3.4617964374564916e-05,
main,main/rep0-stream0-regime0-d50/3,0,0,0,50,1.0,1.0,0.0,random-mirrors,quadratic-vc,2.590459301209005e-05,
main,main/rep0-stream0-regime0-d50/4,0,0,0,50,1.0,1.0,0.0,random-mirrors,quadratic-vc,2.4506693694496165e-05,
main,main/rep0-stream0-regime0-d50/5,0,0,0,50,1.0,1.0,0.0,random-mirrors,quadratic-vc,1.8551304678577014e-05,
main,main/rep0-stream0-regime0-d50/6,0,0,0,50,1.0,1.0,0.0,random-mirrors,quadratic-vc,2.2468825308019485e-05,
main,main/rep0-stream0-regime0-d50/7,0,0,0,50,1.0,1.0,0.0,random-mirrors,quadratic-vc,2.568040516222815e-05,
main,main/rep0-stream0-regime0-d50/0,0,0,0,50,10.0,1.0,0.0,staggered-cycle,quadratic-ac,6.681131537310492e-05,
main,main/rep0-stream0-regime0-d50/1,0,0,0,50,10.0,1.0,0.0,staggered-cycle,quadratic-ac,6.915159473639052e-05,
main,main/rep0-stream0-regime0-d50/2,0,0,0,50,10.0,1.0,0.0,staggered-cycle,quadratic-ac,2.7508959069053167e-05,
main,main/rep0-stream0-regime0-d50/3,0,0,0,50,10.0,1.0,0.0,staggered-cycle,quadratic-ac,4.286200103226671e-05,
main,main/rep0-stream0-regime0-d50/4,0,0,0,50,10.0,1.0,0.0,staggered-cycle,quadratic-ac,4.513242803204786e-05,
main,main/rep0-stream0-regime0-d50/5,0,0,0,50,10.0,1.0,0.0,staggered-cycle,quadratic-ac,5.3193308028248426e-05,
main,main/rep0-stream0-regime0-d50/6,0,0,0,50,10.0,1.0,0.0,staggered-cycle,quadratic-ac,7.006191188356752e-05,
main,main/rep0-stream0-regime0-d50/7,0,0,0,50,10.0,1.0,0.0,staggered-cycle,quadratic-ac,5.2881991080908894e-05,
main,main/rep0-stream0-regime0-d50/0,0,0,0,50,10.0,1.0,0.0,staggered-cycle,quadratic-vc,6.413050232855165e-05,
main,main/rep0-stream0-regime0-d50/1,0,0,0,50,10.0,1.0,0.0,staggered-cycle,quadratic-vc,6.847762689259276e-05,
main,main/rep0-stream0-regime0-d50/2,0,0,0,50,10.0,1.0,0.0,staggered-cycle,quadratic-vc,2.78171131116161e-05,
main,main/rep0-stream0-regime0-d50/3,0,0,0,50,10.0,1.0,0.0,staggered-cycle,quadratic-vc,4.248242498056845e-05,
main,main/rep0-stream0-regime0-d50/4,0,0,0,50,10.0,1.0,0.0,staggered-cycle,quadratic-vc,4.485235045634371e-05,
main,main/rep0-stream0-regime0-d50/5,0,0,0,50,10.0,1.0,0.0,staggered-cycle,quadratic-vc,5.085182493687188e-05,
main,main/rep0-stream0-regime0-d50/6,0,0,0,50,10.0,1.0,0.0,staggered-cycle,quadratic-vc,7.159088945132468e-05,
main,main/rep0-stream0-regime0-d50/7,0,0,0,50,10.0,1.0,0.0,staggered-cycle,quadratic-vc,5.065644706888731e-05,
main,main/rep0-stream0-regime0-d50/0,0,0,0,50,10.0,1.0,0.0,random-mirrors,quadratic-ac,0.0001130818914987883,
main,main/rep0-stream0-regime0-d50/1,0,0,0,50,10.0,1.0,0.0,random-mirrors,quadratic-ac,0.00014070804465964078,
main,main/rep0-stream0-regime0-d50/2,0,0,0,50,10.0,1.0,0.0,random-mirrors,quadratic-ac,0.00014667999748629924,
main,main/rep0-stream0-regime0-d50/3,0,0,0,50,10.0,1.0,0.0,random-mirrors,quadratic-ac,0.00013654101740044204,
main,main/rep0-stream0-regime0-d50/4,0,0,0,50,10.0,1.0,0.0,random-mirrors,quadratic-ac,0.00014993566709529057,
main,main/rep0-stream0-regime0-d50/5,0,0,0,50,10.0,1.0,0.0,random-mirrors,quadratic-ac,0.000164955472727111,
main,main/rep0-stream0-regime0-d50/6,0,0,0,50,10.0,1.0,0.0,random-mirrors,quadratic-ac,0.0001999456440807067,
main,main/rep0-stream0-regime0-d50/7,0,0,0,50,10.0,1.0,0.0,random-mirrors,quadratic-ac,0.00014477860478272962,
main,main/rep0-stream0-regime0-d50/0,0,0,0,50,10.0,1.0,0.0,random-mirrors,quadratic-vc,0.00010984041326066507,
main,main/rep0-stream0-regime0-d50/1,0,0,0,50,10.0,1.0,0.0,random-mirrors,quadratic-vc,0.0001435195891798392,
main,main/rep0-stream0-regime0-d50/2,0,0,0,50,10.0,1.0,0.0,random-mirrors,quadratic-vc,0.0001478701714972072,
main,main/rep0-stream0-regime0-d50/3,0,0,0,50,10.0,1.0,0.0,random-mirrors,quadratic-vc,0.00013191224019078204,
main,main/rep0-stream0-regime0-d50/4,0,0,0,50,10.0,1.0,0.0,random-mirrors,quadratic-vc,0.00014544192942953277,
main,main/rep0-stream0-regime0-d50/5,0,0,0,50,10.0,1.0,0.0,random-mirrors,quadratic-vc,0.00017025888911558423,
main,main/rep0-stream0-regime0-d50/6,0,0,0,50,10.0,1.0,0.0,random-mirrors,quadratic-vc,0.00019420910520582434,
main,main/rep0-stream0-regime0-d50/7,0,0,0,50,10.0,1.0,0.0,random-mirrors,quadratic-vc,0.00013025999214406127,
main,main/rep0-stream0-regime1-d20/0,0,0,1,20,0.1,1.0,0.0,staggered-cycle,quadratic-ac,6.52026412580322e-05,
main,main/rep0-stream0-regime1-d20/1,0,0,1,20,0.1,1.0,0.0,staggered-cycle,quadratic-ac,4.9606894571138193e-05,
main,main/rep0-stream0-regime1-d20/2,0,0,1,20,0.1,1.0,0.0,staggered-cycle,quadratic-ac,2.60344594214132e-05,
main,main/rep0-stream0-regime1-d20/3,0,0,1,20,0.1,1.0,0.0,staggered-cycle,quadratic-ac,4.515486118464289e-05,
main,main/rep0-stream0-regime1-d20/4,0,0,1,20,0.1,1.0,0.0,staggered-cycle,quadratic-ac,6.186534139216472e-05,
main,main/rep0-stream0-regime1-d20/5,0,0,1,20,0.1,1.0,0.0,staggered-cycle,quadratic-ac,4.235632591917813e-05,
main,main/rep0-stream0-regime1-d20/6,0,0,1,20,0.1,1.0,0.0,staggered-cycle,quadratic-ac,5.1499162223817485e-05,
main,main/rep0-stream0-regime1-d20/7,0,0,1,20,0.1,1.0,0.0,staggered-cycle,quadratic-ac,4.502006613317975e-05,
main,main/rep0-stream0-regime1-d20/0,0,0,1,20,0.1,1.0,0.0,staggered-cycle,quadratic-vc,7.087853818749494e-05,
main,main/rep0-stream0-regime1-d20/1,0,0,1,20,0.1,1.0,0.0,staggered-cycle,quadratic-vc,5.057141637822742e-05,
main,main/rep0-stream0-regime1-d20/2,0,0,1,20,0.1,1.0,0.0,staggered-cycle,quadratic-vc,2.297067310347693e-05,
main,main/rep0-stream0-regime1-d20/3,0,0,1,20,0.1,1.0,0.0,staggered-cycle,quadratic-vc,4.481456816538319e-05,
main,main/rep0-stream0-regime1-d20/4,0,0,1,20,0.1,1.0,0.0,staggered-cycle,quadratic-vc,6.888799625865185e-05,
main,main/rep0-stream0-regime1-d20/5,0,0,1,20,0.1,1.0,0.0,staggered-cycle,quadratic-vc,3.70864641239959e-05,
main,main/rep0-stream0-regime1-d20/6,0,0,1,20,0.1,1.0,0.0,staggered-cycle,quadratic-vc,6.599968063658055e-05,
main,main/rep0-stream0-regime1-d20/7,0,0,1,20,0.1,1.0,0.0,staggered-cycle,quadratic-vc,4.771646954088267e-05,
main,main/rep0-stream0-regime1-d20/0,0,0,1,20,0.1,1.0,0.0,random-mirrors,quadratic-ac,6.348262428726098e-05,
main,main/rep0-stream0-regime1-d20/1,0,0,1,20,0.1,1.0,0.0,random-mirrors,quadratic-ac,0.00010119800726616089,
main,main/rep0-stream0-regime1-d20/2,0,0,1,20,0.1,1.0,0.0,random-mirrors,quadratic-ac,4.523814447818518e-05,
main,main/rep0-stream0-regime1-d20/3,0,0,1,20,0.1,1.0,0.0,random-mirrors,quadratic-ac,6.70150202258926e-05,
main,main/rep0-stream0-regime1-d20/4,0,0,1,20,0.1,1.0,0.0,random-mirrors,quadratic-ac,0.00010751225519028124,
main,main/rep0-stream0-regime1-d20/5,0,0,1,20,0.1,1.0,0.0,random-mirrors,quadratic-ac,6.794717633471145e-05,
main,main/rep0-stream0-regime1-d20/6,0,0,1,20,0.1,1.0,0.0,random-mirrors,quadratic-ac,7.049363269584881e-05,
main,main/rep0-stream0-regime1-d20/7,0,0,1,20,0.1,1.0,0.0,random-mirrors,quadratic-ac,9.565131634541241e-05,
main,main/rep0-stream0-regime1-d20/0,0,0,1,20,0.1,1.0,0.0,random-mirrors,quadratic-vc,7.190750681748208e-05,
main,main/rep0-stream0-regime1-d20/1,0,0,1,20,0.1,1.0,0.0,random-mirrors,quadratic-vc,0.00012665030554322016,
main,main/rep0-stream0-regime1-d20/2,0,0,1,20,0.1,1.0,0.0,random-mirrors,quadratic-vc,4.384315432343956e-05,
main,main/rep0-stream0-regime1-d20/3,0,0,1,20,0.1,1.0,0.0,random-mirrors,quadratic-vc,9.450336798799042e-05,
main,main/rep0-stream0-regime1-d20/4,0,0,1,20,0.1,1.0,0.0,random-mirrors,quadratic-vc,0.00011208210846877812,
main,main/rep0-stream0-regime1-d20/5,0,0,1,20,0.1,1.0,0.0,random-mirrors,quadratic-vc,7.191040179211723e-05,
main,main/rep0-stream0-regime1-d20/6,0,0,1,20,0.1,1.0,0.0,random-mirrors,quadratic-vc,7.832146758012635e-05,
main,main/rep0-stream0-regime1-d20/7,0,0,1,20,0.1,1.0,0.0,random-mirrors,quadratic-vc,0.00010948372319503428,
main,main/rep0-stream0-regime1-d20/0,0,0,1,20,1.0,1.0,0.0,staggered-cycle,quadratic-ac,0.00024327586044392416,
main,main/rep0-stream0-regime1-d20/1,0,0,1,20,1.0,1.0,0.0,staggered-cycle,quadratic-ac,5.580124089998823e-05,
main,main/rep0-stream0-regime1-d20/2,0,0,1,20,1.0,1.0,0.0,staggered-cycle,quadratic-ac,0.0001431391929363531,
main,main/rep0-stream0-regime1-d20/3,0,0,1,20,1.0,1.0,0.0,staggered-cycle,quadratic-ac,6.926442178934333e-05,
main,main/rep0-stream0-regime1-d20/4,0,0,1,20,1.0,1.0,0.0,staggered-cycle,quadratic-ac,4.7327784835394166e-05,
main,main/rep0-stream0-regime1-d20/5,0,0,1,20,1.0,1.0,0.0,staggered-cycle,quadratic-ac,6.702960664004458e-05,
main,main/rep0-stream0-regime1-d20/6,0,0,1,20,1.0,1.0,0.0,staggered-cycle,quadratic-ac,7.845176066433875e-05,
main,main/rep0-stream0-regime1-d20/7,0,0,1,20,1.0,1.0,0.0,staggered-cycle,quadratic-ac,7.088425163713724e-05,
main,main/rep0-stream0-regime1-d20/0,0,0,1,20,1.0,1.0,0.0,staggered-cycle,quadratic-vc,0.0002422673011290674,
main,main/rep0-stream0-regime1-d20/1,0,0,1,20,1.0,1.0,0.0,staggered-cycle,quadratic-vc,5.5002760694846895e-05,
main,main/rep0-stream0-regime1-d20/2,0,0,1,20,1.0,1.0,0.0,staggered-cycle,quadratic-vc,0.00012916375652083936,
main,main/rep0-stream0-regime1-d20/3,0,0,1,20,1.0,1.0,0.0,staggered-cycle,quadratic-vc,6.270916515157975e-05,
main,main/rep0-stream0-regime1-d20/4,0,0,1,20,1.0,1.0,0.0,staggered-cycle,quadratic-vc,5.017617648631751e-05,
main,main/rep0-stream0-regime1-d20/5,0,0,1,20,1.0,1.0,0.0,staggered-cycle,quadratic-vc,7.707536876561828e-05,
main,main/rep0-stream0-regime1-d20/6,0,0,1,20,1.0,1.0,0.0,staggered-cycle,quadratic-vc,8.424795931593093e-05,
main,main/rep0-stream0-regime1-d20/7,0,0,1,20,1.0,1.0,0.0,staggered-cycle,quadratic-vc,8.031119353868418e-05,
main,main/rep0-stream0-regime1-d20/0,0,0,1,20,1.0,1.0,0.0,random-mirrors,quadratic-ac,0.00036056776376859715,
main,main/rep0-stream0-regime1-d20/1,0,0,1,20,1.0,1.0,0.0,random-mirrors,quadratic-ac,6.939817838666906e-05,
main,main/rep0-stream0-regime1-d20/2,0,0,1,20,1.0,1.0,0.0,random-mirrors,quadratic-ac,0.00017228763594512195,
main,main/rep0-stream0-regime1-d20/3,0,0,1,20,1.0,1.0,0.0,random-mirrors,quadratic-ac,0.00021770843596021232,
main,main/rep0-stream0-regime1-d20/4,0,0,1,20,1.0,1.0,0.0,random-mirrors,quadratic-ac,8.310253919001981e-05,
main,main/rep0-stream0-regime1-d20/5,0,0,1,20,1.0,1.0,0.0,random-mirrors,quadratic-ac,0.00019873365383793584,
main,main/rep0-stream0-regime1-d20/6,0,0,1,20,1.0,1.0,0.0,random-mirrors,quadratic-ac,8.910844532491541e-05,
main,main/rep0-stream0-regime1-d20/7,0,0,1,20,1.0,1.0,0.0,random-mirrors,quadratic-ac,5.189404438579982e-05,
main,main/rep0-stream0-regime1-d20/0,0,0,1,20,1.0,1.0,0.0,random-mirrors,quadratic-vc,0.0003439812618411533,
main,main/rep0-stream0-regime1-d20/1,0,0,1,20,1.0,1.0,0.0,random-mirrors,quadratic-vc,6.79300782755507e-05,
main,main/rep0-stream0-regime1-d20/2,0,0,1,20,1.0,1.0,0.0,random-mirrors,quadratic-vc,0.00017315134638853935,
main,main/rep0-stream0-regime1-d20/3,0,0,1,20,1.0,1.0,0.0,random-mirrors,quadratic-vc,0.00020670358061303308,
main,main/rep0-stream0-regime1-d20/4,0,0,1,20,1.0,1.0,0.0,random-mirrors,quadratic-vc,8.923072393244817e-05,
main,main/rep0-stream0-regime1-d20/5,0,0,1,20,1.0,1.0,0.0,random-mirrors,quadratic-vc,0.00019080925573262495,
main,main/rep0-stream0-regime1-d20/6,0,0,1,20,1.0,1.0,0.0,random-mirrors,quadratic-vc,8.089897236352937e-05,
main,main/rep0-stream0-regime1-d20/7,0,0,1,20,1.0,1.0,0.0,random-mirrors,quadratic-vc,4.3024246906893416e-05,
main,main/rep0-stream0-regime1-d20/0,0,0,1,20,10.0,1.0,0.0,staggered-cycle,quadratic-ac,0.0005095599367571497,
main,main/rep0-stream0-regime1-d20/1,0,0,1,20,10.0,1.0,0.0,staggered-cycle,quadratic-ac,0.0005314416824133652,
main,main/rep0-stream0-regime1-d20/2,0,0,1,20,10.0,1.0,0.0,staggered-cycle,quadratic-ac,0.0006739943163043125,
main,main/rep0-stream0-regime1-d20/3,0,0,1,20,10.0,1.0,0.0,staggered-cycle,quadratic-ac,0.0004929520910644242,
main,main/rep0-stream0-regime1-d20/4,0,0,1,20,10.0,1.0,0.0,staggered-cycle,quadratic-ac,0.0004825303686785851,
main,main/rep0-stream0-regime1-d20/5,0,0,1,20,10.0,1.0,0.0,staggered-cycle,quadratic-ac,0.00036507402485915007,
main,main/rep0-stream0-regime1-d20/6,0,0,1,20,10.0,1.0,0.0,staggered-cycle,quadratic-ac,0.0007000823556970272,
main,main/rep0-stream0-regime1-d20/7,0,0,1,20,10.0,1.0,0.0,staggered-cycle,quadratic-ac,0.0013436621781171083,
main,main/rep0-stream0-regime1-d20/0,0,0,1,20,10.0,1.0,0.0,staggered-cycle,quadratic-vc,0.000556557678117713,
main,main/rep0-stream0-regime1-d20/1,0,0,1,20,10.0,1.0,0.0,staggered-cycle,quadratic-vc,0.0004846593286076605,
main,main/rep0-stream0-regime1-d20/2,0,0,1,20,10.0,1.0,0.0,staggered-cycle,quadratic-vc,0.0005638430969746563,
main,main/rep0-stream0-regime1-d20/3,0,0,1,20,10.0,1.0,0.0,staggered-cycle,quadratic-vc,0.0005186095545973365,
main,main/rep0-stream0-regime1-d20/4,0,0,1,20,10.0,1.0,0.0,staggered-cycle,quadratic-vc,0.0005200836475403279,
main,main/rep0-stream0-regime1-d20/5,0,0,1,20,10.0,1.0,0.0,staggered-cycle,quadratic-vc,0.00033215812530992535,
main,main/rep0-stream0-regime1-d20/6,0,0,1,20,10.0,1.0,0.0,staggered-cycle,quadratic-vc,0.0006892311073126401,
main,main/rep0-stream0-regime1-d20/7,0,0,1,20,10.0,1.0,0.0,staggered-cycle,quadratic-vc,0.0011758457836599189,
main,main/rep0-stream0-regime1-d20/0,0,0,1,20,10.0,1.0,0.0,random-mirrors,quadratic-ac,0.0011913124228235445,
main,main/rep0-stream0-regime1-d20/1,0,0,1,20,10.0,1.0,0.0,random-mirrors,quadratic-ac,0.0015684488672102956,
main,main/rep0-stream0-regime1-d20/2,0,0,1,20,10.0,1.0,0.0,random-mirrors,quadratic-ac,0.0009303779238739567,
main,main/rep0-stream0-regime1-d20/3,0,0,1,20,10.0,1.0,0.0,random-mirrors,quadratic-ac,0.001179458129394016,
main,main/rep0-stream0-regime1-d20/4,0,0,1,20,10.0,1.0,0.0,random-mirrors,quadratic-ac,0.0013857449874064456,
main,main/rep0-stream0-regime1-d20/5,0,0,1,20,10.0,1.0,0.0,random-mirrors,quadratic-ac,0.0013861962015062558,
main,main/rep0-stream0-regime1-d20/6,0,0,1,20,10.0,1.0,0.0,random-mirrors,quadratic-ac,0.002079455964205358,
main,main/rep0-stream0-regime1-d20/7,0,0,1,20,10.0,1.0,0.0,random-mirrors,quadratic-ac,0.0015492628166506946,
main,main/rep0-stream0-regime1-d20/0,0,0,1,20,10.0,1.0,0.0,random-mirrors,quadratic-vc,0.0010761794322164148,
main,main/rep0-stream0-regime1-d20/1,0,0,1,20,10.0,1.0,0.0,random-mirrors,quadratic-vc,0.0014352698777609567,
main,main/rep0-stream0-regime1-d20/2,0,0,1,20,10.0,1.0,0.0,random-mirrors,quadratic-vc,0.0007462733817618915,
main,main/rep0-stream0-regime1-d20/3,0,0,1,20,10.0,1.0,0.0,random-mirrors,quadratic-vc,0.0010038852222266992,
main,main/rep0-stream0-regime1-d20/4,0,0,1,20,10.0,1.0,0.0,random-mirrors,quadratic-vc,0.0014423941661778396,
main,main/rep0-stream0-regime1-d20/5,0,0,1,20,10.0,1.0,0.0,random-mirrors,quadratic-vc,0.0014364105699631632,
main,main/rep0-stream0-regime1-d20/6,0,0,1,20,10.0,1.0,0.0,random-mirrors,quadratic-vc,0.0017374107419068194,
main,main/rep0-stream0-regime1-d20/7,0,0,1,20,10.0,1.0,0.0,random-mirrors,quadratic-vc,0.0012098028779315845,
main,main/rep0-stream1-regime0-d10/0,0,1,0,10,0.1,1.0,0.0,staggered-cycle,quadratic-ac,9.484194964434509e-05,
main,main/rep0-stream1-regime0-d10/1,0,1,0,10,0.1,1.0,0.0,staggered-cycle,quadratic-ac,0.0002551344686779544,
main,main/rep0-stream1-regime0-d10/2,0,1,0,10,0.1,1.0,0.0,staggered-cycle,quadratic-ac,4.864434305950912e-05,
main,main/rep0-stream1-regime0-d10/3,0,1,0,10,0.1,1.0,0.0,staggered-cycle,quadratic-ac,0.000557857964196235,
main,main/rep0-stream1-regime0-d10/4,0,1,0,10,0.1,1.0,0.0,staggered-cycle,quadratic-ac,0.00016573659708066409,
main,main/rep0-stream1-regime0-d10/5,0,1,0,10,0.1,1.0,0.0,staggered-cycle,quadratic-ac,6.469978604659085e-05,
main,main/rep0-stream1-regime0-d10/6,0,1,0,10,0.1,1.0,0.0,staggered-cycle,quadratic-ac,2.9077714847674208e-05,
main,main/rep0-stream1-regime0-d10/7,0,1,0,10,0.1,1.0,0.0,staggered-cycle,quadratic-ac,0.00017223620938820963,
main,main/rep0-stream1-regime0-d10/0,0,1,0,10,0.1,1.0,0.0,staggered-cycle,quadratic-vc,9.184068467510767e-05,
main,main/rep0-stream1-regime0-d10/1,0,1,0,10,0.1,1.0,0.0,staggered-cycle,quadratic-vc,0.00027208569837613116,
main,main/rep0-stream1-regime0-d10/2,0,1,0,10,0.1,1.0,0.0,staggered-cycle,quadratic-vc,4.008411771107117e-05,
main,main/rep0-stream1-regime0-d10/3,0,1,0,10,0.1,1.0,0.0,staggered-cycle,quadratic-vc,0.0005259805165887894,
main,main/rep0-stream1-regime0-d10/4,0,1,0,10,0.1,1.0,0.0,staggered-cycle,quadratic-vc,0.00015413796175420922,
main,main/rep0-stream1-regime0-d10/5,0,1,0,10,0.1,1.0,0.0,staggered-cycle,quadratic-vc,5.052826864823469e-05,
main,main/rep0-stream1-regime0-d10/6,0,1,0,10,0.1,1.0,0.0,staggered-cycle,quadratic-vc,2.7119761976517086e-05,
main,main/rep0-stream1-regime0-d10/7,0,1,0,10,0.1,1.0,0.0,staggered-cycle,quadratic-vc,0.00017715897338418975,
main,main/rep0-stream1-regime0-d10/0,0,1,0,10,0.1,1.0,0.0,random-mirrors,quadratic-ac,8.341585843874374e-05,
main,main/rep0-stream1-regime0-d10/1,0,1,0,10,0.1,1.0,0.0,random-mirrors,quadratic-ac,0.0003726917746751868,
main,main/rep0-stream1-regime0-d10/2,0,1,0,10,0.1,1.0,0.0,random-mirrors,quadratic-ac,9.683237600564024e-05,
main,main/rep0-stream1-regime0-d10/3,0,1,0,10,0.1,1.0,0.0,random-mirrors,quadratic-ac,0.00035881704804910413,
main,main/rep0-stream1-regime0-d10/4,0,1,0,10,0.1,1.0,0.0,random-mirrors,quadratic-ac,0.0002022177875741099,
main,main/rep0-stream1-regime0-d10/5,0,1,0,10,0.1,1.0,0.0,random-mirrors,quadratic-ac,0.00016076015278138815,
main,main/rep0-stream1-regime0-d10/6,0,1,0,10,0.1,1.0,0.0,random-mirrors,quadratic-ac,0.0002237626014541236,
main,main/rep0-stream1-regime0-d10/7,0,1,0,10,0.1,1.0,0.0,random-mirrors,quadratic-ac,9.174436396661268e-05,
main,main/rep0-stream1-regime0-d10/0,0,1,0,10,0.1,1.0,0.0,random-mirrors,quadratic-vc,0.00011036443068461804,
main,main/rep0-stream1-regime0-d10/1,0,1,0,10,0.1,1.0,0.0,random-mirrors,quadratic-vc,0.000287559388047525,
main,main/rep0-stream1-regime0-d10/2,0,1,0,10,0.1,1.0,0.0,random-mirrors,quadratic-vc,0.0001203177283671513,
main,main/rep0-stream1-regime0-d10/3,0,1,0,10,0.1,1.0,0.0,random-mirrors,quadratic-vc,0.0003588598013578876,
main,main/rep0-stream1-regime0-d10/4,0,1,0,10,0.1,1.0,0.0,random-mirrors,quadratic-vc,0.00017949944468244732,
main,main/rep0-stream1-regime0-d10/5,0,1,0,10,0.1,1.0,0.0,random-mirrors,quadratic-vc,0.0001496970131610939,
main,main/rep0-stream1-regime0-d10/6,0,1,0,10,0.1,1.0,0.0,random-mirrors,quadratic-vc,0.00022342246905069447,
main,main/rep0-stream1-regime0-d10/7,0,1,0,10,0.1,1.0,0.0,random-mirrors,quadratic-vc,7.81246341414718e-05,
main,main/rep0-stream1-regime0-d10/0,0,1,0,10,1.0,1.0,0.0,staggered-cycle,quadratic-ac,0.0007554414983876282,
main,main/rep0-stream1-regime0-d10/1,0,1,0,10,1.0,1.0,0.0,staggered-cycle,quadratic-ac,0.00018302876528250662,
main,main/rep0-stream1-regime0-d10/2,0,1,0,10,1.0,1.0,0.0,staggered-cycle,quadratic-ac,0.00011242743278168924,
main,main/rep0-stream1-regime0-d10/3,0,1,0,10,1.0,1.0,0.0,staggered-cycle,quadratic-ac,0.00019404219222348242,
main,main/rep0-stream1-regime0-d10/4,0,1,0,10,1.0,1.0,0.0,staggered-cycle,quadratic-ac,0.0003966159464043281,
main,main/rep0-stream1-regime0-d10/5,0,1,0,10,1.0,1.0,0.0,staggered-cycle,quadratic-ac,0.00025504357560597303,
main,main/rep0-stream1-regime0-d10/6,0,1,0,10,1.0,1.0,0.0,staggered-cycle,quadratic-ac,0.00044227364355351075,
main,main/rep0-stream1-regime0-d10/7,0,1,0,10,1.0,1.0,0.0,staggered-cycle,quadratic-ac,0.00013422024200999643,
main,main/rep0-stream1-regime0-d10/0,0,1,0,10,1.0,1.0,0.0,staggered-cycle,quadratic-vc,0.0007288761763690066,
main,main/rep0-stream1-regime0-d10/1,0,1,0,10,1.0,1.0,0.0,staggered-cycle,quadratic-vc,0.00018123283391768743,
main,main/rep0-stream1-regime0-d10/2,0,1,0,10,1.0,1.0,0.0,staggered-cycle,quadratic-vc,8.934320702256265e-05,
main,main/rep0-stream1-regime0-d10/3,0,1,0,10,1.0,1.0,0.0,staggered-cycle,quadratic-vc,0.0001960933068491888,
main,main/rep0-stream1-regime0-d10/4,0,1,0,10,1.0,1.0,0.0,staggered-cycle,quadratic-vc,0.00030559560688740896,
main,main/rep0-stream1-regime0-d10/5,0,1,0,10,1.0,1.0,0.0,staggered-cycle,quadratic-vc,0.00022472288593703059,
main,main/rep0-stream1-regime0-d10/6,0,1,0,10,1.0,1.0,0.0,staggered-cycle,quadratic-vc,0.0004026380796244232,
main,main/rep0-stream1-regime0-d10/7,0,1,0,10,1.0,1.0,0.0,staggered-cycle,quadratic-vc,0.00011872199385761471,
main,main/rep0-stream1-regime0-d10/0,0,1,0,10,1.0,1.0,0.0,random-mirrors,quadratic-ac,0.00031094605817108735,
main,main/rep0-stream1-regime0-d10/1,0,1,0,10,1.0,1.0,0.0,random-mirrors,quadratic-ac,0.00026000324894083867,
main,main/rep0-stream1-regime0-d10/2,0,1,0,10,1.0,1.0,0.0,random-mirrors,quadratic-ac,0.00035962876848317317,
main,main/rep0-stream1-regime0-d10/3,0,1,0,10,1.0,1.0,0.0,random-mirrors,quadratic-ac,0.0002174171343952273,
main,main/rep0-stream1-regime0-d10/4,0,1,0,10,1.0,1.0,0.0,random-mirrors,quadratic-ac,0.0008525599430154578,
main,main/rep0-stream1-regime0-d10/5,0,1,0,10,1.0,1.0,0.0,random-mirrors,quadratic-ac,0.0008432293693008586,
main,main/rep0-stream1-regime0-d10/6,0,1,0,10,1.0,1.0,0.0,random-mirrors,quadratic-ac,0.00013729585948511427,
main,main/rep0-stream1-regime0-d10/7,0,1,0,10,1.0,1.0,0.0,random-mirrors,quadratic-ac,0.00038110454897173103,
main,main/rep0-stream1-regime0-d10/0,0,1,0,10,1.0,1.0,0.0,random-mirrors,quadratic-vc,0.00032459716159230256,
main,main/rep0-stream1-regime0-d10/1,0,1,0,10,1.0,1.0,0.0,random-mirrors,quadratic-vc,0.0002618928550551856,
main,main/rep0-stream1-regime0-d10/2,0,1,0,10,1.0,1.0,0.0,random-mirrors,quadratic-vc,0.0005334559064967533,
main,main/rep0-stream1-regime0-d10/3,0,1,0,10,1.0,1.0,0.0,random-mirrors,quadratic-vc,0.0001886200826434961,
main,main/rep0-stream1-regime0-d10/4,0,1,0,10,1.0,1.0,0.0,random-mirrors,quadratic-vc,0.0008617465004971352,
main,main/rep0-stream1-regime0-d10/5,0,1,0,10,1.0,1.0,0.0,random-mirrors,quadratic-vc,0.0009277064534740241,
main,main/rep0-stream1-regime0-d10/6,0,1,0,10,1.0,1.0,0.0,random-mirrors,quadratic-vc,0.00012422340721427274,
main,main/rep0-stream1-regime0-d10/7,0,1,0,10,1.0,1.0,0.0,random-mirrors,quadratic-vc,0.00045544074108336556,
main,main/rep0-stream1-regime0-d10/0,0,1,0,10,10.0,1.0,0.0,staggered-cycle,quadratic-ac,0.0030614242634897644,
main,main/rep0-stream1-regime0-d10/1,0,1,0,10,10.0,1.0,0.0,staggered-cycle,quadratic-ac,0.0024798633088703253,
main,main/rep0-stream1-regime0-d10/2,0,1,0,10,10.0,1.0,0.0,staggered-cycle,quadratic-ac,0.0006819944489570958,
main,main/rep0-stream1-regime0-d10/3,0,1,0,10,10.0,1.0,0.0,staggered-cycle,quadratic-ac,0.000930180340075202,
main,main/rep0-stream1-regime0-d10/4,0,1,0,10,10.0,1.0,0.0,staggered-cycle,quadratic-ac,0.0006443209593498841,
main,main/rep0-stream1-regime0-d10/5,0,1,0,10,10.0,1.0,0.0,staggered-cycle,quadratic-ac,0.0016390153297346655,
main,main/rep0-stream1-regime0-d10/6,0,1,0,10,10.0,1.0,0.0,staggered-cycle,quadratic-ac,0.0010872634780915592,
main,main/rep0-stream1-regime0-d10/7,0,1,0,10,10.0,1.0,0.0,staggered-cycle,quadratic-ac,0.0024519990486067114,
main,main/rep0-stream1-regime0-d10/0,0,1,0,10,10.0,1.0,0.0,staggered-cycle,quadratic-vc,0.002838552506149875,
main,main/rep0-stream1-regime0-d10/1,0,1,0,10,10.0,1.0,0.0,staggered-cycle,quadratic-vc,0.002425732461425299,
main,main/rep0-stream1-regime0-d10/2,0,1,0,10,10.0,1.0,0.0,staggered-cycle,quadratic-vc,0.000588989566915772,
main,main/rep0-stream1-regime0-d10/3,0,1,0,10,10.0,1.0,0.0,staggered-cycle,quadratic-vc,0.0007960042089853469,
main,main/rep0-stream1-regime0-d10/4,0,1,0,10,10.0,1.0,0.0,staggered-cycle,quadratic-vc,0.0007421809636223511,
main,main/rep0-stream1-regime0-d10/5,0,1,0,10,10.0,1.0,0.0,staggered-cycle,quadratic-vc,0.001356113628761189,
main,main/rep0-stream1-regime0-d10/6,0,1,0,10,10.0,1.0,0.0,staggered-cycle,quadratic-vc,0.0010914947878518317,
main,main/rep0-stream1-regime0-d10/7,0,1,0,10,10.0,1.0,0.0,staggered-cycle,quadratic-vc,0.0016131437154460844,
main,main/rep0-stream1-regime0-d10/0,0,1,0,10,10.0,1.0,0.0,random-mirrors,quadratic-ac,0.0006455100703906022,
main,main/rep0-stream1-regime0-d10/1,0,1,0,10,10.0,1.0,0.0,random-mirrors,quadratic-ac,0.010231567559553035,
main,main/rep0-stream1-regime0-d10/2,0,1,0,10,10.0,1.0,0.0,random-mirrors,quadratic-ac,0.002868833064765157,
main,main/rep0-stream1-regime0-d10/3,0,1,0,10,10.0,1.0,0.0,random-mirrors,quadratic-ac,0.0014514518534486816,
main,main/rep0-stream1-regime0-d10/4,0,1,0,10,10.0,1.0,0.0,random-mirrors,quadratic-ac,0.005174343058896758,
main,main/rep0-stream1-regime0-d10/5,0,1,0,10,10.0,1.0,0.0,random-mirrors,quadratic-ac,0.0012170002747610188,
main,main/rep0-stream1-regime0-d10/6,0,1,0,10,10.0,1.0,0.0,random-mirrors,quadratic-ac,0.004579347335812505,
main,main/rep0-stream1-regime0-d10/7,0,1,0,10,10.0,1.0,0.0,random-mirrors,quadratic-ac,0.002329213405880668,
main,main/rep0-stream1-regime0-d10/0,0,1,0,10,10.0,1.0,0.0,random-mirrors,quadratic-vc,0.0005553476036475743,
main,main/rep0-stream1-regime0-d10/1,0,1,0,10,10.0,1.0,0.0,random-mirrors,quadratic-vc,0.007039183464869697,
main,main/rep0-stream1-regime0-d10/2,0,1,0,10,10.0,1.0,0.0,random-mirrors,quadratic-vc,0.0027475569743015903,
main,main/rep0-stream1-regime0-d10/3,0,1,0,10,10.0,1.0,0.0,random-mirrors,quadratic-vc,0.0016557195838524273,
main,main/rep0-stream1-regime0-d10/4,0,1,0,10,10.0,1.0,0.0,random-mirrors,quadratic-vc,0.00430653093631461,
main,main/rep0-stream1-regime0-d10/5,0,1,0,10,10.0,1.0,0.0,random-mirrors,quadratic-vc,0.0013270516518905236,
main,main/rep0-stream1-regime0-d10/6,0,1,0,10,10.0,1.0,0.0,random-mirrors,quadratic-vc,0.004352361349314843,
main,main/rep0-stream1-regime0-d10/7,0,1,0,10,10.0,1.0,0.0,random-mirrors,quadratic-vc,0.0015415760466336507,
main,main/rep0-stream1-regime0-d50/0,0,1,0,50,0.1,1.0,0.0,staggered-cycle,quadratic-ac,1.1341887080842483e-05,
main,main/rep0-stream1-regime0-d50/1,0,1,0,50,0.1,1.0,0.0,staggered-cycle,quadratic-ac,1.3959542971637832e-05,
main,main/rep0-stream1-regime0-d50/2,0,1,0,50,0.1,1.0,0.0,staggered-cycle,quadratic-ac,1.237470035531956e-05,
main,main/rep0-stream1-regime0-d50/3,0,1,0,50,0.1,1.0,0.0,staggered-cycle,quadratic-ac,7.794223531617607e-06,
main,main/rep0-stream1-regime0-d50/4,0,1,0,50,0.1,1.0,0.0,staggered-cycle,quadratic-ac,1.1577302244546268e-05,
main,main/rep0-stream1-regime0-d50/5,0,1,0,50,0.1,1.0,0.0,staggered-cycle,quadratic-ac,1.3494041479546884e-05,
main,main/rep0-stream1-regime0-d50/6,0,1,0,50,0.1,1.0,0.0,staggered-cycle,quadratic-ac,1.5841772230409162e-05,
main,main/rep0-stream1-regime0-d50/7,0,1,0,50,0.1,1.0,0.0,staggered-cycle,quadratic-ac,1.4555772721977529e-05,
main,main/rep0-stream1-regime0-d50/0,0,1,0,50,0.1,1.0,0.0,staggered-cycle,quadratic-vc,1.1548103804477177e-05,
main,main/rep0-stream1-regime0-d50/1,0,1,0,50,0.1,1.0,0.0,staggered-cycle,quadratic-vc,1.3810378593660675e-05,
main,main/rep0-stream1-regime0-d50/2,0,1,0,50,0.1,1.0,0.0,staggered-cycle,quadratic-vc,1.0921998405282886e-05,
main,main/rep0-stream1-regime0-d50/3,0,1,0,50,0.1,1.0,0.0,staggered-cycle,quadratic-vc,7.756267032300457e-06,
main,main/rep0-stream1-regime0-d50/4,0,1,0,50,0.1,1.0,0.0,staggered-cycle,quadratic-vc,1.2367458004838498e-05,
main,main/rep0-stream1-regime0-d50/5,0,1,0,50,0.1,1.0,0.0,staggered-cycle,quadratic-vc,1.1946391146949529e-05,
main,main/rep0-stream1-regime0-d50/6,0,1,0,50,0.1,1.0,0.0,staggered-cycle,quadratic-vc,1.6402830340288504e-05,
main,main/rep0-stream1-regime0-d50/7,0,1,0,50,0.1,1.0,0.0,staggered-cycle,quadratic-vc,1.5040310595675857e-05,
main,main/rep0-stream1-regime0-d50/0,0,1,0,50,0.1,1.0,0.0,random-mirrors,quadratic-ac,9.47421017781586e-06,
main,main/rep0-stream1-regime0-d50/1,0,1,0,50,0.1,1.0,0.0,random-mirrors,quadratic-ac,2.3469231107213548e-05,
main,main/rep0-stream1-regime0-d50/2,0,1,0,50,0.1,1.0,0.0,random-mirrors,quadratic-ac,2.3123589437690713e-05,
main,main/rep0-stream1-regime0-d50/3,0,1,0,50,0.1,1.0,0.0,random-mirrors,quadratic-ac,2.8375839590850835e-05,
main,main/rep0-stream1-regime0-d50/4,0,1,0,50,0.1,1.0,0.0,random-mirrors,quadratic-ac,3.085315056488694e-05,
main,main/rep0-stream1-regime0-d50/5,0,1,0,50,0.1,1.0,0.0,random-mirrors,quadratic-ac,2.0291359349818886e-05,
main,main/rep0-stream1-regime0-d50/6,0,1,0,50,0.1,1.0,0.0,random-mirrors,quadratic-ac,2.003076260871549e-05,
main,main/rep0-stream1-regime0-d50/7,0,1,0,50,0.1,1.0,0.0,random-mirrors,quadratic-ac,2.0781735333899273e-05,
main,main/rep0-stream1-regime0-d50/0,0,1,0,50,0.1,1.0,0.0,random-mirrors,quadratic-vc,9.74743682497648e-06,
main,main/rep0-stream1-regime0-d50/1,0,1,0,50,0.1,1.0,0.0,random-mirrors,quadratic-vc,2.2509122664333173e-05,
main,main/rep0-stream1-regime0-d50/2,0,1,0,50,0.1,1.0,0.0,random-mirrors,quadratic-vc,2.270198187223388e-05,
main,main/rep0-stream1-regime0-d50/3,0,1,0,50,0.1,1.0,0.0,random-mirrors,quadratic-vc,3.0225310634035224e-05,
main,main/rep0-stream1-regime0-d50/4,0,1,0,50,0.1,1.0,0.0,random-mirrors,quadratic-vc,3.0443935468368722e-05,
main,main/rep0-stream1-regime0-d50/5,0,1,0,50,0.1,1.0,0.0,random-mirrors,quadratic-vc,2.236444728822062e-05,
main,main/rep0-stream1-regime0-d50/6,0,1,0,50,0.1,1.0,0.0,random-mirrors,quadratic-vc,1.9393521443022928e-05,
main,main/rep0-stream1-regime0-d50/7,0,1,0,50,0.1,1.0,0.0,random-mirrors,quadratic-vc,2.0961826557883757e-05,
main,main/rep0-stream1-regime0-d50/0,0,1,0,50,1.0,1.0,0.0,staggered-cycle,quadratic-ac,1.9081295501610675e-05,
main,main/rep0-stream1-regime0-d50/1,0,1,0,50,1.0,1.0,0.0,staggered-cycle,quadratic-ac,9.344628261887834e-06,
main,main/rep0-stream1-regime0-d50/2,0,1,0,50,1.0,1.0,0.0,staggered-cycle,quadratic-ac,1.4254411591328422e-05,
main,main/rep0-stream1-regime0-d50/3,0,1,0,50,1.0,1.0,0.0,staggered-cycle,quadratic-ac,1.4613304153918769e-05,
main,main/rep0-stream1-regime0-d50/4,0,1,0,50,1.0,1.0,0.0,staggered-cycle,quadratic-ac,2.7066418525476067e-05,
main,main/rep0-stream1-regime0-d50/5,0,1,0,50,1.0,1.0,0.0,staggered-cycle,quadratic-ac,1.1556416290967026e-05,
main,main/rep0-stream1-regime0-d50/6,0,1,0,50,1.0,1.0,0.0,staggered-cycle,quadratic-ac,1.4585704335978228e-05,
main,main/rep0-stream1-regime0-d50/7,0,1,0,50,1.0,1.0,0.0,staggered-cycle,quadratic-ac,1.3584741793754256e-05,
main,main/rep0-stream1-regime0-d50/0,0,1,0,50,1.0,1.0,0.0,staggered-cycle,quadratic-vc,1.764128483829269e-05,
main,main/rep0-stream1-regime0-d50/1,0,1,0,50,1.0,1.0,0.0,staggered-cycle,quadratic-vc,9.823328868253789e-06,
main,main/rep0-stream1-regime0-d50/2,0,1,0,50,1.0,1.0,0.0,staggered-cycle,quadratic-vc,1.644124716099429e-05,
main,main/rep0-stream1-regime0-d50/3,0,1,0,50,1.0,1.0,0.0,staggered-cycle,quadratic-vc,1.3711156995360508e-05,
main,main/rep0-stream1-regime0-d50/4,0,1,0,50,1.0,1.0,0.0,staggered-cycle,quadratic-vc,2.3986227304858807e-05,
main,main/rep0-stream1-regime0-d50/5,0,1,0,50,1.0,1.0,0.0,staggered-cycle,quadratic-vc,9.05649738975373e-06,
main,main/rep0-stream1-regime0-d50/6,0,1,0,50,1.0,1.0,0.0,staggered-cycle,quadratic-vc,1.4586175957618126e-05,
main,main/rep0-stream1-regime0-d50/7,0,1,0,50,1.0,1.0,0.0,staggered-cycle,quadratic-vc,1.2098159040862679e-05,
main,main/rep0-stream1-regime0-d50/0,0,1,0,50,1.0,1.0,0.0,random-mirrors,quadratic-ac,2.9346885494037727e-05,
main,main/rep0-stream1-regime0-d50/1,0,1,0,50,1.0,1.0,0.0,random-mirrors,quadratic-ac,3.3121630096957666e-05,
main,main/rep0-stream1-regime0-d50/2,0,1,0,50,1.0,1.0,0.0,random-mirrors,quadratic-ac,2.0025228782616663e-05,
main,main/rep0-stream1-regime0-d50/3,0,1,0,50,1.0,1.0,0.0,random-mirrors,quadratic-ac,2.9368627283309796e-05,
main,main/rep0-stream1-regime0-d50/4,0,1,0,50,1.0,1.0,0.0,random-mirrors,quadratic-ac,3.241989900597994e-05,
main,main/rep0-stream1-regime0-d50/5,0,1,0,50,1.0,1.0,0.0,random-mirrors,quadratic-ac,2.4427673392408622e-05,
main,main/rep0-stream1-regime0-d50/6,0,1,0,50,1.0,1.0,0.0,random-mirrors,quadratic-ac,3.4104528523344675e-05,
main,main/rep0-stream1-regime0-d50/7,0,1,0,50,1.0,1.0,0.0,random-mirrors,quadratic-ac,2.2567688020234368e-05,
main,main/rep0-stream1-regime0-d50/0,0,1,0,50,1.0,1.0,0.0,random-mirrors,quadratic-vc,2.800689420894302e-05,
main,main/rep0-stream1-regime0-d50/1,0,1,0,50,1.0,1.0,0.0,random-mirrors,quadratic-vc,3.14019525187734e-05,
main,main/rep0-stream1-regime0-d50/2,0,1,0,50,1.0,1.0,0.0,random-mirrors,quadratic-vc,1.8807139619326827e-05,
main,main/rep0-stream1-regime0-d50/3,0,1,0,50,1.0,1.0,0.0,random-mirrors,quadratic-vc,2.899989205504069e-05,
main,main/rep0-stream1-regime0-d50/4,0,1,0,50,1.0,1.0,0.0,random-mirrors,quadratic-vc,3.2139021204604646e-05,
main,main/rep0-stream1-regime0-d50/5,0,1,0,50,1.0,1.0,0.0,random-mirrors,quadratic-vc,2.646941134950888e-05,
main,main/rep0-stream1-regime0-d50/6,0,1,0,50,1.0,1.0,0.0,random-mirrors,quadratic-vc,3.473789715121274e-05,
main,main/rep0-stream1-regime0-d50/7,0,1,0,50,1.0,1.0,0.0,random-mirrors,quadratic-vc,2.2043407108660214e-05,
main,main/rep0-stream1-regime0-d50/0,0,1,0,50,10.0,1.0,0.0,staggered-cycle,quadratic-ac,6.768348504289338e-05,
main,main/rep0-stream1-regime0-d50/1,0,1,0,50,10.0,1.0,0.0,staggered-cycle,quadratic-ac,4.107349327209335e-05,
main,main/rep0-stream1-regime0-d50/2,0,1,0,50,10.0,1.0,0.0,staggered-cycle,quadratic-ac,8.088910219733843e-05,
main,main/rep0-stream1-regime0-d50/3,0,1,0,50,10.0,1.0,0.0,staggered-cycle,quadratic-ac,6.367027767618352e-05,
main,main/rep0-stream1-regime0-d50/4,0,1,0,50,10.0,1.0,0.0,staggered-cycle,quadratic-ac,7.584823338789196e-05,
main,main/rep0-stream1-regime0-d50/5,0,1,0,50,10.0,1.0,0.0,staggered-cycle,quadratic-ac,6.245469561501926e-05,
main,main/rep0-stream1-regime0-d50/6,0,1,0,50,10.0,1.0,0.0,staggered-cycle,quadratic-ac,6.378759601409602e-05,
main,main/rep0-stream1-regime0-d50/7,0,1,0,50,10.0,1.0,0.0,staggered-cycle,quadratic-ac,5.2248087740041834e-05,
main,main/rep0-stream1-regime0-d50/0,0,1,0,50,10.0,1.0,0.0,staggered-cycle,quadratic-vc,6.290093742985943e-05,
main,main/rep0-stream1-regime0-d50/1,0,1,0,50,10.0,1.0,0.0,staggered-cycle,quadratic-vc,4.104246847491785e-05,
main,main/rep0-stream1-regime0-d50/2,0,1,0,50,10.0,1.0,0.0,staggered-cycle,quadratic-vc,7.553517084662374e-05,
main,main/rep0-stream1-regime0-d50/3,0,1,0,50,10.0,1.0,0.0,staggered-cycle,quadratic-vc,6.867897172311692e-05,
main,main/rep0-stream1-regime0-d50/4,0,1,0,50,10.0,1.0,0.0,staggered-cycle,quadratic-vc,6.41593742316818e-05,
main,main/rep0-stream1-regime0-d50/5,0,1,0,50,10.0,1.0,0.0,staggered-cycle,quadratic-vc,6.062942944734648e-05,
main,main/rep0-stream1-regime0-d50/6,0,1,0,50,10.0,1.0,0.0,staggered-cycle,quadratic-vc,6.277280329535382e-05,
main,main/rep0-stream1-regime0-d50/7,0,1,0,50,10.0,1.0,0.0,staggered-cycle,quadratic-vc,4.7056891937014384e-05,
main,main/rep0-stream1-regime0-d50/0,0,1,0,50,10.0,1.0,0.0,random-mirrors,quadratic-ac,9.417170629234507e-05,
main,main/rep0-stream1-regime0-d50/1,0,1,0,50,10.0,1.0,0.0,random-mirrors,quadratic-ac,0.00018453317500507555,
main,main/rep0-stream1-regime0-d50/2,0,1,0,50,10.0,1.0,0.0,random-mirrors,quadratic-ac,0.00015651911243113527,
main,main/rep0-stream1-regime0-d50/3,0,1,0,50,10.0,1.0,0.0,random-mirrors,quadratic-ac,0.00011243363173443034,
main,main/rep0-stream1-regime0-d50/4,0,1,0,50,10.0,1.0,0.0,random-mirrors,quadratic-ac,0.00018273235492085053,
main,main/rep0-stream1-regime0-d50/5,0,1,0,50,10.0,1.0,0.0,random-mirrors,quadratic-ac,0.00016544418238280306,
main,main/rep0-stream1-regime0-d50/6,0,1,0,50,10.0,1.0,0.0,random-mirrors,quadratic-ac,9.518926455321317e-05,
main,main/rep0-stream1-regime0-d50/7,0,1,0,50,10.0,1.0,0.0,random-mirrors,quadratic-ac,0.00010845040446089653,
main,main/rep0-stream1-regime0-d50/0,0,1,0,50,10.0,1.0,0.0,random-mirrors,quadratic-vc,8.614457802828907e-05,
main,main/rep0-stream1-regime0-d50/1,0,1,0,50,10.0,1.0,0.0,random-mirrors,quadratic-vc,0.0001734970636157366,
main,main/rep0-stream1-regime0-d50/2,0,1,0,50,10.0,1.0,0.0,random-mirrors,quadratic-vc,0.00016194073859071524,
main,main/rep0-stream1-regime0-d50/3,0,1,0,50,10.0,1.0,0.0,random-mirrors,quadratic-vc,0.00010927812728337914,
main,main/rep0-stream1-regime0-d50/4,0,1,0,50,10.0,1.0,0.0,random-mirrors,quadratic-vc,0.00019922920426206005,
main,main/rep0-stream1-regime0-d50/5,0,1,0,50,10.0,1.0,0.0,random-mirrors,quadratic-vc,0.0001663693668763076,
main,main/rep0-stream1-regime0-d50/6,0,1,0,50,10.0,1.0,0.0,random-mirrors,quadratic-vc,9.976917891367883e-05,
main,main/rep0-stream1-regime0-d50/7,0,1,0,50,10.0,1.0,0.0,random-mirrors,quadratic-vc,0.00011857467042794743,
main,main/rep0-stream1-regime1-d20/0,0,1,1,20,0.1,1.0,0.0,staggered-cycle,quadratic-ac,0.00010108037569211734,
main,main/rep0-stream1-regime1-d20/1,0,1,1,20,0.1,1.0,0.0,staggered-cycle,quadratic-ac,2.81984765740019e-05,
main,main/rep0-stream1-regime1-d20/2,0,1,1,20,0.1,1.0,0.0,staggered-cycle,quadratic-ac,9.383754826835762e-05,
main,main/rep0-stream1-regime1-d20/3,0,1,1,20,0.1,1.0,0.0,staggered-cycle,quadratic-ac,4.6131099480843725e-05,
main,main/rep0-stream1-regime1-d20/4,0,1,1,20,0.1,1.0,0.0,staggered-cycle,quadratic-ac,5.2618349010824036e-05,
main,main/rep0-stream1-regime1-d20/5,0,1,1,20,0.1,1.0,0.0,staggered-cycle,quadratic-ac,6.144240109835539e-05,
main,main/rep0-stream1-regime1-d20/6,0,1,1,20,0.1,1.0,0.0,staggered-cycle,quadratic-ac,4.8193224420911905e-05,
main,main/rep0-stream1-regime1-d20/7,0,1,1,20,0.1,1.0,0.0,staggered-cycle,quadratic-ac,0.00010860625477659425,
main,main/rep0-stream1-regime1-d20/0,0,1,1,20,0.1,1.0,0.0,staggered-cycle,quadratic-vc,9.746254647982748e-05,
main,main/rep0-stream1-regime1-d20/1,0,1,1,20,0.1,1.0,0.0,staggered-cycle,quadratic-vc,2.518387981377344e-05,
main,main/rep0-stream1-regime1-d20/2,0,1,1,20,0.1,1.0,0.0,staggered-cycle,quadratic-vc,0.00010353547981585858,
main,main/rep0-stream1-regime1-d20/3,0,1,1,20,0.1,1.0,0.0,staggered-cycle,quadratic-vc,4.960190073483588e-05,
main,main/rep0-stream1-regime1-d20/4,0,1,1,20,0.1,1.0,0.0,staggered-cycle,quadratic-vc,5.6708022201267104e-05,
main,main/rep0-stream1-regime1-d20/5,0,1,1,20,0.1,1.0,0.0,staggered-cycle,quadratic-vc,6.184794144795051e-05,
main,main/rep0-stream1-regime1-d20/6,0,1,1,20,0.1,1.0,0.0,staggered-cycle,quadratic-vc,4.7865488340712096e-05,
main,main/rep0-stream1-regime1-d20/7,0,1,1,20,0.1,1.0,0.0,staggered-cycle,quadratic-vc,9.867878665001292e-05,
main,main/rep0-stream1-regime1-d20/0,0,1,1,20,0.1,1.0,0.0,random-mirrors,quadratic-ac,7.720439284431495e-05,
main,main/rep0-stream1-regime1-d20/1,0,1,1,20,0.1,1.0,0.0,random-mirrors,quadratic-ac,6.610800469903004e-05,
main,main/rep0-stream1-regime1-d20/2,0,1,1,20,0.1,1.0,0.0,random-mirrors,quadratic-ac,7.815309908003967e-05,
main,main/rep0-stream1-regime1-d20/3,0,1,1,20,0.1,1.0,0.0,random-mirrors,quadratic-ac,7.424057543670593e-05,
main,main/rep0-stream1-regime1-d20/4,0,1,1,20,0.1,1.0,0.0,random-mirrors,quadratic-ac,6.610013259325809e-05,
main,main/rep0-stream1-regime1-d20/5,0,1,1,20,0.1,1.0,0.0,random-mirrors,quadratic-ac,7.267819652234766e-05,
main,main/rep0-stream1-regime1-d20/6,0,1,1,20,0.1,1.0,0.0,random-mirrors,quadratic-ac,5.303292409349081e-05,
main,main/rep0-stream1-regime1-d20/7,0,1,1,20,0.1,1.0,0.0,random-mirrors,quadratic-ac,5.4714400211919043e-05,
main,main/rep0-stream1-regime1-d20/0,0,1,1,20,0.1,1.0,0.0,random-mirrors,quadratic-vc,7.58817402175904e-05,
main,main/rep0-stream1-regime1-d20/1,0,1,1,20,0.1,1.0,0.0,random-mirrors,quadratic-vc,6.79014847161097e-05,
main,main/rep0-stream1-regime1-d20/2,0,1,1,20,0.1,1.0,0.0,random-mirrors,quadratic-vc,7.590266333972694e-05,
main,main/rep0-stream1-regime1-d20/3,0,1,1,20,0.1,1.0,0.0,random-mirrors,quadratic-vc,7.915375802340062e-05,
main,main/rep0-stream1-regime1-d20/4,0,1,1,20,0.1,1.0,0.0,random-mirrors,quadratic-vc,5.7566689654433914e-05,
main,main/rep0-stream1-regime1-d20/5,0,1,1,20,0.1,1.0,0.0,random-mirrors,quadratic-vc,7.414514008553953e-05,
main,main/rep0-stream1-regime1-d20/6,0,1,1,20,0.1,1.0,0.0,random-mirrors,quadratic-vc,5.442660875152077e-05,
main,main/rep0-stream1-regime1-d20/7,0,1,1,20,0.1,1.0,0.0,random-mirrors,quadratic-vc,6.985301457491042e-05,
main,main/rep0-stream1-regime1-d20/0,0,1,1,20,1.0,1.0,0.0,staggered-cycle,quadratic-ac,0.000114681936475049,
main,main/rep0-stream1-regime1-d20/1,0,1,1,20,1.0,1.0,0.0,staggered-cycle,quadratic-ac,0.00013193048671005867,
main,main/rep0-stream1-regime1-d20/2,0,1,1,20,1.0,1.0,0.0,staggered-cycle,quadratic-ac,0.00014099278922145378,
main,main/rep0-stream1-regime1-d20/3,0,1,1,20,1.0,1.0,0.0,staggered-cycle,quadratic-ac,7.481909328153631e-05,
main,main/rep0-stream1-regime1-d20/4,0,1,1,20,1.0,1.0,0.0,staggered-cycle,quadratic-ac,8.007164763840501e-05,
main,main/rep0-stream1-regime1-d20/5,0,1,1,20,1.0,1.0,0.0,staggered-cycle,quadratic-ac,7.347194315126073e-05,
main,main/rep0-stream1-regime1-d20/6,0,1,1,20,1.0,1.0,0.0,staggered-cycle,quadratic-ac,0.00010115089550930516,
main,main/rep0-stream1-regime1-d20/7,0,1,1,20,1.0,1.0,0.0,staggered-cycle,quadratic-ac,0.00021120556643395384,
main,main/rep0-stream1-regime1-d20/0,0,1,1,20,1.0,1.0,0.0,staggered-cycle,quadratic-vc,0.00010289782738337801,
main,main/rep0-stream1-regime1-d20/1,0,1,1,20,1.0,1.0,0.0,staggered-cycle,quadratic-vc,0.00012684065749521756,
main,main/rep0-stream1-regime1-d20/2,0,1,1,20,1.0,1.0,0.0,staggered-cycle,quadratic-vc,0.00012313788777590536,
main,main/rep0-stream1-regime1-d20/3,0,1,1,20,1.0,1.0,0.0,staggered-cycle,quadratic-vc,6.829203542662832e-05,
main,main/rep0-stream1-regime1-d20/4,0,1,1,20,1.0,1.0,0.0,staggered-cycle,quadratic-vc,8.68943361731382e-05,
main,main/rep0-stream1-regime1-d20/5,0,1,1,20,1.0,1.0,0.0,staggered-cycle,quadratic-vc,6.925661675838932e-05,
main,main/rep0-stream1-regime1-d20/6,0,1,1,20,1.0,1.0,0.0,staggered-cycle,quadratic-vc,0.00010660351452756303,
main,main/rep0-stream1-regime1-d20/7,0,1,1,20,1.0,1.0,0.0,staggered-cycle,quadratic-vc,0.00020136499193547386,
main,main/rep0-stream1-regime1-d20/0,0,1,1,20,1.0,1.0,0.0,random-mirrors,quadratic-ac,5.6848984447550715e-05,
main,main/rep0-stream1-regime1-d20/1,0,1,1,20,1.0,1.0,0.0,random-mirrors,quadratic-ac,0.00022031199723923037,
main,main/rep0-stream1-regime1-d20/2,0,1,1,20,1.0,1.0,0.0,random-mirrors,quadratic-ac,3.854794818407597e-05,
main,main/rep0-stream1-regime1-d20/3,0,1,1,20,1.0,1.0,0.0,random-mirrors,quadratic-ac,0.00014539390694640118,
main,main/rep0-stream1-regime1-d20/4,0,1,1,20,1.0,1.0,0.0,random-mirrors,quadratic-ac,0.00025718293928326977,
main,main/rep0-stream1-regime1-d20/5,0,1,1,20,1.0,1.0,0.0,random-mirrors,quadratic-ac,0.00011349828953921485,
main,main/rep0-stream1-regime1-d20/6,0,1,1,20,1.0,1.0,0.0,random-mirrors,quadratic-ac,0.0002019141028836867,
main,main/rep0-stream1-regime1-d20/7,0,1,1,20,1.0,1.0,0.0,random-mirrors,quadratic-ac,6.283996240809042e-05,
main,main/rep0-stream1-regime1-d20/0,0,1,1,20,1.0,1.0,0.0,random-mirrors,quadratic-vc,5.950435573732732e-05,
main,main/rep0-stream1-regime1-d20/1,0,1,1,20,1.0,1.0,0.0,random-mirrors,quadratic-vc,0.00022632519010070914,
main,main/rep0-stream1-regime1-d20/2,0,1,1,20,1.0,1.0,0.0,random-mirrors,quadratic-vc,3.7024393907180105e-05,
main,main/rep0-stream1-regime1-d20/3,0,1,1,20,1.0,1.0,0.0,random-mirrors,quadratic-vc,0.000134630223765597,
main,main/rep0-stream1-regime1-d20/4,0,1,1,20,1.0,1.0,0.0,random-mirrors,quadratic-vc,0.00028237975803601767,
main,main/rep0-stream1-regime1-d20/5,0,1,1,20,1.0,1.0,0.0,random-mirrors,quadratic-vc,0.00011460633431927122,
main,main/rep0-stream1-regime1-d20/6,0,1,1,20,1.0,1.0,0.0,random-mirrors,quadratic-vc,0.0002019470490213988,
main,main/rep0-stream1-regime1-d20/7,0,1,1,20,1.0,1.0,0.0,random-mirrors,quadratic-vc,7.255409958269292e-05,
main,main/rep0-stream1-regime1-d20/0,0,1,1,20,10.0,1.0,0.0,staggered-cycle,quadratic-ac,0.00028444135700524586,
main,main/rep0-stream1-regime1-d20/1,0,1,1,20,10.0,1.0,0.0,staggered-cycle,quadratic-ac,0.0004732896041065812,
main,main/rep0-stream1-regime1-d20/2,0,1,1,20,10.0,1.0,0.0,staggered-cycle,quadratic-ac,0.0005701810616809495,
main,main/rep0-stream1-regime1-d20/3,0,1,1,20,10.0,1.0,0.0,staggered-cycle,quadratic-ac,0.0006504197656546853,
main,main/rep0-stream1-regime1-d20/4,0,1,1,20,10.0,1.0,0.0,staggered-cycle,quadratic-ac,0.0001678535194471903,
main,main/rep0-stream1-regime1-d20/5,0,1,1,20,10.0,1.0,0.0,staggered-cycle,quadratic-ac,0.000252257848325894,
main,main/rep0-stream1-regime1-d20/6,0,1,1,20,10.0,1.0,0.0,staggered-cycle,quadratic-ac,0.0003537193043752542,
main,main/rep0-stream1-regime1-d20/7,0,1,1,20,10.0,1.0,0.0,staggered-cycle,quadratic-ac,0.0007012711727790823,
main,main/rep0-stream1-regime1-d20/0,0,1,1,20,10.0,1.0,0.0,staggered-cycle,quadratic-vc,0.0003051777876848906,
main,main/rep0-stream1-regime1-d20/1,0,1,1,20,10.0,1.0,0.0,staggered-cycle,quadratic-vc,0.0005025803989679313,
main,main/rep0-stream1-regime1-d20/2,0,1,1,20,10.0,1.0,0.0,staggered-cycle,quadratic-vc,0.0005273922434982067,
main,main/rep0-stream1-regime1-d20/3,0,1,1,20,10.0,1.0,0.0,staggered-cycle,quadratic-vc,0.0006485381535252669,
main,main/rep0-stream1-regime1-d20/4,0,1,1,20,10.0,1.0,0.0,staggered-cycle,quadratic-vc,0.00014876676866888383,
main,main/rep0-stream1-regime1-d20/5,0,1,1,20,10.0,1.0,0.0,staggered-cycle,quadratic-vc,0.0002427833111193852,
main,main/rep0-stream1-regime1-d20/6,0,1,1,20,10.0,1.0,0.0,staggered-cycle,quadratic-vc,0.0003423760113425171,
main,main/rep0-stream1-regime1-d20/7,0,1,1,20,10.0,1.0,0.0,staggered-cycle,quadratic-vc,0.0008077988882779773,
main,main/rep0-stream1-regime1-d20/0,0,1,1,20,10.0,1.0,0.0,random-mirrors,quadratic-ac,0.0006851277054856848,
main,main/rep0-stream1-regime1-d20/1,0,1,1,20,10.0,1.0,0.0,random-mirrors,quadratic-ac,0.0008882523304854519,
main,main/rep0-stream1-regime1-d20/2,0,1,1,20,10.0,1.0,0.0,random-mirrors,quadratic-ac,0.000688141512375185,
main,main/rep0-stream1-regime1-d20/3,0,1,1,20,10.0,1.0,0.0,random-mirrors,quadratic-ac,0.0009880558140036313,
main,main/rep0-stream1-regime1-d20/4,0,1,1,20,10.0,1.0,0.0,random-mirrors,quadratic-ac,0.001276230079028786,
main,main/rep0-stream1-regime1-d20/5,0,1,1,20,10.0,1.0,0.0,random-mirrors,quadratic-ac,0.0005826978181796254,
main,main/rep0-stream1-regime1-d20/6,0,1,1,20,10.0,1.0,0.0,random-mirrors,quadratic-ac,0.0005743548773669724,
main,main/rep0-stream1-regime1-d20/7,0,1,1,20,10.0,1.0,0.0,random-mirrors,quadratic-ac,0.0006516020165553557,
main,main/rep0-stream1-regime1-d20/0,0,1,1,20,10.0,1.0,0.0,random-mirrors,quadratic-vc,0.0006204526788502999,
main,main/rep0-stream1-regime1-d20/1,0,1,1,20,10.0,1.0,0.0,random-mirrors,quadratic-vc,0.0008656634595257515,
main,main/rep0-stream1-regime1-d20/2,0,1,1,20,10.0,1.0,0.0,random-mirrors,quadratic-vc,0.000617354126140759,
main,main/rep0-stream1-regime1-d20/3,0,1,1,20,10.0,1.0,0.0,random-mirrors,quadratic-vc,0.0008608277737948098,
main,main/rep0-stream1-regime1-d20/4,0,1,1,20,10.0,1.0,0.0,random-mirrors,quadratic-vc,0.001432949386906976,
main,main/rep0-stream1-regime1-d20/5,0,1,1,20,10.0,1.0,0.0,random-mirrors,quadratic-vc,0.0006102004742663352,
main,main/rep0-stream1-regime1-d20/6,0,1,1,20,10.0,1.0,0.0,random-mirrors,quadratic-vc,0.0004919233195350305,
main,main/rep0-stream1-regime1-d20/7,0,1,1,20,10.0,1.0,0.0,random-mirrors,quadratic-vc,0.0006144701025633578,
main,main/rep1-stream0-regime0-d10/0,1,0,0,10,0.1,1.0,0.0,staggered-cycle,quadratic-ac,0.0002352815622556025,
main,main/rep1-stream0-regime0-d10/1,1,0,0,10,0.1,1.0,0.0,staggered-cycle,quadratic-ac,0.00011351254013007052,
main,main/rep1-stream0-regime0-d10/2,1,0,0,10,0.1,1.0,0.0,staggered-cycle,quadratic-ac,0.00010684465086224575,
main,main/rep1-stream0-regime0-d10/3,1,0,0,10,0.1,1.0,0.0,staggered-cycle,quadratic-ac,0.00025788800991259706,
main,main/rep1-stream0-regime0-d10/4,1,0,0,10,0.1,1.0,0.0,staggered-cycle,quadratic-ac,0.00019714577036584988,
main,main/rep1-stream0-regime0-d10/5,1,0,0,10,0.1,1.0,0.0,staggered-cycle,quadratic-ac,0.00011591558836593005,
main,main/rep1-stream0-regime0-d10/6,1,0,0,10,0.1,1.0,0.0,staggered-cycle,quadratic-ac,0.00011192074188735062,
main,main/rep1-stream0-regime0-d10/7,1,0,0,10,0.1,1.0,0.0,staggered-cycle,quadratic-ac,0.00015985027890298495,
main,main/rep1-stream0-regime0-d10/0,1,0,0,10,0.1,1.0,0.0,staggered-cycle,quadratic-vc,0.00022921859945732693,
main,main/rep1-stream0-regime0-d10/1,1,0,0,10,0.1,1.0,0.0,staggered-cycle,quadratic-vc,0.0001190136059552087,
main,main/rep1-stream0-regime0-d10/2,1,0,0,10,0.1,1.0,0.0,staggered-cycle,quadratic-vc,9.134661259170566e-05,
main,main/rep1-stream0-regime0-d10/3,1,0,0,10,0.1,1.0,0.0,staggered-cycle,quadratic-vc,0.00032411228417464317,
main,main/rep1-stream0-regime0-d10/4,1,0,0,10,0.1,1.0,0.0,staggered-cycle,quadratic-vc,0.00016378652604019967,
main,main/rep1-stream0-regime0-d10/5,1,0,0,10,0.1,1.0,0.0,staggered-cycle,quadratic-vc,9.61732054237604e-05,
main,main/rep1-stream0-regime0-d10/6,1,0,0,10,0.1,1.0,0.0,staggered-cycle,quadratic-vc,8.789873342899899e-05,
main,main/rep1-stream0-regime0-d10/7,1,0,0,10,0.1,1.0,0.0,staggered-cycle,quadratic-vc,0.00020507530617469525,
main,main/rep1-stream0-regime0-d10/0,1,0,0,10,0.1,1.0,0.0,random-mirrors,quadratic-ac,7.90549024638165e-05,
main,main/rep1-stream0-regime0-d10/1,1,0,0,10,0.1,1.0,0.0,random-mirrors,quadratic-ac,7.962052509226793e-05,
main,main/rep1-stream0-regime0-d10/2,1,0,0,10,0.1,1.0,0.0,random-mirrors,quadratic-ac,0.00010223238802156749,
main,main/rep1-stream0-regime0-d10/3,1,0,0,10,0.1,1.0,0.0,random-mirrors,quadratic-ac,0.00023185233026779152,
main,main/rep1-stream0-regime0-d10/4,1,0,0,10,0.1,1.0,0.0,random-mirrors,quadratic-ac,0.0003501895987862207,
main,main/rep1-stream0-regime0-d10/5,1,0,0,10,0.1,1.0,0.0,random-mirrors,quadratic-ac,7.245085207126475e-05,
main,main/rep1-stream0-regime0-d10/6,1,0,0,10,0.1,1.0,0.0,random-mirrors,quadratic-ac,4.140099227283274e-05,
main,main/rep1-stream0-regime0-d10/7,1,0,0,10,0.1,1.0,0.0,random-mirrors,quadratic-ac,0.00011281707633085448,
main,main/rep1-stream0-regime0-d10/0,1,0,0,10,0.1,1.0,0.0,random-mirrors,quadratic-vc,5.84764915807703e-05,
main,main/rep1-stream0-regime0-d10/1,1,0,0,10,0.1,1.0,0.0,random-mirrors,quadratic-vc,6.297609423093931e-05,
main,main/rep1-stream0-regime0-d10/2,1,0,0,10,0.1,1.0,0.0,random-mirrors,quadratic-vc,0.00010236778566758479,
main,main/rep1-stream0-regime0-d10/3,1,0,0,10,0.1,1.0,0.0,random-mirrors,quadratic-vc,0.0002483134325607825,
main,main/rep1-stream0-regime0-d10/4,1,0,0,10,0.1,1.0,0.0,random-mirrors,quadratic-vc,0.00036357069207584023,
main,main/rep1-stream0-regime0-d10/5,1,0,0,10,0.1,1.0,0.0,random-mirrors,quadratic-vc,7.085750609473729e-05,
main,main/rep1-stream0-regime0-d10/6,1,0,0,10,0.1,1.0,0.0,random-mirrors,quadratic-vc,5.38627097607838e-05,
main,main/rep1-stream0-regime0-d10/7,1,0,0,10,0.1,1.0,0.0,random-mirrors,quadratic-vc,0.00010996228379919863,
main,main/rep1-stream0-regime0-d10/0,1,0,0,10,1.0,1.0,0.0,staggered-cycle,quadratic-ac,0.00021295532782371522,
main,main/rep1-stream0-regime0-d10/1,1,0,0,10,1.0,1.0,0.0,staggered-cycle,quadratic-ac,0.0003283152321245966,
main,main/rep1-stream0-regime0-d10/2,1,0,0,10,1.0,1.0,0.0,staggered-cycle,quadratic-ac,0.00024773587424814524,
main,main/rep1-stream0-regime0-d10/3,1,0,0,10,1.0,1.0,0.0,staggered-cycle,quadratic-ac,0.0001550800302406107,
main,main/rep1-stream0-regime0-d10/4,1,0,0,10,1.0,1.0,0.0,staggered-cycle,quadratic-ac,0.00045334815739903365,
main,main/rep1-stream0-regime0-d10/5,1,0,0,10,1.0,1.0,0.0,staggered-cycle,quadratic-ac,9.372314226745594e-05,
main,main/rep1-stream0-regime0-d10/6,1,0,0,10,1.0,1.0,0.0,staggered-cycle,quadratic-ac,0.000416874865726652,
main,main/rep1-stream0-regime0-d10/7,1,0,0,10,1.0,1.0,0.0,staggered-cycle,quadratic-ac,0.0004176902321909094,
main,main/rep1-stream0-regime0-d10/0,1,0,0,10,1.0,1.0,0.0,staggered-cycle,quadratic-vc,0.00024894969861573887,
main,main/rep1-stream0-regime0-d10/1,1,0,0,10,1.0,1.0,0.0,staggered-cycle,quadratic-vc,0.0004994556676962797,
main,main/rep1-stream0-regime0-d10/2,1,0,0,10,1.0,1.0,0.0,staggered-cycle,quadratic-vc,0.0002922084413924434,
main,main/rep1-stream0-regime0-d10/3,1,0,0,10,1.0,1.0,0.0,staggered-cycle,quadratic-vc,0.00015702726688580072,
main,main/rep1-stream0-regime0-d10/4,1,0,0,10,1.0,1.0,0.0,staggered-cycle,quadratic-vc,0.00045702218403035445,
main,main/rep1-stream0-regime0-d10/5,1,0,0,10,1.0,1.0,0.0,staggered-cycle,quadratic-vc,0.00011254097433827216,
main,main/rep1-stream0-regime0-d10/6,1,0,0,10,1.0,1.0,0.0,staggered-cycle,quadratic-vc,0.00037238958281608336,
main,main/rep1-stream0-regime0-d10/7,1,0,0,10,1.0,1.0,0.0,staggered-cycle,quadratic-vc,0.0004147333527634991,
main,main/rep1-stream0-regime0-d10/0,1,0,0,10,1.0,1.0,0.0,random-mirrors,quadratic-ac,0.0001086165526370317,
main,main/rep1-stream0-regime0-d10/1,1,0,0,10,1.0,1.0,0.0,random-mirrors,quadratic-ac,0.0002204863231142799,
main,main/rep1-stream0-regime0-d10/2,1,0,0,10,1.0,1.0,0.0,random-mirrors,quadratic-ac,0.0001748376969187685,
main,main/rep1-stream0-regime0-d10/3,1,0,0,10,1.0,1.0,0.0,random-mirrors,quadratic-ac,0.00011361928683791324,
main,main/rep1-stream0-regime0-d10/4,1,0,0,10,1.0,1.0,0.0,random-mirrors,quadratic-ac,0.00015192331702444415,
main,main/rep1-stream0-regime0-d10/5,1,0,0,10,1.0,1.0,0.0,random-mirrors,quadratic-ac,0.0004061201061629477,
main,main/rep1-stream0-regime0-d10/6,1,0,0,10,1.0,1.0,0.0,random-mirrors,quadratic-ac,0.0002958317639146454,
main,main/rep1-stream0-regime0-d10/7,1,0,0,10,1.0,1.0,0.0,random-mirrors,quadratic-ac,0.001563025236285242,
main,main/rep1-stream0-regime0-d10/0,1,0,0,10,1.0,1.0,0.0,random-mirrors,quadratic-vc,9.210845412511878e-05,
main,main/rep1-stream0-regime0-d10/1,1,0,0,10,1.0,1.0,0.0,random-mirrors,quadratic-vc,0.0002110199917504032,
main,main/rep1-stream0-regime0-d10/2,1,0,0,10,1.0,1.0,0.0,random-mirrors,quadratic-vc,0.00015682618853473263,
main,main/rep1-stream0-regime0-d10/3,1,0,0,10,1.0,1.0,0.0,random-mirrors,quadratic-vc,9.130877076574313e-05,
main,main/rep1-stream0-regime0-d10/4,1,0,0,10,1.0,1.0,0.0,random-mirrors,quadratic-vc,0.0001343008055117596,
main,main/rep1-stream0-regime0-d10/5,1,0,0,10,1.0,1.0,0.0,random-mirrors,quadratic-vc,0.00036764167147711885,
main,main/rep1-stream0-regime0-d10/6,1,0,0,10,1.0,1.0,0.0,random-mirrors,quadratic-vc,0.0003058251144947893,
main,main/rep1-stream0-regime0-d10/7,1,0,0,10,1.0,1.0,0.0,random-mirrors,quadratic-vc,0.0017936304800487673,
main,main/rep1-stream0-regime0-d10/0,1,0,0,10,10.0,1.0,0.0,staggered-cycle,quadratic-ac,0.0004995457251715154,
main,main/rep1-stream0-regime0-d10/1,1,0,0,10,10.0,1.0,0.0,staggered-cycle,quadratic-ac,0.000714832988813441,
main,main/rep1-stream0-regime0-d10/2,1,0,0,10,10.0,1.0,0.0,staggered-cycle,quadratic-ac,0.0007980932126664377,
main,main/rep1-stream0-regime0-d10/3,1,0,0,10,10.0,1.0,0.0,staggered-cycle,quadratic-ac,0.0007321047871009961,
main,main/rep1-stream0-regime0-d10/4,1,0,0,10,10.0,1.0,0.0,staggered-cycle,quadratic-ac,0.0014883487801302744,
main,main/rep1-stream0-regime0-d10/5,1,0,0,10,10.0,1.0,0.0,staggered-cycle,quadratic-ac,0.0013299948983804982,
main,main/rep1-stream0-regime0-d10/6,1,0,0,10,10.0,1.0,0.0,staggered-cycle,quadratic-ac,0.0004472956787154021,
main,main/rep1-stream0-regime0-d10/7,1,0,0,10,10.0,1.0,0.0,staggered-cycle,quadratic-ac,0.0016516842140449762,
main,main/rep1-stream0-regime0-d10/0,1,0,0,10,10.0,1.0,0.0,staggered-cycle,quadratic-vc,0.0005300214636392802,
main,main/rep1-stream0-regime0-d10/1,1,0,0,10,10.0,1.0,0.0,staggered-cycle,quadratic-vc,0.0009538634050909649,
main,main/rep1-stream0-regime0-d10/2,1,0,0,10,10.0,1.0,0.0,staggered-cycle,quadratic-vc,0.0010644486321592797,
main,main/rep1-stream0-regime0-d10/3,1,0,0,10,10.0,1.0,0.0,staggered-cycle,quadratic-vc,0.0005267199277541684,
main,main/rep1-stream0-regime0-d10/4,1,0,0,10,10.0,1.0,0.0,staggered-cycle,quadratic-vc,0.0014361961564671871,
main,main/rep1-stream0-regime0-d10/5,1,0,0,10,10.0,1.0,0.0,staggered-cycle,quadratic-vc,0.0013869599707397957,
main,main/rep1-stream0-regime0-d10/6,1,0,0,10,10.0,1.0,0.0,staggered-cycle,quadratic-vc,0.0004883554057379224,
main,main/rep1-stream0-regime0-d10/7,1,0,0,10,10.0,1.0,0.0,staggered-cycle,quadratic-vc,0.0016349685066004034,
main,main/rep1-stream0-regime0-d10/0,1,0,0,10,10.0,1.0,0.0,random-mirrors,quadratic-ac,0.0037761573163468923,
main,main/rep1-stream0-regime0-d10/1,1,0,0,10,10.0,1.0,0.0,random-mirrors,quadratic-ac,0.0008562744271700481,
main,main/rep1-stream0-regime0-d10/2,1,0,0,10,10.0,1.0,0.0,random-mirrors,quadratic-ac,0.008133717836212946,
main,main/rep1-stream0-regime0-d10/3,1,0,0,10,10.0,1.0,0.0,random-mirrors,quadratic-ac,0.0031533100892168608,
main,main/rep1-stream0-regime0-d10/4,1,0,0,10,10.0,1.0,0.0,random-mirrors,quadratic-ac,0.004191383587134539,
main,main/rep1-stream0-regime0-d10/5,1,0,0,10,10.0,1.0,0.0,random-mirrors,quadratic-ac,0.002405437175070492,
main,main/rep1-stream0-regime0-d10/6,1,0,0,10,10.0,1.0,0.0,random-mirrors,quadratic-ac,0.0030239626315399413,
main,main/rep1-stream0-regime0-d10/7,1,0,0,10,10.0,1.0,0.0,random-mirrors,quadratic-ac,0.002633477903793017,
main,main/rep1-stream0-regime0-d10/0,1,0,0,10,10.0,1.0,0.0,random-mirrors,quadratic-vc,0.003376855404022413,
main,main/rep1-stream0-regime0-d10/1,1,0,0,10,10.0,1.0,0.0,random-mirrors,quadratic-vc,0.000822577740621708,
main,main/rep1-stream0-regime0-d10/2,1,0,0,10,10.0,1.0,0.0,random-mirrors,quadratic-vc,0.006470193204958517,
main,main/rep1-stream0-regime0-d10/3,1,0,0,10,10.0,1.0,0.0,random-mirrors,quadratic-vc,0.0026759724358948627,
main,main/rep1-stream0-regime0-d10/4,1,0,0,10,10.0,1.0,0.0,random-mirrors,quadratic-vc,0.004660619539947065,
main,main/rep1-stream0-regime0-d10/5,1,0,0,10,10.0,1.0,0.0,random-mirrors,quadratic-vc,0.002366204383959299,
main,main/rep1-stream0-regime0-d10/6,1,0,0,10,10.0,1.0,0.0,random-mirrors,quadratic-vc,0.0031194958220981538,
main,main/rep1-stream0-regime0-d10/7,1,0,0,10,10.0,1.0,0.0,random-mirrors,quadratic-vc,0.0023413089436232753,
main,main/rep1-stream0-regime0-d50/0,1,0,0,50,0.1,1.0,0.0,staggered-cycle,quadratic-ac,1.819433291452219e-05,
main,main/rep1-stream0-regime0-d50/1,1,0,0,50,0.1,1.0,0.0,staggered-cycle,quadratic-ac,1.178491077440329e-05,
main,main/rep1-stream0-regime0-d50/2,1,0,0,50,0.1,1.0,0.0,staggered-cycle,quadratic-ac,1.1048219396331755e-05,
main,main/rep1-stream0-regime0-d50/3,1,0,0,50,0.1,1.0,0.0,staggered-cycle,quadratic-ac,1.1442766929004107e-05,
main,main/rep1-stream0-regime0-d50/4,1,0,0,50,0.1,1.0,0.0,staggered-cycle,quadratic-ac,8.274478902915456e-06,
main,main/rep1-stream0-regime0-d50/5,1,0,0,50,0.1,1.0,0.0,staggered-cycle,quadratic-ac,1.196381350822959e-05,
main,main/rep1-stream0-regime0-d50/6,1,0,0,50,0.1,1.0,0.0,staggered-cycle,quadratic-ac,1.2940321108340072e-05,
main,main/rep1-stream0-regime0-d50/7,1,0,0,50,0.1,1.0,0.0,staggered-cycle,quadratic-ac,2.1004445819147855e-05,
main,main/rep1-stream0-regime0-d50/0,1,0,0,50,0.1,1.0,0.0,staggered-cycle,quadratic-vc,1.5891663047669172e-05,
main,main/rep1-stream0-regime0-d50/1,1,0,0,50,0.1,1.0,0.0,staggered-cycle,quadratic-vc,1.2307252249234009e-05,
main,main/rep1-stream0-regime0-d50/2,1,0,0,50,0.1,1.0,0.0,staggered-cycle,quadratic-vc,1.12294029530256e-05,
main,main/rep1-stream0-regime0-d50/3,1,0,0,50,0.1,1.0,0.0,staggered-cycle,quadratic-vc,1.0863357857881905e-05,
main,main/rep1-stream0-regime0-d50/4,1,0,0,50,0.1,1.0,0.0,staggered-cycle,quadratic-vc,8.810655849821954e-06,
main,main/rep1-stream0-regime0-d50/5,1,0,0,50,0.1,1.0,0.0,staggered-cycle,quadratic-vc,1.2192017565485775e-05,
main,main/rep1-stream0-regime0-d50/6,1,0,0,50,0.1,1.0,0.0,staggered-cycle,quadratic-vc,1.2871928057962071e-05,
main,main/rep1-stream0-regime0-d50/7,1,0,0,50,0.1,1.0,0.0,staggered-cycle,quadratic-vc,2.0028427700374163e-05,
main,main/rep1-stream0-regime0-d50/0,1,0,0,50,0.1,1.0,0.0,random-mirrors,quadratic-ac,1.5442614820233233e-05,
main,main/rep1-stream0-regime0-d50/1,1,0,0,50,0.1,1.0,0.0,random-mirrors,quadratic-ac,1.369485642796444e-05,
main,main/rep1-stream0-regime0-d50/2,1,0,0,50,0.1,1.0,0.0,random-mirrors,quadratic-ac,1.809356716781264e-05,
main,main/rep1-stream0-regime0-d50/3,1,0,0,50,0.1,1.0,0.0,random-mirrors,quadratic-ac,2.0678813851252982e-05,
main,main/rep1-stream0-regime0-d50/4,1,0,0,50,0.1,1.0,0.0,random-mirrors,quadratic-ac,1.387500728702808e-05,
main,main/rep1-stream0-regime0-d50/5,1,0,0,50,0.1,1.0,0.0,random-mirrors,quadratic-ac,3.09040720586391e-05,
main,main/rep1-stream0-regime0-d50/6,1,0,0,50,0.1,1.0,0.0,random-mirrors,quadratic-ac,2.7257383649990703e-05,
main,main/rep1-stream0-regime0-d50/7,1,0,0,50,0.1,1.0,0.0,random-mirrors,quadratic-ac,2.143348505002122e-05,
main,main/rep1-stream0-regime0-d50/0,1,0,0,50,0.1,1.0,0.0,random-mirrors,quadratic-vc,1.5088790885974514e-05,
main,main/rep1-stream0-regime0-d50/1,1,0,0,50,0.1,1.0,0.0,random-mirrors,quadratic-vc,1.383919608866373e-05,
main,main/rep1-stream0-regime0-d50/2,1,0,0,50,0.1,1.0,0.0,random-mirrors,quadratic-vc,1.832399889254035e-05,
main,main/rep1-stream0-regime0-d50/3,1,0,0,50,0.1,1.0,0.0,random-mirrors,quadratic-vc,1.8736833084600807e-05,
main,main/rep1-stream0-regime0-d50/4,1,0,0,50,0.1,1.0,0.0,random-mirrors,quadratic-vc,1.3820771046978559e-05,
main,main/rep1-stream0-regime0-d50/5,1,0,0,50,0.1,1.0,0.0,random-mirrors,quadratic-vc,3.178077162594e-05,
main,main/rep1-stream0-regime0-d50/6,1,0,0,50,0.1,1.0,0.0,random-mirrors,quadratic-vc,2.8455382093637798e-05,
main,main/rep1-stream0-regime0-d50/7,1,0,0,50,0.1,1.0,0.0,random-mirrors,quadratic-vc,2.138079083276374e-05,
main,main/rep1-stream0-regime0-d50/0,1,0,0,50,1.0,1.0,0.0,staggered-cycle,quadratic-ac,1.594122294471782e-05,
main,main/rep1-stream0-regime0-d50/1,1,0,0,50,1.0,1.0,0.0,staggered-cycle,quadratic-ac,1.3133625292042016e-05,
main,main/rep1-stream0-regime0-d50/2,1,0,0,50,1.0,1.0,0.0,staggered-cycle,quadratic-ac,9.697783806828065e-06,
main,main/rep1-stream0-regime0-d50/3,1,0,0,50,1.0,1.0,0.0,staggered-cycle,quadratic-ac,1.582506999912854e-05,
main,main/rep1-stream0-regime0-d50/4,1,0,0,50,1.0,1.0,0.0,staggered-cycle,quadratic-ac,1.303036154692373e-05,
main,main/rep1-stream0-regime0-d50/5,1,0,0,50,1.0,1.0,0.0,staggered-cycle,quadratic-ac,3.0222226860789766e-05,
main,main/rep1-stream0-regime0-d50/6,1,0,0,50,1.0,1.0,0.0,staggered-cycle,quadratic-ac,1.2941043965683452e-05,
main,main/rep1-stream0-regime0-d50/7,1,0,0,50,1.0,1.0,0.0,staggered-cycle,quadratic-ac,1.0197846628438282e-05,
main,main/rep1-stream0-regime0-d50/0,1,0,0,50,1.0,1.0,0.0,staggered-cycle,quadratic-vc,1.4261757064217563e-05,
main,main/rep1-stream0-regime0-d50/1,1,0,0,50,1.0,1.0,0.0,staggered-cycle,quadratic-vc,1.3040107458413641e-05,
main,main/rep1-stream0-regime0-d50/2,1,0,0,50,1.0,1.0,0.0,staggered-cycle,quadratic-vc,8.880998919820992e-06,
main,main/rep1-stream0-regime0-d50/3,1,0,0,50,1.0,1.0,0.0,staggered-cycle,quadratic-vc,1.5402669716514443e-05,
main,main/rep1-stream0-regime0-d50/4,1,0,0,50,1.0,1.0,0.0,staggered-cycle,quadratic-vc,1.1814212558156517e-05,
main,main/rep1-stream0-regime0-d50/5,1,0,0,50,1.0,1.0,0.0,staggered-cycle,quadratic-vc,2.7570444118246816e-05,
main,main/rep1-stream0-regime0-d50/6,1,0,0,50,1.0,1.0,0.0,staggered-cycle,quadratic-vc,1.1937435758103808e-05,
main,main/rep1-stream0-regime0-d50/7,1,0,0,50,1.0,1.0,0.0,staggered-cycle,quadratic-vc,1.0151995255919799e-05,
main,main/rep1-stream0-regime0-d50/0,1,0,0,50,1.0,1.0,0.0,random-mirrors,quadratic-ac,2.2634836797652357e-05,
main,main/rep1-stream0-regime0-d50/1,1,0,0,50,1.0,1.0,0.0,random-mirrors,quadratic-ac,1.5942353218008503e-05,
main,main/rep1-stream0-regime0-d50/2,1,0,0,50,1.0,1.0,0.0,random-mirrors,quadratic-ac,2.560432421196548e-05,
main,main/rep1-stream0-regime0-d50/3,1,0,0,50,1.0,1.0,0.0,random-mirrors,quadratic-ac,4.3019170624411595e-05,
main,main/rep1-stream0-regime0-d50/4,1,0,0,50,1.0,1.0,0.0,random-mirrors,quadratic-ac,2.1540807479687885e-05,
main,main/rep1-stream0-regime0-d50/5,1,0,0,50,1.0,1.0,0.0,random-mirrors,quadratic-ac,2.7492396823248862e-05,
main,main/rep1-stream0-regime0-d50/6,1,0,0,50,1.0,1.0,0.0,random-mirrors,quadratic-ac,4.4662003280470466e-05,
main,main/rep1-stream0-regime0-d50/7,1,0,0,50,1.0,1.0,0.0,random-mirrors,quadratic-ac,2.4558255966336696e-05,
main,main/rep1-stream0-regime0-d50/0,1,0,0,50,1.0,1.0,0.0,random-mirrors,quadratic-vc,2.4335197393327544e-05,
main,main/rep1-stream0-regime0-d50/1,1,0,0,50,1.0,1.0,0.0,random-mirrors,quadratic-vc,1.6665058401264274e-05,
main,main/rep1-stream0-regime0-d50/2,1,0,0,50,1.0,1.0,0.0,random-mirrors,quadratic-vc,2.5703030001799264e-05,
main,main/rep1-stream0-regime0-d50/3,1,0,0,50,1.0,1.0,0.0,random-mirrors,quadratic-vc,4.2767386672397374e-05,
main,main/rep1-stream0-regime0-d50/4,1,0,0,50,1.0,1.0,0.0,random-mirrors,quadratic-vc,2.233584971970297e-05,
main,main/rep1-stream0-regime0-d50/5,1,0,0,50,1.0,1.0,0.0,random-mirrors,quadratic-vc,2.7211717516846445e-05,
main,main/rep1-stream0-regime0-d50/6,1,0,0,50,1.0,1.0,0.0,random-mirrors,quadratic-vc,4.545327872118463e-05,
main,main/rep1-stream0-regime0-d50/7,1,0,0,50,1.0,1.0,0.0,random-mirrors,quadratic-vc,2.4171026956990567e-05,
main,main/rep1-stream0-regime0-d50/0,1,0,0,50,10.0,1.0,0.0,staggered-cycle,quadratic-ac,2.8282594307686134e-05,
main,main/rep1-stream0-regime0-d50/1,1,0,0,50,10.0,1.0,0.0,staggered-cycle,quadratic-ac,5.889085425388933e-05,
main,main/rep1-stream0-regime0-d50/2,1,0,0,50,10.0,1.0,0.0,staggered-cycle,quadratic-ac,6.61306570096587e-05,
main,main/rep1-stream0-regime0-d50/3,1,0,0,50,10.0,1.0,0.0,staggered-cycle,quadratic-ac,5.539753249380269e-05,
main,main/rep1-stream0-regime0-d50/4,1,0,0,50,10.0,1.0,0.0,staggered-cycle,quadratic-ac,5.200482465604216e-05,
main,main/rep1-stream0-regime0-d50/5,1,0,0,50,10.0,1.0,0.0,staggered-cycle,quadratic-ac,5.913146014118108e-05,
main,main/rep1-stream0-regime0-d50/6,1,0,0,50,10.0,1.0,0.0,staggered-cycle,quadratic-ac,6.31156508144487e-05,
main,main/rep1-stream0-regime0-d50/7,1,0,0,50,10.0,1.0,0.0,staggered-cycle,quadratic-ac,4.216101257166569e-05,
main,main/rep1-stream0-regime0-d50/0,1,0,0,50,10.0,1.0,0.0,staggered-cycle,quadratic-vc,2.6147995481765968e-05,
main,main/rep1-stream0-regime0-d50/1,1,0,0,50,10.0,1.0,0.0,staggered-cycle,quadratic-vc,5.89531740366761e-05,
main,main/rep1-stream0-regime0-d50/2,1,0,0,50,10.0,1.0,0.0,staggered-cycle,quadratic-vc,6.570931526657668e-05,
main,main/rep1-stream0-regime0-d50/3,1,0,0,50,10.0,1.0,0.0,staggered-cycle,quadratic-vc,5.5795741637890284e-05,
main,main/rep1-stream0-regime0-d50/4,1,0,0,50,10.0,1.0,0.0,staggered-cycle,quadratic-vc,5.2418579220405375e-05,
main,main/rep1-stream0-regime0-d50/5,1,0,0,50,10.0,1.0,0.0,staggered-cycle,quadratic-vc,5.9340841785477055e-05,
main,main/rep1-stream0-regime0-d50/6,1,0,0,50,10.0,1.0,0.0,staggered-cycle,quadratic-vc,5.76274948981076e-05,
main,main/rep1-stream0-regime0-d50/7,1,0,0,50,10.0,1.0,0.0,staggered-cycle,quadratic-vc,3.562081210450995e-05,
main,main/rep1-stream0-regime0-d50/0,1,0,0,50,10.0,1.0,0.0,random-mirrors,quadratic-ac,0.00020013021174595497,
main,main/rep1-stream0-regime0-d50/1,1,0,0,50,10.0,1.0,0.0,random-mirrors,quadratic-ac,9.646290261919556e-05,
main,main/rep1-stream0-regime0-d50/2,1,0,0,50,10.0,1.0,0.0,random-mirrors,quadratic-ac,0.00013310167145176715,
main,main/rep1-stream0-regime0-d50/3,1,0,0,50,10.0,1.0,0.0,random-mirrors,quadratic-ac,0.00019775216502489307,
main,main/rep1-stream0-regime0-d50/4,1,0,0,50,10.0,1.0,0.0,random-mirrors,quadratic-ac,0.00023373413424927208,
main,main/rep1-stream0-regime0-d50/5,1,0,0,50,10.0,1.0,0.0,random-mirrors,quadratic-ac,0.00017219319905203046,
main,main/rep1-stream0-regime0-d50/6,1,0,0,50,10.0,1.0,0.0,random-mirrors,quadratic-ac,0.00016002303936927013,
main,main/rep1-stream0-regime0-d50/7,1,0,0,50,10.0,1.0,0.0,random-mirrors,quadratic-ac,8.218820129193628e-05,
main,main/rep1-stream0-regime0-d50/0,1,0,0,50,10.0,1.0,0.0,random-mirrors,quadratic-vc,0.00019076211604292435,
main,main/rep1-stream0-regime0-d50/1,1,0,0,50,10.0,1.0,0.0,random-mirrors,quadratic-vc,9.217957781458715e-05,
main,main/rep1-stream0-regime0-d50/2,1,0,0,50,10.0,1.0,0.0,random-mirrors,quadratic-vc,0.0001228463338085623,
main,main/rep1-stream0-regime0-d50/3,1,0,0,50,10.0,1.0,0.0,random-mirrors,quadratic-vc,0.00019611481063713343,
main,main/rep1-stream0-regime0-d50/4,1,0,0,50,10.0,1.0,0.0,random-mirrors,quadratic-vc,0.00024989383956874986,
main,main/rep1-stream0-regime0-d50/5,1,0,0,50,10.0,1.0,0.0,random-mirrors,quadratic-vc,0.0001680570709023657,
main,main/rep1-stream0-regime0-d50/6,1,0,0,50,10.0,1.0,0.0,random-mirrors,quadratic-vc,0.00015858951280645002,
main,main/rep1-stream0-regime0-d50/7,1,0,0,50,10.0,1.0,0.0,random-mirrors,quadratic-vc,7.582512085200393e-05,
main,main/rep1-stream0-regime1-d20/0,1,0,1,20,0.1,1.0,0.0,staggered-cycle,quadratic-ac,5.8806084694404294e-05,
main,main/rep1-stream0-regime1-d20/1,1,0,1,20,0.1,1.0,0.0,staggered-cycle,quadratic-ac,1.964085244675829e-05,
main,main/rep1-stream0-regime1-d20/2,1,0,1,20,0.1,1.0,0.0,staggered-cycle,quadratic-ac,4.210441823164144e-05,
main,main/rep1-stream0-regime1-d20/3,1,0,1,20,0.1,1.0,0.0,staggered-cycle,quadratic-ac,2.6685837765767535e-05,
main,main/rep1-stream0-regime1-d20/4,1,0,1,20,0.1,1.0,0.0,staggered-cycle,quadratic-ac,4.9197977015402694e-05,
main,main/rep1-stream0-regime1-d20/5,1,0,1,20,0.1,1.0,0.0,staggered-cycle,quadratic-ac,4.460951614235107e-05,
main,main/rep1-stream0-regime1-d20/6,1,0,1,20,0.1,1.0,0.0,staggered-cycle,quadratic-ac,2.1193110947859137e-05,
main,main/rep1-stream0-regime1-d20/7,1,0,1,20,0.1,1.0,0.0,staggered-cycle,quadratic-ac,6.768802330805023e-05,
main,main/rep1-stream0-regime1-d20/0,1,0,1,20,0.1,1.0,0.0,staggered-cycle,quadratic-vc,6.268531072744871e-05,
main,main/rep1-stream0-regime1-d20/1,1,0,1,20,0.1,1.0,0.0,staggered-cycle,quadratic-vc,2.1223262970862916e-05,
main,main/rep1-stream0-regime1-d20/2,1,0,1,20,0.1,1.0,0.0,staggered-cycle,quadratic-vc,4.414531469022498e-05,
main,main/rep1-stream0-regime1-d20/3,1,0,1,20,0.1,1.0,0.0,staggered-cycle,quadratic-vc,2.113280221770155e-05,
main,main/rep1-stream0-regime1-d20/4,1,0,1,20,0.1,1.0,0.0,staggered-cycle,quadratic-vc,5.447913153947061e-05,
main,main/rep1-stream0-regime1-d20/5,1,0,1,20,0.1,1.0,0.0,staggered-cycle,quadratic-vc,4.7907004790359855e-05,
main,main/rep1-stream0-regime1-d20/6,1,0,1,20,0.1,1.0,0.0,staggered-cycle,quadratic-vc,2.4474551351801416e-05,
main,main/rep1-stream0-regime1-d20/7,1,0,1,20,0.1,1.0,0.0,staggered-cycle,quadratic-vc,7.55330918859524e-05,
main,main/rep1-stream0-regime1-d20/0,1,0,1,20,0.1,1.0,0.0,random-mirrors,quadratic-ac,4.836305655130382e-05,
main,main/rep1-stream0-regime1-d20/1,1,0,1,20,0.1,1.0,0.0,random-mirrors,quadratic-ac,8.821966783736155e-05,
main,main/rep1-stream0-regime1-d20/2,1,0,1,20,0.1,1.0,0.0,random-mirrors,quadratic-ac,8.920449383075756e-05,
main,main/rep1-stream0-regime1-d20/3,1,0,1,20,0.1,1.0,0.0,random-mirrors,quadratic-ac,3.5526616929774144e-05,
main,main/rep1-stream0-regime1-d20/4,1,0,1,20,0.1,1.0,0.0,random-mirrors,quadratic-ac,6.399754995290212e-05,
main,main/rep1-stream0-regime1-d20/5,1,0,1,20,0.1,1.0,0.0,random-mirrors,quadratic-ac,5.833852007763554e-05,
main,main/rep1-stream0-regime1-d20/6,1,0,1,20,0.1,1.0,0.0,random-mirrors,quadratic-ac,0.00023072917726827172,
main,main/rep1-stream0-regime1-d20/7,1,0,1,20,0.1,1.0,0.0,random-mirrors,quadratic-ac,9.158105109819099e-05,
main,main/rep1-stream0-regime1-d20/0,1,0,1,20,0.1,1.0,0.0,random-mirrors,quadratic-vc,5.482433212497087e-05,
main,main/rep1-stream0-regime1-d20/1,1,0,1,20,0.1,1.0,0.0,random-mirrors,quadratic-vc,7.540763228023908e-05,
main,main/rep1-stream0-regime1-d20/2,1,0,1,20,0.1,1.0,0.0,random-mirrors,quadratic-vc,9.517070992841816e-05,
main,main/rep1-stream0-regime1-d20/3,1,0,1,20,0.1,1.0,0.0,random-mirrors,quadratic-vc,3.562653331678498e-05,
main,main/rep1-stream0-regime1-d20/4,1,0,1,20,0.1,1.0,0.0,random-mirrors,quadratic-vc,5.9974935997199146e-05,
main,main/rep1-stream0-regime1-d20/5,1,0,1,20,0.1,1.0,0.0,random-mirrors,quadratic-vc,5.223898454376693e-05,
main,main/rep1-stream0-regime1-d20/6,1,0,1,20,0.1,1.0,0.0,random-mirrors,quadratic-vc,0.00020761130606825927,
main,main/rep1-stream0-regime1-d20/7,1,0,1,20,0.1,1.0,0.0,random-mirrors,quadratic-vc,8.751099652187711e-05,
main,main/rep1-stream0-regime1-d20/0,1,0,1,20,1.0,1.0,0.0,staggered-cycle,quadratic-ac,8.082642398006159e-05,
main,main/rep1-stream0-regime1-d20/1,1,0,1,20,1.0,1.0,0.0,staggered-cycle,quadratic-ac,6.69054842534449e-05,
main,main/rep1-stream0-regime1-d20/2,1,0,1,20,1.0,1.0,0.0,staggered-cycle,quadratic-ac,7.726163706160454e-05,
main,main/rep1-stream0-regime1-d20/3,1,0,1,20,1.0,1.0,0.0,staggered-cycle,quadratic-ac,7.062980800876271e-05,
main,main/rep1-stream0-regime1-d20/4,1,0,1,20,1.0,1.0,0.0,staggered-cycle,quadratic-ac,2.8444273024962296e-05,
main,main/rep1-stream0-regime1-d20/5,1,0,1,20,1.0,1.0,0.0,staggered-cycle,quadratic-ac,0.00015470001546798523,
main,main/rep1-stream0-regime1-d20/6,1,0,1,20,1.0,1.0,0.0,staggered-cycle,quadratic-ac,4.419388384243421e-05,
main,main/rep1-stream0-regime1-d20/7,1,0,1,20,1.0,1.0,0.0,staggered-cycle,quadratic-ac,0.00010537278996790588,
main,main/rep1-stream0-regime1-d20/0,1,0,1,20,1.0,1.0,0.0,staggered-cycle,quadratic-vc,7.759143804281438e-05,
main,main/rep1-stream0-regime1-d20/1,1,0,1,20,1.0,1.0,0.0,staggered-cycle,quadratic-vc,6.948886103030227e-05,
main,main/rep1-stream0-regime1-d20/2,1,0,1,20,1.0,1.0,0.0,staggered-cycle,quadratic-vc,6.878203940168726e-05,
main,main/rep1-stream0-regime1-d20/3,1,0,1,20,1.0,1.0,0.0,staggered-cycle,quadratic-vc,7.400847442083239e-05,
main,main/rep1-stream0-regime1-d20/4,1,0,1,20,1.0,1.0,0.0,staggered-cycle,quadratic-vc,3.4379941967007214e-05,
main,main/rep1-stream0-regime1-d20/5,1,0,1,20,1.0,1.0,0.0,staggered-cycle,quadratic-vc,0.0001250464326312418,
main,main/rep1-stream0-regime1-d20/6,1,0,1,20,1.0,1.0,0.0,staggered-cycle,quadratic-vc,4.42825587522794e-05,
main,main/rep1-stream0-regime1-d20/7,1,0,1,20,1.0,1.0,0.0,staggered-cycle,quadratic-vc,8.392889948531003e-05,
main,main/rep1-stream0-regime1-d20/0,1,0,1,20,1.0,1.0,0.0,random-mirrors,quadratic-ac,0.00034772578318624883,
main,main/rep1-stream0-regime1-d20/1,1,0,1,20,1.0,1.0,0.0,random-mirrors,quadratic-ac,0.00044136879151511087,
main,main/rep1-stream0-regime1-d20/2,1,0,1,20,1.0,1.0,0.0,random-mirrors,quadratic-ac,9.836908382940278e-05,
main,main/rep1-stream0-regime1-d20/3,1,0,1,20,1.0,1.0,0.0,random-mirrors,quadratic-ac,0.00013182724254761483,
main,main/rep1-stream0-regime1-d20/4,1,0,1,20,1.0,1.0,0.0,random-mirrors,quadratic-ac,0.00012987268377409375,
main,main/rep1-stream0-regime1-d20/5,1,0,1,20,1.0,1.0,0.0,random-mirrors,quadratic-ac,0.00029163891830480615,
main,main/rep1-stream0-regime1-d20/6,1,0,1,20,1.0,1.0,0.0,random-mirrors,quadratic-ac,0.00022832696563355366,
main,main/rep1-stream0-regime1-d20/7,1,0,1,20,1.0,1.0,0.0,random-mirrors,quadratic-ac,0.00019451135717692226,
main,main/rep1-stream0-regime1-d20/0,1,0,1,20,1.0,1.0,0.0,random-mirrors,quadratic-vc,0.0003488128607468253,
main,main/rep1-stream0-regime1-d20/1,1,0,1,20,1.0,1.0,0.0,random-mirrors,quadratic-vc,0.00043551910892563445,
main,main/rep1-stream0-regime1-d20/2,1,0,1,20,1.0,1.0,0.0,random-mirrors,quadratic-vc,9.048711891658684e-05,
main,main/rep1-stream0-regime1-d20/3,1,0,1,20,1.0,1.0,0.0,random-mirrors,quadratic-vc,0.0001375492700558444,
main,main/rep1-stream0-regime1-d20/4,1,0,1,20,1.0,1.0,0.0,random-mirrors,quadratic-vc,0.0001263311682613988,
main,main/rep1-stream0-regime1-d20/5,1,0,1,20,1.0,1.0,0.0,random-mirrors,quadratic-vc,0.0002993941318462226,
main,main/rep1-stream0-regime1-d20/6,1,0,1,20,1.0,1.0,0.0,random-mirrors,quadratic-vc,0.00024025903914107985,
main,main/rep1-stream0-regime1-d20/7,1,0,1,20,1.0,1.0,0.0,random-mirrors,quadratic-vc,0.00020219800507872914,
main,main/rep1-stream0-regime1-d20/0,1,0,1,20,10.0,1.0,0.0,staggered-cycle,quadratic-ac,0.000344769786823646,
main,main/rep1-stream0-regime1-d20/1,1,0,1,20,10.0,1.0,0.0,staggered-cycle,quadratic-ac,0.0002360811112684173,
main,main/rep1-stream0-regime1-d20/2,1,0,1,20,10.0,1.0,0.0,staggered-cycle,quadratic-ac,0.0003530857629015582,
main,main/rep1-stream0-regime1-d20/3,1,0,1,20,10.0,1.0,0.0,staggered-cycle,quadratic-ac,0.0007167430011313081,
main,main/rep1-stream0-regime1-d20/4,1,0,1,20,10.0,1.0,0.0,staggered-cycle,quadratic-ac,0.0003463378743248629,
main,main/rep1-stream0-regime1-d20/5,1,0,1,20,10.0,1.0,0.0,staggered-cycle,quadratic-ac,0.00024685534508943303,
main,main/rep1-stream0-regime1-d20/6,1,0,1,20,10.0,1.0,0.0,staggered-cycle,quadratic-ac,0.00046167159031587824,
main,main/rep1-stream0-regime1-d20/7,1,0,1,20,10.0,1.0,0.0,staggered-cycle,quadratic-ac,0.0003873463341629637,
main,main/rep1-stream0-regime1-d20/0,1,0,1,20,10.0,1.0,0.0,staggered-cycle,quadratic-vc,0.00037677539660285216,
main,main/rep1-stream0-regime1-d20/1,1,0,1,20,10.0,1.0,0.0,staggered-cycle,quadratic-vc,0.00023947826018994942,
main,main/rep1-stream0-regime1-d20/2,1,0,1,20,10.0,1.0,0.0,staggered-cycle,quadratic-vc,0.00034745640527512016,
main,main/rep1-stream0-regime1-d20/3,1,0,1,20,10.0,1.0,0.0,staggered-cycle,quadratic-vc,0.0005774148082487991,
main,main/rep1-stream0-regime1-d20/4,1,0,1,20,10.0,1.0,0.0,staggered-cycle,quadratic-vc,0.0003295499101071168,
main,main/rep1-stream0-regime1-d20/5,1,0,1,20,10.0,1.0,0.0,staggered-cycle,quadratic-vc,0.00026010674490054936,
main,main/rep1-stream0-regime1-d20/6,1,0,1,20,10.0,1.0,0.0,staggered-cycle,quadratic-vc,0.000429809229081785,
main,main/rep1-stream0-regime1-d20/7,1,0,1,20,10.0,1.0,0.0,staggered-cycle,quadratic-vc,0.0004193910417051347,
main,main/rep1-stream0-regime1-d20/0,1,0,1,20,10.0,1.0,0.0,random-mirrors,quadratic-ac,0.000994054684383239,
main,main/rep1-stream0-regime1-d20/1,1,0,1,20,10.0,1.0,0.0,random-mirrors,quadratic-ac,0.0008707259563904817,
main,main/rep1-stream0-regime1-d20/2,1,0,1,20,10.0,1.0,0.0,random-mirrors,quadratic-ac,0.0009882915163658603,
main,main/rep1-stream0-regime1-d20/3,1,0,1,20,10.0,1.0,0.0,random-mirrors,quadratic-ac,0.0010200100224320673,
main,main/rep1-stream0-regime1-d20/4,1,0,1,20,10.0,1.0,0.0,random-mirrors,quadratic-ac,0.0018927958936829931,
main,main/rep1-stream0-regime1-d20/5,1,0,1,20,10.0,1.0,0.0,random-mirrors,quadratic-ac,0.00026203974865105097,
main,main/rep1-stream0-regime1-d20/6,1,0,1,20,10.0,1.0,0.0,random-mirrors,quadratic-ac,0.001122075484023812,
main,main/rep1-stream0-regime1-d20/7,1,0,1,20,10.0,1.0,0.0,random-mirrors,quadratic-ac,0.0010062174220476713,
main,main/rep1-stream0-regime1-d20/0,1,0,1,20,10.0,1.0,0.0,random-mirrors,quadratic-vc,0.0010590340753305037,
main,main/rep1-stream0-regime1-d20/1,1,0,1,20,10.0,1.0,0.0,random-mirrors,quadratic-vc,0.000833318669898541,
main,main/rep1-stream0-regime1-d20/2,1,0,1,20,10.0,1.0,0.0,random-mirrors,quadratic-vc,0.0008807491077471071,
main,main/rep1-stream0-regime1-d20/3,1,0,1,20,10.0,1.0,0.0,random-mirrors,quadratic-vc,0.0008834563476353535,
main,main/rep1-stream0-regime1-d20/4,1,0,1,20,10.0,1.0,0.0,random-mirrors,quadratic-vc,0.002009396699684254,
main,main/rep1-stream0-regime1-d20/5,1,0,1,20,10.0,1.0,0.0,random-mirrors,quadratic-vc,0.00020444949020000696,
main,main/rep1-stream0-regime1-d20/6,1,0,1,20,10.0,1.0,0.0,random-mirrors,quadratic-vc,0.0010740269681668,
main,main/rep1-stream0-regime1-d20/7,1,0,1,20,10.0,1.0,0.0,random-mirrors,quadratic-vc,0.0008852124885881721,
main,main/rep1-stream1-regime0-d10/0,1,1,0,10,0.1,1.0,0.0,staggered-cycle,quadratic-ac,4.616906483184428e-05,
main,main/rep1-stream1-regime0-d10/1,1,1,0,10,0.1,1.0,0.0,staggered-cycle,quadratic-ac,0.00013935099938623672,
main,main/rep1-stream1-regime0-d10/2,1,1,0,10,0.1,1.0,0.0,staggered-cycle,quadratic-ac,0.00010968998540610638,
main,main/rep1-stream1-regime0-d10/3,1,1,0,10,0.1,1.0,0.0,staggered-cycle,quadratic-ac,0.0006006104054046629,
main,main/rep1-stream1-regime0-d10/4,1,1,0,10,0.1,1.0,0.0,staggered-cycle,quadratic-ac,0.0001986726177148508,
main,main/rep1-stream1-regime0-d10/5,1,1,0,10,0.1,1.0,0.0,staggered-cycle,quadratic-ac,0.00023592811582362464,
main,main/rep1-stream1-regime0-d10/6,1,1,0,10,0.1,1.0,0.0,staggered-cycle,quadratic-ac,0.00021857235620262831,
main,main/rep1-stream1-regime0-d10/7,1,1,0,10,0.1,1.0,0.0,staggered-cycle,quadratic-ac,0.0003943601638610909,
main,main/rep1-stream1-regime0-d10/0,1,1,0,10,0.1,1.0,0.0,staggered-cycle,quadratic-vc,2.5436340950441286e-05,
main,main/rep1-stream1-regime0-d10/1,1,1,0,10,0.1,1.0,0.0,staggered-cycle,quadratic-vc,0.00013043667388755123,
main,main/rep1-stream1-regime0-d10/2,1,1,0,10,0.1,1.0,0.0,staggered-cycle,quadratic-vc,0.00011084088970220154,
main,main/rep1-stream1-regime0-d10/3,1,1,0,10,0.1,1.0,0.0,staggered-cycle,quadratic-vc,0.000549599683530432,
main,main/rep1-stream1-regime0-d10/4,1,1,0,10,0.1,1.0,0.0,staggered-cycle,quadratic-vc,0.0001579452934399301,
main,main/rep1-stream1-regime0-d10/5,1,1,0,10,0.1,1.0,0.0,staggered-cycle,quadratic-vc,0.00019163729663253113,
main,main/rep1-stream1-regime0-d10/6,1,1,0,10,0.1,1.0,0.0,staggered-cycle,quadratic-vc,0.00025667965497577495,
main,main/rep1-stream1-regime0-d10/7,1,1,0,10,0.1,1.0,0.0,staggered-cycle,quadratic-vc,0.0003320564826241775,
main,main/rep1-stream1-regime0-d10/0,1,1,0,10,0.1,1.0,0.0,random-mirrors,quadratic-ac,0.0008202269850257874,
main,main/rep1-stream1-regime0-d10/1,1,1,0,10,0.1,1.0,0.0,random-mirrors,quadratic-ac,0.00016831138773926047,
main,main/rep1-stream1-regime0-d10/2,1,1,0,10,0.1,1.0,0.0,random-mirrors,quadratic-ac,0.00020063195951673652,
main,main/rep1-stream1-regime0-d10/3,1,1,0,10,0.1,1.0,0.0,random-mirrors,quadratic-ac,0.0002516863986976332,
main,main/rep1-stream1-regime0-d10/4,1,1,0,10,0.1,1.0,0.0,random-mirrors,quadratic-ac,5.7266536361442026e-05,
main,main/rep1-stream1-regime0-d10/5,1,1,0,10,0.1,1.0,0.0,random-mirrors,quadratic-ac,9.54885612279759e-05,
main,main/rep1-stream1-regime0-d10/6,1,1,0,10,0.1,1.0,0.0,random-mirrors,quadratic-ac,0.0006183118842844152,
main,main/rep1-stream1-regime0-d10/7,1,1,0,10,0.1,1.0,0.0,random-mirrors,quadratic-ac,0.00022808046333601213,
main,main/rep1-stream1-regime0-d10/0,1,1,0,10,0.1,1.0,0.0,random-mirrors,quadratic-vc,0.0008109967937380808,
main,main/rep1-stream1-regime0-d10/1,1,1,0,10,0.1,1.0,0.0,random-mirrors,quadratic-vc,0.00018278193465896887,
main,main/rep1-stream1-regime0-d10/2,1,1,0,10,0.1,1.0,0.0,random-mirrors,quadratic-vc,0.0002142127986776848,
main,main/rep1-stream1-regime0-d10/3,1,1,0,10,0.1,1.0,0.0,random-mirrors,quadratic-vc,0.0002431731548614393,
main,main/rep1-stream1-regime0-d10/4,1,1,0,10,0.1,1.0,0.0,random-mirrors,quadratic-vc,4.349911033263654e-05,
main,main/rep1-stream1-regime0-d10/5,1,1,0,10,0.1,1.0,0.0,random-mirrors,quadratic-vc,8.974221684688747e-05,
main,main/rep1-stream1-regime0-d10/6,1,1,0,10,0.1,1.0,0.0,random-mirrors,quadratic-vc,0.0005645204528333588,
main,main/rep1-stream1-regime0-d10/7,1,1,0,10,0.1,1.0,0.0,random-mirrors,quadratic-vc,0.00022487161853871715,
main,main/rep1-stream1-regime0-d10/0,1,1,0,10,1.0,1.0,0.0,staggered-cycle,quadratic-ac,8.505730871758719e-05,
main,main/rep1-stream1-regime0-d10/1,1,1,0,10,1.0,1.0,0.0,staggered-cycle,quadratic-ac,0.0006197738179453828,
main,main/rep1-stream1-regime0-d10/2,1,1,0,10,1.0,1.0,0.0,staggered-cycle,quadratic-ac,0.0005102081599312241,
main,main/rep1-stream1-regime0-d10/3,1,1,0,10,1.0,1.0,0.0,staggered-cycle,quadratic-ac,0.00034487888512513797,
main,main/rep1-stream1-regime0-d10/4,1,1,0,10,1.0,1.0,0.0,staggered-cycle,quadratic-ac,0.0001753589972979144,
main,main/rep1-stream1-regime0-d10/5,1,1,0,10,1.0,1.0,0.0,staggered-cycle,quadratic-ac,0.001103079966529093,
main,main/rep1-stream1-regime0-d10/6,1,1,0,10,1.0,1.0,0.0,staggered-cycle,quadratic-ac,0.00034844262316160177,
main,main/rep1-stream1-regime0-d10/7,1,1,0,10,1.0,1.0,0.0,staggered-cycle,quadratic-ac,0.00041228547017948164,
main,main/rep1-stream1-regime0-d10/0,1,1,0,10,1.0,1.0,0.0,staggered-cycle,quadratic-vc,6.43723684012542e-05,
main,main/rep1-stream1-regime0-d10/1,1,1,0,10,1.0,1.0,0.0,staggered-cycle,quadratic-vc,0.0006475781957293964,
main,main/rep1-stream1-regime0-d10/2,1,1,0,10,1.0,1.0,0.0,staggered-cycle,quadratic-vc,0.0005183515737871951,
main,main/rep1-stream1-regime0-d10/3,1,1,0,10,1.0,1.0,0.0,staggered-cycle,quadratic-vc,0.00032272309353685,
main,main/rep1-stream1-regime0-d10/4,1,1,0,10,1.0,1.0,0.0,staggered-cycle,quadratic-vc,0.0001506792685457522,
main,main/rep1-stream1-regime0-d10/5,1,1,0,10,1.0,1.0,0.0,staggered-cycle,quadratic-vc,0.001046781531318954,
main,main/rep1-stream1-regime0-d10/6,1,1,0,10,1.0,1.0,0.0,staggered-cycle,quadratic-vc,0.00034210528208299617,
main,main/rep1-stream1-regime0-d10/7,1,1,0,10,1.0,1.0,0.0,staggered-cycle,quadratic-vc,0.00031675941502740085,
main,main/rep1-stream1-regime0-d10/0,1,1,0,10,1.0,1.0,0.0,random-mirrors,quadratic-ac,0.0007540110602004594,
main,main/rep1-stream1-regime0-d10/1,1,1,0,10,1.0,1.0,0.0,random-mirrors,quadratic-ac,0.00019958884155001194,
main,main/rep1-stream1-regime0-d10/2,1,1,0,10,1.0,1.0,0.0,random-mirrors,quadratic-ac,0.00040193062510793665,
main,main/rep1-stream1-regime0-d10/3,1,1,0,10,1.0,1.0,0.0,random-mirrors,quadratic-ac,0.0006822436075801311,
main,main/rep1-stream1-regime0-d10/4,1,1,0,10,1.0,1.0,0.0,random-mirrors,quadratic-ac,0.0007617597178042404,
main,main/rep1-stream1-regime0-d10/5,1,1,0,10,1.0,1.0,0.0,random-mirrors,quadratic-ac,0.0006940368301406094,
main,main/rep1-stream1-regime0-d10/6,1,1,0,10,1.0,1.0,0.0,random-mirrors,quadratic-ac,0.0010356085341440403,
main,main/rep1-stream1-regime0-d10/7,1,1,0,10,1.0,1.0,0.0,random-mirrors,quadratic-ac,0.00010204829759908673,
main,main/rep1-stream1-regime0-d10/0,1,1,0,10,1.0,1.0,0.0,random-mirrors,quadratic-vc,0.00063496895265063,
main,main/rep1-stream1-regime0-d10/1,1,1,0,10,1.0,1.0,0.0,random-mirrors,quadratic-vc,0.0002090983746454271,
main,main/rep1-stream1-regime0-d10/2,1,1,0,10,1.0,1.0,0.0,random-mirrors,quadratic-vc,0.0005050429908960993,
main,main/rep1-stream1-regime0-d10/3,1,1,0,10,1.0,1.0,0.0,random-mirrors,quadratic-vc,0.0005846781957234161,
main,main/rep1-stream1-regime0-d10/4,1,1,0,10,1.0,1.0,0.0,random-mirrors,quadratic-vc,0.0008072669595059812,
main,main/rep1-stream1-regime0-d10/5,1,1,0,10,1.0,1.0,0.0,random-mirrors,quadratic-vc,0.0006377254124411843,
main,main/rep1-stream1-regime0-d10/6,1,1,0,10,1.0,1.0,0.0,random-mirrors,quadratic-vc,0.0009443888312070313,
main,main/rep1-stream1-regime0-d10/7,1,1,0,10,1.0,1.0,0.0,random-mirrors,quadratic-vc,9.007874489162591e-05,
main,main/rep1-stream1-regime0-d10/0,1,1,0,10,10.0,1.0,0.0,staggered-cycle,quadratic-ac,0.00046807891243659956,
main,main/rep1-stream1-regime0-d10/1,1,1,0,10,10.0,1.0,0.0,staggered-cycle,quadratic-ac,0.0005882763460779319,
main,main/rep1-stream1-regime0-d10/2,1,1,0,10,10.0,1.0,0.0,staggered-cycle,quadratic-ac,0.0006479373262648499,
main,main/rep1-stream1-regime0-d10/3,1,1,0,10,10.0,1.0,0.0,staggered-cycle,quadratic-ac,0.005123046247841212,
main,main/rep1-stream1-regime0-d10/4,1,1,0,10,10.0,1.0,0.0,staggered-cycle,quadratic-ac,0.000689262597466274,
main,main/rep1-stream1-regime0-d10/5,1,1,0,10,10.0,1.0,0.0,staggered-cycle,quadratic-ac,0.0018630885504157747,
main,main/rep1-stream1-regime0-d10/6,1,1,0,10,10.0,1.0,0.0,staggered-cycle,quadratic-ac,0.0008980421279171266,
main,main/rep1-stream1-regime0-d10/7,1,1,0,10,10.0,1.0,0.0,staggered-cycle,quadratic-ac,0.0016110178135660283,
main,main/rep1-stream1-regime0-d10/0,1,1,0,10,10.0,1.0,0.0,staggered-cycle,quadratic-vc,0.00041149126054176416,
main,main/rep1-stream1-regime0-d10/1,1,1,0,10,10.0,1.0,0.0,staggered-cycle,quadratic-vc,0.000532690229581531,
main,main/rep1-stream1-regime0-d10/2,1,1,0,10,10.0,1.0,0.0,staggered-cycle,quadratic-vc,0.0006258188409199849,
main,main/rep1-stream1-regime0-d10/3,1,1,0,10,10.0,1.0,0.0,staggered-cycle,quadratic-vc,0.00406446188073949,
main,main/rep1-stream1-regime0-d10/4,1,1,0,10,10.0,1.0,0.0,staggered-cycle,quadratic-vc,0.0006415506149967769,
main,main/rep1-stream1-regime0-d10/5,1,1,0,10,10.0,1.0,0.0,staggered-cycle,quadratic-vc,0.0013642070915824561,
main,main/rep1-stream1-regime0-d10/6,1,1,0,10,10.0,1.0,0.0,staggered-cycle,quadratic-vc,0.0011665543254956883,
main,main/rep1-stream1-regime0-d10/7,1,1,0,10,10.0,1.0,0.0,staggered-cycle,quadratic-vc,0.0015429223052019726,
main,main/rep1-stream1-regime0-d10/0,1,1,0,10,10.0,1.0,0.0,random-mirrors,quadratic-ac,0.01330269113748677,
main,main/rep1-stream1-regime0-d10/1,1,1,0,10,10.0,1.0,0.0,random-mirrors,quadratic-ac,0.00185555973184266,
main,main/rep1-stream1-regime0-d10/2,1,1,0,10,10.0,1.0,0.0,random-mirrors,quadratic-ac,0.005119631532376565,
main,main/rep1-stream1-regime0-d10/3,1,1,0,10,10.0,1.0,0.0,random-mirrors,quadratic-ac,0.002346989665153083,
main,main/rep1-stream1-regime0-d10/4,1,1,0,10,10.0,1.0,0.0,random-mirrors,quadratic-ac,0.004500471573349244,
main,main/rep1-stream1-regime0-d10/5,1,1,0,10,10.0,1.0,0.0,random-mirrors,quadratic-ac,0.005407672784463835,
main,main/rep1-stream1-regime0-d10/6,1,1,0,10,10.0,1.0,0.0,random-mirrors,quadratic-ac,0.0005730145133322473,
main,main/rep1-stream1-regime0-d10/7,1,1,0,10,10.0,1.0,0.0,random-mirrors,quadratic-ac,0.0032435180728512493,
main,main/rep1-stream1-regime0-d10/0,1,1,0,10,10.0,1.0,0.0,random-mirrors,quadratic-vc,0.011144542243564605,
main,main/rep1-stream1-regime0-d10/1,1,1,0,10,10.0,1.0,0.0,random-mirrors,quadratic-vc,0.0016038675466659188,
main,main/rep1-stream1-regime0-d10/2,1,1,0,10,10.0,1.0,0.0,random-mirrors,quadratic-vc,0.0056229597906005185,
main,main/rep1-stream1-regime0-d10/3,1,1,0,10,10.0,1.0,0.0,random-mirrors,quadratic-vc,0.002148047541910285,
main,main/rep1-stream1-regime0-d10/4,1,1,0,10,10.0,1.0,0.0,random-mirrors,quadratic-vc,0.004401113941367132,
main,main/rep1-stream1-regime0-d10/5,1,1,0,10,10.0,1.0,0.0,random-mirrors,quadratic-vc,0.004779705125680871,
main,main/rep1-stream1-regime0-d10/6,1,1,0,10,10.0,1.0,0.0,random-mirrors,quadratic-vc,0.0005902200780553915,
main,main/rep1-stream1-regime0-d10/7,1,1,0,10,10.0,1.0,0.0,random-mirrors,quadratic-vc,0.0032763775581404566,
main,main/rep1-stream1-regime0-d50/0,1,1,0,50,0.1,1.0,0.0,staggered-cycle,quadratic-ac,1.1239843905015e-05,
main,main/rep1-stream1-regime0-d50/1,1,1,0,50,0.1,1.0,0.0,staggered-cycle,quadratic-ac,8.969427600273588e-06,
main,main/rep1-stream1-regime0-d50/2,1,1,0,50,0.1,1.0,0.0,staggered-cycle,quadratic-ac,8.836963130514812e-06,
main,main/rep1-stream1-regime0-d50/3,1,1,0,50,0.1,1.0,0.0,staggered-cycle,quadratic-ac,1.0941338093161068e-05,
main,main/rep1-stream1-regime0-d50/4,1,1,0,50,0.1,1.0,0.0,staggered-cycle,quadratic-ac,1.2231829063466191e-05,
main,main/rep1-stream1-regime0-d50/5,1,1,0,50,0.1,1.0,0.0,staggered-cycle,quadratic-ac,2.4373575401924873e-05,
main,main/rep1-stream1-regime0-d50/6,1,1,0,50,0.1,1.0,0.0,staggered-cycle,quadratic-ac,1.3925814783108018e-05,
main,main/rep1-stream1-regime0-d50/7,1,1,0,50,0.1,1.0,0.0,staggered-cycle,quadratic-ac,2.2202202375696762e-05,
main,main/rep1-stream1-regime0-d50/0,1,1,0,50,0.1,1.0,0.0,staggered-cycle,quadratic-vc,1.0437348442574526e-05,
main,main/rep1-stream1-regime0-d50/1,1,1,0,50,0.1,1.0,0.0,staggered-cycle,quadratic-vc,8.934238672545489e-06,
main,main/rep1-stream1-regime0-d50/2,1,1,0,50,0.1,1.0,0.0,staggered-cycle,quadratic-vc,9.427719845348122e-06,
main,main/rep1-stream1-regime0-d50/3,1,1,0,50,0.1,1.0,0.0,staggered-cycle,quadratic-vc,9.86853104617353e-06,
main,main/rep1-stream1-regime0-d50/4,1,1,0,50,0.1,1.0,0.0,staggered-cycle,quadratic-vc,1.208391363648245e-05,
main,main/rep1-stream1-regime0-d50/5,1,1,0,50,0.1,1.0,0.0,staggered-cycle,quadratic-vc,2.4941218112231795e-05,
main,main/rep1-stream1-regime0-d50/6,1,1,0,50,0.1,1.0,0.0,staggered-cycle,quadratic-vc,1.3475898454022047e-05,
main,main/rep1-stream1-regime0-d50/7,1,1,0,50,0.1,1.0,0.0,staggered-cycle,quadratic-vc,2.2114624215182014e-05,
main,main/rep1-stream1-regime0-d50/0,1,1,0,50,0.1,1.0,0.0,random-mirrors,quadratic-ac,2.0582769216068392e-05,
main,main/rep1-stream1-regime0-d50/1,1,1,0,50,0.1,1.0,0.0,random-mirrors,quadratic-ac,1.569949215851505e-05,
main,main/rep1-stream1-regime0-d50/2,1,1,0,50,0.1,1.0,0.0,random-mirrors,quadratic-ac,2.7859950831508643e-05,
main,main/rep1-stream1-regime0-d50/3,1,1,0,50,0.1,1.0,0.0,random-mirrors,quadratic-ac,1.8259991957247323e-05,
main,main/rep1-stream1-regime0-d50/4,1,1,0,50,0.1,1.0,0.0,random-mirrors,quadratic-ac,1.7964899187483054e-05,
main,main/rep1-stream1-regime0-d50/5,1,1,0,50,0.1,1.0,0.0,random-mirrors,quadratic-ac,1.4565625342942512e-05,
main,main/rep1-stream1-regime0-d50/6,1,1,0,50,0.1,1.0,0.0,random-mirrors,quadratic-ac,1.4748445109278735e-05,
main,main/rep1-stream1-regime0-d50/7,1,1,0,50,0.1,1.0,0.0,random-mirrors,quadratic-ac,1.7862269892932116e-05,
main,main/rep1-stream1-regime0-d50/0,1,1,0,50,0.1,1.0,0.0,random-mirrors,quadratic-vc,2.0131706088678585e-05,
main,main/rep1-stream1-regime0-d50/1,1,1,0,50,0.1,1.0,0.0,random-mirrors,quadratic-vc,1.6786922760334213e-05,
main,main/rep1-stream1-regime0-d50/2,1,1,0,50,0.1,1.0,0.0,random-mirrors,quadratic-vc,2.8445283910480255e-05,
main,main/rep1-stream1-regime0-d50/3,1,1,0,50,0.1,1.0,0.0,random-mirrors,quadratic-vc,1.8091439686509336e-05,
main,main/rep1-stream1-regime0-d50/4,1,1,0,50,0.1,1.0,0.0,random-mirrors,quadratic-vc,1.7971979331790702e-05,
main,main/rep1-stream1-regime0-d50/5,1,1,0,50,0.1,1.0,0.0,random-mirrors,quadratic-vc,1.4364834578328534e-05,
main,main/rep1-stream1-regime0-d50/6,1,1,0,50,0.1,1.0,0.0,random-mirrors,quadratic-vc,1.2435443608074738e-05,
main,main/rep1-stream1-regime0-d50/7,1,1,0,50,0.1,1.0,0.0,random-mirrors,quadratic-vc,1.7396773179046443e-05,
main,main/rep1-stream1-regime0-d50/0,1,1,0,50,1.0,1.0,0.0,staggered-cycle,quadratic-ac,1.8563776979199517e-05,
main,main/rep1-stream1-regime0-d50/1,1,1,0,50,1.0,1.0,0.0,staggered-cycle,quadratic-ac,1.0829738581749157e-05,
main,main/rep1-stream1-regime0-d50/2,1,1,0,50,1.0,1.0,0.0,staggered-cycle,quadratic-ac,2.238938066211345e-05,
main,main/rep1-stream1-regime0-d50/3,1,1,0,50,1.0,1.0,0.0,staggered-cycle,quadratic-ac,1.83882408916262e-05,
main,main/rep1-stream1-regime0-d50/4,1,1,0,50,1.0,1.0,0.0,staggered-cycle,quadratic-ac,1.4591401366493484e-05,
main,main/rep1-stream1-regime0-d50/5,1,1,0,50,1.0,1.0,0.0,staggered-cycle,quadratic-ac,2.1492689367485585e-05,
main,main/rep1-stream1-regime0-d50/6,1,1,0,50,1.0,1.0,0.0,staggered-cycle,quadratic-ac,1.211654737746489e-05,
main,main/rep1-stream1-regime0-d50/7,1,1,0,50,1.0,1.0,0.0,staggered-cycle,quadratic-ac,1.2742511606576921e-05,
main,main/rep1-stream1-regime0-d50/0,1,1,0,50,1.0,1.0,0.0,staggered-cycle,quadratic-vc,1.9220216792724213e-05,
main,main/rep1-stream1-regime0-d50/1,1,1,0,50,1.0,1.0,0.0,staggered-cycle,quadratic-vc,1.1496978767298326e-05,
main,main/rep1-stream1-regime0-d50/2,1,1,0,50,1.0,1.0,0.0,staggered-cycle,quadratic-vc,2.4027596059664753e-05,
main,main/rep1-stream1-regime0-d50/3,1,1,0,50,1.0,1.0,0.0,staggered-cycle,quadratic-vc,1.6633392846167968e-05,
main,main/rep1-stream1-regime0-d50/4,1,1,0,50,1.0,1.0,0.0,staggered-cycle,quadratic-vc,1.500414926751237e-05,
main,main/rep1-stream1-regime0-d50/5,1,1,0,50,1.0,1.0,0.0,staggered-cycle,quadratic-vc,2.0941939721262738e-05,
main,main/rep1-stream1-regime0-d50/6,1,1,0,50,1.0,1.0,0.0,staggered-cycle,quadratic-vc,1.3498072389958806e-05,
main,main/rep1-stream1-regime0-d50/7,1,1,0,50,1.0,1.0,0.0,staggered-cycle,quadratic-vc,1.1576443746155635e-05,
main,main/rep1-stream1-regime0-d50/0,1,1,0,50,1.0,1.0,0.0,random-mirrors,quadratic-ac,2.8463777024999443e-05,
main,main/rep1-stream1-regime0-d50/1,1,1,0,50,1.0,1.0,0.0,random-mirrors,quadratic-ac,3.306265757839656e-05,
main,main/rep1-stream1-regime0-d50/2,1,1,0,50,1.0,1.0,0.0,random-mirrors,quadratic-ac,5.371910657963923e-05,
main,main/rep1-stream1-regime0-d50/3,1,1,0,50,1.0,1.0,0.0,random-mirrors,quadratic-ac,2.7002796798159476e-05,
main,main/rep1-stream1-regime0-d50/4,1,1,0,50,1.0,1.0,0.0,random-mirrors,quadratic-ac,3.441073349772135e-05,
main,main/rep1-stream1-regime0-d50/5,1,1,0,50,1.0,1.0,0.0,random-mirrors,quadratic-ac,4.7229721837663994e-05,
main,main/rep1-stream1-regime0-d50/6,1,1,0,50,1.0,1.0,0.0,random-mirrors,quadratic-ac,1.9025449453806856e-05,
main,main/rep1-stream1-regime0-d50/7,1,1,0,50,1.0,1.0,0.0,random-mirrors,quadratic-ac,1.1927118143618269e-05,
main,main/rep1-stream1-regime0-d50/0,1,1,0,50,1.0,1.0,0.0,random-mirrors,quadratic-vc,2.76220088324319e-05,
main,main/rep1-stream1-regime0-d50/1,1,1,0,50,1.0,1.0,0.0,random-mirrors,quadratic-vc,3.400038548664892e-05,
main,main/rep1-stream1-regime0-d50/2,1,1,0,50,1.0,1.0,0.0,random-mirrors,quadratic-vc,5.260401415059817e-05,
main,main/rep1-stream1-regime0-d50/3,1,1,0,50,1.0,1.0,0.0,random-mirrors,quadratic-vc,2.6977123545702307e-05,
main,main/rep1-stream1-regime0-d50/4,1,1,0,50,1.0,1.0,0.0,random-mirrors,quadratic-vc,3.745582549491757e-05,
main,main/rep1-stream1-regime0-d50/5,1,1,0,50,1.0,1.0,0.0,random-mirrors,quadratic-vc,4.630570505456308e-05,
main,main/rep1-stream1-regime0-d50/6,1,1,0,50,1.0,1.0,0.0,random-mirrors,quadratic-vc,1.9578798555051398e-05,
main,main/rep1-stream1-regime0-d50/7,1,1,0,50,1.0,1.0,0.0,random-mirrors,quadratic-vc,1.5190579528478724e-05,
main,main/rep1-stream1-regime0-d50/0,1,1,0,50,10.0,1.0,0.0,staggered-cycle,quadratic-ac,8.196263969493413e-05,
main,main/rep1-stream1-regime0-d50/1,1,1,0,50,10.0,1.0,0.0,staggered-cycle,quadratic-ac,5.83576050758726e-05,
main,main/rep1-stream1-regime0-d50/2,1,1,0,50,10.0,1.0,0.0,staggered-cycle,quadratic-ac,6.659562577827689e-05,
main,main/rep1-stream1-regime0-d50/3,1,1,0,50,10.0,1.0,0.0,staggered-cycle,quadratic-ac,4.8178414639075494e-05,
main,main/rep1-stream1-regime0-d50/4,1,1,0,50,10.0,1.0,0.0,staggered-cycle,quadratic-ac,8.723391442637143e-05,
main,main/rep1-stream1-regime0-d50/5,1,1,0,50,10.0,1.0,0.0,staggered-cycle,quadratic-ac,4.87014580810107e-05,
main,main/rep1-stream1-regime0-d50/6,1,1,0,50,10.0,1.0,0.0,staggered-cycle,quadratic-ac,4.305706863473221e-05,
main,main/rep1-stream1-regime0-d50/7,1,1,0,50,10.0,1.0,0.0,staggered-cycle,quadratic-ac,5.955849682585348e-05,
main,main/rep1-stream1-regime0-d50/0,1,1,0,50,10.0,1.0,0.0,staggered-cycle,quadratic-vc,7.388561048943518e-05,
main,main/rep1-stream1-regime0-d50/1,1,1,0,50,10.0,1.0,0.0,staggered-cycle,quadratic-vc,5.561922536968748e-05,
main,main/rep1-stream1-regime0-d50/2,1,1,0,50,10.0,1.0,0.0,staggered-cycle,quadratic-vc,7.208050101588182e-05,
main,main/rep1-stream1-regime0-d50/3,1,1,0,50,10.0,1.0,0.0,staggered-cycle,quadratic-vc,5.210370051986316e-05,
main,main/rep1-stream1-regime0-d50/4,1,1,0,50,10.0,1.0,0.0,staggered-cycle,quadratic-vc,7.95428527841289e-05,
main,main/rep1-stream1-regime0-d50/5,1,1,0,50,10.0,1.0,0.0,staggered-cycle,quadratic-vc,4.9654403274945294e-05,
main,main/rep1-stream1-regime0-d50/6,1,1,0,50,10.0,1.0,0.0,staggered-cycle,quadratic-vc,4.34098259709796e-05,
main,main/rep1-stream1-regime0-d50/7,1,1,0,50,10.0,1.0,0.0,staggered-cycle,quadratic-vc,5.44055946753367e-05,
main,main/rep1-stream1-regime0-d50/0,1,1,0,50,10.0,1.0,0.0,random-mirrors,quadratic-ac,0.0001389819440935754,
main,main/rep1-stream1-regime0-d50/1,1,1,0,50,10.0,1.0,0.0,random-mirrors,quadratic-ac,0.00014075082288709335,
main,main/rep1-stream1-regime0-d50/2,1,1,0,50,10.0,1.0,0.0,random-mirrors,quadratic-ac,0.00014383083138729124,
main,main/rep1-stream1-regime0-d50/3,1,1,0,50,10.0,1.0,0.0,random-mirrors,quadratic-ac,0.00012706093564739243,
main,main/rep1-stream1-regime0-d50/4,1,1,0,50,10.0,1.0,0.0,random-mirrors,quadratic-ac,0.00016051198779677234,
main,main/rep1-stream1-regime0-d50/5,1,1,0,50,10.0,1.0,0.0,random-mirrors,quadratic-ac,0.000203787667830171,
main,main/rep1-stream1-regime0-d50/6,1,1,0,50,10.0,1.0,0.0,random-mirrors,quadratic-ac,0.00013584538853493775,
main,main/rep1-stream1-regime0-d50/7,1,1,0,50,10.0,1.0,0.0,random-mirrors,quadratic-ac,0.0001868496396486829,
main,main/rep1-stream1-regime0-d50/0,1,1,0,50,10.0,1.0,0.0,random-mirrors,quadratic-vc,0.00012812200478115355,
main,main/rep1-stream1-regime0-d50/1,1,1,0,50,10.0,1.0,0.0,random-mirrors,quadratic-vc,0.0001301166584347621,
main,main/rep1-stream1-regime0-d50/2,1,1,0,50,10.0,1.0,0.0,random-mirrors,quadratic-vc,0.00013736882065035045,
main,main/rep1-stream1-regime0-d50/3,1,1,0,50,10.0,1.0,0.0,random-mirrors,quadratic-vc,0.00013215520431025603,
main,main/rep1-stream1-regime0-d50/4,1,1,0,50,10.0,1.0,0.0,random-mirrors,quadratic-vc,0.00015605341759685514,
main,main/rep1-stream1-regime0-d50/5,1,1,0,50,10.0,1.0,0.0,random-mirrors,quadratic-vc,0.00020247455524378158,
main,main/rep1-stream1-regime0-d50/6,1,1,0,50,10.0,1.0,0.0,random-mirrors,quadratic-vc,0.00012096619288326448,
main,main/rep1-stream1-regime0-d50/7,1,1,0,50,10.0,1.0,0.0,random-mirrors,quadratic-vc,0.00018465357256850596,
main,main/rep1-stream1-regime1-d20/0,1,1,1,20,0.1,1.0,0.0,staggered-cycle,quadratic-ac,4.7634039700450574e-05,
main,main/rep1-stream1-regime1-d20/1,1,1,1,20,0.1,1.0,0.0,staggered-cycle,quadratic-ac,2.0265014694779495e-05,
main,main/rep1-stream1-regime1-d20/2,1,1,1,20,0.1,1.0,0.0,staggered-cycle,quadratic-ac,4.0256909442874275e-05,
main,main/rep1-stream1-regime1-d20/3,1,1,1,20,0.1,1.0,0.0,staggered-cycle,quadratic-ac,8.076782754326842e-05,
main,main/rep1-stream1-regime1-d20/4,1,1,1,20,0.1,1.0,0.0,staggered-cycle,quadratic-ac,6.101068117692048e-05,
main,main/rep1-stream1-regime1-d20/5,1,1,1,20,0.1,1.0,0.0,staggered-cycle,quadratic-ac,8.323364057161852e-05,
main,main/rep1-stream1-regime1-d20/6,1,1,1,20,0.1,1.0,0.0,staggered-cycle,quadratic-ac,7.013877265270589e-05,
main,main/rep1-stream1-regime1-d20/7,1,1,1,20,0.1,1.0,0.0,staggered-cycle,quadratic-ac,5.274702722850752e-05,
main,main/rep1-stream1-regime1-d20/0,1,1,1,20,0.1,1.0,0.0,staggered-cycle,quadratic-vc,5.059824730996752e-05,
main,main/rep1-stream1-regime1-d20/1,1,1,1,20,0.1,1.0,0.0,staggered-cycle,quadratic-vc,2.8914177014600465e-05,
main,main/rep1-stream1-regime1-d20/2,1,1,1,20,0.1,1.0,0.0,staggered-cycle,quadratic-vc,3.993018354867145e-05,
main,main/rep1-stream1-regime1-d20/3,1,1,1,20,0.1,1.0,0.0,staggered-cycle,quadratic-vc,8.275266245543817e-05,
main,main/rep1-stream1-regime1-d20/4,1,1,1,20,0.1,1.0,0.0,staggered-cycle,quadratic-vc,6.267021254852095e-05,
main,main/rep1-stream1-regime1-d20/5,1,1,1,20,0.1,1.0,0.0,staggered-cycle,quadratic-vc,8.207008072660691e-05,
main,main/rep1-stream1-regime1-d20/6,1,1,1,20,0.1,1.0,0.0,staggered-cycle,quadratic-vc,7.178584276236844e-05,
main,main/rep1-stream1-regime1-d20/7,1,1,1,20,0.1,1.0,0.0,staggered-cycle,quadratic-vc,5.2366891624323635e-05,
main,main/rep1-stream1-regime1-d20/0,1,1,1,20,0.1,1.0,0.0,random-mirrors,quadratic-ac,0.00011738510695759796,
main,main/rep1-stream1-regime1-d20/1,1,1,1,20,0.1,1.0,0.0,random-mirrors,quadratic-ac,0.00022539944116881455,
main,main/rep1-stream1-regime1-d20/2,1,1,1,20,0.1,1.0,0.0,random-mirrors,quadratic-ac,6.248872713329096e-05,
main,main/rep1-stream1-regime1-d20/3,1,1,1,20,0.1,1.0,0.0,random-mirrors,quadratic-ac,0.00013795383283778852,
main,main/rep1-stream1-regime1-d20/4,1,1,1,20,0.1,1.0,0.0,random-mirrors,quadratic-ac,4.742403832816962e-05,
main,main/rep1-stream1-regime1-d20/5,1,1,1,20,0.1,1.0,0.0,random-mirrors,quadratic-ac,0.00012944711267067076,
main,main/rep1-stream1-regime1-d20/6,1,1,1,20,0.1,1.0,0.0,random-mirrors,quadratic-ac,5.510485572554487e-05,
main,main/rep1-stream1-regime1-d20/7,1,1,1,20,0.1,1.0,0.0,random-mirrors,quadratic-ac,9.064600603639449e-05,
main,main/rep1-stream1-regime1-d20/0,1,1,1,20,0.1,1.0,0.0,random-mirrors,quadratic-vc,0.0001203833394875714,
main,main/rep1-stream1-regime1-d20/1,1,1,1,20,0.1,1.0,0.0,random-mirrors,quadratic-vc,0.00021874458265680832,
main,main/rep1-stream1-regime1-d20/2,1,1,1,20,0.1,1.0,0.0,random-mirrors,quadratic-vc,6.635290438499894e-05,
main,main/rep1-stream1-regime1-d20/3,1,1,1,20,0.1,1.0,0.0,random-mirrors,quadratic-vc,0.0001343480500121689,
main,main/rep1-stream1-regime1-d20/4,1,1,1,20,0.1,1.0,0.0,random-mirrors,quadratic-vc,5.011720868716705e-05,
main,main/rep1-stream1-regime1-d20/5,1,1,1,20,0.1,1.0,0.0,random-mirrors,quadratic-vc,0.00012819444082231887,
main,main/rep1-stream1-regime1-d20/6,1,1,1,20,0.1,1.0,0.0,random-mirrors,quadratic-vc,5.785619507038507e-05,
main,main/rep1-stream1-regime1-d20/7,1,1,1,20,0.1,1.0,0.0,random-mirrors,quadratic-vc,8.70095461100835e-05,
main,main/rep1-stream1-regime1-d20/0,1,1,1,20,1.0,1.0,0.0,staggered-cycle,quadratic-ac,6.74124034316532e-05,
main,main/rep1-stream1-regime1-d20/1,1,1,1,20,1.0,1.0,0.0,staggered-cycle,quadratic-ac,0.00024863262261287796,
main,main/rep1-stream1-regime1-d20/2,1,1,1,20,1.0,1.0,0.0,staggered-cycle,quadratic-ac,5.721957470358214e-05,
main,main/rep1-stream1-regime1-d20/3,1,1,1,20,1.0,1.0,0.0,staggered-cycle,quadratic-ac,5.792231529794873e-05,
main,main/rep1-stream1-regime1-d20/4,1,1,1,20,1.0,1.0,0.0,staggered-cycle,quadratic-ac,7.289869031920716e-05,
main,main/rep1-stream1-regime1-d20/5,1,1,1,20,1.0,1.0,0.0,staggered-cycle,quadratic-ac,7.043525618339321e-05,
main,main/rep1-stream1-regime1-d20/6,1,1,1,20,1.0,1.0,0.0,staggered-cycle,quadratic-ac,7.730278095440027e-05,
main,main/rep1-stream1-regime1-d20/7,1,1,1,20,1.0,1.0,0.0,staggered-cycle,quadratic-ac,6.949815004662037e-05,
main,main/rep1-stream1-regime1-d20/0,1,1,1,20,1.0,1.0,0.0,staggered-cycle,quadratic-vc,6.612760780498357e-05,
main,main/rep1-stream1-regime1-d20/1,1,1,1,20,1.0,1.0,0.0,staggered-cycle,quadratic-vc,0.00022516924725961515,
main,main/rep1-stream1-regime1-d20/2,1,1,1,20,1.0,1.0,0.0,staggered-cycle,quadratic-vc,5.4358745272694344e-05,
main,main/rep1-stream1-regime1-d20/3,1,1,1,20,1.0,1.0,0.0,staggered-cycle,quadratic-vc,5.8601673060062975e-05,
main,main/rep1-stream1-regime1-d20/4,1,1,1,20,1.0,1.0,0.0,staggered-cycle,quadratic-vc,6.884940764826945e-05,
main,main/rep1-stream1-regime1-d20/5,1,1,1,20,1.0,1.0,0.0,staggered-cycle,quadratic-vc,8.062350516529412e-05,
main,main/rep1-stream1-regime1-d20/6,1,1,1,20,1.0,1.0,0.0,staggered-cycle,quadratic-vc,6.436491339236335e-05,
main,main/rep1-stream1-regime1-d20/7,1,1,1,20,1.0,1.0,0.0,staggered-cycle,quadratic-vc,6.825550406842626e-05,
main,main/rep1-stream1-regime1-d20/0,1,1,1,20,1.0,1.0,0.0,random-mirrors,quadratic-ac,0.00020507137366737897,
main,main/rep1-stream1-regime1-d20/1,1,1,1,20,1.0,1.0,0.0,random-mirrors,quadratic-ac,0.0001292411401979763,
main,main/rep1-stream1-regime1-d20/2,1,1,1,20,1.0,1.0,0.0,random-mirrors,quadratic-ac,0.00010172934298556111,
main,main/rep1-stream1-regime1-d20/3,1,1,1,20,1.0,1.0,0.0,random-mirrors,quadratic-ac,0.00011430994397126324,
main,main/rep1-stream1-regime1-d20/4,1,1,1,20,1.0,1.0,0.0,random-mirrors,quadratic-ac,0.00010665606256864959,
main,main/rep1-stream1-regime1-d20/5,1,1,1,20,1.0,1.0,0.0,random-mirrors,quadratic-ac,0.00018576312453543787,
main,main/rep1-stream1-regime1-d20/6,1,1,1,20,1.0,1.0,0.0,random-mirrors,quadratic-ac,0.00012400128698430415,
main,main/rep1-stream1-regime1-d20/7,1,1,1,20,1.0,1.0,0.0,random-mirrors,quadratic-ac,8.557866128634162e-05,
main,main/rep1-stream1-regime1-d20/0,1,1,1,20,1.0,1.0,0.0,random-mirrors,quadratic-vc,0.00019990956136428162,
main,main/rep1-stream1-regime1-d20/1,1,1,1,20,1.0,1.0,0.0,random-mirrors,quadratic-vc,0.00014228913511126916,
main,main/rep1-stream1-regime1-d20/2,1,1,1,20,1.0,1.0,0.0,random-mirrors,quadratic-vc,0.00010009861800062061,
main,main/rep1-stream1-regime1-d20/3,1,1,1,20,1.0,1.0,0.0,random-mirrors,quadratic-vc,0.00012081434743756472,
main,main/rep1-stream1-regime1-d20/4,1,1,1,20,1.0,1.0,0.0,random-mirrors,quadratic-vc,0.00010594205427443211,
main,main/rep1-stream1-regime1-d20/5,1,1,1,20,1.0,1.0,0.0,random-mirrors,quadratic-vc,0.0001892232864038506,
main,main/rep1-stream1-regime1-d20/6,1,1,1,20,1.0,1.0,0.0,random-mirrors,quadratic-vc,0.0001285495867529522,
main,main/rep1-stream1-regime1-d20/7,1,1,1,20,1.0,1.0,0.0,random-mirrors,quadratic-vc,8.138421184799217e-05,
main,main/rep1-stream1-regime1-d20/0,1,1,1,20,10.0,1.0,0.0,staggered-cycle,quadratic-ac,0.0005276352245086476,
main,main/rep1-stream1-regime1-d20/1,1,1,1,20,10.0,1.0,0.0,staggered-cycle,quadratic-ac,0.000489402206054188,
main,main/rep1-stream1-regime1-d20/2,1,1,1,20,10.0,1.0,0.0,staggered-cycle,quadratic-ac,0.000585682108844829,
main,main/rep1-stream1-regime1-d20/3,1,1,1,20,10.0,1.0,0.0,staggered-cycle,quadratic-ac,0.000638092817440856,
main,main/rep1-stream1-regime1-d20/4,1,1,1,20,10.0,1.0,0.0,staggered-cycle,quadratic-ac,0.0005410683423639693,
main,main/rep1-stream1-regime1-d20/5,1,1,1,20,10.0,1.0,0.0,staggered-cycle,quadratic-ac,0.00018953383062118894,
main,main/rep1-stream1-regime1-d20/6,1,1,1,20,10.0,1.0,0.0,staggered-cycle,quadratic-ac,0.0002590621114137029,
main,main/rep1-stream1-regime1-d20/7,1,1,1,20,10.0,1.0,0.0,staggered-cycle,quadratic-ac,0.00041388445583128775,
main,main/rep1-stream1-regime1-d20/0,1,1,1,20,10.0,1.0,0.0,staggered-cycle,quadratic-vc,0.0005101155421117074,
main,main/rep1-stream1-regime1-d20/1,1,1,1,20,10.0,1.0,0.0,staggered-cycle,quadratic-vc,0.0004611312480502799,
main,main/rep1-stream1-regime1-d20/2,1,1,1,20,10.0,1.0,0.0,staggered-cycle,quadratic-vc,0.0005586967048381692,
main,main/rep1-stream1-regime1-d20/3,1,1,1,20,10.0,1.0,0.0,staggered-cycle,quadratic-vc,0.0006463785880059911,
main,main/rep1-stream1-regime1-d20/4,1,1,1,20,10.0,1.0,0.0,staggered-cycle,quadratic-vc,0.0005217987951538521,
main,main/rep1-stream1-regime1-d20/5,1,1,1,20,10.0,1.0,0.0,staggered-cycle,quadratic-vc,0.00023371912988791975,
main,main/rep1-stream1-regime1-d20/6,1,1,1,20,10.0,1.0,0.0,staggered-cycle,quadratic-vc,0.00032321924610273836,
main,main/rep1-stream1-regime1-d20/7,1,1,1,20,10.0,1.0,0.0,staggered-cycle,quadratic-vc,0.0003865887536526312,
main,main/rep1-stream1-regime1-d20/0,1,1,1,20,10.0,1.0,0.0,random-mirrors,quadratic-ac,0.0005372506798511738,
main,main/rep1-stream1-regime1-d20/1,1,1,1,20,10.0,1.0,0.0,random-mirrors,quadratic-ac,0.0009121064686840215,
main,main/rep1-stream1-regime1-d20/2,1,1,1,20,10.0,1.0,0.0,random-mirrors,quadratic-ac,0.000395921883948141,
main,main/rep1-stream1-regime1-d20/3,1,1,1,20,10.0,1.0,0.0,random-mirrors,quadratic-ac,0.0016105313415078475,
main,main/rep1-stream1-regime1-d20/4,1,1,1,20,10.0,1.0,0.0,random-mirrors,quadratic-ac,0.001013603149119725,
main,main/rep1-stream1-regime1-d20/5,1,1,1,20,10.0,1.0,0.0,random-mirrors,quadratic-ac,0.0006790473983537778,
main,main/rep1-stream1-regime1-d20/6,1,1,1,20,10.0,1.0,0.0,random-mirrors,quadratic-ac,0.0010248722373360978,
main,main/rep1-stream1-regime1-d20/7,1,1,1,20,10.0,1.0,0.0,random-mirrors,quadratic-ac,0.0010878674663673277,
main,main/rep1-stream1-regime1-d20/0,1,1,1,20,10.0,1.0,0.0,random-mirrors,quadratic-vc,0.0005000108428415889,
main,main/rep1-stream1-regime1-d20/1,1,1,1,20,10.0,1.0,0.0,random-mirrors,quadratic-vc,0.0008969841740386228,
main,main/rep1-stream1-regime1-d20/2,1,1,1,20,10.0,1.0,0.0,random-mirrors,quadratic-vc,0.0003030535688876835,
main,main/rep1-stream1-regime1-d20/3,1,1,1,20,10.0,1.0,0.0,random-mirrors,quadratic-vc,0.0015121813666176685,
main,main/rep1-stream1-regime1-d20/4,1,1,1,20,10.0,1.0,0.0,random-mirrors,quadratic-vc,0.001001376111986598,
main,main/rep1-stream1-regime1-d20/5,1,1,1,20,10.0,1.0,0.0,random-mirrors,quadratic-vc,0.0006519114812552768,
main,main/rep1-stream1-regime1-d20/6,1,1,1,20,10.0,1.0,0.0,random-mirrors,quadratic-vc,0.0008650173033520122,
main,main/rep1-stream1-regime1-d20/7,1,1,1,20,10.0,1.0,0.0,random-mirrors,quadratic-vc,0.0011405447738974432,
main,main/rep0-stream0-regime0-d20/0,0,0,0,20,0.1,1.0,0.0,staggered-cycle,quadratic-ac,7.754857144645625e-05,
main,main/rep0-stream0-regime0-d20/1,0,0,0,20,0.1,1.0,0.0,staggered-cycle,quadratic-ac,7.564165692825309e-05,
main,main/rep0-stream0-regime0-d20/2,0,0,0,20,0.1,1.0,0.0,staggered-cycle,quadratic-ac,2.500555628825125e-05,
main,main/rep0-stream0-regime0-d20/3,0,0,0,20,0.1,1.0,0.0,staggered-cycle,quadratic-ac,6.850525436370341e-05,
main,main/rep0-stream0-regime0-d20/4,0,0,0,20,0.1,1.0,0.0,staggered-cycle,quadratic-ac,4.905202361007766e-05,
main,main/rep0-stream0-regime0-d20/5,0,0,0,20,0.1,1.0,0.0,staggered-cycle,quadratic-ac,2.6698556484317056e-05,
main,main/rep0-stream0-regime0-d20/6,0,0,0,20,0.1,1.0,0.0,staggered-cycle,quadratic-ac,5.510064430561337e-05,
main,main/rep0-stream0-regime0-d20/7,0,0,0,20,0.1,1.0,0.0,staggered-cycle,quadratic-ac,0.00010166247216822533,
main,main/rep0-stream0-regime0-d20/0,0,0,0,20,0.1,1.0,0.0,staggered-cycle,quadratic-vc,6.866539013345395e-05,
main,main/rep0-stream0-regime0-d20/1,0,0,0,20,0.1,1.0,0.0,staggered-cycle,quadratic-vc,7.589932419649844e-05,
main,main/rep0-stream0-regime0-d20/2,0,0,0,20,0.1,1.0,0.0,staggered-cycle,quadratic-vc,3.2952329671904066e-05,
main,main/rep0-stream0-regime0-d20/3,0,0,0,20,0.1,1.0,0.0,staggered-cycle,quadratic-vc,6.417703591812465e-05,
main,main/rep0-stream0-regime0-d20/4,0,0,0,20,0.1,1.0,0.0,staggered-cycle,quadratic-vc,4.753799234466087e-05,
main,main/rep0-stream0-regime0-d20/5,0,0,0,20,0.1,1.0,0.0,staggered-cycle,quadratic-vc,2.5947237063842126e-05,
main,main/rep0-stream0-regime0-d20/6,0,0,0,20,0.1,1.0,0.0,staggered-cycle,quadratic-vc,6.416736963309525e-05,
main,main/rep0-stream0-regime0-d20/7,0,0,0,20,0.1,1.0,0.0,staggered-cycle,quadratic-vc,0.00010207409489770945,
main,main/rep0-stream0-regime0-d20/0,0,0,0,20,0.1,1.0,0.0,random-mirrors,quadratic-ac,3.9317844947456406e-05,
main,main/rep0-stream0-regime0-d20/1,0,0,0,20,0.1,1.0,0.0,random-mirrors,quadratic-ac,4.522862751304831e-05,
main,main/rep0-stream0-regime0-d20/2,0,0,0,20,0.1,1.0,0.0,random-mirrors,quadratic-ac,0.0001153656368722683,
main,main/rep0-stream0-regime0-d20/3,0,0,0,20,0.1,1.0,0.0,random-mirrors,quadratic-ac,3.07410739694579e-05,
main,main/rep0-stream0-regime0-d20/4,0,0,0,20,0.1,1.0,0.0,random-mirrors,quadratic-ac,8.662940064799408e-05,
main,main/rep0-stream0-regime0-d20/5,0,0,0,20,0.1,1.0,0.0,random-mirrors,quadratic-ac,7.241739018803128e-05,
main,main/rep0-stream0-regime0-d20/6,0,0,0,20,0.1,1.0,0.0,random-mirrors,quadratic-ac,0.00010542847506442818,
main,main/rep0-stream0-regime0-d20/7,0,0,0,20,0.1,1.0,0.0,random-mirrors,quadratic-ac,9.962674406041002e-05,
main,main/rep0-stream0-regime0-d20/0,0,0,0,20,0.1,1.0,0.0,random-mirrors,quadratic-vc,3.916379818242551e-05,
main,main/rep0-stream0-regime0-d20/1,0,0,0,20,0.1,1.0,0.0,random-mirrors,quadratic-vc,4.422936867982109e-05,
main,main/rep0-stream0-regime0-d20/2,0,0,0,20,0.1,1.0,0.0,random-mirrors,quadratic-vc,0.00012620748486544644,
main,main/rep0-stream0-regime0-d20/3,0,0,0,20,0.1,1.0,0.0,random-mirrors,quadratic-vc,3.127367195315723e-05,
main,main/rep0-stream0-regime0-d20/4,0,0,0,20,0.1,1.0,0.0,random-mirrors,quadratic-vc,7.740653625270504e-05,
main,main/rep0-stream0-regime0-d20/5,0,0,0,20,0.1,1.0,0.0,random-mirrors,quadratic-vc,7.51524478014778e-05,
main,main/rep0-stream0-regime0-d20/6,0,0,0,20,0.1,1.0,0.0,random-mirrors,quadratic-vc,0.00010485751561060158,
main,main/rep0-stream0-regime0-d20/7,0,0,0,20,0.1,1.0,0.0,random-mirrors,quadratic-vc,0.00010624662652839112,
main,main/rep0-stream0-regime0-d20/0,0,0,0,20,1.0,1.0,0.0,staggered-cycle,quadratic-ac,4.582968405550082e-05,
main,main/rep0-stream0-regime0-d20/1,0,0,0,20,1.0,1.0,0.0,staggered-cycle,quadratic-ac,5.941253448296464e-05,
main,main/rep0-stream0-regime0-d20/2,0,0,0,20,1.0,1.0,0.0,staggered-cycle,quadratic-ac,7.348450059123498e-05,
main,main/rep0-stream0-regime0-d20/3,0,0,0,20,1.0,1.0,0.0,staggered-cycle,quadratic-ac,8.036505587146034e-05,
main,main/rep0-stream0-regime0-d20/4,0,0,0,20,1.0,1.0,0.0,staggered-cycle,quadratic-ac,9.347226030357384e-05,
main,main/rep0-stream0-regime0-d20/5,0,0,0,20,1.0,1.0,0.0,staggered-cycle,quadratic-ac,0.00017067179322632523,
main,main/rep0-stream0-regime0-d20/6,0,0,0,20,1.0,1.0,0.0,staggered-cycle,quadratic-ac,0.00011840524639298082,
main,main/rep0-stream0-regime0-d20/7,0,0,0,20,1.0,1.0,0.0,staggered-cycle,quadratic-ac,9.722496022977619e-05,
main,main/rep0-stream0-regime0-d20/0,0,0,0,20,1.0,1.0,0.0,staggered-cycle,quadratic-vc,5.095055772794464e-05,
main,main/rep0-stream0-regime0-d20/1,0,0,0,20,1.0,1.0,0.0,staggered-cycle,quadratic-vc,5.858000342804329e-05,
main,main/rep0-stream0-regime0-d20/2,0,0,0,20,1.0,1.0,0.0,staggered-cycle,quadratic-vc,7.021995347808385e-05,
main,main/rep0-stream0-regime0-d20/3,0,0,0,20,1.0,1.0,0.0,staggered-cycle,quadratic-vc,7.517397060989757e-05,
main,main/rep0-stream0-regime0-d20/4,0,0,0,20,1.0,1.0,0.0,staggered-cycle,quadratic-vc,0.00010553861117368397,
main,main/rep0-stream0-regime0-d20/5,0,0,0,20,1.0,1.0,0.0,staggered-cycle,quadratic-vc,0.00015415159224541584,
main,main/rep0-stream0-regime0-d20/6,0,0,0,20,1.0,1.0,0.0,staggered-cycle,quadratic-vc,0.00011794529143666532,
main,main/rep0-stream0-regime0-d20/7,0,0,0,20,1.0,1.0,0.0,staggered-cycle,quadratic-vc,0.00013334419050526947,
main,main/rep0-stream0-regime0-d20/0,0,0,0,20,1.0,1.0,0.0,random-mirrors,quadratic-ac,0.0002153752478337623,
main,main/rep0-stream0-regime0-d20/1,0,0,0,20,1.0,1.0,0.0,random-mirrors,quadratic-ac,0.00025450068678776924,
main,main/rep0-stream0-regime0-d20/2,0,0,0,20,1.0,1.0,0.0,random-mirrors,quadratic-ac,0.00014052550466765753,
main,main/rep0-stream0-regime0-d20/3,0,0,0,20,1.0,1.0,0.0,random-mirrors,quadratic-ac,9.554755687014921e-05,
main,main/rep0-stream0-regime0-d20/4,0,0,0,20,1.0,1.0,0.0,random-mirrors,quadratic-ac,0.000178024596397343,
main,main/rep0-stream0-regime0-d20/5,0,0,0,20,1.0,1.0,0.0,random-mirrors,quadratic-ac,0.00013951225498273084,
main,main/rep0-stream0-regime0-d20/6,0,0,0,20,1.0,1.0,0.0,random-mirrors,quadratic-ac,0.00016539724284492957,
main,main/rep0-stream0-regime0-d20/7,0,0,0,20,1.0,1.0,0.0,random-mirrors,quadratic-ac,9.876692387495558e-05,
main,main/rep0-stream0-regime0-d20/0,0,0,0,20,1.0,1.0,0.0,random-mirrors,quadratic-vc,0.0001888256320891747,
main,main/rep0-stream0-regime0-d20/1,0,0,0,20,1.0,1.0,0.0,random-mirrors,quadratic-vc,0.000259989898658268,
main,main/rep0-stream0-regime0-d20/2,0,0,0,20,1.0,1.0,0.0,random-mirrors,quadratic-vc,0.0001454933563758551,
main,main/rep0-stream0-regime0-d20/3,0,0,0,20,1.0,1.0,0.0,random-mirrors,quadratic-vc,9.42116132079635e-05,
main,main/rep0-stream0-regime0-d20/4,0,0,0,20,1.0,1.0,0.0,random-mirrors,quadratic-vc,0.00016746042972407612,
main,main/rep0-stream0-regime0-d20/5,0,0,0,20,1.0,1.0,0.0,random-mirrors,quadratic-vc,0.00013534310123907537,
main,main/rep0-stream0-regime0-d20/6,0,0,0,20,1.0,1.0,0.0,random-mirrors,quadratic-vc,0.0001772965827380264,
main,main/rep0-stream0-regime0-d20/7,0,0,0,20,1.0,1.0,0.0,random-mirrors,quadratic-vc,0.0001002955617258703,
main,main/rep0-stream0-regime0-d20/0,0,0,0,20,10.0,1.0,0.0,staggered-cycle,quadratic-ac,0.0004257319894827928,
main,main/rep0-stream0-regime0-d20/1,0,0,0,20,10.0,1.0,0.0,staggered-cycle,quadratic-ac,0.0002750787061242074,
main,main/rep0-stream0-regime0-d20/2,0,0,0,20,10.0,1.0,0.0,staggered-cycle,quadratic-ac,0.0006462407080105754,
main,main/rep0-stream0-regime0-d20/3,0,0,0,20,10.0,1.0,0.0,staggered-cycle,quadratic-ac,0.0003154289404236746,
main,main/rep0-stream0-regime0-d20/4,0,0,0,20,10.0,1.0,0.0,staggered-cycle,quadratic-ac,0.00036615930941154046,
main,main/rep0-stream0-regime0-d20/5,0,0,0,20,10.0,1.0,0.0,staggered-cycle,quadratic-ac,0.0002164772760280766,
main,main/rep0-stream0-regime0-d20/6,0,0,0,20,10.0,1.0,0.0,staggered-cycle,quadratic-ac,0.0005340971466355355,
main,main/rep0-stream0-regime0-d20/7,0,0,0,20,10.0,1.0,0.0,staggered-cycle,quadratic-ac,0.0002441166306896963,
main,main/rep0-stream0-regime0-d20/0,0,0,0,20,10.0,1.0,0.0,staggered-cycle,quadratic-vc,0.0004668882645084489,
main,main/rep0-stream0-regime0-d20/1,0,0,0,20,10.0,1.0,0.0,staggered-cycle,quadratic-vc,0.00024338206092249705,
main,main/rep0-stream0-regime0-d20/2,0,0,0,20,10.0,1.0,0.0,staggered-cycle,quadratic-vc,0.0006252287369252401,
main,main/rep0-stream0-regime0-d20/3,0,0,0,20,10.0,1.0,0.0,staggered-cycle,quadratic-vc,0.00028990905156268585,
main,main/rep0-stream0-regime0-d20/4,0,0,0,20,10.0,1.0,0.0,staggered-cycle,quadratic-vc,0.000364929086363567,
main,main/rep0-stream0-regime0-d20/5,0,0,0,20,10.0,1.0,0.0,staggered-cycle,quadratic-vc,0.0002286124084329606,
main,main/rep0-stream0-regime0-d20/6,0,0,0,20,10.0,1.0,0.0,staggered-cycle,quadratic-vc,0.0005722298422327441,
main,main/rep0-stream0-regime0-d20/7,0,0,0,20,10.0,1.0,0.0,staggered-cycle,quadratic-vc,0.0002428636331055561,
main,main/rep0-stream0-regime0-d20/0,0,0,0,20,10.0,1.0,0.0,random-mirrors,quadratic-ac,0.0007719054612537055,
main,main/rep0-stream0-regime0-d20/1,0,0,0,20,10.0,1.0,0.0,random-mirrors,quadratic-ac,0.0003653333060878344,
main,main/rep0-stream0-regime0-d20/2,0,0,0,20,10.0,1.0,0.0,random-mirrors,quadratic-ac,0.000380053308416378,
main,main/rep0-stream0-regime0-d20/3,0,0,0,20,10.0,1.0,0.0,random-mirrors,quadratic-ac,0.00038345880373421334,
main,main/rep0-stream0-regime0-d20/4,0,0,0,20,10.0,1.0,0.0,random-mirrors,quadratic-ac,0.0008093850706717122,
main,main/rep0-stream0-regime0-d20/5,0,0,0,20,10.0,1.0,0.0,random-mirrors,quadratic-ac,0.0008596003386354836,
main,main/rep0-stream0-regime0-d20/6,0,0,0,20,10.0,1.0,0.0,random-mirrors,quadratic-ac,0.0007644187046407765,
main,main/rep0-stream0-regime0-d20/7,0,0,0,20,10.0,1.0,0.0,random-mirrors,quadratic-ac,0.0008992038120216627,
main,main/rep0-stream0-regime0-d20/0,0,0,0,20,10.0,1.0,0.0,random-mirrors,quadratic-vc,0.0007972584578997737,
main,main/rep0-stream0-regime0-d20/1,0,0,0,20,10.0,1.0,0.0,random-mirrors,quadratic-vc,0.00026414692995773597,
main,main/rep0-stream0-regime0-d20/2,0,0,0,20,10.0,1.0,0.0,random-mirrors,quadratic-vc,0.00033756261123807466,
main,main/rep0-stream0-regime0-d20/3,0,0,0,20,10.0,1.0,0.0,random-mirrors,quadratic-vc,0.00032334485309556266,
main,main/rep0-stream0-regime0-d20/4,0,0,0,20,10.0,1.0,0.0,random-mirrors,quadratic-vc,0.0008355851339936182,
main,main/rep0-stream0-regime0-d20/5,0,0,0,20,10.0,1.0,0.0,random-mirrors,quadratic-vc,0.0008747668796252831,
main,main/rep0-stream0-regime0-d20/6,0,0,0,20,10.0,1.0,0.0,random-mirrors,quadratic-vc,0.0007865350417007829,
main,main/rep0-stream0-regime0-d20/7,0,0,0,20,10.0,1.0,0.0,random-mirrors,quadratic-vc,0.0008729066775180621,
main,main/rep0-stream0-regime1-d10/0,0,0,1,10,0.1,1.0,0.0,staggered-cycle,quadratic-ac,0.00018402790706121256,
main,main/rep0-stream0-regime1-d10/1,0,0,1,10,0.1,1.0,0.0,staggered-cycle,quadratic-ac,0.00032424708357784777,
main,main/rep0-stream0-regime1-d10/2,0,0,1,10,0.1,1.0,0.0,staggered-cycle,quadratic-ac,0.00014713035313450139,
main,main/rep0-stream0-regime1-d10/3,0,0,1,10,0.1,1.0,0.0,staggered-cycle,quadratic-ac,0.00021755643218626162,
main,main/rep0-stream0-regime1-d10/4,0,0,1,10,0.1,1.0,0.0,staggered-cycle,quadratic-ac,9.86897620924978e-05,
main,main/rep0-stream0-regime1-d10/5,0,0,1,10,0.1,1.0,0.0,staggered-cycle,quadratic-ac,8.348251408906996e-05,
main,main/rep0-stream0-regime1-d10/6,0,0,1,10,0.1,1.0,0.0,staggered-cycle,quadratic-ac,0.00020273669748382375,
main,main/rep0-stream0-regime1-d10/7,0,0,1,10,0.1,1.0,0.0,staggered-cycle,quadratic-ac,7.71980976989384e-05,
main,main/rep0-stream0-regime1-d10/0,0,0,1,10,0.1,1.0,0.0,staggered-cycle,quadratic-vc,0.00012098804824683752,
main,main/rep0-stream0-regime1-d10/1,0,0,1,10,0.1,1.0,0.0,staggered-cycle,quadratic-vc,0.0003096960662890873,
main,main/rep0-stream0-regime1-d10/2,0,0,1,10,0.1,1.0,0.0,staggered-cycle,quadratic-vc,0.00016098647103570104,
main,main/rep0-stream0-regime1-d10/3,0,0,1,10,0.1,1.0,0.0,staggered-cycle,quadratic-vc,0.00024738432812759304,
main,main/rep0-stream0-regime1-d10/4,0,0,1,10,0.1,1.0,0.0,staggered-cycle,quadratic-vc,0.0001244289093035223,
main,main/rep0-stream0-regime1-d10/5,0,0,1,10,0.1,1.0,0.0,staggered-cycle,quadratic-vc,8.376711163963723e-05,
main,main/rep0-stream0-regime1-d10/6,0,0,1,10,0.1,1.0,0.0,staggered-cycle,quadratic-vc,0.00020796344930321803,
main,main/rep0-stream0-regime1-d10/7,0,0,1,10,0.1,1.0,0.0,staggered-cycle,quadratic-vc,7.982734486483605e-05,
main,main/rep0-stream0-regime1-d10/0,0,0,1,10,0.1,1.0,0.0,random-mirrors,quadratic-ac,8.068111386912022e-05,
main,main/rep0-stream0-regime1-d10/1,0,0,1,10,0.1,1.0,0.0,random-mirrors,quadratic-ac,0.0002842109005005328,
main,main/rep0-stream0-regime1-d10/2,0,0,1,10,0.1,1.0,0.0,random-mirrors,quadratic-ac,0.0002151924210096363,
main,main/rep0-stream0-regime1-d10/3,0,0,1,10,0.1,1.0,0.0,random-mirrors,quadratic-ac,0.00028317664413170945,
main,main/rep0-stream0-regime1-d10/4,0,0,1,10,0.1,1.0,0.0,random-mirrors,quadratic-ac,9.506764544110039e-05,
main,main/rep0-stream0-regime1-d10/5,0,0,1,10,0.1,1.0,0.0,random-mirrors,quadratic-ac,0.00020194570710886013,
main,main/rep0-stream0-regime1-d10/6,0,0,1,10,0.1,1.0,0.0,random-mirrors,quadratic-ac,0.0001365939173786092,
main,main/rep0-stream0-regime1-d10/7,0,0,1,10,0.1,1.0,0.0,random-mirrors,quadratic-ac,0.00028060153475168494,
main,main/rep0-stream0-regime1-d10/0,0,0,1,10,0.1,1.0,0.0,random-mirrors,quadratic-vc,8.764451713901442e-05,
main,main/rep0-stream0-regime1-d10/1,0,0,1,10,0.1,1.0,0.0,random-mirrors,quadratic-vc,0.000293559063806044,
main,main/rep0-stream0-regime1-d10/2,0,0,1,10,0.1,1.0,0.0,random-mirrors,quadratic-vc,0.0002538837198578093,
main,main/rep0-stream0-regime1-d10/3,0,0,1,10,0.1,1.0,0.0,random-mirrors,quadratic-vc,0.00027491691190993016,
main,main/rep0-stream0-regime1-d10/4,0,0,1,10,0.1,1.0,0.0,random-mirrors,quadratic-vc,0.00010770348920924582,
main,main/rep0-stream0-regime1-d10/5,0,0,1,10,0.1,1.0,0.0,random-mirrors,quadratic-vc,0.0001848550049569134,
main,main/rep0-stream0-regime1-d10/6,0,0,1,10,0.1,1.0,0.0,random-mirrors,quadratic-vc,0.00011741015688766509,
main,main/rep0-stream0-regime1-d10/7,0,0,1,10,0.1,1.0,0.0,random-mirrors,quadratic-vc,0.000328718199143654,
main,main/rep0-stream0-regime1-d10/0,0,0,1,10,1.0,1.0,0.0,staggered-cycle,quadratic-ac,0.00020827951596478526,
main,main/rep0-stream0-regime1-d10/1,0,0,1,10,1.0,1.0,0.0,staggered-cycle,quadratic-ac,0.00018247105397779665,
main,main/rep0-stream0-regime1-d10/2,0,0,1,10,1.0,1.0,0.0,staggered-cycle,quadratic-ac,0.00038032315440708235,
main,main/rep0-stream0-regime1-d10/3,0,0,1,10,1.0,1.0,0.0,staggered-cycle,quadratic-ac,0.0002661962967650919,
main,main/rep0-stream0-regime1-d10/4,0,0,1,10,1.0,1.0,0.0,staggered-cycle,quadratic-ac,0.001044449942345322,
main,main/rep0-stream0-regime1-d10/5,0,0,1,10,1.0,1.0,0.0,staggered-cycle,quadratic-ac,0.00014360880184344018,
main,main/rep0-stream0-regime1-d10/6,0,0,1,10,1.0,1.0,0.0,staggered-cycle,quadratic-ac,0.0004061874316992691,
main,main/rep0-stream0-regime1-d10/7,0,0,1,10,1.0,1.0,0.0,staggered-cycle,quadratic-ac,0.00036918006314507975,
main,main/rep0-stream0-regime1-d10/0,0,0,1,10,1.0,1.0,0.0,staggered-cycle,quadratic-vc,0.00021034528518995387,
main,main/rep0-stream0-regime1-d10/1,0,0,1,10,1.0,1.0,0.0,staggered-cycle,quadratic-vc,0.00023580360346237619,
main,main/rep0-stream0-regime1-d10/2,0,0,1,10,1.0,1.0,0.0,staggered-cycle,quadratic-vc,0.00034791071943397067,
main,main/rep0-stream0-regime1-d10/3,0,0,1,10,1.0,1.0,0.0,staggered-cycle,quadratic-vc,0.00027102536202429443,
main,main/rep0-stream0-regime1-d10/4,0,0,1,10,1.0,1.0,0.0,staggered-cycle,quadratic-vc,0.0007536412232104623,
main,main/rep0-stream0-regime1-d10/5,0,0,1,10,1.0,1.0,0.0,staggered-cycle,quadratic-vc,0.00017457907347128598,
main,main/rep0-stream0-regime1-d10/6,0,0,1,10,1.0,1.0,0.0,staggered-cycle,quadratic-vc,0.00043482585605286484,
main,main/rep0-stream0-regime1-d10/7,0,0,1,10,1.0,1.0,0.0,staggered-cycle,quadratic-vc,0.00038273166089613104,
main,main/rep0-stream0-regime1-d10/0,0,0,1,10,1.0,1.0,0.0,random-mirrors,quadratic-ac,0.00037611778672224283,
main,main/rep0-stream0-regime1-d10/1,0,0,1,10,1.0,1.0,0.0,random-mirrors,quadratic-ac,0.0015112473169696375,
main,main/rep0-stream0-regime1-d10/2,0,0,1,10,1.0,1.0,0.0,random-mirrors,quadratic-ac,0.0003166991640315978,
main,main/rep0-stream0-regime1-d10/3,0,0,1,10,1.0,1.0,0.0,random-mirrors,quadratic-ac,0.0002746360538149772,
main,main/rep0-stream0-regime1-d10/4,0,0,1,10,1.0,1.0,0.0,random-mirrors,quadratic-ac,0.000229750681315386,
main,main/rep0-stream0-regime1-d10/5,0,0,1,10,1.0,1.0,0.0,random-mirrors,quadratic-ac,0.0006763318359838122,
main,main/rep0-stream0-regime1-d10/6,0,0,1,10,1.0,1.0,0.0,random-mirrors,quadratic-ac,0.0007210061967082714,
main,main/rep0-stream0-regime1-d10/7,0,0,1,10,1.0,1.0,0.0,random-mirrors,quadratic-ac,0.0005730358288538935,
main,main/rep0-stream0-regime1-d10/0,0,0,1,10,1.0,1.0,0.0,random-mirrors,quadratic-vc,0.00038205079950618645,
main,main/rep0-stream0-regime1-d10/1,0,0,1,10,1.0,1.0,0.0,random-mirrors,quadratic-vc,0.0014148669355415582,
main,main/rep0-stream0-regime1-d10/2,0,0,1,10,1.0,1.0,0.0,random-mirrors,quadratic-vc,0.0005506213386910141,
main,main/rep0-stream0-regime1-d10/3,0,0,1,10,1.0,1.0,0.0,random-mirrors,quadratic-vc,0.0003023034330142731,
main,main/rep0-stream0-regime1-d10/4,0,0,1,10,1.0,1.0,0.0,random-mirrors,quadratic-vc,0.00022214016981790088,
main,main/rep0-stream0-regime1-d10/5,0,0,1,10,1.0,1.0,0.0,random-mirrors,quadratic-vc,0.0007200543562572224,
main,main/rep0-stream0-regime1-d10/6,0,0,1,10,1.0,1.0,0.0,random-mirrors,quadratic-vc,0.000679436744659402,
main,main/rep0-stream0-regime1-d10/7,0,0,1,10,1.0,1.0,0.0,random-mirrors,quadratic-vc,0.0005428134643670218,
main,main/rep0-stream0-regime1-d10/0,0,0,1,10,10.0,1.0,0.0,staggered-cycle,quadratic-ac,0.0014662809709878918,
main,main/rep0-stream0-regime1-d10/1,0,0,1,10,10.0,1.0,0.0,staggered-cycle,quadratic-ac,0.0022175093147134735,
main,main/rep0-stream0-regime1-d10/2,0,0,1,10,10.0,1.0,0.0,staggered-cycle,quadratic-ac,0.0009385491048207725,
main,main/rep0-stream0-regime1-d10/3,0,0,1,10,10.0,1.0,0.0,staggered-cycle,quadratic-ac,0.0016118560660815268,
main,main/rep0-stream0-regime1-d10/4,0,0,1,10,10.0,1.0,0.0,staggered-cycle,quadratic-ac,0.0020502195998026817,
main,main/rep0-stream0-regime1-d10/5,0,0,1,10,10.0,1.0,0.0,staggered-cycle,quadratic-ac,0.0015331453726730795,
main,main/rep0-stream0-regime1-d10/6,0,0,1,10,10.0,1.0,0.0,staggered-cycle,quadratic-ac,0.003979285816401529,
main,main/rep0-stream0-regime1-d10/7,0,0,1,10,10.0,1.0,0.0,staggered-cycle,quadratic-ac,0.002652097720246869,
main,main/rep0-stream0-regime1-d10/0,0,0,1,10,10.0,1.0,0.0,staggered-cycle,quadratic-vc,0.0012848975499753707,
main,main/rep0-stream0-regime1-d10/1,0,0,1,10,10.0,1.0,0.0,staggered-cycle,quadratic-vc,0.002244349542973485,
main,main/rep0-stream0-regime1-d10/2,0,0,1,10,10.0,1.0,0.0,staggered-cycle,quadratic-vc,0.0009121953609637597,
main,main/rep0-stream0-regime1-d10/3,0,0,1,10,10.0,1.0,0.0,staggered-cycle,quadratic-vc,0.0014398823899818502,
main,main/rep0-stream0-regime1-d10/4,0,0,1,10,10.0,1.0,0.0,staggered-cycle,quadratic-vc,0.0013260801554972749,
main,main/rep0-stream0-regime1-d10/5,0,0,1,10,10.0,1.0,0.0,staggered-cycle,quadratic-vc,0.001394488490414235,
main,main/rep0-stream0-regime1-d10/6,0,0,1,10,10.0,1.0,0.0,staggered-cycle,quadratic-vc,0.0033657344223506453,
main,main/rep0-stream0-regime1-d10/7,0,0,1,10,10.0,1.0,0.0,staggered-cycle,quadratic-vc,0.0021245201087141505,
main,main/rep0-stream0-regime1-d10/0,0,0,1,10,10.0,1.0,0.0,random-mirrors,quadratic-ac,0.0034766772905125537,
main,main/rep0-stream0-regime1-d10/1,0,0,1,10,10.0,1.0,0.0,random-mirrors,quadratic-ac,0.012533813567386988,
main,main/rep0-stream0-regime1-d10/2,0,0,1,10,10.0,1.0,0.0,random-mirrors,quadratic-ac,0.00882446145795904,
main,main/rep0-stream0-regime1-d10/3,0,0,1,10,10.0,1.0,0.0,random-mirrors,quadratic-ac,0.0015551074966957965,
main,main/rep0-stream0-regime1-d10/4,0,0,1,10,10.0,1.0,0.0,random-mirrors,quadratic-ac,0.0014669900759666425,
main,main/rep0-stream0-regime1-d10/5,0,0,1,10,10.0,1.0,0.0,random-mirrors,quadratic-ac,0.0020736405257382163,
main,main/rep0-stream0-regime1-d10/6,0,0,1,10,10.0,1.0,0.0,random-mirrors,quadratic-ac,0.0013135501516511696,
main,main/rep0-stream0-regime1-d10/7,0,0,1,10,10.0,1.0,0.0,random-mirrors,quadratic-ac,0.0059635447503893725,
main,main/rep0-stream0-regime1-d10/0,0,0,1,10,10.0,1.0,0.0,random-mirrors,quadratic-vc,0.0038046721014532094,
main,main/rep0-stream0-regime1-d10/1,0,0,1,10,10.0,1.0,0.0,random-mirrors,quadratic-vc,0.010014396987574087,
main,main/rep0-stream0-regime1-d10/2,0,0,1,10,10.0,1.0,0.0,random-mirrors,quadratic-vc,0.008633843363957651,
main,main/rep0-stream0-regime1-d10/3,0,0,1,10,10.0,1.0,0.0,random-mirrors,quadratic-vc,0.0016535415728144943,
main,main/rep0-stream0-regime1-d10/4,0,0,1,10,10.0,1.0,0.0,random-mirrors,quadratic-vc,0.0008331394989158119,
main,main/rep0-stream0-regime1-d10/5,0,0,1,10,10.0,1.0,0.0,random-mirrors,quadratic-vc,0.002323168886566468,
main,main/rep0-stream0-regime1-d10/6,0,0,1,10,10.0,1.0,0.0,random-mirrors,quadratic-vc,0.0012210153850771936,
main,main/rep0-stream0-regime1-d10/7,0,0,1,10,10.0,1.0,0.0,random-mirrors,quadratic-vc,0.005545543096372236,
main,main/rep0-stream0-regime1-d50/0,0,0,1,50,0.1,1.0,0.0,staggered-cycle,quadratic-ac,8.815182397995472e-06,
main,main/rep0-stream0-regime1-d50/1,0,0,1,50,0.1,1.0,0.0,staggered-cycle,quadratic-ac,1.5007891106095052e-05,
main,main/rep0-stream0-regime1-d50/2,0,0,1,50,0.1,1.0,0.0,staggered-cycle,quadratic-ac,1.9060013476481535e-05,
main,main/rep0-stream0-regime1-d50/3,0,0,1,50,0.1,1.0,0.0,staggered-cycle,quadratic-ac,1.350924718883984e-05,
main,main/rep0-stream0-regime1-d50/4,0,0,1,50,0.1,1.0,0.0,staggered-cycle,quadratic-ac,1.0991339516985036e-05,
main,main/rep0-stream0-regime1-d50/5,0,0,1,50,0.1,1.0,0.0,staggered-cycle,quadratic-ac,8.45863449178631e-06,
main,main/rep0-stream0-regime1-d50/6,0,0,1,50,0.1,1.0,0.0,staggered-cycle,quadratic-ac,1.2843300415454937e-05,
main,main/rep0-stream0-regime1-d50/7,0,0,1,50,0.1,1.0,0.0,staggered-cycle,quadratic-ac,9.908114112279127e-06,
main,main/rep0-stream0-regime1-d50/0,0,0,1,50,0.1,1.0,0.0,staggered-cycle,quadratic-vc,9.83315052624308e-06,
main,main/rep0-stream0-regime1-d50/1,0,0,1,50,0.1,1.0,0.0,staggered-cycle,quadratic-vc,1.2435383717882129e-05,
main,main/rep0-stream0-regime1-d50/2,0,0,1,50,0.1,1.0,0.0,staggered-cycle,quadratic-vc,1.8108426642408864e-05,
main,main/rep0-stream0-regime1-d50/3,0,0,1,50,0.1,1.0,0.0,staggered-cycle,quadratic-vc,1.3713993546498102e-05,
main,main/rep0-stream0-regime1-d50/4,0,0,1,50,0.1,1.0,0.0,staggered-cycle,quadratic-vc,1.1357858751591543e-05,
main,main/rep0-stream0-regime1-d50/5,0,0,1,50,0.1,1.0,0.0,staggered-cycle,quadratic-vc,8.213614584599889e-06,
main,main/rep0-stream0-regime1-d50/6,0,0,1,50,0.1,1.0,0.0,staggered-cycle,quadratic-vc,1.3265174121637142e-05,
main,main/rep0-stream0-regime1-d50/7,0,0,1,50,0.1,1.0,0.0,staggered-cycle,quadratic-vc,9.390599667213621e-06,
main,main/rep0-stream0-regime1-d50/0,0,0,1,50,0.1,1.0,0.0,random-mirrors,quadratic-ac,2.6104600551324432e-05,
main,main/rep0-stream0-regime1-d50/1,0,0,1,50,0.1,1.0,0.0,random-mirrors,quadratic-ac,2.0093781689581833e-05,
main,main/rep0-stream0-regime1-d50/2,0,0,1,50,0.1,1.0,0.0,random-mirrors,quadratic-ac,1.8641029978902556e-05,
main,main/rep0-stream0-regime1-d50/3,0,0,1,50,0.1,1.0,0.0,random-mirrors,quadratic-ac,3.3058885475762376e-05,
main,main/rep0-stream0-regime1-d50/4,0,0,1,50,0.1,1.0,0.0,random-mirrors,quadratic-ac,1.5931315076939972e-05,
main,main/rep0-stream0-regime1-d50/5,0,0,1,50,0.1,1.0,0.0,random-mirrors,quadratic-ac,2.792431275665075e-05,
main,main/rep0-stream0-regime1-d50/6,0,0,1,50,0.1,1.0,0.0,random-mirrors,quadratic-ac,1.8738497939537973e-05,
main,main/rep0-stream0-regime1-d50/7,0,0,1,50,0.1,1.0,0.0,random-mirrors,quadratic-ac,1.3731765418038217e-05,
main,main/rep0-stream0-regime1-d50/0,0,0,1,50,0.1,1.0,0.0,random-mirrors,quadratic-vc,2.593538182554867e-05,
main,main/rep0-stream0-regime1-d50/1,0,0,1,50,0.1,1.0,0.0,random-mirrors,quadratic-vc,1.9529213807913332e-05,
main,main/rep0-stream0-regime1-d50/2,0,0,1,50,0.1,1.0,0.0,random-mirrors,quadratic-vc,1.9313756017990005e-05,
main,main/rep0-stream0-regime1-d50/3,0,0,1,50,0.1,1.0,0.0,random-mirrors,quadratic-vc,3.455917926640823e-05,
main,main/rep0-stream0-regime1-d50/4,0,0,1,50,0.1,1.0,0.0,random-mirrors,quadratic-vc,1.5338991507226607e-05,
main,main/rep0-stream0-regime1-d50/5,0,0,1,50,0.1,1.0,0.0,random-mirrors,quadratic-vc,2.8981879020514176e-05,
main,main/rep0-stream0-regime1-d50/6,0,0,1,50,0.1,1.0,0.0,random-mirrors,quadratic-vc,1.8002842302188743e-05,
main,main/rep0-stream0-regime1-d50/7,0,0,1,50,0.1,1.0,0.0,random-mirrors,quadratic-vc,1.2993909660050076e-05,
main,main/rep0-stream0-regime1-d50/0,0,0,1,50,1.0,1.0,0.0,staggered-cycle,quadratic-ac,1.311947990643348e-05,
main,main/rep0-stream0-regime1-d50/1,0,0,1,50,1.0,1.0,0.0,staggered-cycle,quadratic-ac,1.5293772728481494e-05,
main,main/rep0-stream0-regime1-d50/2,0,0,1,50,1.0,1.0,0.0,staggered-cycle,quadratic-ac,2.0301380677325353e-05,
main,main/rep0-stream0-regime1-d50/3,0,0,1,50,1.0,1.0,0.0,staggered-cycle,quadratic-ac,2.0152095620713028e-05,
main,main/rep0-stream0-regime1-d50/4,0,0,1,50,1.0,1.0,0.0,staggered-cycle,quadratic-ac,1.4062713932622732e-05,
main,main/rep0-stream0-regime1-d50/5,0,0,1,50,1.0,1.0,0.0,staggered-cycle,quadratic-ac,3.169218808658601e-05,
main,main/rep0-stream0-regime1-d50/6,0,0,1,50,1.0,1.0,0.0,staggered-cycle,quadratic-ac,1.3976923354283371e-05,
main,main/rep0-stream0-regime1-d50/7,0,0,1,50,1.0,1.0,0.0,staggered-cycle,quadratic-ac,1.2560918782734088e-05,
main,main/rep0-stream0-regime1-d50/0,0,0,1,50,1.0,1.0,0.0,staggered-cycle,quadratic-vc,1.3112219640588534e-05,
main,main/rep0-stream0-regime1-d50/1,0,0,1,50,1.0,1.0,0.0,staggered-cycle,quadratic-vc,1.4779549189066045e-05,
main,main/rep0-stream0-regime1-d50/2,0,0,1,50,1.0,1.0,0.0,staggered-cycle,quadratic-vc,1.9162070308784294e-05,
main,main/rep0-stream0-regime1-d50/3,0,0,1,50,1.0,1.0,0.0,staggered-cycle,quadratic-vc,2.0261543734516685e-05,
main,main/rep0-stream0-regime1-d50/4,0,0,1,50,1.0,1.0,0.0,staggered-cycle,quadratic-vc,1.533246203638862e-05,
main,main/rep0-stream0-regime1-d50/5,0,0,1,50,1.0,1.0,0.0,staggered-cycle,quadratic-vc,2.5655462093130074e-05,
main,main/rep0-stream0-regime1-d50/6,0,0,1,50,1.0,1.0,0.0,staggered-cycle,quadratic-vc,1.3128634056363281e-05,
main,main/rep0-stream0-regime1-d50/7,0,0,1,50,1.0,1.0,0.0,staggered-cycle,quadratic-vc,1.175293379843429e-05,
main,main/rep0-stream0-regime1-d50/0,0,0,1,50,1.0,1.0,0.0,random-mirrors,quadratic-ac,5.6044410605700476e-05,
main,main/rep0-stream0-regime1-d50/1,0,0,1,50,1.0,1.0,0.0,random-mirrors,quadratic-ac,4.268854506972808e-05,
main,main/rep0-stream0-regime1-d50/2,0,0,1,50,1.0,1.0,0.0,random-mirrors,quadratic-ac,2.799367683372995e-05,
main,main/rep0-stream0-regime1-d50/3,0,0,1,50,1.0,1.0,0.0,random-mirrors,quadratic-ac,3.019900980588072e-05,
main,main/rep0-stream0-regime1-d50/4,0,0,1,50,1.0,1.0,0.0,random-mirrors,quadratic-ac,3.286191012388511e-05,
main,main/rep0-stream0-regime1-d50/5,0,0,1,50,1.0,1.0,0.0,random-mirrors,quadratic-ac,3.3798766475762183e-05,
main,main/rep0-stream0-regime1-d50/6,0,0,1,50,1.0,1.0,0.0,random-mirrors,quadratic-ac,4.1882618965534124e-05,
main,main/rep0-stream0-regime1-d50/7,0,0,1,50,1.0,1.0,0.0,random-mirrors,quadratic-ac,4.254237366228651e-05,
main,main/rep0-stream0-regime1-d50/0,0,0,1,50,1.0,1.0,0.0,random-mirrors,quadratic-vc,5.532951012947708e-05,
main,main/rep0-stream0-regime1-d50/1,0,0,1,50,1.0,1.0,0.0,random-mirrors,quadratic-vc,4.3154066390432506e-05,
main,main/rep0-stream0-regime1-d50/2,0,0,1,50,1.0,1.0,0.0,random-mirrors,quadratic-vc,2.6797024347789607e-05,
main,main/rep0-stream0-regime1-d50/3,0,0,1,50,1.0,1.0,0.0,random-mirrors,quadratic-vc,3.126414768434202e-05,
main,main/rep0-stream0-regime1-d50/4,0,0,1,50,1.0,1.0,0.0,random-mirrors,quadratic-vc,3.147612658479776e-05,
main,main/rep0-stream0-regime1-d50/5,0,0,1,50,1.0,1.0,0.0,random-mirrors,quadratic-vc,3.1973998004438355e-05,
main,main/rep0-stream0-regime1-d50/6,0,0,1,50,1.0,1.0,0.0,random-mirrors,quadratic-vc,4.217134126285862e-05,
main,main/rep0-stream0-regime1-d50/7,0,0,1,50,1.0,1.0,0.0,random-mirrors,quadratic-vc,4.129523759219502e-05,
main,main/rep0-stream0-regime1-d50/0,0,0,1,50,10.0,1.0,0.0,staggered-cycle,quadratic-ac,0.00011568796824906471,
main,main/rep0-stream0-regime1-d50/1,0,0,1,50,10.0,1.0,0.0,staggered-cycle,quadratic-ac,0.00012557194712891565,
main,main/rep0-stream0-regime1-d50/2,0,0,1,50,10.0,1.0,0.0,staggered-cycle,quadratic-ac,9.98563928411694e-05,
main,main/rep0-stream0-regime1-d50/3,0,0,1,50,10.0,1.0,0.0,staggered-cycle,quadratic-ac,0.00011694536304752488,
main,main/rep0-stream0-regime1-d50/4,0,0,1,50,10.0,1.0,0.0,staggered-cycle,quadratic-ac,6.364518067755434e-05,
main,main/rep0-stream0-regime1-d50/5,0,0,1,50,10.0,1.0,0.0,staggered-cycle,quadratic-ac,0.00016025905605839306,
main,main/rep0-stream0-regime1-d50/6,0,0,1,50,10.0,1.0,0.0,staggered-cycle,quadratic-ac,8.242443197731588e-05,
main,main/rep0-stream0-regime1-d50/7,0,0,1,50,10.0,1.0,0.0,staggered-cycle,quadratic-ac,8.436177990053815e-05,
main,main/rep0-stream0-regime1-d50/0,0,0,1,50,10.0,1.0,0.0,staggered-cycle,quadratic-vc,0.00010769245825578556,
main,main/rep0-stream0-regime1-d50/1,0,0,1,50,10.0,1.0,0.0,staggered-cycle,quadratic-vc,0.0001162320967420021,
main,main/rep0-stream0-regime1-d50/2,0,0,1,50,10.0,1.0,0.0,staggered-cycle,quadratic-vc,9.312498021794429e-05,
main,main/rep0-stream0-regime1-d50/3,0,0,1,50,10.0,1.0,0.0,staggered-cycle,quadratic-vc,0.00010672186023723936,
main,main/rep0-stream0-regime1-d50/4,0,0,1,50,10.0,1.0,0.0,staggered-cycle,quadratic-vc,6.123066825581116e-05,
main,main/rep0-stream0-regime1-d50/5,0,0,1,50,10.0,1.0,0.0,staggered-cycle,quadratic-vc,0.00015461902058964698,
main,main/rep0-stream0-regime1-d50/6,0,0,1,50,10.0,1.0,0.0,staggered-cycle,quadratic-vc,7.764509182246438e-05,
main,main/rep0-stream0-regime1-d50/7,0,0,1,50,10.0,1.0,0.0,staggered-cycle,quadratic-vc,7.721771445203192e-05,
main,main/rep0-stream0-regime1-d50/0,0,0,1,50,10.0,1.0,0.0,random-mirrors,quadratic-ac,0.0001903395739418022,
main,main/rep0-stream0-regime1-d50/1,0,0,1,50,10.0,1.0,0.0,random-mirrors,quadratic-ac,0.00015256251610732498,
main,main/rep0-stream0-regime1-d50/2,0,0,1,50,10.0,1.0,0.0,random-mirrors,quadratic-ac,0.00018984496663269502,
main,main/rep0-stream0-regime1-d50/3,0,0,1,50,10.0,1.0,0.0,random-mirrors,quadratic-ac,9.687465785978487e-05,
main,main/rep0-stream0-regime1-d50/4,0,0,1,50,10.0,1.0,0.0,random-mirrors,quadratic-ac,0.00017063186487002008,
main,main/rep0-stream0-regime1-d50/5,0,0,1,50,10.0,1.0,0.0,random-mirrors,quadratic-ac,0.00016270599830062678,
main,main/rep0-stream0-regime1-d50/6,0,0,1,50,10.0,1.0,0.0,random-mirrors,quadratic-ac,0.00022104694908372475,
main,main/rep0-stream0-regime1-d50/7,0,0,1,50,10.0,1.0,0.0,random-mirrors,quadratic-ac,0.00025462973623351467,
main,main/rep0-stream0-regime1-d50/0,0,0,1,50,10.0,1.0,0.0,random-mirrors,quadratic-vc,0.000184971725115732,
main,main/rep0-stream0-regime1-d50/1,0,0,1,50,10.0,1.0,0.0,random-mirrors,quadratic-vc,0.00014171634384785414,
main,main/rep0-stream0-regime1-d50/2,0,0,1,50,10.0,1.0,0.0,random-mirrors,quadratic-vc,0.00017616697177427626,
main,main/rep0-stream0-regime1-d50/3,0,0,1,50,10.0,1.0,0.0,random-mirrors,quadratic-vc,9.765412205147353e-05,
main,main/rep0-stream0-regime1-d50/4,0,0,1,50,10.0,1.0,0.0,random-mirrors,quadratic-vc,0.00015794470316762867,
main,main/rep0-stream0-regime1-d50/5,0,0,1,50,10.0,1.0,0.0,random-mirrors,quadratic-vc,0.0001669016026226245,
main,main/rep0-stream0-regime1-d50/6,0,0,1,50,10.0,1.0,0.0,random-mirrors,quadratic-vc,0.00020611389870242228,
main,main/rep0-stream0-regime1-d50/7,0,0,1,50,10.0,1.0,0.0,random-mirrors,quadratic-vc,0.00023727405286627025,
main,main/rep0-stream1-regime0-d20/0,0,1,0,20,0.1,1.0,0.0,staggered-cycle,quadratic-ac,6.532097012169557e-05,
main,main/rep0-stream1-regime0-d20/1,0,1,0,20,0.1,1.0,0.0,staggered-cycle,quadratic-ac,5.8304886314756765e-05,
main,main/rep0-stream1-regime0-d20/2,0,1,0,20,0.1,1.0,0.0,staggered-cycle,quadratic-ac,6.101010467506652e-05,
main,main/rep0-stream1-regime0-d20/3,0,1,0,20,0.1,1.0,0.0,staggered-cycle,quadratic-ac,0.0001039200884732842,
main,main/rep0-stream1-regime0-d20/4,0,1,0,20,0.1,1.0,0.0,staggered-cycle,quadratic-ac,9.476249784877925e-05,
main,main/rep0-stream1-regime0-d20/5,0,1,0,20,0.1,1.0,0.0,staggered-cycle,quadratic-ac,5.546613904860008e-05,
main,main/rep0-stream1-regime0-d20/6,0,1,0,20,0.1,1.0,0.0,staggered-cycle,quadratic-ac,2.8180096023603885e-05,
main,main/rep0-stream1-regime0-d20/7,0,1,0,20,0.1,1.0,0.0,staggered-cycle,quadratic-ac,3.887523050029662e-05,
main,main/rep0-stream1-regime0-d20/0,0,1,0,20,0.1,1.0,0.0,staggered-cycle,quadratic-vc,6.261504261349117e-05,
main,main/rep0-stream1-regime0-d20/1,0,1,0,20,0.1,1.0,0.0,staggered-cycle,quadratic-vc,5.746165103521551e-05,
main,main/rep0-stream1-regime0-d20/2,0,1,0,20,0.1,1.0,0.0,staggered-cycle,quadratic-vc,6.828602496811505e-05,
main,main/rep0-stream1-regime0-d20/3,0,1,0,20,0.1,1.0,0.0,staggered-cycle,quadratic-vc,9.09682358678679e-05,
main,main/rep0-stream1-regime0-d20/4,0,1,0,20,0.1,1.0,0.0,staggered-cycle,quadratic-vc,9.1010920287563e-05,
main,main/rep0-stream1-regime0-d20/5,0,1,0,20,0.1,1.0,0.0,staggered-cycle,quadratic-vc,5.838995717742437e-05,
main,main/rep0-stream1-regime0-d20/6,0,1,0,20,0.1,1.0,0.0,staggered-cycle,quadratic-vc,2.494353955289963e-05,
main,main/rep0-stream1-regime0-d20/7,0,1,0,20,0.1,1.0,0.0,staggered-cycle,quadratic-vc,3.4036835979539984e-05,
main,main/rep0-stream1-regime0-d20/0,0,1,0,20,0.1,1.0,0.0,random-mirrors,quadratic-ac,0.00012561880934946286,
main,main/rep0-stream1-regime0-d20/1,0,1,0,20,0.1,1.0,0.0,random-mirrors,quadratic-ac,0.00017211777402787698,
main,main/rep0-stream1-regime0-d20/2,0,1,0,20,0.1,1.0,0.0,random-mirrors,quadratic-ac,8.734542849388482e-05,
main,main/rep0-stream1-regime0-d20/3,0,1,0,20,0.1,1.0,0.0,random-mirrors,quadratic-ac,4.0006642897597215e-05,
main,main/rep0-stream1-regime0-d20/4,0,1,0,20,0.1,1.0,0.0,random-mirrors,quadratic-ac,7.602542483423019e-05,
main,main/rep0-stream1-regime0-d20/5,0,1,0,20,0.1,1.0,0.0,random-mirrors,quadratic-ac,8.680910763340965e-05,
main,main/rep0-stream1-regime0-d20/6,0,1,0,20,0.1,1.0,0.0,random-mirrors,quadratic-ac,0.00013750559346057987,
main,main/rep0-stream1-regime0-d20/7,0,1,0,20,0.1,1.0,0.0,random-mirrors,quadratic-ac,4.0076622399040374e-05,
main,main/rep0-stream1-regime0-d20/0,0,1,0,20,0.1,1.0,0.0,random-mirrors,quadratic-vc,0.00013306064376842608,
main,main/rep0-stream1-regime0-d20/1,0,1,0,20,0.1,1.0,0.0,random-mirrors,quadratic-vc,0.0001758327546569528,
main,main/rep0-stream1-regime0-d20/2,0,1,0,20,0.1,1.0,0.0,random-mirrors,quadratic-vc,9.27661652979757e-05,
main,main/rep0-stream1-regime0-d20/3,0,1,0,20,0.1,1.0,0.0,random-mirrors,quadratic-vc,4.029477970008838e-05,
main,main/rep0-stream1-regime0-d20/4,0,1,0,20,0.1,1.0,0.0,random-mirrors,quadratic-vc,8.568238697495094e-05,
main,main/rep0-stream1-regime0-d20/5,0,1,0,20,0.1,1.0,0.0,random-mirrors,quadratic-vc,9.211056256718199e-05,
main,main/rep0-stream1-regime0-d20/6,0,1,0,20,0.1,1.0,0.0,random-mirrors,quadratic-vc,0.00014328582406355404,
main,main/rep0-stream1-regime0-d20/7,0,1,0,20,0.1,1.0,0.0,random-mirrors,quadratic-vc,3.547017761493506e-05,
main,main/rep0-stream1-regime0-d20/0,0,1,0,20,1.0,1.0,0.0,staggered-cycle,quadratic-ac,6.271365684957254e-05,
main,main/rep0-stream1-regime0-d20/1,0,1,0,20,1.0,1.0,0.0,staggered-cycle,quadratic-ac,6.867693192491189e-05,
main,main/rep0-stream1-regime0-d20/2,0,1,0,20,1.0,1.0,0.0,staggered-cycle,quadratic-ac,6.385745392776377e-05,
main,main/rep0-stream1-regime0-d20/3,0,1,0,20,1.0,1.0,0.0,staggered-cycle,quadratic-ac,0.00013444725918071703,
main,main/rep0-stream1-regime0-d20/4,0,1,0,20,1.0,1.0,0.0,staggered-cycle,quadratic-ac,5.699668008197303e-05,
main,main/rep0-stream1-regime0-d20/5,0,1,0,20,1.0,1.0,0.0,staggered-cycle,quadratic-ac,5.223691673638521e-05,
main,main/rep0-stream1-regime0-d20/6,0,1,0,20,1.0,1.0,0.0,staggered-cycle,quadratic-ac,0.0001518175158237109,
main,main/rep0-stream1-regime0-d20/7,0,1,0,20,1.0,1.0,0.0,staggered-cycle,quadratic-ac,2.723373908891346e-05,
main,main/rep0-stream1-regime0-d20/0,0,1,0,20,1.0,1.0,0.0,staggered-cycle,quadratic-vc,6.312453885583227e-05,
main,main/rep0-stream1-regime0-d20/1,0,1,0,20,1.0,1.0,0.0,staggered-cycle,quadratic-vc,6.633851954346125e-05,
main,main/rep0-stream1-regime0-d20/2,0,1,0,20,1.0,1.0,0.0,staggered-cycle,quadratic-vc,6.723141486049675e-05,
main,main/rep0-stream1-regime0-d20/3,0,1,0,20,1.0,1.0,0.0,staggered-cycle,quadratic-vc,0.000150859475327474,
main,main/rep0-stream1-regime0-d20/4,0,1,0,20,1.0,1.0,0.0,staggered-cycle,quadratic-vc,6.000175461541331e-05,
main,main/rep0-stream1-regime0-d20/5,0,1,0,20,1.0,1.0,0.0,staggered-cycle,quadratic-vc,5.250160236254825e-05,
main,main/rep0-stream1-regime0-d20/6,0,1,0,20,1.0,1.0,0.0,staggered-cycle,quadratic-vc,0.00014907114319675794,
main,main/rep0-stream1-regime0-d20/7,0,1,0,20,1.0,1.0,0.0,staggered-cycle,quadratic-vc,2.8073682676661797e-05,
main,main/rep0-stream1-regime0-d20/0,0,1,0,20,1.0,1.0,0.0,random-mirrors,quadratic-ac,0.0001824515575225883,
main,main/rep0-stream1-regime0-d20/1,0,1,0,20,1.0,1.0,0.0,random-mirrors,quadratic-ac,0.00010652799704766609,
main,main/rep0-stream1-regime0-d20/2,0,1,0,20,1.0,1.0,0.0,random-mirrors,quadratic-ac,0.00030500699472486316,
main,main/rep0-stream1-regime0-d20/3,0,1,0,20,1.0,1.0,0.0,random-mirrors,quadratic-ac,0.00033807695543589325,
main,main/rep0-stream1-regime0-d20/4,0,1,0,20,1.0,1.0,0.0,random-mirrors,quadratic-ac,9.994838280555945e-05,
main,main/rep0-stream1-regime0-d20/5,0,1,0,20,1.0,1.0,0.0,random-mirrors,quadratic-ac,7.993026287999036e-05,
main,main/rep0-stream1-regime0-d20/6,0,1,0,20,1.0,1.0,0.0,random-mirrors,quadratic-ac,0.00017572482306485676,
main,main/rep0-stream1-regime0-d20/7,0,1,0,20,1.0,1.0,0.0,random-mirrors,quadratic-ac,0.0001798659269625983,
main,main/rep0-stream1-regime0-d20/0,0,1,0,20,1.0,1.0,0.0,random-mirrors,quadratic-vc,0.0001775025051779677,
main,main/rep0-stream1-regime0-d20/1,0,1,0,20,1.0,1.0,0.0,random-mirrors,quadratic-vc,0.00012346250692305086,
main,main/rep0-stream1-regime0-d20/2,0,1,0,20,1.0,1.0,0.0,random-mirrors,quadratic-vc,0.0003046685459327752,
main,main/rep0-stream1-regime0-d20/3,0,1,0,20,1.0,1.0,0.0,random-mirrors,quadratic-vc,0.0003494670798894546,
main,main/rep0-stream1-regime0-d20/4,0,1,0,20,1.0,1.0,0.0,random-mirrors,quadratic-vc,0.00010402220034114187,
main,main/rep0-stream1-regime0-d20/5,0,1,0,20,1.0,1.0,0.0,random-mirrors,quadratic-vc,7.899578428994129e-05,
main,main/rep0-stream1-regime0-d20/6,0,1,0,20,1.0,1.0,0.0,random-mirrors,quadratic-vc,0.00017130849800943546,
main,main/rep0-stream1-regime0-d20/7,0,1,0,20,1.0,1.0,0.0,random-mirrors,quadratic-vc,0.0001570624032415766,
main,main/rep0-stream1-regime0-d20/0,0,1,0,20,10.0,1.0,0.0,staggered-cycle,quadratic-ac,0.0005963880546147334,
main,main/rep0-stream1-regime0-d20/1,0,1,0,20,10.0,1.0,0.0,staggered-cycle,quadratic-ac,0.0003123837093310781,
main,main/rep0-stream1-regime0-d20/2,0,1,0,20,10.0,1.0,0.0,staggered-cycle,quadratic-ac,0.0004912209934945348,
main,main/rep0-stream1-regime0-d20/3,0,1,0,20,10.0,1.0,0.0,staggered-cycle,quadratic-ac,0.0001240659130780735,
main,main/rep0-stream1-regime0-d20/4,0,1,0,20,10.0,1.0,0.0,staggered-cycle,quadratic-ac,0.00029892697976932863,
main,main/rep0-stream1-regime0-d20/5,0,1,0,20,10.0,1.0,0.0,staggered-cycle,quadratic-ac,0.00042233171604742986,
main,main/rep0-stream1-regime0-d20/6,0,1,0,20,10.0,1.0,0.0,staggered-cycle,quadratic-ac,0.00040867628343928,
main,main/rep0-stream1-regime0-d20/7,0,1,0,20,10.0,1.0,0.0,staggered-cycle,quadratic-ac,0.0002039589634961093,
main,main/rep0-stream1-regime0-d20/0,0,1,0,20,10.0,1.0,0.0,staggered-cycle,quadratic-vc,0.0005363242134309926,
main,main/rep0-stream1-regime0-d20/1,0,1,0,20,10.0,1.0,0.0,staggered-cycle,quadratic-vc,0.0002962705155816532,
main,main/rep0-stream1-regime0-d20/2,0,1,0,20,10.0,1.0,0.0,staggered-cycle,quadratic-vc,0.00045961214483668884,
main,main/rep0-stream1-regime0-d20/3,0,1,0,20,10.0,1.0,0.0,staggered-cycle,quadratic-vc,0.0001337576583318358,
main,main/rep0-stream1-regime0-d20/4,0,1,0,20,10.0,1.0,0.0,staggered-cycle,quadratic-vc,0.0002742008940548902,
main,main/rep0-stream1-regime0-d20/5,0,1,0,20,10.0,1.0,0.0,staggered-cycle,quadratic-vc,0.00041558848591853224,
main,main/rep0-stream1-regime0-d20/6,0,1,0,20,10.0,1.0,0.0,staggered-cycle,quadratic-vc,0.0004200148814349479,
main,main/rep0-stream1-regime0-d20/7,0,1,0,20,10.0,1.0,0.0,staggered-cycle,quadratic-vc,0.0001919784396291176,
main,main/rep0-stream1-regime0-d20/0,0,1,0,20,10.0,1.0,0.0,random-mirrors,quadratic-ac,0.00035920137715479835,
main,main/rep0-stream1-regime0-d20/1,0,1,0,20,10.0,1.0,0.0,random-mirrors,quadratic-ac,0.0008712967075442807,
main,main/rep0-stream1-regime0-d20/2,0,1,0,20,10.0,1.0,0.0,random-mirrors,quadratic-ac,0.00090917652294421,
main,main/rep0-stream1-regime0-d20/3,0,1,0,20,10.0,1.0,0.0,random-mirrors,quadratic-ac,0.0005391233453388585,
main,main/rep0-stream1-regime0-d20/4,0,1,0,20,10.0,1.0,0.0,random-mirrors,quadratic-ac,0.0005106711668388868,
main,main/rep0-stream1-regime0-d20/5,0,1,0,20,10.0,1.0,0.0,random-mirrors,quadratic-ac,0.000664641105459748,
main,main/rep0-stream1-regime0-d20/6,0,1,0,20,10.0,1.0,0.0,random-mirrors,quadratic-ac,0.0004786695556071291,
main,main/rep0-stream1-regime0-d20/7,0,1,0,20,10.0,1.0,0.0,random-mirrors,quadratic-ac,0.0004781835692163312,
main,main/rep0-stream1-regime0-d20/0,0,1,0,20,10.0,1.0,0.0,random-mirrors,quadratic-vc,0.00034978639575417464,
main,main/rep0-stream1-regime0-d20/1,0,1,0,20,10.0,1.0,0.0,random-mirrors,quadratic-vc,0.0008215948528666681,
main,main/rep0-stream1-regime0-d20/2,0,1,0,20,10.0,1.0,0.0,random-mirrors,quadratic-vc,0.0007497555573686287,
main,main/rep0-stream1-regime0-d20/3,0,1,0,20,10.0,1.0,0.0,random-mirrors,quadratic-vc,0.0005026203195171767,
main,main/rep0-stream1-regime0-d20/4,0,1,0,20,10.0,1.0,0.0,random-mirrors,quadratic-vc,0.0004954860379968254,
main,main/rep0-stream1-regime0-d20/5,0,1,0,20,10.0,1.0,0.0,random-mirrors,quadratic-vc,0.0005652340240853559,
main,main/rep0-stream1-regime0-d20/6,0,1,0,20,10.0,1.0,0.0,random-mirrors,quadratic-vc,0.0004751022439107442,
main,main/rep0-stream1-regime0-d20/7,0,1,0,20,10.0,1.0,0.0,random-mirrors,quadratic-vc,0.0005046312687883805,
main,main/rep0-stream1-regime1-d10/0,0,1,1,10,0.1,1.0,0.0,staggered-cycle,quadratic-ac,0.0002897993361942267,
main,main/rep0-stream1-regime1-d10/1,0,1,1,10,0.1,1.0,0.0,staggered-cycle,quadratic-ac,0.00021116725213614067,
main,main/rep0-stream1-regime1-d10/2,0,1,1,10,0.1,1.0,0.0,staggered-cycle,quadratic-ac,0.0001435514861975443,
main,main/rep0-stream1-regime1-d10/3,0,1,1,10,0.1,1.0,0.0,staggered-cycle,quadratic-ac,0.00014718016324169556,
main,main/rep0-stream1-regime1-d10/4,0,1,1,10,0.1,1.0,0.0,staggered-cycle,quadratic-ac,0.00015936557456545472,
main,main/rep0-stream1-regime1-d10/5,0,1,1,10,0.1,1.0,0.0,staggered-cycle,quadratic-ac,0.00035047856625312353,
main,main/rep0-stream1-regime1-d10/6,0,1,1,10,0.1,1.0,0.0,staggered-cycle,quadratic-ac,7.177811949654478e-05,
main,main/rep0-stream1-regime1-d10/7,0,1,1,10,0.1,1.0,0.0,staggered-cycle,quadratic-ac,0.0002965186231406085,
main,main/rep0-stream1-regime1-d10/0,0,1,1,10,0.1,1.0,0.0,staggered-cycle,quadratic-vc,0.00020203338453753523,
main,main/rep0-stream1-regime1-d10/1,0,1,1,10,0.1,1.0,0.0,staggered-cycle,quadratic-vc,0.00019687307589658253,
main,main/rep0-stream1-regime1-d10/2,0,1,1,10,0.1,1.0,0.0,staggered-cycle,quadratic-vc,0.00017503167865597172,
main,main/rep0-stream1-regime1-d10/3,0,1,1,10,0.1,1.0,0.0,staggered-cycle,quadratic-vc,0.0001481626040686988,
main,main/rep0-stream1-regime1-d10/4,0,1,1,10,0.1,1.0,0.0,staggered-cycle,quadratic-vc,0.00014919839059429713,
main,main/rep0-stream1-regime1-d10/5,0,1,1,10,0.1,1.0,0.0,staggered-cycle,quadratic-vc,0.00027276171676815996,
main,main/rep0-stream1-regime1-d10/6,0,1,1,10,0.1,1.0,0.0,staggered-cycle,quadratic-vc,5.9551158607730044e-05,
main,main/rep0-stream1-regime1-d10/7,0,1,1,10,0.1,1.0,0.0,staggered-cycle,quadratic-vc,0.0002949711944916136,
main,main/rep0-stream1-regime1-d10/0,0,1,1,10,0.1,1.0,0.0,random-mirrors,quadratic-ac,0.00011360739809493391,
main,main/rep0-stream1-regime1-d10/1,0,1,1,10,0.1,1.0,0.0,random-mirrors,quadratic-ac,0.00013297365594004855,
main,main/rep0-stream1-regime1-d10/2,0,1,1,10,0.1,1.0,0.0,random-mirrors,quadratic-ac,0.00028342039055829094,
main,main/rep0-stream1-regime1-d10/3,0,1,1,10,0.1,1.0,0.0,random-mirrors,quadratic-ac,0.0002077310696672919,
main,main/rep0-stream1-regime1-d10/4,0,1,1,10,0.1,1.0,0.0,random-mirrors,quadratic-ac,0.0008199207353486115,
main,main/rep0-stream1-regime1-d10/5,0,1,1,10,0.1,1.0,0.0,random-mirrors,quadratic-ac,0.00033978573499932215,
main,main/rep0-stream1-regime1-d10/6,0,1,1,10,0.1,1.0,0.0,random-mirrors,quadratic-ac,0.0007411213384286307,
main,main/rep0-stream1-regime1-d10/7,0,1,1,10,0.1,1.0,0.0,random-mirrors,quadratic-ac,1.9722331679455963e-05,
main,main/rep0-stream1-regime1-d10/0,0,1,1,10,0.1,1.0,0.0,random-mirrors,quadratic-vc,0.00011042869751549729,
main,main/rep0-stream1-regime1-d10/1,0,1,1,10,0.1,1.0,0.0,random-mirrors,quadratic-vc,0.0001278190835587897,
main,main/rep0-stream1-regime1-d10/2,0,1,1,10,0.1,1.0,0.0,random-mirrors,quadratic-vc,0.0002831721003693081,
main,main/rep0-stream1-regime1-d10/3,0,1,1,10,0.1,1.0,0.0,random-mirrors,quadratic-vc,0.00023440305569611544,
main,main/rep0-stream1-regime1-d10/4,0,1,1,10,0.1,1.0,0.0,random-mirrors,quadratic-vc,0.0009062318876177059,
main,main/rep0-stream1-regime1-d10/5,0,1,1,10,0.1,1.0,0.0,random-mirrors,quadratic-vc,0.000364936330885374,
main,main/rep0-stream1-regime1-d10/6,0,1,1,10,0.1,1.0,0.0,random-mirrors,quadratic-vc,0.0007849249210467667,
main,main/rep0-stream1-regime1-d10/7,0,1,1,10,0.1,1.0,0.0,random-mirrors,quadratic-vc,2.8362390827929204e-05,
main,main/rep0-stream1-regime1-d10/0,0,1,1,10,1.0,1.0,0.0,staggered-cycle,quadratic-ac,0.0004181308868007267,
main,main/rep0-stream1-regime1-d10/1,0,1,1,10,1.0,1.0,0.0,staggered-cycle,quadratic-ac,8.360069372247917e-05,
main,main/rep0-stream1-regime1-d10/2,0,1,1,10,1.0,1.0,0.0,staggered-cycle,quadratic-ac,0.0002633166238020417,
main,main/rep0-stream1-regime1-d10/3,0,1,1,10,1.0,1.0,0.0,staggered-cycle,quadratic-ac,0.0002938182235342158,
main,main/rep0-stream1-regime1-d10/4,0,1,1,10,1.0,1.0,0.0,staggered-cycle,quadratic-ac,0.0002317953546964923,
main,main/rep0-stream1-regime1-d10/5,0,1,1,10,1.0,1.0,0.0,staggered-cycle,quadratic-ac,0.0004006994971886295,
main,main/rep0-stream1-regime1-d10/6,0,1,1,10,1.0,1.0,0.0,staggered-cycle,quadratic-ac,0.0003724988993185845,
main,main/rep0-stream1-regime1-d10/7,0,1,1,10,1.0,1.0,0.0,staggered-cycle,quadratic-ac,0.00023399728205199667,
main,main/rep0-stream1-regime1-d10/0,0,1,1,10,1.0,1.0,0.0,staggered-cycle,quadratic-vc,0.0003785124575667593,
main,main/rep0-stream1-regime1-d10/1,0,1,1,10,1.0,1.0,0.0,staggered-cycle,quadratic-vc,0.00010066570370212885,
main,main/rep0-stream1-regime1-d10/2,0,1,1,10,1.0,1.0,0.0,staggered-cycle,quadratic-vc,0.0002450638731241154,
main,main/rep0-stream1-regime1-d10/3,0,1,1,10,1.0,1.0,0.0,staggered-cycle,quadratic-vc,0.0002874883933738293,
main,main/rep0-stream1-regime1-d10/4,0,1,1,10,1.0,1.0,0.0,staggered-cycle,quadratic-vc,0.00020028708704499342,
main,main/rep0-stream1-regime1-d10/5,0,1,1,10,1.0,1.0,0.0,staggered-cycle,quadratic-vc,0.0003609556847775428,
main,main/rep0-stream1-regime1-d10/6,0,1,1,10,1.0,1.0,0.0,staggered-cycle,quadratic-vc,0.00040662718719286777,
main,main/rep0-stream1-regime1-d10/7,0,1,1,10,1.0,1.0,0.0,staggered-cycle,quadratic-vc,0.0002704799686416488,
main,main/rep0-stream1-regime1-d10/0,0,1,1,10,1.0,1.0,0.0,random-mirrors,quadratic-ac,0.0004982199487633601,
main,main/rep0-stream1-regime1-d10/1,0,1,1,10,1.0,1.0,0.0,random-mirrors,quadratic-ac,0.0006879847582716042,
main,main/rep0-stream1-regime1-d10/2,0,1,1,10,1.0,1.0,0.0,random-mirrors,quadratic-ac,0.0002226914907814381,
main,main/rep0-stream1-regime1-d10/3,0,1,1,10,1.0,1.0,0.0,random-mirrors,quadratic-ac,0.0005106470166757533,
main,main/rep0-stream1-regime1-d10/4,0,1,1,10,1.0,1.0,0.0,random-mirrors,quadratic-ac,0.002734949962394944,
main,main/rep0-stream1-regime1-d10/5,0,1,1,10,1.0,1.0,0.0,random-mirrors,quadratic-ac,0.00023635373121445196,
main,main/rep0-stream1-regime1-d10/6,0,1,1,10,1.0,1.0,0.0,random-mirrors,quadratic-ac,0.00040653574277616276,
main,main/rep0-stream1-regime1-d10/7,0,1,1,10,1.0,1.0,0.0,random-mirrors,quadratic-ac,4.8405220723470596e-05,
main,main/rep0-stream1-regime1-d10/0,0,1,1,10,1.0,1.0,0.0,random-mirrors,quadratic-vc,0.0005619559786083265,
main,main/rep0-stream1-regime1-d10/1,0,1,1,10,1.0,1.0,0.0,random-mirrors,quadratic-vc,0.000692046358767269,
main,main/rep0-stream1-regime1-d10/2,0,1,1,10,1.0,1.0,0.0,random-mirrors,quadratic-vc,0.0003040670662363847,
main,main/rep0-stream1-regime1-d10/3,0,1,1,10,1.0,1.0,0.0,random-mirrors,quadratic-vc,0.0004614550772273318,
main,main/rep0-stream1-regime1-d10/4,0,1,1,10,1.0,1.0,0.0,random-mirrors,quadratic-vc,0.0032618710788086575,
main,main/rep0-stream1-regime1-d10/5,0,1,1,10,1.0,1.0,0.0,random-mirrors,quadratic-vc,0.00022325353105382233,
main,main/rep0-stream1-regime1-d10/6,0,1,1,10,1.0,1.0,0.0,random-mirrors,quadratic-vc,0.0004002324980612002,
main,main/rep0-stream1-regime1-d10/7,0,1,1,10,1.0,1.0,0.0,random-mirrors,quadratic-vc,4.24964405800075e-05,
main,main/rep0-stream1-regime1-d10/0,0,1,1,10,10.0,1.0,0.0,staggered-cycle,quadratic-ac,0.0037320056798044346,
main,main/rep0-stream1-regime1-d10/1,0,1,1,10,10.0,1.0,0.0,staggered-cycle,quadratic-ac,0.003732351541646295,
main,main/rep0-stream1-regime1-d10/2,0,1,1,10,10.0,1.0,0.0,staggered-cycle,quadratic-ac,0.0011935456204713686,
main,main/rep0-stream1-regime1-d10/3,0,1,1,10,10.0,1.0,0.0,staggered-cycle,quadratic-ac,0.004612337753198157,
main,main/rep0-stream1-regime1-d10/4,0,1,1,10,10.0,1.0,0.0,staggered-cycle,quadratic-ac,0.002587355043804734,
main,main/rep0-stream1-regime1-d10/5,0,1,1,10,10.0,1.0,0.0,staggered-cycle,quadratic-ac,0.0023633486022628745,
main,main/rep0-stream1-regime1-d10/6,0,1,1,10,10.0,1.0,0.0,staggered-cycle,quadratic-ac,0.003687983091624781,
main,main/rep0-stream1-regime1-d10/7,0,1,1,10,10.0,1.0,0.0,staggered-cycle,quadratic-ac,0.0025747703826789225,
main,main/rep0-stream1-regime1-d10/0,0,1,1,10,10.0,1.0,0.0,staggered-cycle,quadratic-vc,0.0030820914554514165,
main,main/rep0-stream1-regime1-d10/1,0,1,1,10,10.0,1.0,0.0,staggered-cycle,quadratic-vc,0.003434391039063767,
main,main/rep0-stream1-regime1-d10/2,0,1,1,10,10.0,1.0,0.0,staggered-cycle,quadratic-vc,0.0011600571278980738,
main,main/rep0-stream1-regime1-d10/3,0,1,1,10,10.0,1.0,0.0,staggered-cycle,quadratic-vc,0.004458818786977664,
main,main/rep0-stream1-regime1-d10/4,0,1,1,10,10.0,1.0,0.0,staggered-cycle,quadratic-vc,0.001739294626113415,
main,main/rep0-stream1-regime1-d10/5,0,1,1,10,10.0,1.0,0.0,staggered-cycle,quadratic-vc,0.001988985254385107,
main,main/rep0-stream1-regime1-d10/6,0,1,1,10,10.0,1.0,0.0,staggered-cycle,quadratic-vc,0.0031389231076595055,
main,main/rep0-stream1-regime1-d10/7,0,1,1,10,10.0,1.0,0.0,staggered-cycle,quadratic-vc,0.0026765113367099203,
main,main/rep0-stream1-regime1-d10/0,0,1,1,10,10.0,1.0,0.0,random-mirrors,quadratic-ac,0.008994787920209042,
main,main/rep0-stream1-regime1-d10/1,0,1,1,10,10.0,1.0,0.0,random-mirrors,quadratic-ac,0.0037772312723658944,
main,main/rep0-stream1-regime1-d10/2,0,1,1,10,10.0,1.0,0.0,random-mirrors,quadratic-ac,0.0018148324795802685,
main,main/rep0-stream1-regime1-d10/3,0,1,1,10,10.0,1.0,0.0,random-mirrors,quadratic-ac,0.00481136290295806,
main,main/rep0-stream1-regime1-d10/4,0,1,1,10,10.0,1.0,0.0,random-mirrors,quadratic-ac,0.0005455803991479399,
main,main/rep0-stream1-regime1-d10/5,0,1,1,10,10.0,1.0,0.0,random-mirrors,quadratic-ac,0.009011552302484247,
main,main/rep0-stream1-regime1-d10/6,0,1,1,10,10.0,1.0,0.0,random-mirrors,quadratic-ac,0.011927274197132144,
main,main/rep0-stream1-regime1-d10/7,0,1,1,10,10.0,1.0,0.0,random-mirrors,quadratic-ac,0.0029519856283821153,
main,main/rep0-stream1-regime1-d10/0,0,1,1,10,10.0,1.0,0.0,random-mirrors,quadratic-vc,0.006521597096360645,
main,main/rep0-stream1-regime1-d10/1,0,1,1,10,10.0,1.0,0.0,random-mirrors,quadratic-vc,0.0036839876281820646,
main,main/rep0-stream1-regime1-d10/2,0,1,1,10,10.0,1.0,0.0,random-mirrors,quadratic-vc,0.00221575608948552,
main,main/rep0-stream1-regime1-d10/3,0,1,1,10,10.0,1.0,0.0,random-mirrors,quadratic-vc,0.00481571252792478,
main,main/rep0-stream1-regime1-d10/4,0,1,1,10,10.0,1.0,0.0,random-mirrors,quadratic-vc,0.0009768819747482266,
main,main/rep0-stream1-regime1-d10/5,0,1,1,10,10.0,1.0,0.0,random-mirrors,quadratic-vc,0.007781756440293307,
main,main/rep0-stream1-regime1-d10/6,0,1,1,10,10.0,1.0,0.0,random-mirrors,quadratic-vc,0.012351072587562696,
main,main/rep0-stream1-regime1-d10/7,0,1,1,10,10.0,1.0,0.0,random-mirrors,quadratic-vc,0.0034768615842543267,
main,main/rep0-stream1-regime1-d50/0,0,1,1,50,0.1,1.0,0.0,staggered-cycle,quadratic-ac,1.360874368409258e-05,
main,main/rep0-stream1-regime1-d50/1,0,1,1,50,0.1,1.0,0.0,staggered-cycle,quadratic-ac,1.0116129672532599e-05,
main,main/rep0-stream1-regime1-d50/2,0,1,1,50,0.1,1.0,0.0,staggered-cycle,quadratic-ac,1.1591007778249822e-05,
main,main/rep0-stream1-regime1-d50/3,0,1,1,50,0.1,1.0,0.0,staggered-cycle,quadratic-ac,1.2374710499283138e-05,
main,main/rep0-stream1-regime1-d50/4,0,1,1,50,0.1,1.0,0.0,staggered-cycle,quadratic-ac,8.272906118532649e-06,
main,main/rep0-stream1-regime1-d50/5,0,1,1,50,0.1,1.0,0.0,staggered-cycle,quadratic-ac,1.1268081428235614e-05,
main,main/rep0-stream1-regime1-d50/6,0,1,1,50,0.1,1.0,0.0,staggered-cycle,quadratic-ac,6.543969295724236e-06,
main,main/rep0-stream1-regime1-d50/7,0,1,1,50,0.1,1.0,0.0,staggered-cycle,quadratic-ac,1.9860697511158935e-05,
main,main/rep0-stream1-regime1-d50/0,0,1,1,50,0.1,1.0,0.0,staggered-cycle,quadratic-vc,1.3654571151305e-05,
main,main/rep0-stream1-regime1-d50/1,0,1,1,50,0.1,1.0,0.0,staggered-cycle,quadratic-vc,9.765778847737469e-06,
main,main/rep0-stream1-regime1-d50/2,0,1,1,50,0.1,1.0,0.0,staggered-cycle,quadratic-vc,1.1096647375679143e-05,
main,main/rep0-stream1-regime1-d50/3,0,1,1,50,0.1,1.0,0.0,staggered-cycle,quadratic-vc,9.963676305945151e-06,
main,main/rep0-stream1-regime1-d50/4,0,1,1,50,0.1,1.0,0.0,staggered-cycle,quadratic-vc,8.365668465659682e-06,
main,main/rep0-stream1-regime1-d50/5,0,1,1,50,0.1,1.0,0.0,staggered-cycle,quadratic-vc,1.0678138890937815e-05,
main,main/rep0-stream1-regime1-d50/6,0,1,1,50,0.1,1.0,0.0,staggered-cycle,quadratic-vc,7.339833468107604e-06,
main,main/rep0-stream1-regime1-d50/7,0,1,1,50,0.1,1.0,0.0,staggered-cycle,quadratic-vc,1.9709793657849277e-05,
main,main/rep0-stream1-regime1-d50/0,0,1,1,50,0.1,1.0,0.0,random-mirrors,quadratic-ac,2.4879472437070537e-05,
main,main/rep0-stream1-regime1-d50/1,0,1,1,50,0.1,1.0,0.0,random-mirrors,quadratic-ac,2.4001113455713543e-05,
main,main/rep0-stream1-regime1-d50/2,0,1,1,50,0.1,1.0,0.0,random-mirrors,quadratic-ac,1.432651911433642e-05,
main,main/rep0-stream1-regime1-d50/3,0,1,1,50,0.1,1.0,0.0,random-mirrors,quadratic-ac,1.46137433125477e-05,
main,main/rep0-stream1-regime1-d50/4,0,1,1,50,0.1,1.0,0.0,random-mirrors,quadratic-ac,2.320135096487214e-05,
main,main/rep0-stream1-regime1-d50/5,0,1,1,50,0.1,1.0,0.0,random-mirrors,quadratic-ac,2.3079612442564274e-05,
main,main/rep0-stream1-regime1-d50/6,0,1,1,50,0.1,1.0,0.0,random-mirrors,quadratic-ac,3.05936059856912e-05,
main,main/rep0-stream1-regime1-d50/7,0,1,1,50,0.1,1.0,0.0,random-mirrors,quadratic-ac,1.8070798608209973e-05,
main,main/rep0-stream1-regime1-d50/0,0,1,1,50,0.1,1.0,0.0,random-mirrors,quadratic-vc,2.3694341761009707e-05,
main,main/rep0-stream1-regime1-d50/1,0,1,1,50,0.1,1.0,0.0,random-mirrors,quadratic-vc,2.5285108552003462e-05,
main,main/rep0-stream1-regime1-d50/2,0,1,1,50,0.1,1.0,0.0,random-mirrors,quadratic-vc,1.6486132635015212e-05,
main,main/rep0-stream1-regime1-d50/3,0,1,1,50,0.1,1.0,0.0,random-mirrors,quadratic-vc,1.5598518809295297e-05,
main,main/rep0-stream1-regime1-d50/4,0,1,1,50,0.1,1.0,0.0,random-mirrors,quadratic-vc,2.2430187573077486e-05,
main,main/rep0-stream1-regime1-d50/5,0,1,1,50,0.1,1.0,0.0,random-mirrors,quadratic-vc,2.2697140775375447e-05,
main,main/rep0-stream1-regime1-d50/6,0,1,1,50,0.1,1.0,0.0,random-mirrors,quadratic-vc,3.263500393018733e-05,
main,main/rep0-stream1-regime1-d50/7,0,1,1,50,0.1,1.0,0.0,random-mirrors,quadratic-vc,1.9031222457380466e-05,
main,main/rep0-stream1-regime1-d50/0,0,1,1,50,1.0,1.0,0.0,staggered-cycle,quadratic-ac,1.0915982301616716e-05,
main,main/rep0-stream1-regime1-d50/1,0,1,1,50,1.0,1.0,0.0,staggered-cycle,quadratic-ac,1.1986129588856015e-05,
main,main/rep0-stream1-regime1-d50/2,0,1,1,50,1.0,1.0,0.0,staggered-cycle,quadratic-ac,1.166458577150439e-05,
main,main/rep0-stream1-regime1-d50/3,0,1,1,50,1.0,1.0,0.0,staggered-cycle,quadratic-ac,9.808502245623188e-06,
main,main/rep0-stream1-regime1-d50/4,0,1,1,50,1.0,1.0,0.0,staggered-cycle,quadratic-ac,1.7056713667187183e-05,
main,main/rep0-stream1-regime1-d50/5,0,1,1,50,1.0,1.0,0.0,staggered-cycle,quadratic-ac,1.0175450378907144e-05,
main,main/rep0-stream1-regime1-d50/6,0,1,1,50,1.0,1.0,0.0,staggered-cycle,quadratic-ac,1.4651367482473566e-05,
main,main/rep0-stream1-regime1-d50/7,0,1,1,50,1.0,1.0,0.0,staggered-cycle,quadratic-ac,1.340920992632229e-05,
main,main/rep0-stream1-regime1-d50/0,0,1,1,50,1.0,1.0,0.0,staggered-cycle,quadratic-vc,1.0253872321271728e-05,
main,main/rep0-stream1-regime1-d50/1,0,1,1,50,1.0,1.0,0.0,staggered-cycle,quadratic-vc,1.224178197929646e-05,
main,main/rep0-stream1-regime1-d50/2,0,1,1,50,1.0,1.0,0.0,staggered-cycle,quadratic-vc,1.129327881041102e-05,
main,main/rep0-stream1-regime1-d50/3,0,1,1,50,1.0,1.0,0.0,staggered-cycle,quadratic-vc,9.963766511913142e-06,
main,main/rep0-stream1-regime1-d50/4,0,1,1,50,1.0,1.0,0.0,staggered-cycle,quadratic-vc,1.6055183747405012e-05,
main,main/rep0-stream1-regime1-d50/5,0,1,1,50,1.0,1.0,0.0,staggered-cycle,quadratic-vc,1.0541743819190792e-05,
main,main/rep0-stream1-regime1-d50/6,0,1,1,50,1.0,1.0,0.0,staggered-cycle,quadratic-vc,1.1987553194172396e-05,
main,main/rep0-stream1-regime1-d50/7,0,1,1,50,1.0,1.0,0.0,staggered-cycle,quadratic-vc,1.2624803319261896e-05,
main,main/rep0-stream1-regime1-d50/0,0,1,1,50,1.0,1.0,0.0,random-mirrors,quadratic-ac,2.710874401643971e-05,
main,main/rep0-stream1-regime1-d50/1,0,1,1,50,1.0,1.0,0.0,random-mirrors,quadratic-ac,1.5479895580749736e-05,
main,main/rep0-stream1-regime1-d50/2,0,1,1,50,1.0,1.0,0.0,random-mirrors,quadratic-ac,1.90965722616996e-05,
main,main/rep0-stream1-regime1-d50/3,0,1,1,50,1.0,1.0,0.0,random-mirrors,quadratic-ac,2.9532214744049706e-05,
main,main/rep0-stream1-regime1-d50/4,0,1,1,50,1.0,1.0,0.0,random-mirrors,quadratic-ac,1.599800394172178e-05,
main,main/rep0-stream1-regime1-d50/5,0,1,1,50,1.0,1.0,0.0,random-mirrors,quadratic-ac,3.975949095398787e-05,
main,main/rep0-stream1-regime1-d50/6,0,1,1,50,1.0,1.0,0.0,random-mirrors,quadratic-ac,1.7165521241131402e-05,
main,main/rep0-stream1-regime1-d50/7,0,1,1,50,1.0,1.0,0.0,random-mirrors,quadratic-ac,1.8859085552281656e-05,
main,main/rep0-stream1-regime1-d50/0,0,1,1,50,1.0,1.0,0.0,random-mirrors,quadratic-vc,2.6449797309271618e-05,
main,main/rep0-stream1-regime1-d50/1,0,1,1,50,1.0,1.0,0.0,random-mirrors,quadratic-vc,1.5823128099701047e-05,
main,main/rep0-stream1-regime1-d50/2,0,1,1,50,1.0,1.0,0.0,random-mirrors,quadratic-vc,1.8315829867670008e-05,
main,main/rep0-stream1-regime1-d50/3,0,1,1,50,1.0,1.0,0.0,random-mirrors,quadratic-vc,2.926576713985498e-05,
main,main/rep0-stream1-regime1-d50/4,0,1,1,50,1.0,1.0,0.0,random-mirrors,quadratic-vc,1.642618670011418e-05,
main,main/rep0-stream1-regime1-d50/5,0,1,1,50,1.0,1.0,0.0,random-mirrors,quadratic-vc,4.0242314294989115e-05,
main,main/rep0-stream1-regime1-d50/6,0,1,1,50,1.0,1.0,0.0,random-mirrors,quadratic-vc,1.6633600695900463e-05,
main,main/rep0-stream1-regime1-d50/7,0,1,1,50,1.0,1.0,0.0,random-mirrors,quadratic-vc,1.969474843286469e-05,
main,main/rep0-stream1-regime1-d50/0,0,1,1,50,10.0,1.0,0.0,staggered-cycle,quadratic-ac,0.0001154925052919147,
main,main/rep0-stream1-regime1-d50/1,0,1,1,50,10.0,1.0,0.0,staggered-cycle,quadratic-ac,8.356070476101622e-05,
main,main/rep0-stream1-regime1-d50/2,0,1,1,50,10.0,1.0,0.0,staggered-cycle,quadratic-ac,8.299856106997269e-05,
main,main/rep0-stream1-regime1-d50/3,0,1,1,50,10.0,1.0,0.0,staggered-cycle,quadratic-ac,9.523840074143495e-05,
main,main/rep0-stream1-regime1-d50/4,0,1,1,50,10.0,1.0,0.0,staggered-cycle,quadratic-ac,6.040397226074024e-05,
main,main/rep0-stream1-regime1-d50/5,0,1,1,50,10.0,1.0,0.0,staggered-cycle,quadratic-ac,0.00010010815812158181,
main,main/rep0-stream1-regime1-d50/6,0,1,1,50,10.0,1.0,0.0,staggered-cycle,quadratic-ac,5.004950823478593e-05,
main,main/rep0-stream1-regime1-d50/7,0,1,1,50,10.0,1.0,0.0,staggered-cycle,quadratic-ac,4.78279070347983e-05,
main,main/rep0-stream1-regime1-d50/0,0,1,1,50,10.0,1.0,0.0,staggered-cycle,quadratic-vc,0.00012086061643402152,
main,main/rep0-stream1-regime1-d50/1,0,1,1,50,10.0,1.0,0.0,staggered-cycle,quadratic-vc,8.205232805992498e-05,
main,main/rep0-stream1-regime1-d50/2,0,1,1,50,10.0,1.0,0.0,staggered-cycle,quadratic-vc,7.70627718582606e-05,
main,main/rep0-stream1-regime1-d50/3,0,1,1,50,10.0,1.0,0.0,staggered-cycle,quadratic-vc,8.930152818515262e-05,
main,main/rep0-stream1-regime1-d50/4,0,1,1,50,10.0,1.0,0.0,staggered-cycle,quadratic-vc,5.880353225300773e-05,
main,main/rep0-stream1-regime1-d50/5,0,1,1,50,10.0,1.0,0.0,staggered-cycle,quadratic-vc,9.885642333048269e-05,
main,main/rep0-stream1-regime1-d50/6,0,1,1,50,10.0,1.0,0.0,staggered-cycle,quadratic-vc,4.7170471025609064e-05,
main,main/rep0-stream1-regime1-d50/7,0,1,1,50,10.0,1.0,0.0,staggered-cycle,quadratic-vc,5.502362967990444e-05,
main,main/rep0-stream1-regime1-d50/0,0,1,1,50,10.0,1.0,0.0,random-mirrors,quadratic-ac,0.00028435501703635775,
main,main/rep0-stream1-regime1-d50/1,0,1,1,50,10.0,1.0,0.0,random-mirrors,quadratic-ac,0.0001912154683688333,
main,main/rep0-stream1-regime1-d50/2,0,1,1,50,10.0,1.0,0.0,random-mirrors,quadratic-ac,0.0002375636686462896,
main,main/rep0-stream1-regime1-d50/3,0,1,1,50,10.0,1.0,0.0,random-mirrors,quadratic-ac,0.00021768286457384518,
main,main/rep0-stream1-regime1-d50/4,0,1,1,50,10.0,1.0,0.0,random-mirrors,quadratic-ac,0.00018487219842388037,
main,main/rep0-stream1-regime1-d50/5,0,1,1,50,10.0,1.0,0.0,random-mirrors,quadratic-ac,0.0002117800687436477,
main,main/rep0-stream1-regime1-d50/6,0,1,1,50,10.0,1.0,0.0,random-mirrors,quadratic-ac,0.00026524813298779134,
main,main/rep0-stream1-regime1-d50/7,0,1,1,50,10.0,1.0,0.0,random-mirrors,quadratic-ac,9.324345143435046e-05,
main,main/rep0-stream1-regime1-d50/0,0,1,1,50,10.0,1.0,0.0,random-mirrors,quadratic-vc,0.00026726603447177624,
main,main/rep0-stream1-regime1-d50/1,0,1,1,50,10.0,1.0,0.0,random-mirrors,quadratic-vc,0.00017426419691938904,
main,main/rep0-stream1-regime1-d50/2,0,1,1,50,10.0,1.0,0.0,random-mirrors,quadratic-vc,0.00023940780323456523,
main,main/rep0-stream1-regime1-d50/3,0,1,1,50,10.0,1.0,0.0,random-mirrors,quadratic-vc,0.00020768089232769537,
main,main/rep0-stream1-regime1-d50/4,0,1,1,50,10.0,1.0,0.0,random-mirrors,quadratic-vc,0.0001843911948953149,
main,main/rep0-stream1-regime1-d50/5,0,1,1,50,10.0,1.0,0.0,random-mirrors,quadratic-vc,0.00022056767775675254,
main,main/rep0-stream1-regime1-d50/6,0,1,1,50,10.0,1.0,0.0,random-mirrors,quadratic-vc,0.000256384219939026,
main,main/rep0-stream1-regime1-d50/7,0,1,1,50,10.0,1.0,0.0,random-mirrors,quadratic-vc,9.056918678440074e-05,
main,main/rep1-stream0-regime0-d20/0,1,0,0,20,0.1,1.0,0.0,staggered-cycle,quadratic-ac,4.195546330161317e-05,
main,main/rep1-stream0-regime0-d20/1,1,0,0,20,0.1,1.0,0.0,staggered-cycle,quadratic-ac,6.142709983030538e-05,
main,main/rep1-stream0-regime0-d20/2,1,0,0,20,0.1,1.0,0.0,staggered-cycle,quadratic-ac,6.334681227481288e-05,
main,main/rep1-stream0-regime0-d20/3,1,0,0,20,0.1,1.0,0.0,staggered-cycle,quadratic-ac,6.150633284720289e-05,
main,main/rep1-stream0-regime0-d20/4,1,0,0,20,0.1,1.0,0.0,staggered-cycle,quadratic-ac,7.4098163109319e-05,
main,main/rep1-stream0-regime0-d20/5,1,0,0,20,0.1,1.0,0.0,staggered-cycle,quadratic-ac,0.00011856346064892831,
main,main/rep1-stream0-regime0-d20/6,1,0,0,20,0.1,1.0,0.0,staggered-cycle,quadratic-ac,3.869400438788912e-05,
main,main/rep1-stream0-regime0-d20/7,1,0,0,20,0.1,1.0,0.0,staggered-cycle,quadratic-ac,3.924674527068673e-05,
main,main/rep1-stream0-regime0-d20/0,1,0,0,20,0.1,1.0,0.0,staggered-cycle,quadratic-vc,4.041519887717251e-05,
main,main/rep1-stream0-regime0-d20/1,1,0,0,20,0.1,1.0,0.0,staggered-cycle,quadratic-vc,7.432786398775276e-05,
main,main/rep1-stream0-regime0-d20/2,1,0,0,20,0.1,1.0,0.0,staggered-cycle,quadratic-vc,5.65939623295281e-05,
main,main/rep1-stream0-regime0-d20/3,1,0,0,20,0.1,1.0,0.0,staggered-cycle,quadratic-vc,6.359841553458844e-05,
main,main/rep1-stream0-regime0-d20/4,1,0,0,20,0.1,1.0,0.0,staggered-cycle,quadratic-vc,5.8105332944376706e-05,
main,main/rep1-stream0-regime0-d20/5,1,0,0,20,0.1,1.0,0.0,staggered-cycle,quadratic-vc,0.00012400577946200972,
main,main/rep1-stream0-regime0-d20/6,1,0,0,20,0.1,1.0,0.0,staggered-cycle,quadratic-vc,3.8084963520019524e-05,
main,main/rep1-stream0-regime0-d20/7,1,0,0,20,0.1,1.0,0.0,staggered-cycle,quadratic-vc,4.502195230312572e-05,
main,main/rep1-stream0-regime0-d20/0,1,0,0,20,0.1,1.0,0.0,random-mirrors,quadratic-ac,8.566333718854198e-05,
main,main/rep1-stream0-regime0-d20/1,1,0,0,20,0.1,1.0,0.0,random-mirrors,quadratic-ac,7.726400559811083e-05,
main,main/rep1-stream0-regime0-d20/2,1,0,0,20,0.1,1.0,0.0,random-mirrors,quadratic-ac,0.0001512629485814718,
main,main/rep1-stream0-regime0-d20/3,1,0,0,20,0.1,1.0,0.0,random-mirrors,quadratic-ac,0.00010634327030917308,
main,main/rep1-stream0-regime0-d20/4,1,0,0,20,0.1,1.0,0.0,random-mirrors,quadratic-ac,9.266889336603684e-05,
main,main/rep1-stream0-regime0-d20/5,1,0,0,20,0.1,1.0,0.0,random-mirrors,quadratic-ac,2.9489577310464216e-05,
main,main/rep1-stream0-regime0-d20/6,1,0,0,20,0.1,1.0,0.0,random-mirrors,quadratic-ac,5.4122265147070235e-05,
main,main/rep1-stream0-regime0-d20/7,1,0,0,20,0.1,1.0,0.0,random-mirrors,quadratic-ac,0.0001331191083520044,
main,main/rep1-stream0-regime0-d20/0,1,0,0,20,0.1,1.0,0.0,random-mirrors,quadratic-vc,9.261736168806704e-05,
main,main/rep1-stream0-regime0-d20/1,1,0,0,20,0.1,1.0,0.0,random-mirrors,quadratic-vc,8.592981181268928e-05,
main,main/rep1-stream0-regime0-d20/2,1,0,0,20,0.1,1.0,0.0,random-mirrors,quadratic-vc,0.00015828500908466797,
main,main/rep1-stream0-regime0-d20/3,1,0,0,20,0.1,1.0,0.0,random-mirrors,quadratic-vc,0.00010740711664378183,
main,main/rep1-stream0-regime0-d20/4,1,0,0,20,0.1,1.0,0.0,random-mirrors,quadratic-vc,8.565853956077734e-05,
main,main/rep1-stream0-regime0-d20/5,1,0,0,20,0.1,1.0,0.0,random-mirrors,quadratic-vc,2.848463342778192e-05,
main,main/rep1-stream0-regime0-d20/6,1,0,0,20,0.1,1.0,0.0,random-mirrors,quadratic-vc,5.6127127503420656e-05,
main,main/rep1-stream0-regime0-d20/7,1,0,0,20,0.1,1.0,0.0,random-mirrors,quadratic-vc,0.0001263501921205489,
main,main/rep1-stream0-regime0-d20/0,1,0,0,20,1.0,1.0,0.0,staggered-cycle,quadratic-ac,6.623558521146577e-05,
main,main/rep1-stream0-regime0-d20/1,1,0,0,20,1.0,1.0,0.0,staggered-cycle,quadratic-ac,0.00012852557643674948,
main,main/rep1-stream0-regime0-d20/2,1,0,0,20,1.0,1.0,0.0,staggered-cycle,quadratic-ac,0.00010374845984410638,
main,main/rep1-stream0-regime0-d20/3,1,0,0,20,1.0,1.0,0.0,staggered-cycle,quadratic-ac,4.8176499199580044e-05,
main,main/rep1-stream0-regime0-d20/4,1,0,0,20,1.0,1.0,0.0,staggered-cycle,quadratic-ac,4.04073054716112e-05,
main,main/rep1-stream0-regime0-d20/5,1,0,0,20,1.0,1.0,0.0,staggered-cycle,quadratic-ac,0.0001408460390967009,
main,main/rep1-stream0-regime0-d20/6,1,0,0,20,1.0,1.0,0.0,staggered-cycle,quadratic-ac,7.525972672326728e-05,
main,main/rep1-stream0-regime0-d20/7,1,0,0,20,1.0,1.0,0.0,staggered-cycle,quadratic-ac,8.394484715061483e-05,
main,main/rep1-stream0-regime0-d20/0,1,0,0,20,1.0,1.0,0.0,staggered-cycle,quadratic-vc,5.816892875440504e-05,
main,main/rep1-stream0-regime0-d20/1,1,0,0,20,1.0,1.0,0.0,staggered-cycle,quadratic-vc,0.00012110711622180498,
main,main/rep1-stream0-regime0-d20/2,1,0,0,20,1.0,1.0,0.0,staggered-cycle,quadratic-vc,0.00010432988794963999,
main,main/rep1-stream0-regime0-d20/3,1,0,0,20,1.0,1.0,0.0,staggered-cycle,quadratic-vc,4.670218584886494e-05,
main,main/rep1-stream0-regime0-d20/4,1,0,0,20,1.0,1.0,0.0,staggered-cycle,quadratic-vc,3.7218098624148394e-05,
main,main/rep1-stream0-regime0-d20/5,1,0,0,20,1.0,1.0,0.0,staggered-cycle,quadratic-vc,0.00013251381030330428,
main,main/rep1-stream0-regime0-d20/6,1,0,0,20,1.0,1.0,0.0,staggered-cycle,quadratic-vc,7.296846527839696e-05,
main,main/rep1-stream0-regime0-d20/7,1,0,0,20,1.0,1.0,0.0,staggered-cycle,quadratic-vc,8.718633368264856e-05,
main,main/rep1-stream0-regime0-d20/0,1,0,0,20,1.0,1.0,0.0,random-mirrors,quadratic-ac,0.00015070679885335423,
main,main/rep1-stream0-regime0-d20/1,1,0,0,20,1.0,1.0,0.0,random-mirrors,quadratic-ac,0.00013111576815854638,
main,main/rep1-stream0-regime0-d20/2,1,0,0,20,1.0,1.0,0.0,random-mirrors,quadratic-ac,0.00014517697579153165,
main,main/rep1-stream0-regime0-d20/3,1,0,0,20,1.0,1.0,0.0,random-mirrors,quadratic-ac,0.00016410209504602084,
main,main/rep1-stream0-regime0-d20/4,1,0,0,20,1.0,1.0,0.0,random-mirrors,quadratic-ac,0.00015191850866913372,
main,main/rep1-stream0-regime0-d20/5,1,0,0,20,1.0,1.0,0.0,random-mirrors,quadratic-ac,0.00019729320443094645,
main,main/rep1-stream0-regime0-d20/6,1,0,0,20,1.0,1.0,0.0,random-mirrors,quadratic-ac,0.0002924853742726959,
main,main/rep1-stream0-regime0-d20/7,1,0,0,20,1.0,1.0,0.0,random-mirrors,quadratic-ac,0.0003478225260806085,
main,main/rep1-stream0-regime0-d20/0,1,0,0,20,1.0,1.0,0.0,random-mirrors,quadratic-vc,0.0001496004481328603,
main,main/rep1-stream0-regime0-d20/1,1,0,0,20,1.0,1.0,0.0,random-mirrors,quadratic-vc,0.00013451959614729198,
main,main/rep1-stream0-regime0-d20/2,1,0,0,20,1.0,1.0,0.0,random-mirrors,quadratic-vc,0.0001392015275760402,
main,main/rep1-stream0-regime0-d20/3,1,0,0,20,1.0,1.0,0.0,random-mirrors,quadratic-vc,0.00017599759505159153,
main,main/rep1-stream0-regime0-d20/4,1,0,0,20,1.0,1.0,0.0,random-mirrors,quadratic-vc,0.0001651195881220851,
main,main/rep1-stream0-regime0-d20/5,1,0,0,20,1.0,1.0,0.0,random-mirrors,quadratic-vc,0.00017075777548102022,
main,main/rep1-stream0-regime0-d20/6,1,0,0,20,1.0,1.0,0.0,random-mirrors,quadratic-vc,0.00026089468095161266,
main,main/rep1-stream0-regime0-d20/7,1,0,0,20,1.0,1.0,0.0,random-mirrors,quadratic-vc,0.00033520381487379584,
main,main/rep1-stream0-regime0-d20/0,1,0,0,20,10.0,1.0,0.0,staggered-cycle,quadratic-ac,0.0002315745521440869,
main,main/rep1-stream0-regime0-d20/1,1,0,0,20,10.0,1.0,0.0,staggered-cycle,quadratic-ac,0.0008621287101228211,
main,main/rep1-stream0-regime0-d20/2,1,0,0,20,10.0,1.0,0.0,staggered-cycle,quadratic-ac,0.001264735731218566,
main,main/rep1-stream0-regime0-d20/3,1,0,0,20,10.0,1.0,0.0,staggered-cycle,quadratic-ac,0.00015625950295127986,
main,main/rep1-stream0-regime0-d20/4,1,0,0,20,10.0,1.0,0.0,staggered-cycle,quadratic-ac,0.0004559385037851758,
main,main/rep1-stream0-regime0-d20/5,1,0,0,20,10.0,1.0,0.0,staggered-cycle,quadratic-ac,0.0002817877546512991,
main,main/rep1-stream0-regime0-d20/6,1,0,0,20,10.0,1.0,0.0,staggered-cycle,quadratic-ac,0.0010793373037784164,
main,main/rep1-stream0-regime0-d20/7,1,0,0,20,10.0,1.0,0.0,staggered-cycle,quadratic-ac,0.00012164203379228059,
main,main/rep1-stream0-regime0-d20/0,1,0,0,20,10.0,1.0,0.0,staggered-cycle,quadratic-vc,0.00022939981668079678,
main,main/rep1-stream0-regime0-d20/1,1,0,0,20,10.0,1.0,0.0,staggered-cycle,quadratic-vc,0.0010454135015796025,
main,main/rep1-stream0-regime0-d20/2,1,0,0,20,10.0,1.0,0.0,staggered-cycle,quadratic-vc,0.001097396409991814,
main,main/rep1-stream0-regime0-d20/3,1,0,0,20,10.0,1.0,0.0,staggered-cycle,quadratic-vc,0.0001567710382080096,
main,main/rep1-stream0-regime0-d20/4,1,0,0,20,10.0,1.0,0.0,staggered-cycle,quadratic-vc,0.0004468476297669548,
main,main/rep1-stream0-regime0-d20/5,1,0,0,20,10.0,1.0,0.0,staggered-cycle,quadratic-vc,0.00025405752329260914,
main,main/rep1-stream0-regime0-d20/6,1,0,0,20,10.0,1.0,0.0,staggered-cycle,quadratic-vc,0.0010081634912444699,
main,main/rep1-stream0-regime0-d20/7,1,0,0,20,10.0,1.0,0.0,staggered-cycle,quadratic-vc,0.0001312939205173426,
main,main/rep1-stream0-regime0-d20/0,1,0,0,20,10.0,1.0,0.0,random-mirrors,quadratic-ac,0.0007553897881970407,
main,main/rep1-stream0-regime0-d20/1,1,0,0,20,10.0,1.0,0.0,random-mirrors,quadratic-ac,0.0007108446208182876,
main,main/rep1-stream0-regime0-d20/2,1,0,0,20,10.0,1.0,0.0,random-mirrors,quadratic-ac,0.0006788878456981821,
main,main/rep1-stream0-regime0-d20/3,1,0,0,20,10.0,1.0,0.0,random-mirrors,quadratic-ac,0.0016631483236555261,
main,main/rep1-stream0-regime0-d20/4,1,0,0,20,10.0,1.0,0.0,random-mirrors,quadratic-ac,0.00042340186802073727,
main,main/rep1-stream0-regime0-d20/5,1,0,0,20,10.0,1.0,0.0,random-mirrors,quadratic-ac,0.0013085396408986799,
main,main/rep1-stream0-regime0-d20/6,1,0,0,20,10.0,1.0,0.0,random-mirrors,quadratic-ac,0.0008089803492478987,
main,main/rep1-stream0-regime0-d20/7,1,0,0,20,10.0,1.0,0.0,random-mirrors,quadratic-ac,0.0007526320527184517,
main,main/rep1-stream0-regime0-d20/0,1,0,0,20,10.0,1.0,0.0,random-mirrors,quadratic-vc,0.0008433298004868013,
main,main/rep1-stream0-regime0-d20/1,1,0,0,20,10.0,1.0,0.0,random-mirrors,quadratic-vc,0.0006548218676732157,
main,main/rep1-stream0-regime0-d20/2,1,0,0,20,10.0,1.0,0.0,random-mirrors,quadratic-vc,0.00055430313973099,
main,main/rep1-stream0-regime0-d20/3,1,0,0,20,10.0,1.0,0.0,random-mirrors,quadratic-vc,0.0013697501088895771,
main,main/rep1-stream0-regime0-d20/4,1,0,0,20,10.0,1.0,0.0,random-mirrors,quadratic-vc,0.0004261320176758943,
main,main/rep1-stream0-regime0-d20/5,1,0,0,20,10.0,1.0,0.0,random-mirrors,quadratic-vc,0.001375183749549034,
main,main/rep1-stream0-regime0-d20/6,1,0,0,20,10.0,1.0,0.0,random-mirrors,quadratic-vc,0.0007322193747892378,
main,main/rep1-stream0-regime0-d20/7,1,0,0,20,10.0,1.0,0.0,random-mirrors,quadratic-vc,0.0006861055592158481,
main,main/rep1-stream0-regime1-d10/0,1,0,1,10,0.1,1.0,0.0,staggered-cycle,quadratic-ac,0.000703698247670841,
main,main/rep1-stream0-regime1-d10/1,1,0,1,10,0.1,1.0,0.0,staggered-cycle,quadratic-ac,6.979144991575326e-05,
main,main/rep1-stream0-regime1-d10/2,1,0,1,10,0.1,1.0,0.0,staggered-cycle,quadratic-ac,0.00011967145419822158,
main,main/rep1-stream0-regime1-d10/3,1,0,1,10,0.1,1.0,0.0,staggered-cycle,quadratic-ac,4.730337586042993e-05,
main,main/rep1-stream0-regime1-d10/4,1,0,1,10,0.1,1.0,0.0,staggered-cycle,quadratic-ac,4.798712472658755e-05,
main,main/rep1-stream0-regime1-d10/5,1,0,1,10,0.1,1.0,0.0,staggered-cycle,quadratic-ac,0.0002576055616961496,
main,main/rep1-stream0-regime1-d10/6,1,0,1,10,0.1,1.0,0.0,staggered-cycle,quadratic-ac,0.00012187947565631612,
main,main/rep1-stream0-regime1-d10/7,1,0,1,10,0.1,1.0,0.0,staggered-cycle,quadratic-ac,0.00015195618704077788,
main,main/rep1-stream0-regime1-d10/0,1,0,1,10,0.1,1.0,0.0,staggered-cycle,quadratic-vc,0.0006132190589067797,
main,main/rep1-stream0-regime1-d10/1,1,0,1,10,0.1,1.0,0.0,staggered-cycle,quadratic-vc,6.313139144637919e-05,
main,main/rep1-stream0-regime1-d10/2,1,0,1,10,0.1,1.0,0.0,staggered-cycle,quadratic-vc,0.0001576557530250567,
main,main/rep1-stream0-regime1-d10/3,1,0,1,10,0.1,1.0,0.0,staggered-cycle,quadratic-vc,5.915771642909006e-05,
main,main/rep1-stream0-regime1-d10/4,1,0,1,10,0.1,1.0,0.0,staggered-cycle,quadratic-vc,5.061194828009582e-05,
main,main/rep1-stream0-regime1-d10/5,1,0,1,10,0.1,1.0,0.0,staggered-cycle,quadratic-vc,0.0003045206989314472,
main,main/rep1-stream0-regime1-d10/6,1,0,1,10,0.1,1.0,0.0,staggered-cycle,quadratic-vc,0.00020354320062040108,
main,main/rep1-stream0-regime1-d10/7,1,0,1,10,0.1,1.0,0.0,staggered-cycle,quadratic-vc,0.00012252436771283397,
main,main/rep1-stream0-regime1-d10/0,1,0,1,10,0.1,1.0,0.0,random-mirrors,quadratic-ac,0.00039352598408025396,
main,main/rep1-stream0-regime1-d10/1,1,0,1,10,0.1,1.0,0.0,random-mirrors,quadratic-ac,0.00021498305588371638,
main,main/rep1-stream0-regime1-d10/2,1,0,1,10,0.1,1.0,0.0,random-mirrors,quadratic-ac,0.00030395210929551325,
main,main/rep1-stream0-regime1-d10/3,1,0,1,10,0.1,1.0,0.0,random-mirrors,quadratic-ac,0.00014830491606974999,
main,main/rep1-stream0-regime1-d10/4,1,0,1,10,0.1,1.0,0.0,random-mirrors,quadratic-ac,0.0003052106138730203,
main,main/rep1-stream0-regime1-d10/5,1,0,1,10,0.1,1.0,0.0,random-mirrors,quadratic-ac,0.0006801202118550692,
main,main/rep1-stream0-regime1-d10/6,1,0,1,10,0.1,1.0,0.0,random-mirrors,quadratic-ac,8.52409376023728e-05,
main,main/rep1-stream0-regime1-d10/7,1,0,1,10,0.1,1.0,0.0,random-mirrors,quadratic-ac,0.00018599001244456738,
main,main/rep1-stream0-regime1-d10/0,1,0,1,10,0.1,1.0,0.0,random-mirrors,quadratic-vc,0.0003953719435549345,
main,main/rep1-stream0-regime1-d10/1,1,0,1,10,0.1,1.0,0.0,random-mirrors,quadratic-vc,0.00021841448646285866,
main,main/rep1-stream0-regime1-d10/2,1,0,1,10,0.1,1.0,0.0,random-mirrors,quadratic-vc,0.00031020975733275547,
main,main/rep1-stream0-regime1-d10/3,1,0,1,10,0.1,1.0,0.0,random-mirrors,quadratic-vc,0.0001633443368964973,
main,main/rep1-stream0-regime1-d10/4,1,0,1,10,0.1,1.0,0.0,random-mirrors,quadratic-vc,0.00034232840118041087,
main,main/rep1-stream0-regime1-d10/5,1,0,1,10,0.1,1.0,0.0,random-mirrors,quadratic-vc,0.0005798721696253722,
main,main/rep1-stream0-regime1-d10/6,1,0,1,10,0.1,1.0,0.0,random-mirrors,quadratic-vc,6.23930035149894e-05,
main,main/rep1-stream0-regime1-d10/7,1,0,1,10,0.1,1.0,0.0,random-mirrors,quadratic-vc,0.00022428438126993348,
main,main/rep1-stream0-regime1-d10/0,1,0,1,10,1.0,1.0,0.0,staggered-cycle,quadratic-ac,0.0002857975965270536,
main,main/rep1-stream0-regime1-d10/1,1,0,1,10,1.0,1.0,0.0,staggered-cycle,quadratic-ac,0.00027882582752385094,
main,main/rep1-stream0-regime1-d10/2,1,0,1,10,1.0,1.0,0.0,staggered-cycle,quadratic-ac,0.00026126186945494103,
main,main/rep1-stream0-regime1-d10/3,1,0,1,10,1.0,1.0,0.0,staggered-cycle,quadratic-ac,0.00012698101802240252,
main,main/rep1-stream0-regime1-d10/4,1,0,1,10,1.0,1.0,0.0,staggered-cycle,quadratic-ac,0.0002502006137864223,
main,main/rep1-stream0-regime1-d10/5,1,0,1,10,1.0,1.0,0.0,staggered-cycle,quadratic-ac,5.212008019266925e-05,
main,main/rep1-stream0-regime1-d10/6,1,0,1,10,1.0,1.0,0.0,staggered-cycle,quadratic-ac,9.744488875444017e-05,
main,main/rep1-stream0-regime1-d10/7,1,0,1,10,1.0,1.0,0.0,staggered-cycle,quadratic-ac,0.0001209884493873084,
main,main/rep1-stream0-regime1-d10/0,1,0,1,10,1.0,1.0,0.0,staggered-cycle,quadratic-vc,0.00030250053699363145,
main,main/rep1-stream0-regime1-d10/1,1,0,1,10,1.0,1.0,0.0,staggered-cycle,quadratic-vc,0.000274859668623952,
main,main/rep1-stream0-regime1-d10/2,1,0,1,10,1.0,1.0,0.0,staggered-cycle,quadratic-vc,0.00023404063642532022,
main,main/rep1-stream0-regime1-d10/3,1,0,1,10,1.0,1.0,0.0,staggered-cycle,quadratic-vc,0.00015873250373893332,
main,main/rep1-stream0-regime1-d10/4,1,0,1,10,1.0,1.0,0.0,staggered-cycle,quadratic-vc,0.0002738149471337418,
main,main/rep1-stream0-regime1-d10/5,1,0,1,10,1.0,1.0,0.0,staggered-cycle,quadratic-vc,4.835981871814281e-05,
main,main/rep1-stream0-regime1-d10/6,1,0,1,10,1.0,1.0,0.0,staggered-cycle,quadratic-vc,0.00010390772581375337,
main,main/rep1-stream0-regime1-d10/7,1,0,1,10,1.0,1.0,0.0,staggered-cycle,quadratic-vc,0.00015067379661180225,
main,main/rep1-stream0-regime1-d10/0,1,0,1,10,1.0,1.0,0.0,random-mirrors,quadratic-ac,0.00025634722761541006,
main,main/rep1-stream0-regime1-d10/1,1,0,1,10,1.0,1.0,0.0,random-mirrors,quadratic-ac,0.0003694605627130305,
main,main/rep1-stream0-regime1-d10/2,1,0,1,10,1.0,1.0,0.0,random-mirrors,quadratic-ac,0.00012836077530031716,
main,main/rep1-stream0-regime1-d10/3,1,0,1,10,1.0,1.0,0.0,random-mirrors,quadratic-ac,0.0007577626959936616,
main,main/rep1-stream0-regime1-d10/4,1,0,1,10,1.0,1.0,0.0,random-mirrors,quadratic-ac,0.000550008797107745,
main,main/rep1-stream0-regime1-d10/5,1,0,1,10,1.0,1.0,0.0,random-mirrors,quadratic-ac,0.001259703472334925,
main,main/rep1-stream0-regime1-d10/6,1,0,1,10,1.0,1.0,0.0,random-mirrors,quadratic-ac,0.0002805258254469155,
main,main/rep1-stream0-regime1-d10/7,1,0,1,10,1.0,1.0,0.0,random-mirrors,quadratic-ac,0.0014053270444345685,
main,main/rep1-stream0-regime1-d10/0,1,0,1,10,1.0,1.0,0.0,random-mirrors,quadratic-vc,0.00024072854738476163,
main,main/rep1-stream0-regime1-d10/1,1,0,1,10,1.0,1.0,0.0,random-mirrors,quadratic-vc,0.00032534395739795407,
main,main/rep1-stream0-regime1-d10/2,1,0,1,10,1.0,1.0,0.0,random-mirrors,quadratic-vc,0.00011741312078877863,
main,main/rep1-stream0-regime1-d10/3,1,0,1,10,1.0,1.0,0.0,random-mirrors,quadratic-vc,0.0007958046324516151,
main,main/rep1-stream0-regime1-d10/4,1,0,1,10,1.0,1.0,0.0,random-mirrors,quadratic-vc,0.0004497311010474702,
main,main/rep1-stream0-regime1-d10/5,1,0,1,10,1.0,1.0,0.0,random-mirrors,quadratic-vc,0.001253456518779855,
main,main/rep1-stream0-regime1-d10/6,1,0,1,10,1.0,1.0,0.0,random-mirrors,quadratic-vc,0.0002581743322842123,
main,main/rep1-stream0-regime1-d10/7,1,0,1,10,1.0,1.0,0.0,random-mirrors,quadratic-vc,0.0013840118653117997,
main,main/rep1-stream0-regime1-d10/0,1,0,1,10,10.0,1.0,0.0,staggered-cycle,quadratic-ac,0.0009109228811264936,
main,main/rep1-stream0-regime1-d10/1,1,0,1,10,10.0,1.0,0.0,staggered-cycle,quadratic-ac,0.0009364945612403854,
main,main/rep1-stream0-regime1-d10/2,1,0,1,10,10.0,1.0,0.0,staggered-cycle,quadratic-ac,0.0025510118293202494,
main,main/rep1-stream0-regime1-d10/3,1,0,1,10,10.0,1.0,0.0,staggered-cycle,quadratic-ac,0.001100140284186661,
main,main/rep1-stream0-regime1-d10/4,1,0,1,10,10.0,1.0,0.0,staggered-cycle,quadratic-ac,0.0005857151833143775,
main,main/rep1-stream0-regime1-d10/5,1,0,1,10,10.0,1.0,0.0,staggered-cycle,quadratic-ac,0.0018961079419524407,
main,main/rep1-stream0-regime1-d10/6,1,0,1,10,10.0,1.0,0.0,staggered-cycle,quadratic-ac,0.001178347066764497,
main,main/rep1-stream0-regime1-d10/7,1,0,1,10,10.0,1.0,0.0,staggered-cycle,quadratic-ac,0.001174283771991236,
main,main/rep1-stream0-regime1-d10/0,1,0,1,10,10.0,1.0,0.0,staggered-cycle,quadratic-vc,0.0006700427901689451,
main,main/rep1-stream0-regime1-d10/1,1,0,1,10,10.0,1.0,0.0,staggered-cycle,quadratic-vc,0.0011538477779592874,
main,main/rep1-stream0-regime1-d10/2,1,0,1,10,10.0,1.0,0.0,staggered-cycle,quadratic-vc,0.0015674183117290036,
main,main/rep1-stream0-regime1-d10/3,1,0,1,10,10.0,1.0,0.0,staggered-cycle,quadratic-vc,0.0008967540848801496,
main,main/rep1-stream0-regime1-d10/4,1,0,1,10,10.0,1.0,0.0,staggered-cycle,quadratic-vc,0.0006009353301893674,
main,main/rep1-stream0-regime1-d10/5,1,0,1,10,10.0,1.0,0.0,staggered-cycle,quadratic-vc,0.0014717827817079413,
main,main/rep1-stream0-regime1-d10/6,1,0,1,10,10.0,1.0,0.0,staggered-cycle,quadratic-vc,0.0008814589417083314,
main,main/rep1-stream0-regime1-d10/7,1,0,1,10,10.0,1.0,0.0,staggered-cycle,quadratic-vc,0.001487042405906819,
main,main/rep1-stream0-regime1-d10/0,1,0,1,10,10.0,1.0,0.0,random-mirrors,quadratic-ac,0.009623329233836,
main,main/rep1-stream0-regime1-d10/1,1,0,1,10,10.0,1.0,0.0,random-mirrors,quadratic-ac,0.0029700495997970243,
main,main/rep1-stream0-regime1-d10/2,1,0,1,10,10.0,1.0,0.0,random-mirrors,quadratic-ac,0.0021177429769722042,
main,main/rep1-stream0-regime1-d10/3,1,0,1,10,10.0,1.0,0.0,random-mirrors,quadratic-ac,0.002715064201661273,
main,main/rep1-stream0-regime1-d10/4,1,0,1,10,10.0,1.0,0.0,random-mirrors,quadratic-ac,0.033559737514261015,
main,main/rep1-stream0-regime1-d10/5,1,0,1,10,10.0,1.0,0.0,random-mirrors,quadratic-ac,0.001913058099873123,
main,main/rep1-stream0-regime1-d10/6,1,0,1,10,10.0,1.0,0.0,random-mirrors,quadratic-ac,0.00223315783042513,
main,main/rep1-stream0-regime1-d10/7,1,0,1,10,10.0,1.0,0.0,random-mirrors,quadratic-ac,0.0023159839521390054,
main,main/rep1-stream0-regime1-d10/0,1,0,1,10,10.0,1.0,0.0,random-mirrors,quadratic-vc,0.009624794117034357,
main,main/rep1-stream0-regime1-d10/1,1,0,1,10,10.0,1.0,0.0,random-mirrors,quadratic-vc,0.0017290123343479912,
main,main/rep1-stream0-regime1-d10/2,1,0,1,10,10.0,1.0,0.0,random-mirrors,quadratic-vc,0.0018026380158325413,
main,main/rep1-stream0-regime1-d10/3,1,0,1,10,10.0,1.0,0.0,random-mirrors,quadratic-vc,0.0030731325047146773,
main,main/rep1-stream0-regime1-d10/4,1,0,1,10,10.0,1.0,0.0,random-mirrors,quadratic-vc,0.029335089231082488,
main,main/rep1-stream0-regime1-d10/5,1,0,1,10,10.0,1.0,0.0,random-mirrors,quadratic-vc,0.002407213180128551,
main,main/rep1-stream0-regime1-d10/6,1,0,1,10,10.0,1.0,0.0,random-mirrors,quadratic-vc,0.0020934887007028513,
main,main/rep1-stream0-regime1-d10/7,1,0,1,10,10.0,1.0,0.0,random-mirrors,quadratic-vc,0.0017318543462289445,
main,main/rep1-stream0-regime1-d50/0,1,0,1,50,0.1,1.0,0.0,staggered-cycle,quadratic-ac,3.515663796161956e-05,
main,main/rep1-stream0-regime1-d50/1,1,0,1,50,0.1,1.0,0.0,staggered-cycle,quadratic-ac,3.306980821625925e-05,
main,main/rep1-stream0-regime1-d50/2,1,0,1,50,0.1,1.0,0.0,staggered-cycle,quadratic-ac,9.654854889429532e-06,
main,main/rep1-stream0-regime1-d50/3,1,0,1,50,0.1,1.0,0.0,staggered-cycle,quadratic-ac,1.156544730641438e-05,
main,main/rep1-stream0-regime1-d50/4,1,0,1,50,0.1,1.0,0.0,staggered-cycle,quadratic-ac,1.4033053208581219e-05,
main,main/rep1-stream0-regime1-d50/5,1,0,1,50,0.1,1.0,0.0,staggered-cycle,quadratic-ac,1.367927111052028e-05,
main,main/rep1-stream0-regime1-d50/6,1,0,1,50,0.1,1.0,0.0,staggered-cycle,quadratic-ac,1.3618055905165785e-05,
main,main/rep1-stream0-regime1-d50/7,1,0,1,50,0.1,1.0,0.0,staggered-cycle,quadratic-ac,1.2504069768911515e-05,
main,main/rep1-stream0-regime1-d50/0,1,0,1,50,0.1,1.0,0.0,staggered-cycle,quadratic-vc,3.0159582014589345e-05,
main,main/rep1-stream0-regime1-d50/1,1,0,1,50,0.1,1.0,0.0,staggered-cycle,quadratic-vc,3.0035350574652854e-05,
main,main/rep1-stream0-regime1-d50/2,1,0,1,50,0.1,1.0,0.0,staggered-cycle,quadratic-vc,9.423666210088043e-06,
main,main/rep1-stream0-regime1-d50/3,1,0,1,50,0.1,1.0,0.0,staggered-cycle,quadratic-vc,1.3251761685567421e-05,
main,main/rep1-stream0-regime1-d50/4,1,0,1,50,0.1,1.0,0.0,staggered-cycle,quadratic-vc,1.4722821050339361e-05,
main,main/rep1-stream0-regime1-d50/5,1,0,1,50,0.1,1.0,0.0,staggered-cycle,quadratic-vc,1.3863588308957838e-05,
main,main/rep1-stream0-regime1-d50/6,1,0,1,50,0.1,1.0,0.0,staggered-cycle,quadratic-vc,1.2902941474943764e-05,
main,main/rep1-stream0-regime1-d50/7,1,0,1,50,0.1,1.0,0.0,staggered-cycle,quadratic-vc,1.3326033097624462e-05,
main,main/rep1-stream0-regime1-d50/0,1,0,1,50,0.1,1.0,0.0,random-mirrors,quadratic-ac,1.6476636234594177e-05,
main,main/rep1-stream0-regime1-d50/1,1,0,1,50,0.1,1.0,0.0,random-mirrors,quadratic-ac,3.1624498245579086e-05,
main,main/rep1-stream0-regime1-d50/2,1,0,1,50,0.1,1.0,0.0,random-mirrors,quadratic-ac,3.4326713173340014e-05,
main,main/rep1-stream0-regime1-d50/3,1,0,1,50,0.1,1.0,0.0,random-mirrors,quadratic-ac,2.6329237432416164e-05,
main,main/rep1-stream0-regime1-d50/4,1,0,1,50,0.1,1.0,0.0,random-mirrors,quadratic-ac,2.0854563717039516e-05,
main,main/rep1-stream0-regime1-d50/5,1,0,1,50,0.1,1.0,0.0,random-mirrors,quadratic-ac,1.6339465548001815e-05,
main,main/rep1-stream0-regime1-d50/6,1,0,1,50,0.1,1.0,0.0,random-mirrors,quadratic-ac,2.2978390007190343e-05,
main,main/rep1-stream0-regime1-d50/7,1,0,1,50,0.1,1.0,0.0,random-mirrors,quadratic-ac,1.3722937626261443e-05,
main,main/rep1-stream0-regime1-d50/0,1,0,1,50,0.1,1.0,0.0,random-mirrors,quadratic-vc,1.798283660710266e-05,
main,main/rep1-stream0-regime1-d50/1,1,0,1,50,0.1,1.0,0.0,random-mirrors,quadratic-vc,3.023311905626666e-05,
main,main/rep1-stream0-regime1-d50/2,1,0,1,50,0.1,1.0,0.0,random-mirrors,quadratic-vc,3.528282543650115e-05,
main,main/rep1-stream0-regime1-d50/3,1,0,1,50,0.1,1.0,0.0,random-mirrors,quadratic-vc,2.6208926437183123e-05,
main,main/rep1-stream0-regime1-d50/4,1,0,1,50,0.1,1.0,0.0,random-mirrors,quadratic-vc,1.998798032583539e-05,
main,main/rep1-stream0-regime1-d50/5,1,0,1,50,0.1,1.0,0.0,random-mirrors,quadratic-vc,1.4916474815991825e-05,
main,main/rep1-stream0-regime1-d50/6,1,0,1,50,0.1,1.0,0.0,random-mirrors,quadratic-vc,2.3343079785862463e-05,
main,main/rep1-stream0-regime1-d50/7,1,0,1,50,0.1,1.0,0.0,random-mirrors,quadratic-vc,1.4648326115675588e-05,
main,main/rep1-stream0-regime1-d50/0,1,0,1,50,1.0,1.0,0.0,staggered-cycle,quadratic-ac,8.062536906116234e-05,
main,main/rep1-stream0-regime1-d50/1,1,0,1,50,1.0,1.0,0.0,staggered-cycle,quadratic-ac,3.589097152822544e-05,
main,main/rep1-stream0-regime1-d50/2,1,0,1,50,1.0,1.0,0.0,staggered-cycle,quadratic-ac,4.0159062626783736e-05,
main,main/rep1-stream0-regime1-d50/3,1,0,1,50,1.0,1.0,0.0,staggered-cycle,quadratic-ac,1.5447288400551026e-05,
main,main/rep1-stream0-regime1-d50/4,1,0,1,50,1.0,1.0,0.0,staggered-cycle,quadratic-ac,1.5661921634429403e-05,
main,main/rep1-stream0-regime1-d50/5,1,0,1,50,1.0,1.0,0.0,staggered-cycle,quadratic-ac,1.2595522414830083e-05,
main,main/rep1-stream0-regime1-d50/6,1,0,1,50,1.0,1.0,0.0,staggered-cycle,quadratic-ac,1.460062660000446e-05,
main,main/rep1-stream0-regime1-d50/7,1,0,1,50,1.0,1.0,0.0,staggered-cycle,quadratic-ac,1.5628660451223886e-05,
main,main/rep1-stream0-regime1-d50/0,1,0,1,50,1.0,1.0,0.0,staggered-cycle,quadratic-vc,6.879385576739346e-05,
main,main/rep1-stream0-regime1-d50/1,1,0,1,50,1.0,1.0,0.0,staggered-cycle,quadratic-vc,3.458208858024467e-05,
main,main/rep1-stream0-regime1-d50/2,1,0,1,50,1.0,1.0,0.0,staggered-cycle,quadratic-vc,3.416883026415534e-05,
main,main/rep1-stream0-regime1-d50/3,1,0,1,50,1.0,1.0,0.0,staggered-cycle,quadratic-vc,1.6851316735664147e-05,
main,main/rep1-stream0-regime1-d50/4,1,0,1,50,1.0,1.0,0.0,staggered-cycle,quadratic-vc,1.679961075815307e-05,
main,main/rep1-stream0-regime1-d50/5,1,0,1,50,1.0,1.0,0.0,staggered-cycle,quadratic-vc,1.2102528981569819e-05,
main,main/rep1-stream0-regime1-d50/6,1,0,1,50,1.0,1.0,0.0,staggered-cycle,quadratic-vc,1.4848412353741126e-05,
main,main/rep1-stream0-regime1-d50/7,1,0,1,50,1.0,1.0,0.0,staggered-cycle,quadratic-vc,1.5779417783213558e-05,
main,main/rep1-stream0-regime1-d50/0,1,0,1,50,1.0,1.0,0.0,random-mirrors,quadratic-ac,3.699084832756949e-05,
main,main/rep1-stream0-regime1-d50/1,1,0,1,50,1.0,1.0,0.0,random-mirrors,quadratic-ac,3.167709033317052e-05,
main,main/rep1-stream0-regime1-d50/2,1,0,1,50,1.0,1.0,0.0,random-mirrors,quadratic-ac,3.959251840710344e-05,
main,main/rep1-stream0-regime1-d50/3,1,0,1,50,1.0,1.0,0.0,random-mirrors,quadratic-ac,3.029395762912333e-05,
main,main/rep1-stream0-regime1-d50/4,1,0,1,50,1.0,1.0,0.0,random-mirrors,quadratic-ac,3.0594723771391025e-05,
main,main/rep1-stream0-regime1-d50/5,1,0,1,50,1.0,1.0,0.0,random-mirrors,quadratic-ac,4.548264052303099e-05,
main,main/rep1-stream0-regime1-d50/6,1,0,1,50,1.0,1.0,0.0,random-mirrors,quadratic-ac,2.576701642117681e-05,
main,main/rep1-stream0-regime1-d50/7,1,0,1,50,1.0,1.0,0.0,random-mirrors,quadratic-ac,3.9606753844042385e-05,
main,main/rep1-stream0-regime1-d50/0,1,0,1,50,1.0,1.0,0.0,random-mirrors,quadratic-vc,3.52534233736845e-05,
main,main/rep1-stream0-regime1-d50/1,1,0,1,50,1.0,1.0,0.0,random-mirrors,quadratic-vc,3.0327726545364618e-05,
main,main/rep1-stream0-regime1-d50/2,1,0,1,50,1.0,1.0,0.0,random-mirrors,quadratic-vc,4.013337862789397e-05,
main,main/rep1-stream0-regime1-d50/3,1,0,1,50,1.0,1.0,0.0,random-mirrors,quadratic-vc,2.8554074427236738e-05,
main,main/rep1-stream0-regime1-d50/4,1,0,1,50,1.0,1.0,0.0,random-mirrors,quadratic-vc,2.816071438849193e-05,
main,main/rep1-stream0-regime1-d50/5,1,0,1,50,1.0,1.0,0.0,random-mirrors,quadratic-vc,4.735919367435399e-05,
main,main/rep1-stream0-regime1-d50/6,1,0,1,50,1.0,1.0,0.0,random-mirrors,quadratic-vc,2.6392093651703228e-05,
main,main/rep1-stream0-regime1-d50/7,1,0,1,50,1.0,1.0,0.0,random-mirrors,quadratic-vc,3.69488607176548e-05,
main,main/rep1-stream0-regime1-d50/0,1,0,1,50,10.0,1.0,0.0,staggered-cycle,quadratic-ac,0.00010406150443523808,
main,main/rep1-stream0-regime1-d50/1,1,0,1,50,10.0,1.0,0.0,staggered-cycle,quadratic-ac,6.810487538870531e-05,
main,main/rep1-stream0-regime1-d50/2,1,0,1,50,10.0,1.0,0.0,staggered-cycle,quadratic-ac,7.071639853301572e-05,
main,main/rep1-stream0-regime1-d50/3,1,0,1,50,10.0,1.0,0.0,staggered-cycle,quadratic-ac,8.984914622025493e-05,
main,main/rep1-stream0-regime1-d50/4,1,0,1,50,10.0,1.0,0.0,staggered-cycle,quadratic-ac,0.00010772603794467363,
main,main/rep1-stream0-regime1-d50/5,1,0,1,50,10.0,1.0,0.0,staggered-cycle,quadratic-ac,9.404328200777284e-05,
main,main/rep1-stream0-regime1-d50/6,1,0,1,50,10.0,1.0,0.0,staggered-cycle,quadratic-ac,9.313064420716093e-05,
main,main/rep1-stream0-regime1-d50/7,1,0,1,50,10.0,1.0,0.0,staggered-cycle,quadratic-ac,6.71338100702604e-05,
main,main/rep1-stream0-regime1-d50/0,1,0,1,50,10.0,1.0,0.0,staggered-cycle,quadratic-vc,0.00010367068466525136,
main,main/rep1-stream0-regime1-d50/1,1,0,1,50,10.0,1.0,0.0,staggered-cycle,quadratic-vc,6.297495527475692e-05,
main,main/rep1-stream0-regime1-d50/2,1,0,1,50,10.0,1.0,0.0,staggered-cycle,quadratic-vc,7.08220043109429e-05,
main,main/rep1-stream0-regime1-d50/3,1,0,1,50,10.0,1.0,0.0,staggered-cycle,quadratic-vc,0.00010867480822897528,
main,main/rep1-stream0-regime1-d50/4,1,0,1,50,10.0,1.0,0.0,staggered-cycle,quadratic-vc,0.00010594634006915402,
main,main/rep1-stream0-regime1-d50/5,1,0,1,50,10.0,1.0,0.0,staggered-cycle,quadratic-vc,9.327691791916996e-05,
main,main/rep1-stream0-regime1-d50/6,1,0,1,50,10.0,1.0,0.0,staggered-cycle,quadratic-vc,9.630045209404742e-05,
main,main/rep1-stream0-regime1-d50/7,1,0,1,50,10.0,1.0,0.0,staggered-cycle,quadratic-vc,6.567359515901823e-05,
main,main/rep1-stream0-regime1-d50/0,1,0,1,50,10.0,1.0,0.0,random-mirrors,quadratic-ac,0.0003268374983368695,
main,main/rep1-stream0-regime1-d50/1,1,0,1,50,10.0,1.0,0.0,random-mirrors,quadratic-ac,0.0001840842475699912,
main,main/rep1-stream0-regime1-d50/2,1,0,1,50,10.0,1.0,0.0,random-mirrors,quadratic-ac,0.0002556926005712461,
main,main/rep1-stream0-regime1-d50/3,1,0,1,50,10.0,1.0,0.0,random-mirrors,quadratic-ac,0.00017100395158713366,
main,main/rep1-stream0-regime1-d50/4,1,0,1,50,10.0,1.0,0.0,random-mirrors,quadratic-ac,0.000273746073399169,
main,main/rep1-stream0-regime1-d50/5,1,0,1,50,10.0,1.0,0.0,random-mirrors,quadratic-ac,0.0001676732852243127,
main,main/rep1-stream0-regime1-d50/6,1,0,1,50,10.0,1.0,0.0,random-mirrors,quadratic-ac,0.00021221133681991475,
main,main/rep1-stream0-regime1-d50/7,1,0,1,50,10.0,1.0,0.0,random-mirrors,quadratic-ac,0.0001866887225829925,
main,main/rep1-stream0-regime1-d50/0,1,0,1,50,10.0,1.0,0.0,random-mirrors,quadratic-vc,0.0003296555667680511,
main,main/rep1-stream0-regime1-d50/1,1,0,1,50,10.0,1.0,0.0,random-mirrors,quadratic-vc,0.00017617471664049233,
main,main/rep1-stream0-regime1-d50/2,1,0,1,50,10.0,1.0,0.0,random-mirrors,quadratic-vc,0.0002394816863639155,
main,main/rep1-stream0-regime1-d50/3,1,0,1,50,10.0,1.0,0.0,random-mirrors,quadratic-vc,0.00018548041191797357,
main,main/rep1-stream0-regime1-d50/4,1,0,1,50,10.0,1.0,0.0,random-mirrors,quadratic-vc,0.0002810306601356505,
main,main/rep1-stream0-regime1-d50/5,1,0,1,50,10.0,1.0,0.0,random-mirrors,quadratic-vc,0.00015026649058858132,
main,main/rep1-stream0-regime1-d50/6,1,0,1,50,10.0,1.0,0.0,random-mirrors,quadratic-vc,0.00022719676352740207,
main,main/rep1-stream0-regime1-d50/7,1,0,1,50,10.0,1.0,0.0,random-mirrors,quadratic-vc,0.0001793265757444913,
main,main/rep1-stream1-regime0-d20/0,1,1,0,20,0.1,1.0,0.0,staggered-cycle,quadratic-ac,0.00014339524365393082,
main,main/rep1-stream1-regime0-d20/1,1,1,0,20,0.1,1.0,0.0,staggered-cycle,quadratic-ac,0.00011617433352022292,
main,main/rep1-stream1-regime0-d20/2,1,1,0,20,0.1,1.0,0.0,staggered-cycle,quadratic-ac,4.466823106277425e-05,
main,main/rep1-stream1-regime0-d20/3,1,1,0,20,0.1,1.0,0.0,staggered-cycle,quadratic-ac,6.108419897974606e-05,
main,main/rep1-stream1-regime0-d20/4,1,1,0,20,0.1,1.0,0.0,staggered-cycle,quadratic-ac,4.407916086095161e-05,
main,main/rep1-stream1-regime0-d20/5,1,1,0,20,0.1,1.0,0.0,staggered-cycle,quadratic-ac,4.652095482098599e-05,
main,main/rep1-stream1-regime0-d20/6,1,1,0,20,0.1,1.0,0.0,staggered-cycle,quadratic-ac,7.225722461725021e-05,
main,main/rep1-stream1-regime0-d20/7,1,1,0,20,0.1,1.0,0.0,staggered-cycle,quadratic-ac,2.257625016210011e-05,
main,main/rep1-stream1-regime0-d20/0,1,1,0,20,0.1,1.0,0.0,staggered-cycle,quadratic-vc,0.0001456021409959294,
main,main/rep1-stream1-regime0-d20/1,1,1,0,20,0.1,1.0,0.0,staggered-cycle,quadratic-vc,0.00011827846715700688,
main,main/rep1-stream1-regime0-d20/2,1,1,0,20,0.1,1.0,0.0,staggered-cycle,quadratic-vc,4.4784548350308e-05,
main,main/rep1-stream1-regime0-d20/3,1,1,0,20,0.1,1.0,0.0,staggered-cycle,quadratic-vc,6.706176502557596e-05,
main,main/rep1-stream1-regime0-d20/4,1,1,0,20,0.1,1.0,0.0,staggered-cycle,quadratic-vc,4.224372646682295e-05,
main,main/rep1-stream1-regime0-d20/5,1,1,0,20,0.1,1.0,0.0,staggered-cycle,quadratic-vc,5.601624001083391e-05,
main,main/rep1-stream1-regime0-d20/6,1,1,0,20,0.1,1.0,0.0,staggered-cycle,quadratic-vc,6.363766246834701e-05,
main,main/rep1-stream1-regime0-d20/7,1,1,0,20,0.1,1.0,0.0,staggered-cycle,quadratic-vc,2.378175370614799e-05,
main,main/rep1-stream1-regime0-d20/0,1,1,0,20,0.1,1.0,0.0,random-mirrors,quadratic-ac,0.00010603545120817229,
main,main/rep1-stream1-regime0-d20/1,1,1,0,20,0.1,1.0,0.0,random-mirrors,quadratic-ac,0.0001422419229870873,
main,main/rep1-stream1-regime0-d20/2,1,1,0,20,0.1,1.0,0.0,random-mirrors,quadratic-ac,4.559524213814978e-05,
main,main/rep1-stream1-regime0-d20/3,1,1,0,20,0.1,1.0,0.0,random-mirrors,quadratic-ac,6.338401326978245e-05,
main,main/rep1-stream1-regime0-d20/4,1,1,0,20,0.1,1.0,0.0,random-mirrors,quadratic-ac,8.531495297627198e-05,
main,main/rep1-stream1-regime0-d20/5,1,1,0,20,0.1,1.0,0.0,random-mirrors,quadratic-ac,7.332882941888611e-05,
main,main/rep1-stream1-regime0-d20/6,1,1,0,20,0.1,1.0,0.0,random-mirrors,quadratic-ac,7.918292679891664e-05,
main,main/rep1-stream1-regime0-d20/7,1,1,0,20,0.1,1.0,0.0,random-mirrors,quadratic-ac,7.380735806743949e-05,
main,main/rep1-stream1-regime0-d20/0,1,1,0,20,0.1,1.0,0.0,random-mirrors,quadratic-vc,0.000113404494536977,
main,main/rep1-stream1-regime0-d20/1,1,1,0,20,0.1,1.0,0.0,random-mirrors,quadratic-vc,0.00013771856590886754,
main,main/rep1-stream1-regime0-d20/2,1,1,0,20,0.1,1.0,0.0,random-mirrors,quadratic-vc,4.0842050001514125e-05,
main,main/rep1-stream1-regime0-d20/3,1,1,0,20,0.1,1.0,0.0,random-mirrors,quadratic-vc,6.032579508479908e-05,
main,main/rep1-stream1-regime0-d20/4,1,1,0,20,0.1,1.0,0.0,random-mirrors,quadratic-vc,9.675847153919836e-05,
main,main/rep1-stream1-regime0-d20/5,1,1,0,20,0.1,1.0,0.0,random-mirrors,quadratic-vc,7.165305567299281e-05,
main,main/rep1-stream1-regime0-d20/6,1,1,0,20,0.1,1.0,0.0,random-mirrors,quadratic-vc,7.599670333840864e-05,
main,main/rep1-stream1-regime0-d20/7,1,1,0,20,0.1,1.0,0.0,random-mirrors,quadratic-vc,6.228117113077608e-05,
main,main/rep1-stream1-regime0-d20/0,1,1,0,20,1.0,1.0,0.0,staggered-cycle,quadratic-ac,0.00018965273946412573,
main,main/rep1-stream1-regime0-d20/1,1,1,0,20,1.0,1.0,0.0,staggered-cycle,quadratic-ac,3.3649023142759216e-05,
main,main/rep1-stream1-regime0-d20/2,1,1,0,20,1.0,1.0,0.0,staggered-cycle,quadratic-ac,0.0001185812956833994,
main,main/rep1-stream1-regime0-d20/3,1,1,0,20,1.0,1.0,0.0,staggered-cycle,quadratic-ac,0.00011686686868403446,
main,main/rep1-stream1-regime0-d20/4,1,1,0,20,1.0,1.0,0.0,staggered-cycle,quadratic-ac,6.277059513162017e-05,
main,main/rep1-stream1-regime0-d20/5,1,1,0,20,1.0,1.0,0.0,staggered-cycle,quadratic-ac,3.816549559810802e-05,
main,main/rep1-stream1-regime0-d20/6,1,1,0,20,1.0,1.0,0.0,staggered-cycle,quadratic-ac,9.549434380618864e-05,
main,main/rep1-stream1-regime0-d20/7,1,1,0,20,1.0,1.0,0.0,staggered-cycle,quadratic-ac,3.503146832365237e-05,
main,main/rep1-stream1-regime0-d20/0,1,1,0,20,1.0,1.0,0.0,staggered-cycle,quadratic-vc,0.00012119003543733939,
main,main/rep1-stream1-regime0-d20/1,1,1,0,20,1.0,1.0,0.0,staggered-cycle,quadratic-vc,3.309125567634234e-05,
main,main/rep1-stream1-regime0-d20/2,1,1,0,20,1.0,1.0,0.0,staggered-cycle,quadratic-vc,0.0001333936142695204,
main,main/rep1-stream1-regime0-d20/3,1,1,0,20,1.0,1.0,0.0,staggered-cycle,quadratic-vc,0.0001081165785718114,
main,main/rep1-stream1-regime0-d20/4,1,1,0,20,1.0,1.0,0.0,staggered-cycle,quadratic-vc,7.09455955302496e-05,
main,main/rep1-stream1-regime0-d20/5,1,1,0,20,1.0,1.0,0.0,staggered-cycle,quadratic-vc,3.6758837518244124e-05,
main,main/rep1-stream1-regime0-d20/6,1,1,0,20,1.0,1.0,0.0,staggered-cycle,quadratic-vc,9.647243139230637e-05,
main,main/rep1-stream1-regime0-d20/7,1,1,0,20,1.0,1.0,0.0,staggered-cycle,quadratic-vc,2.644153731162485e-05,
main,main/rep1-stream1-regime0-d20/0,1,1,0,20,1.0,1.0,0.0,random-mirrors,quadratic-ac,0.00024268473903476533,
main,main/rep1-stream1-regime0-d20/1,1,1,0,20,1.0,1.0,0.0,random-mirrors,quadratic-ac,0.00024033883583012797,
main,main/rep1-stream1-regime0-d20/2,1,1,0,20,1.0,1.0,0.0,random-mirrors,quadratic-ac,0.00028117802049566705,
main,main/rep1-stream1-regime0-d20/3,1,1,0,20,1.0,1.0,0.0,random-mirrors,quadratic-ac,0.0002086802450521284,
main,main/rep1-stream1-regime0-d20/4,1,1,0,20,1.0,1.0,0.0,random-mirrors,quadratic-ac,9.088691523536948e-05,
main,main/rep1-stream1-regime0-d20/5,1,1,0,20,1.0,1.0,0.0,random-mirrors,quadratic-ac,0.00023042000084615226,
main,main/rep1-stream1-regime0-d20/6,1,1,0,20,1.0,1.0,0.0,random-mirrors,quadratic-ac,0.00019608235456489503,
main,main/rep1-stream1-regime0-d20/7,1,1,0,20,1.0,1.0,0.0,random-mirrors,quadratic-ac,0.00012203944133322862,
main,main/rep1-stream1-regime0-d20/0,1,1,0,20,1.0,1.0,0.0,random-mirrors,quadratic-vc,0.00024450812152117094,
main,main/rep1-stream1-regime0-d20/1,1,1,0,20,1.0,1.0,0.0,random-mirrors,quadratic-vc,0.00023101080414615678,
main,main/rep1-stream1-regime0-d20/2,1,1,0,20,1.0,1.0,0.0,random-mirrors,quadratic-vc,0.0003263460961349534,
main,main/rep1-stream1-regime0-d20/3,1,1,0,20,1.0,1.0,0.0,random-mirrors,quadratic-vc,0.0001962849443233746,
main,main/rep1-stream1-regime0-d20/4,1,1,0,20,1.0,1.0,0.0,random-mirrors,quadratic-vc,9.901594525993845e-05,
main,main/rep1-stream1-regime0-d20/5,1,1,0,20,1.0,1.0,0.0,random-mirrors,quadratic-vc,0.0002585699243535016,
main,main/rep1-stream1-regime0-d20/6,1,1,0,20,1.0,1.0,0.0,random-mirrors,quadratic-vc,0.00022684104206743095,
main,main/rep1-stream1-regime0-d20/7,1,1,0,20,1.0,1.0,0.0,random-mirrors,quadratic-vc,0.00012151180896508852,
main,main/rep1-stream1-regime0-d20/0,1,1,0,20,10.0,1.0,0.0,staggered-cycle,quadratic-ac,0.00042975445928256973,
main,main/rep1-stream1-regime0-d20/1,1,1,0,20,10.0,1.0,0.0,staggered-cycle,quadratic-ac,0.0003283341676087713,
main,main/rep1-stream1-regime0-d20/2,1,1,0,20,10.0,1.0,0.0,staggered-cycle,quadratic-ac,0.0012524528668174677,
main,main/rep1-stream1-regime0-d20/3,1,1,0,20,10.0,1.0,0.0,staggered-cycle,quadratic-ac,0.0002607304724619965,
main,main/rep1-stream1-regime0-d20/4,1,1,0,20,10.0,1.0,0.0,staggered-cycle,quadratic-ac,0.0003143893955883592,
main,main/rep1-stream1-regime0-d20/5,1,1,0,20,10.0,1.0,0.0,staggered-cycle,quadratic-ac,0.00044967714108085945,
main,main/rep1-stream1-regime0-d20/6,1,1,0,20,10.0,1.0,0.0,staggered-cycle,quadratic-ac,0.00035314037849510635,
main,main/rep1-stream1-regime0-d20/7,1,1,0,20,10.0,1.0,0.0,staggered-cycle,quadratic-ac,0.0006818836898160559,
main,main/rep1-stream1-regime0-d20/0,1,1,0,20,10.0,1.0,0.0,staggered-cycle,quadratic-vc,0.0003771241303800077,
main,main/rep1-stream1-regime0-d20/1,1,1,0,20,10.0,1.0,0.0,staggered-cycle,quadratic-vc,0.00036362846575662647,
main,main/rep1-stream1-regime0-d20/2,1,1,0,20,10.0,1.0,0.0,staggered-cycle,quadratic-vc,0.0012295459183114183,
main,main/rep1-stream1-regime0-d20/3,1,1,0,20,10.0,1.0,0.0,staggered-cycle,quadratic-vc,0.00027724856337014466,
main,main/rep1-stream1-regime0-d20/4,1,1,0,20,10.0,1.0,0.0,staggered-cycle,quadratic-vc,0.00040865992430830233,
main,main/rep1-stream1-regime0-d20/5,1,1,0,20,10.0,1.0,0.0,staggered-cycle,quadratic-vc,0.00043659161130364405,
main,main/rep1-stream1-regime0-d20/6,1,1,0,20,10.0,1.0,0.0,staggered-cycle,quadratic-vc,0.0003363705437288506,
main,main/rep1-stream1-regime0-d20/7,1,1,0,20,10.0,1.0,0.0,staggered-cycle,quadratic-vc,0.0007028712528197416,
main,main/rep1-stream1-regime0-d20/0,1,1,0,20,10.0,1.0,0.0,random-mirrors,quadratic-ac,0.0019434427836390142,
main,main/rep1-stream1-regime0-d20/1,1,1,0,20,10.0,1.0,0.0,random-mirrors,quadratic-ac,0.0008285013621306499,
main,main/rep1-stream1-regime0-d20/2,1,1,0,20,10.0,1.0,0.0,random-mirrors,quadratic-ac,0.0008069251944980194,
main,main/rep1-stream1-regime0-d20/3,1,1,0,20,10.0,1.0,0.0,random-mirrors,quadratic-ac,0.0016465491499434012,
main,main/rep1-stream1-regime0-d20/4,1,1,0,20,10.0,1.0,0.0,random-mirrors,quadratic-ac,0.0005833148320336924,
main,main/rep1-stream1-regime0-d20/5,1,1,0,20,10.0,1.0,0.0,random-mirrors,quadratic-ac,0.0002458740376162984,
main,main/rep1-stream1-regime0-d20/6,1,1,0,20,10.0,1.0,0.0,random-mirrors,quadratic-ac,0.001299297212571402,
main,main/rep1-stream1-regime0-d20/7,1,1,0,20,10.0,1.0,0.0,random-mirrors,quadratic-ac,0.0010595478197807187,
main,main/rep1-stream1-regime0-d20/0,1,1,0,20,10.0,1.0,0.0,random-mirrors,quadratic-vc,0.0018876185640552359,
main,main/rep1-stream1-regime0-d20/1,1,1,0,20,10.0,1.0,0.0,random-mirrors,quadratic-vc,0.0008310341435338539,
main,main/rep1-stream1-regime0-d20/2,1,1,0,20,10.0,1.0,0.0,random-mirrors,quadratic-vc,0.000730614738091341,
main,main/rep1-stream1-regime0-d20/3,1,1,0,20,10.0,1.0,0.0,random-mirrors,quadratic-vc,0.0018406767637605965,
main,main/rep1-stream1-regime0-d20/4,1,1,0,20,10.0,1.0,0.0,random-mirrors,quadratic-vc,0.0005137278679103831,
main,main/rep1-stream1-regime0-d20/5,1,1,0,20,10.0,1.0,0.0,random-mirrors,quadratic-vc,0.00028423242284112516,
main,main/rep1-stream1-regime0-d20/6,1,1,0,20,10.0,1.0,0.0,random-mirrors,quadratic-vc,0.001322505265702912,
main,main/rep1-stream1-regime0-d20/7,1,1,0,20,10.0,1.0,0.0,random-mirrors,quadratic-vc,0.0009992318971893343,
main,main/rep1-stream1-regime1-d10/0,1,1,1,10,0.1,1.0,0.0,staggered-cycle,quadratic-ac,9.420164899244022e-05,
main,main/rep1-stream1-regime1-d10/1,1,1,1,10,0.1,1.0,0.0,staggered-cycle,quadratic-ac,0.00045662845688351533,
main,main/rep1-stream1-regime1-d10/2,1,1,1,10,0.1,1.0,0.0,staggered-cycle,quadratic-ac,0.00031790500752139144,
main,main/rep1-stream1-regime1-d10/3,1,1,1,10,0.1,1.0,0.0,staggered-cycle,quadratic-ac,0.001456850310821634,
main,main/rep1-stream1-regime1-d10/4,1,1,1,10,0.1,1.0,0.0,staggered-cycle,quadratic-ac,0.00041392741596381376,
main,main/rep1-stream1-regime1-d10/5,1,1,1,10,0.1,1.0,0.0,staggered-cycle,quadratic-ac,0.00018305638211341395,
main,main/rep1-stream1-regime1-d10/6,1,1,1,10,0.1,1.0,0.0,staggered-cycle,quadratic-ac,0.0005447040891747062,
main,main/rep1-stream1-regime1-d10/7,1,1,1,10,0.1,1.0,0.0,staggered-cycle,quadratic-ac,0.000185012156105704,
main,main/rep1-stream1-regime1-d10/0,1,1,1,10,0.1,1.0,0.0,staggered-cycle,quadratic-vc,9.817287044309128e-05,
main,main/rep1-stream1-regime1-d10/1,1,1,1,10,0.1,1.0,0.0,staggered-cycle,quadratic-vc,0.0004718006752253627,
main,main/rep1-stream1-regime1-d10/2,1,1,1,10,0.1,1.0,0.0,staggered-cycle,quadratic-vc,0.00030918386681805623,
main,main/rep1-stream1-regime1-d10/3,1,1,1,10,0.1,1.0,0.0,staggered-cycle,quadratic-vc,0.0012729385239269135,
main,main/rep1-stream1-regime1-d10/4,1,1,1,10,0.1,1.0,0.0,staggered-cycle,quadratic-vc,0.0004435691091757169,
main,main/rep1-stream1-regime1-d10/5,1,1,1,10,0.1,1.0,0.0,staggered-cycle,quadratic-vc,0.0001763301842195546,
main,main/rep1-stream1-regime1-d10/6,1,1,1,10,0.1,1.0,0.0,staggered-cycle,quadratic-vc,0.0005669950712075177,
main,main/rep1-stream1-regime1-d10/7,1,1,1,10,0.1,1.0,0.0,staggered-cycle,quadratic-vc,0.00018904000532557827,
main,main/rep1-stream1-regime1-d10/0,1,1,1,10,0.1,1.0,0.0,random-mirrors,quadratic-ac,0.0004768047098297774,
main,main/rep1-stream1-regime1-d10/1,1,1,1,10,0.1,1.0,0.0,random-mirrors,quadratic-ac,0.00065128465736738,
main,main/rep1-stream1-regime1-d10/2,1,1,1,10,0.1,1.0,0.0,random-mirrors,quadratic-ac,0.0004045209906698448,
main,main/rep1-stream1-regime1-d10/3,1,1,1,10,0.1,1.0,0.0,random-mirrors,quadratic-ac,0.00019257170664868035,
main,main/rep1-stream1-regime1-d10/4,1,1,1,10,0.1,1.0,0.0,random-mirrors,quadratic-ac,5.4150398638308e-05,
main,main/rep1-stream1-regime1-d10/5,1,1,1,10,0.1,1.0,0.0,random-mirrors,quadratic-ac,0.0004624944393536656,
main,main/rep1-stream1-regime1-d10/6,1,1,1,10,0.1,1.0,0.0,random-mirrors,quadratic-ac,0.0001314326688535235,
main,main/rep1-stream1-regime1-d10/7,1,1,1,10,0.1,1.0,0.0,random-mirrors,quadratic-ac,0.0001366687420019311,
main,main/rep1-stream1-regime1-d10/0,1,1,1,10,0.1,1.0,0.0,random-mirrors,quadratic-vc,0.0003922490713886223,
main,main/rep1-stream1-regime1-d10/1,1,1,1,10,0.1,1.0,0.0,random-mirrors,quadratic-vc,0.0006319808833688056,
main,main/rep1-stream1-regime1-d10/2,1,1,1,10,0.1,1.0,0.0,random-mirrors,quadratic-vc,0.00039232707104674654,
main,main/rep1-stream1-regime1-d10/3,1,1,1,10,0.1,1.0,0.0,random-mirrors,quadratic-vc,0.00019888330678111658,
main,main/rep1-stream1-regime1-d10/4,1,1,1,10,0.1,1.0,0.0,random-mirrors,quadratic-vc,5.823651919653799e-05,
main,main/rep1-stream1-regime1-d10/5,1,1,1,10,0.1,1.0,0.0,random-mirrors,quadratic-vc,0.0005627768545931038,
main,main/rep1-stream1-regime1-d10/6,1,1,1,10,0.1,1.0,0.0,random-mirrors,quadratic-vc,0.0002076106303986669,
main,main/rep1-stream1-regime1-d10/7,1,1,1,10,0.1,1.0,0.0,random-mirrors,quadratic-vc,0.0001756244765467805,
main,main/rep1-stream1-regime1-d10/0,1,1,1,10,1.0,1.0,0.0,staggered-cycle,quadratic-ac,0.0002818094893608837,
main,main/rep1-stream1-regime1-d10/1,1,1,1,10,1.0,1.0,0.0,staggered-cycle,quadratic-ac,0.00031194535293551696,
main,main/rep1-stream1-regime1-d10/2,1,1,1,10,1.0,1.0,0.0,staggered-cycle,quadratic-ac,0.0002423766687301225,
main,main/rep1-stream1-regime1-d10/3,1,1,1,10,1.0,1.0,0.0,staggered-cycle,quadratic-ac,0.0005082344637052173,
main,main/rep1-stream1-regime1-d10/4,1,1,1,10,1.0,1.0,0.0,staggered-cycle,quadratic-ac,6.267197647523674e-05,
main,main/rep1-stream1-regime1-d10/5,1,1,1,10,1.0,1.0,0.0,staggered-cycle,quadratic-ac,0.0004359526588397921,
main,main/rep1-stream1-regime1-d10/6,1,1,1,10,1.0,1.0,0.0,staggered-cycle,quadratic-ac,0.00018644213663030165,
main,main/rep1-stream1-regime1-d10/7,1,1,1,10,1.0,1.0,0.0,staggered-cycle,quadratic-ac,0.0002167891935031164,
main,main/rep1-stream1-regime1-d10/0,1,1,1,10,1.0,1.0,0.0,staggered-cycle,quadratic-vc,0.00020858975831564174,
main,main/rep1-stream1-regime1-d10/1,1,1,1,10,1.0,1.0,0.0,staggered-cycle,quadratic-vc,0.00032527855126953395,
main,main/rep1-stream1-regime1-d10/2,1,1,1,10,1.0,1.0,0.0,staggered-cycle,quadratic-vc,0.00021358644283098598,
main,main/rep1-stream1-regime1-d10/3,1,1,1,10,1.0,1.0,0.0,staggered-cycle,quadratic-vc,0.0004348912894272455,
main,main/rep1-stream1-regime1-d10/4,1,1,1,10,1.0,1.0,0.0,staggered-cycle,quadratic-vc,7.872731951980067e-05,
main,main/rep1-stream1-regime1-d10/5,1,1,1,10,1.0,1.0,0.0,staggered-cycle,quadratic-vc,0.0004119967113976668,
main,main/rep1-stream1-regime1-d10/6,1,1,1,10,1.0,1.0,0.0,staggered-cycle,quadratic-vc,0.00018967968413648702,
main,main/rep1-stream1-regime1-d10/7,1,1,1,10,1.0,1.0,0.0,staggered-cycle,quadratic-vc,0.0002545815734682135,
main,main/rep1-stream1-regime1-d10/0,1,1,1,10,1.0,1.0,0.0,random-mirrors,quadratic-ac,0.0014675659324659487,
main,main/rep1-stream1-regime1-d10/1,1,1,1,10,1.0,1.0,0.0,random-mirrors,quadratic-ac,0.00037823354219753975,
main,main/rep1-stream1-regime1-d10/2,1,1,1,10,1.0,1.0,0.0,random-mirrors,quadratic-ac,0.0003051796956659563,
main,main/rep1-stream1-regime1-d10/3,1,1,1,10,1.0,1.0,0.0,random-mirrors,quadratic-ac,0.00039776055130955447,
main,main/rep1-stream1-regime1-d10/4,1,1,1,10,1.0,1.0,0.0,random-mirrors,quadratic-ac,0.0002362659712683261,
main,main/rep1-stream1-regime1-d10/5,1,1,1,10,1.0,1.0,0.0,random-mirrors,quadratic-ac,0.000933015226141965,
main,main/rep1-stream1-regime1-d10/6,1,1,1,10,1.0,1.0,0.0,random-mirrors,quadratic-ac,0.00035628110513449693,
main,main/rep1-stream1-regime1-d10/7,1,1,1,10,1.0,1.0,0.0,random-mirrors,quadratic-ac,0.0002461690745149329,
main,main/rep1-stream1-regime1-d10/0,1,1,1,10,1.0,1.0,0.0,random-mirrors,quadratic-vc,0.0016690330043816072,
main,main/rep1-stream1-regime1-d10/1,1,1,1,10,1.0,1.0,0.0,random-mirrors,quadratic-vc,0.0003300545921820234,
main,main/rep1-stream1-regime1-d10/2,1,1,1,10,1.0,1.0,0.0,random-mirrors,quadratic-vc,0.0003536832051455438,
main,main/rep1-stream1-regime1-d10/3,1,1,1,10,1.0,1.0,0.0,random-mirrors,quadratic-vc,0.00043683372583562367,
main,main/rep1-stream1-regime1-d10/4,1,1,1,10,1.0,1.0,0.0,random-mirrors,quadratic-vc,0.00021988978996823383,
main,main/rep1-stream1-regime1-d10/5,1,1,1,10,1.0,1.0,0.0,random-mirrors,quadratic-vc,0.0009484117924116228,
main,main/rep1-stream1-regime1-d10/6,1,1,1,10,1.0,1.0,0.0,random-mirrors,quadratic-vc,0.000400168445240682,
main,main/rep1-stream1-regime1-d10/7,1,1,1,10,1.0,1.0,0.0,random-mirrors,quadratic-vc,0.0002330906377439614,
main,main/rep1-stream1-regime1-d10/0,1,1,1,10,10.0,1.0,0.0,staggered-cycle,quadratic-ac,0.0030059334309372973,
main,main/rep1-stream1-regime1-d10/1,1,1,1,10,10.0,1.0,0.0,staggered-cycle,quadratic-ac,0.004616757347054338,
main,main/rep1-stream1-regime1-d10/2,1,1,1,10,10.0,1.0,0.0,staggered-cycle,quadratic-ac,0.0010967824109336538,
main,main/rep1-stream1-regime1-d10/3,1,1,1,10,10.0,1.0,0.0,staggered-cycle,quadratic-ac,0.0014402484899390137,
main,main/rep1-stream1-regime1-d10/4,1,1,1,10,10.0,1.0,0.0,staggered-cycle,quadratic-ac,0.0014536500592418088,
main,main/rep1-stream1-regime1-d10/5,1,1,1,10,10.0,1.0,0.0,staggered-cycle,quadratic-ac,0.0018030889384092438,
main,main/rep1-stream1-regime1-d10/6,1,1,1,10,10.0,1.0,0.0,staggered-cycle,quadratic-ac,0.0027592031853508705,
main,main/rep1-stream1-regime1-d10/7,1,1,1,10,10.0,1.0,0.0,staggered-cycle,quadratic-ac,0.004401176494092189,
main,main/rep1-stream1-regime1-d10/0,1,1,1,10,10.0,1.0,0.0,staggered-cycle,quadratic-vc,0.003320275652533428,
main,main/rep1-stream1-regime1-d10/1,1,1,1,10,10.0,1.0,0.0,staggered-cycle,quadratic-vc,0.004027765505571804,
main,main/rep1-stream1-regime1-d10/2,1,1,1,10,10.0,1.0,0.0,staggered-cycle,quadratic-vc,0.0007280402094480157,
main,main/rep1-stream1-regime1-d10/3,1,1,1,10,10.0,1.0,0.0,staggered-cycle,quadratic-vc,0.0015823272777260148,
main,main/rep1-stream1-regime1-d10/4,1,1,1,10,10.0,1.0,0.0,staggered-cycle,quadratic-vc,0.001274305206663553,
main,main/rep1-stream1-regime1-d10/5,1,1,1,10,10.0,1.0,0.0,staggered-cycle,quadratic-vc,0.0019333019704529904,
main,main/rep1-stream1-regime1-d10/6,1,1,1,10,10.0,1.0,0.0,staggered-cycle,quadratic-vc,0.0024787686690098632,
main,main/rep1-stream1-regime1-d10/7,1,1,1,10,10.0,1.0,0.0,staggered-cycle,quadratic-vc,0.004288252814592304,
main,main/rep1-stream1-regime1-d10/0,1,1,1,10,10.0,1.0,0.0,random-mirrors,quadratic-ac,0.0011160242350052709,
main,main/rep1-stream1-regime1-d10/1,1,1,1,10,10.0,1.0,0.0,random-mirrors,quadratic-ac,0.0027648916985530516,
main,main/rep1-stream1-regime1-d10/2,1,1,1,10,10.0,1.0,0.0,random-mirrors,quadratic-ac,0.00562950172626926,
main,main/rep1-stream1-regime1-d10/3,1,1,1,10,10.0,1.0,0.0,random-mirrors,quadratic-ac,0.004101814947228197,
main,main/rep1-stream1-regime1-d10/4,1,1,1,10,10.0,1.0,0.0,random-mirrors,quadratic-ac,0.004401742362340617,
main,main/rep1-stream1-regime1-d10/5,1,1,1,10,10.0,1.0,0.0,random-mirrors,quadratic-ac,0.0012694923263054047,
main,main/rep1-stream1-regime1-d10/6,1,1,1,10,10.0,1.0,0.0,random-mirrors,quadratic-ac,0.001894469914735948,
main,main/rep1-stream1-regime1-d10/7,1,1,1,10,10.0,1.0,0.0,random-mirrors,quadratic-ac,0.008967443956042931,
main,main/rep1-stream1-regime1-d10/0,1,1,1,10,10.0,1.0,0.0,random-mirrors,quadratic-vc,0.0013855817273553377,
main,main/rep1-stream1-regime1-d10/1,1,1,1,10,10.0,1.0,0.0,random-mirrors,quadratic-vc,0.004399563882515754,
main,main/rep1-stream1-regime1-d10/2,1,1,1,10,10.0,1.0,0.0,random-mirrors,quadratic-vc,0.006316585924013734,
main,main/rep1-stream1-regime1-d10/3,1,1,1,10,10.0,1.0,0.0,random-mirrors,quadratic-vc,0.004659702533863854,
main,main/rep1-stream1-regime1-d10/4,1,1,1,10,10.0,1.0,0.0,random-mirrors,quadratic-vc,0.004460372546631796,
main,main/rep1-stream1-regime1-d10/5,1,1,1,10,10.0,1.0,0.0,random-mirrors,quadratic-vc,0.0012659742900124908,
main,main/rep1-stream1-regime1-d10/6,1,1,1,10,10.0,1.0,0.0,random-mirrors,quadratic-vc,0.002519142679506209,
main,main/rep1-stream1-regime1-d10/7,1,1,1,10,10.0,1.0,0.0,random-mirrors,quadratic-vc,0.00973738676442633,
main,main/rep1-stream1-regime1-d50/0,1,1,1,50,0.1,1.0,0.0,staggered-cycle,quadratic-ac,1.698434409587414e-05,
main,main/rep1-stream1-regime1-d50/1,1,1,1,50,0.1,1.0,0.0,staggered-cycle,quadratic-ac,9.663007841887391e-06,
main,main/rep1-stream1-regime1-d50/2,1,1,1,50,0.1,1.0,0.0,staggered-cycle,quadratic-ac,1.6043469753686035e-05,
main,main/rep1-stream1-regime1-d50/3,1,1,1,50,0.1,1.0,0.0,staggered-cycle,quadratic-ac,1.546092828272187e-05,
main,main/rep1-stream1-regime1-d50/4,1,1,1,50,0.1,1.0,0.0,staggered-cycle,quadratic-ac,9.936786317098084e-06,
main,main/rep1-stream1-regime1-d50/5,1,1,1,50,0.1,1.0,0.0,staggered-cycle,quadratic-ac,1.3095668026570236e-05,
main,main/rep1-stream1-regime1-d50/6,1,1,1,50,0.1,1.0,0.0,staggered-cycle,quadratic-ac,1.8144740916245604e-05,
main,main/rep1-stream1-regime1-d50/7,1,1,1,50,0.1,1.0,0.0,staggered-cycle,quadratic-ac,1.893624132538098e-05,
main,main/rep1-stream1-regime1-d50/0,1,1,1,50,0.1,1.0,0.0,staggered-cycle,quadratic-vc,1.7362500277278412e-05,
main,main/rep1-stream1-regime1-d50/1,1,1,1,50,0.1,1.0,0.0,staggered-cycle,quadratic-vc,1.0307782655478732e-05,
main,main/rep1-stream1-regime1-d50/2,1,1,1,50,0.1,1.0,0.0,staggered-cycle,quadratic-vc,1.4380290471198152e-05,
main,main/rep1-stream1-regime1-d50/3,1,1,1,50,0.1,1.0,0.0,staggered-cycle,quadratic-vc,1.622552177082617e-05,
main,main/rep1-stream1-regime1-d50/4,1,1,1,50,0.1,1.0,0.0,staggered-cycle,quadratic-vc,9.691262555949036e-06,
main,main/rep1-stream1-regime1-d50/5,1,1,1,50,0.1,1.0,0.0,staggered-cycle,quadratic-vc,1.2529817531716266e-05,
main,main/rep1-stream1-regime1-d50/6,1,1,1,50,0.1,1.0,0.0,staggered-cycle,quadratic-vc,1.7983102253819646e-05,
main,main/rep1-stream1-regime1-d50/7,1,1,1,50,0.1,1.0,0.0,staggered-cycle,quadratic-vc,1.964953663459259e-05,
main,main/rep1-stream1-regime1-d50/0,1,1,1,50,0.1,1.0,0.0,random-mirrors,quadratic-ac,3.594000898656621e-05,
main,main/rep1-stream1-regime1-d50/1,1,1,1,50,0.1,1.0,0.0,random-mirrors,quadratic-ac,8.362318248031434e-06,
main,main/rep1-stream1-regime1-d50/2,1,1,1,50,0.1,1.0,0.0,random-mirrors,quadratic-ac,1.7751757726132825e-05,
main,main/rep1-stream1-regime1-d50/3,1,1,1,50,0.1,1.0,0.0,random-mirrors,quadratic-ac,2.8236962292048348e-05,
main,main/rep1-stream1-regime1-d50/4,1,1,1,50,0.1,1.0,0.0,random-mirrors,quadratic-ac,1.898194057064474e-05,
main,main/rep1-stream1-regime1-d50/5,1,1,1,50,0.1,1.0,0.0,random-mirrors,quadratic-ac,1.7371782784633642e-05,
main,main/rep1-stream1-regime1-d50/6,1,1,1,50,0.1,1.0,0.0,random-mirrors,quadratic-ac,1.9223623779281495e-05,
main,main/rep1-stream1-regime1-d50/7,1,1,1,50,0.1,1.0,0.0,random-mirrors,quadratic-ac,2.2969247955379024e-05,
main,main/rep1-stream1-regime1-d50/0,1,1,1,50,0.1,1.0,0.0,random-mirrors,quadratic-vc,3.777849385834005e-05,
main,main/rep1-stream1-regime1-d50/1,1,1,1,50,0.1,1.0,0.0,random-mirrors,quadratic-vc,8.240384543673243e-06,
main,main/rep1-stream1-regime1-d50/2,1,1,1,50,0.1,1.0,0.0,random-mirrors,quadratic-vc,1.838999773980226e-05,
main,main/rep1-stream1-regime1-d50/3,1,1,1,50,0.1,1.0,0.0,random-mirrors,quadratic-vc,2.8139218621464715e-05,
main,main/rep1-stream1-regime1-d50/4,1,1,1,50,0.1,1.0,0.0,random-mirrors,quadratic-vc,1.827839349549759e-05,
main,main/rep1-stream1-regime1-d50/5,1,1,1,50,0.1,1.0,0.0,random-mirrors,quadratic-vc,1.7024273736842613e-05,
main,main/rep1-stream1-regime1-d50/6,1,1,1,50,0.1,1.0,0.0,random-mirrors,quadratic-vc,1.8761063924930733e-05,
main,main/rep1-stream1-regime1-d50/7,1,1,1,50,0.1,1.0,0.0,random-mirrors,quadratic-vc,2.4480752213637427e-05,
main,main/rep1-stream1-regime1-d50/0,1,1,1,50,1.0,1.0,0.0,staggered-cycle,quadratic-ac,1.3041191844315495e-05,
main,main/rep1-stream1-regime1-d50/1,1,1,1,50,1.0,1.0,0.0,staggered-cycle,quadratic-ac,4.221695680946943e-05,
main,main/rep1-stream1-regime1-d50/2,1,1,1,50,1.0,1.0,0.0,staggered-cycle,quadratic-ac,1.0774496233469638e-05,
main,main/rep1-stream1-regime1-d50/3,1,1,1,50,1.0,1.0,0.0,staggered-cycle,quadratic-ac,1.2598560068964676e-05,
main,main/rep1-stream1-regime1-d50/4,1,1,1,50,1.0,1.0,0.0,staggered-cycle,quadratic-ac,2.188413113007638e-05,
main,main/rep1-stream1-regime1-d50/5,1,1,1,50,1.0,1.0,0.0,staggered-cycle,quadratic-ac,2.5261546766662874e-05,
main,main/rep1-stream1-regime1-d50/6,1,1,1,50,1.0,1.0,0.0,staggered-cycle,quadratic-ac,1.1958333553535662e-05,
main,main/rep1-stream1-regime1-d50/7,1,1,1,50,1.0,1.0,0.0,staggered-cycle,quadratic-ac,1.0755075862603313e-05,
main,main/rep1-stream1-regime1-d50/0,1,1,1,50,1.0,1.0,0.0,staggered-cycle,quadratic-vc,1.1687411529542206e-05,
main,main/rep1-stream1-regime1-d50/1,1,1,1,50,1.0,1.0,0.0,staggered-cycle,quadratic-vc,4.305195147346681e-05,
main,main/rep1-stream1-regime1-d50/2,1,1,1,50,1.0,1.0,0.0,staggered-cycle,quadratic-vc,1.1293596372813805e-05,
main,main/rep1-stream1-regime1-d50/3,1,1,1,50,1.0,1.0,0.0,staggered-cycle,quadratic-vc,1.1705870881015328e-05,
main,main/rep1-stream1-regime1-d50/4,1,1,1,50,1.0,1.0,0.0,staggered-cycle,quadratic-vc,1.9211001100896846e-05,
main,main/rep1-stream1-regime1-d50/5,1,1,1,50,1.0,1.0,0.0,staggered-cycle,quadratic-vc,2.8280402835438723e-05,
main,main/rep1-stream1-regime1-d50/6,1,1,1,50,1.0,1.0,0.0,staggered-cycle,quadratic-vc,1.2484136163219891e-05,
main,main/rep1-stream1-regime1-d50/7,1,1,1,50,1.0,1.0,0.0,staggered-cycle,quadratic-vc,1.0219187072055471e-05,
main,main/rep1-stream1-regime1-d50/0,1,1,1,50,1.0,1.0,0.0,random-mirrors,quadratic-ac,5.961906636210448e-05,
main,main/rep1-stream1-regime1-d50/1,1,1,1,50,1.0,1.0,0.0,random-mirrors,quadratic-ac,1.857454567265473e-05,
main,main/rep1-stream1-regime1-d50/2,1,1,1,50,1.0,1.0,0.0,random-mirrors,quadratic-ac,2.2590809334619836e-05,
main,main/rep1-stream1-regime1-d50/3,1,1,1,50,1.0,1.0,0.0,random-mirrors,quadratic-ac,3.5590929808490466e-05,
main,main/rep1-stream1-regime1-d50/4,1,1,1,50,1.0,1.0,0.0,random-mirrors,quadratic-ac,4.172098739354852e-05,
main,main/rep1-stream1-regime1-d50/5,1,1,1,50,1.0,1.0,0.0,random-mirrors,quadratic-ac,1.838251512521923e-05,
main,main/rep1-stream1-regime1-d50/6,1,1,1,50,1.0,1.0,0.0,random-mirrors,quadratic-ac,3.520742628141436e-05,
main,main/rep1-stream1-regime1-d50/7,1,1,1,50,1.0,1.0,0.0,random-mirrors,quadratic-ac,2.444031607054115e-05,
main,main/rep1-stream1-regime1-d50/0,1,1,1,50,1.0,1.0,0.0,random-mirrors,quadratic-vc,5.9051759363979155e-05,
main,main/rep1-stream1-regime1-d50/1,1,1,1,50,1.0,1.0,0.0,random-mirrors,quadratic-vc,1.754307366922276e-05,
main,main/rep1-stream1-regime1-d50/2,1,1,1,50,1.0,1.0,0.0,random-mirrors,quadratic-vc,2.2104044889777277e-05,
main,main/rep1-stream1-regime1-d50/3,1,1,1,50,1.0,1.0,0.0,random-mirrors,quadratic-vc,3.355339221871998e-05,
main,main/rep1-stream1-regime1-d50/4,1,1,1,50,1.0,1.0,0.0,random-mirrors,quadratic-vc,3.9756587420466155e-05,
main,main/rep1-stream1-regime1-d50/5,1,1,1,50,1.0,1.0,0.0,random-mirrors,quadratic-vc,1.864555476572821e-05,
main,main/rep1-stream1-regime1-d50/6,1,1,1,50,1.0,1.0,0.0,random-mirrors,quadratic-vc,3.5761422513552925e-05,
main,main/rep1-stream1-regime1-d50/7,1,1,1,50,1.0,1.0,0.0,random-mirrors,quadratic-vc,2.4590292182351044e-05,
main,main/rep1-stream1-regime1-d50/0,1,1,1,50,10.0,1.0,0.0,staggered-cycle,quadratic-ac,0.00010451541590518037,
main,main/rep1-stream1-regime1-d50/1,1,1,1,50,10.0,1.0,0.0,staggered-cycle,quadratic-ac,0.00014534412227184244,
main,main/rep1-stream1-regime1-d50/2,1,1,1,50,10.0,1.0,0.0,staggered-cycle,quadratic-ac,6.209177982983891e-05,
main,main/rep1-stream1-regime1-d50/3,1,1,1,50,10.0,1.0,0.0,staggered-cycle,quadratic-ac,7.511247406971706e-05,
main,main/rep1-stream1-regime1-d50/4,1,1,1,50,10.0,1.0,0.0,staggered-cycle,quadratic-ac,0.00011361853293075204,
main,main/rep1-stream1-regime1-d50/5,1,1,1,50,10.0,1.0,0.0,staggered-cycle,quadratic-ac,7.812189746710606e-05,
main,main/rep1-stream1-regime1-d50/6,1,1,1,50,10.0,1.0,0.0,staggered-cycle,quadratic-ac,6.09326153542811e-05,
main,main/rep1-stream1-regime1-d50/7,1,1,1,50,10.0,1.0,0.0,staggered-cycle,quadratic-ac,0.00011252007483151068,
main,main/rep1-stream1-regime1-d50/0,1,1,1,50,10.0,1.0,0.0,staggered-cycle,quadratic-vc,0.00010058650546041841,
main,main/rep1-stream1-regime1-d50/1,1,1,1,50,10.0,1.0,0.0,staggered-cycle,quadratic-vc,0.00013881028237797512,
main,main/rep1-stream1-regime1-d50/2,1,1,1,50,10.0,1.0,0.0,staggered-cycle,quadratic-vc,6.888989248516352e-05,
main,main/rep1-stream1-regime1-d50/3,1,1,1,50,10.0,1.0,0.0,staggered-cycle,quadratic-vc,6.860132387420994e-05,
main,main/rep1-stream1-regime1-d50/4,1,1,1,50,10.0,1.0,0.0,staggered-cycle,quadratic-vc,0.00012083424633023524,
main,main/rep1-stream1-regime1-d50/5,1,1,1,50,10.0,1.0,0.0,staggered-cycle,quadratic-vc,8.160280533402448e-05,
main,main/rep1-stream1-regime1-d50/6,1,1,1,50,10.0,1.0,0.0,staggered-cycle,quadratic-vc,5.816622153077782e-05,
main,main/rep1-stream1-regime1-d50/7,1,1,1,50,10.0,1.0,0.0,staggered-cycle,quadratic-vc,0.00010136627662584653,
main,main/rep1-stream1-regime1-d50/0,1,1,1,50,10.0,1.0,0.0,random-mirrors,quadratic-ac,0.0002661654047515876,
main,main/rep1-stream1-regime1-d50/1,1,1,1,50,10.0,1.0,0.0,random-mirrors,quadratic-ac,0.00016594576281306128,
main,main/rep1-stream1-regime1-d50/2,1,1,1,50,10.0,1.0,0.0,random-mirrors,quadratic-ac,0.0002526469619016324,
main,main/rep1-stream1-regime1-d50/3,1,1,1,50,10.0,1.0,0.0,random-mirrors,quadratic-ac,0.0001621803174079422,
main,main/rep1-stream1-regime1-d50/4,1,1,1,50,10.0,1.0,0.0,random-mirrors,quadratic-ac,0.00024385204435224347,
main,main/rep1-stream1-regime1-d50/5,1,1,1,50,10.0,1.0,0.0,random-mirrors,quadratic-ac,0.0001706008736288647,
main,main/rep1-stream1-regime1-d50/6,1,1,1,50,10.0,1.0,0.0,random-mirrors,quadratic-ac,0.00020394302357690353,
main,main/rep1-stream1-regime1-d50/7,1,1,1,50,10.0,1.0,0.0,random-mirrors,quadratic-ac,0.00018278286774070466,
main,main/rep1-stream1-regime1-d50/0,1,1,1,50,10.0,1.0,0.0,random-mirrors,quadratic-vc,0.00024114974630785746,
main,main/rep1-stream1-regime1-d50/1,1,1,1,50,10.0,1.0,0.0,random-mirrors,quadratic-vc,0.00017863542496996708,
main,main/rep1-stream1-regime1-d50/2,1,1,1,50,10.0,1.0,0.0,random-mirrors,quadratic-vc,0.00026055679621770603,
main,main/rep1-stream1-regime1-d50/3,1,1,1,50,10.0,1.0,0.0,random-mirrors,quadratic-vc,0.00017822314258583697,
main,main/rep1-stream1-regime1-d50/4,1,1,1,50,10.0,1.0,0.0,random-mirrors,quadratic-vc,0.00025162960067155727,
main,main/rep1-stream1-regime1-d50/5,1,1,1,50,10.0,1.0,0.0,random-mirrors,quadratic-vc,0.00016634589629171132,
main,main/rep1-stream1-regime1-d50/6,1,1,1,50,10.0,1.0,0.0,random-mirrors,quadratic-vc,0.00019584403771757345,
main,main/rep1-stream1-regime1-d50/7,1,1,1,50,10.0,1.0,0.0,random-mirrors,quadratic-vc,0.0001887657667629513,
